stint_id,game_id,competition_phase,quarter,start_sec,end_sec,duration_sec,home_team_id,away_team_id,home_ids,away_ids,valid,home_pts,away_pts,home_poss_est,away_poss_est
1375_001,1375,regular_season,1,0.0,286.0,286.0,3,5,101|103|107|10889|89,10860|54|57|62|68,True,11.0,10.0,9.88,9.44
1375_002,1375,regular_season,1,286.0,322.0,36.0,3,5,103|106|107|89|99,10860|54|57|62|68,True,2.0,0.0,1.0,2.0
1375_003,1375,regular_season,1,322.0,373.0,51.0,3,5,103|106|107|89|99,10860|16|54|57|58,True,3.0,2.0,2.0,1.88
1375_004,1375,regular_season,1,373.0,413.0,40.0,3,5,103|106|107|86|99,10860|16|54|57|58,True,0.0,0.0,1.0,1.0
1375_005,1375,regular_season,1,413.0,458.0,45.0,3,5,106|107|79|86|99,16|54|58|62|68,True,2.0,0.0,2.0,2.0
1375_006,1375,regular_season,1,458.0,570.0,112.0,3,5,101|106|79|86|99,16|54|58|62|68,True,4.0,10.0,4.0,4.0
1375_007,1375,regular_season,1,570.0,628.0,58.0,3,5,106|107|79|86|99,12|16|58|62|68,True,3.0,4.0,1.88,1.88
1375_008,1375,regular_season,1,628.0,688.0,60.0,3,5,103|106|107|79|86,12|16|58|62|68,True,3.0,5.0,2.0,2.3200000000000003
1375_009,1375,regular_season,1,688.0,720.0,32.0,3,5,103|106|107|79|86,10860|12|58|62|68,True,0.0,3.0,1.0,1.44
1375_010,1375,regular_season,2,720.0,854.0,134.0,3,5,103|107|10889|79|89,10860|12|56|62|68,True,8.0,4.0,5.32,5.0
1375_011,1375,regular_season,2,854.0,894.0,40.0,3,5,103|106|10889|83|89,10860|12|57|58|68,True,2.0,0.0,1.0,1.0
1375_012,1375,regular_season,2,894.0,915.0,21.0,3,5,103|106|10889|83|89,10860|54|57|58|68,True,0.0,0.0,0.0,1.0
1375_013,1375,regular_season,2,915.0,1097.0,182.0,3,5,103|106|10889|83|89,10860|16|54|57|58,True,5.0,4.0,6.88,6.0
1375_014,1375,regular_season,2,1097.0,1169.0,72.0,3,5,101|107|86|89|99,10860|16|54|57|58,True,2.0,6.0,2.88,3.0
1375_015,1375,regular_season,2,1169.0,1276.0,107.0,3,5,101|107|79|86|99,10860|16|54|57|58,True,0.0,5.0,3.0,3.0
1375_016,1375,regular_season,2,1276.0,1289.0,13.0,3,5,101|107|10889|79|86,10860|16|54|57|58,True,1.0,0.0,0.88,1.0
1375_017,1375,regular_season,2,1289.0,1342.0,53.0,3,5,101|103|106|10889|86,10860|54|58|62|68,True,1.0,1.0,1.88,1.88
1375_018,1375,regular_season,2,1342.0,1384.0,42.0,3,5,101|103|106|10889|89,10860|54|57|62|68,True,0.0,2.0,1.0,2.0
1375_019,1375,regular_season,2,1384.0,1440.0,56.0,3,5,101|103|107|10889|89,10860|54|57|62|68,True,3.0,0.0,2.0,1.0
1375_020,1375,regular_season,3,1440.0,1629.0,189.0,3,5,103|107|10889|79|89,10860|54|57|62|68,True,7.0,5.0,6.0,6.0
1375_021,1375,regular_season,3,1629.0,1750.0,121.0,3,5,103|106|10889|79|89,10860|54|57|62|68,True,4.0,2.0,4.0,4.0
1375_022,1375,regular_season,3,1750.0,1760.0,10.0,3,5,106|10889|79|86|99,10860|54|57|62|68,True,0.0,3.0,0.0,1.44
1375_023,1375,regular_season,3,1760.0,1851.0,91.0,3,5,106|10889|79|86|99,16|54|57|58|68,True,2.0,5.0,2.88,2.0
1375_024,1375,regular_season,3,1851.0,1957.0,106.0,3,5,103|106|107|83|99,16|54|58|62|68,True,3.0,6.0,3.44,3.88
1375_025,1375,regular_season,3,1957.0,2125.0,168.0,3,5,103|107|10889|79|89,10860|12|16|57|58,True,0.0,3.0,6.0,5.88
1375_026,1375,regular_season,3,2125.0,2160.0,35.0,3,5,103|107|10889|89|91,10860|12|16|57|58,True,0.0,3.0,1.0,0.88
1375_027,1375,regular_season,4,2160.0,2241.0,81.0,3,5,103|106|10889|86|91,10860|12|16|57|58,True,2.0,0.0,3.0,2.0
1375_028,1375,regular_season,4,2241.0,2318.0,77.0,3,5,103|106|10889|86|91,10860|12|57|62|68,True,2.0,5.0,2.0,3.44
1375_029,1375,regular_season,4,2318.0,2338.0,20.0,3,5,103|106|107|86|91,10860|12|57|62|68,True,2.0,0.0,1.0,0.0
1375_030,1375,regular_season,4,2338.0,2393.0,55.0,3,5,103|106|107|86|91,12|16|57|62|68,True,2.0,3.0,2.0,1.0
1375_031,1375,regular_season,4,2393.0,2531.0,138.0,3,5,103|106|107|79|86,16|54|57|62|68,True,2.0,4.0,5.0,5.88
1375_032,1375,regular_season,4,2531.0,2601.0,70.0,3,5,103|106|107|79|89,12|16|54|62|68,True,0.0,0.0,2.0,2.0
1375_033,1375,regular_season,4,2601.0,2754.0,153.0,3,5,103|106|107|79|89,16|54|57|62|68,True,6.0,6.0,5.0,5.0
1375_034,1375,regular_season,4,2754.0,2766.0,12.0,3,5,101|103|83|91|95,10860|54|57|62|68,True,0.0,0.0,1.0,0.0
1375_035,1375,regular_season,4,2766.0,2807.0,41.0,3,5,101|83|91|95|97,10860|54|57|62|68,True,0.0,2.0,1.0,1.0
1375_036,1375,regular_season,4,2807.0,2880.0,73.0,3,5,101|83|91|95|97,10884|3129|55|56|64,True,1.0,1.0,1.88,1.88
1380_001,1380,regular_season,1,0.0,310.0,310.0,6,5,10877|10880|10881|39|44,16|54|57|62|68,True,11.0,16.0,10.0,10.32
1380_002,1380,regular_season,1,310.0,331.0,21.0,6,5,10877|10880|113|39|44,16|54|57|62|68,True,0.0,3.0,0.0,1.0
1380_003,1380,regular_season,1,331.0,345.0,14.0,6,5,10877|10880|113|43|44,16|54|58|62|68,True,0.0,2.0,1.0,0.88
1380_004,1380,regular_season,1,345.0,401.0,56.0,6,5,10877|10880|10882|113|43,10860|54|58|62|68,True,0.0,2.0,2.0,1.88
1380_005,1380,regular_season,1,401.0,456.0,55.0,6,5,10877|10882|113|43|47,10860|12|54|58|68,True,0.0,4.0,2.0,1.88
1380_006,1380,regular_season,1,456.0,552.0,96.0,6,5,10882|113|40|43|47,10860|12|56|58|68,True,4.0,4.0,4.0,4.0
1380_007,1380,regular_season,1,552.0,720.0,168.0,6,5,10882|113|40|43|47,10860|12|16|56|58,True,8.0,7.0,5.0,5.0
1380_008,1380,regular_season,2,720.0,834.0,114.0,6,5,10877|10880|10882|40|43,10860|10884|12|16|58,True,2.0,0.0,4.32,2.88
1380_009,1380,regular_season,2,834.0,991.0,157.0,6,5,10877|10880|10881|40|47,10860|10884|12|16|58,True,8.0,4.0,4.32,4.0
1380_010,1380,regular_season,2,991.0,1099.0,108.0,6,5,10877|10880|10881|40|47,16|54|58|62|68,True,7.0,5.0,2.64,3.0
1380_011,1380,regular_season,2,1099.0,1220.0,121.0,6,5,10877|10880|10881|40|47,10860|54|58|62|68,True,2.0,5.0,4.0,5.0
1380_012,1380,regular_season,2,1220.0,1266.0,46.0,6,5,10877|10880|10881|40|47,10860|54|57|62|68,True,3.0,3.0,2.0,1.0
1380_013,1380,regular_season,2,1266.0,1295.0,29.0,6,5,10879|10880|10881|40|47,10860|54|57|62|68,True,0.0,3.0,1.0,1.44
1380_014,1380,regular_season,2,1295.0,1433.0,138.0,6,5,10879|10880|10882|39|40,10860|54|57|62|68,True,6.0,6.0,3.88,3.88
1380_015,1380,regular_season,2,1433.0,1433.0,0.0,6,5,10879|10880|10882|39|40,10860|54|57|58|68,True,0.0,0.0,0.0,0.0
1380_016,1380,regular_season,2,1433.0,1440.0,7.0,6,5,10879|10882|39|40|47,10860|54|57|58|68,True,0.0,2.0,0.0,1.0
1380_017,1380,regular_season,3,1440.0,1630.0,190.0,6,5,10877|10880|10881|39|40,16|54|57|62|68,True,2.0,1.0,6.0,6.88
1380_018,1380,regular_season,3,1630.0,1680.0,50.0,6,5,10877|10881|39|40|47,16|54|57|62|68,True,0.0,2.0,0.88,1.0
1380_019,1380,regular_season,3,1680.0,1729.0,49.0,6,5,10877|10881|10882|39|47,16|54|57|62|68,True,0.0,3.0,2.0,1.0
1380_020,1380,regular_season,3,1729.0,1866.0,137.0,6,5,10881|10882|113|39|47,16|54|57|62|68,True,2.0,2.0,3.88,4.0
1380_021,1380,regular_season,3,1866.0,1963.0,97.0,6,5,10882|113|40|43|47,10860|54|57|58|68,True,2.0,4.0,3.0,4.0
1380_022,1380,regular_season,3,1963.0,2027.0,64.0,6,5,10877|10880|10882|40|43,10860|12|16|54|58,True,3.0,0.0,2.0,2.0
1380_023,1380,regular_season,3,2027.0,2107.0,80.0,6,5,10877|10880|10882|40|43,10860|10884|12|16|58,True,0.0,6.0,3.0,2.88
1380_024,1380,regular_season,3,2107.0,2160.0,53.0,6,5,10881|10882|40|43|47,10860|10884|12|16|58,True,0.0,0.0,1.0,1.0
1380_025,1380,regular_season,4,2160.0,2369.0,209.0,6,5,10881|10882|40|43|47,10860|10884|12|16|58,True,4.0,5.0,7.0,6.0
1380_026,1380,regular_season,4,2369.0,2389.0,20.0,6,5,10880|10881|43|44|48,10860|12|16|54|58,True,0.0,2.0,0.0,1.0
1380_027,1380,regular_season,4,2389.0,2414.0,25.0,6,5,10880|10881|43|44|48,16|54|58|62|68,True,3.0,0.0,2.44,1.0
1380_028,1380,regular_season,4,2414.0,2496.0,82.0,6,5,10880|35|43|44|48,16|54|58|62|68,True,3.0,5.0,2.3200000000000003,3.0
1380_029,1380,regular_season,4,2496.0,2674.0,178.0,6,5,10880|10882|35|39|48,16|54|58|62|68,True,6.0,3.0,5.88,4.88
1380_030,1380,regular_season,4,2674.0,2674.0,0.0,6,5,10879|10882|35|39|47,16|54|58|64|68,True,0.0,0.0,0.0,1.0
1380_031,1380,regular_season,4,2674.0,2737.0,63.0,6,5,10881|10882|35|39|47,16|54|58|64|68,True,2.0,0.0,1.88,1.0
1380_032,1380,regular_season,4,2737.0,2814.0,77.0,6,5,10881|10882|35|39|47,10860|54|58|64|68,True,2.0,5.0,2.88,3.0
1380_033,1380,regular_season,4,2814.0,2822.0,8.0,6,5,10881|10882|35|39|47,10884|55|58|60|64,True,0.0,0.0,0.0,0.0
1380_034,1380,regular_season,4,2822.0,2880.0,58.0,6,5,10881|10882|10883|35|47,10884|55|58|60|64,True,0.0,0.0,1.0,1.0
1384_001,1384,regular_season,1,0.0,254.0,254.0,2,5,10894|110|118|12668|45,10860|16|54|57|58,True,1.0,8.0,9.88,8.44
1384_002,1384,regular_season,1,254.0,366.0,112.0,2,5,10894|110|118|12668|45,10860|16|54|58|62,True,5.0,0.0,3.0,3.0
1384_003,1384,regular_season,1,366.0,397.0,31.0,2,5,10894|110|118|12668|45,10861|16|54|58|62,True,0.0,3.0,1.0,1.0
1384_004,1384,regular_season,1,397.0,459.0,62.0,2,5,109|110|123|12668|45,10861|16|3129|54|62,True,0.0,5.0,1.0,2.0
1384_005,1384,regular_season,1,459.0,490.0,31.0,2,5,109|110|122|123|12668,10861|12|16|3129|62,True,0.0,0.0,2.0,1.0
1384_006,1384,regular_season,1,490.0,612.0,122.0,2,5,109|121|122|123|12668,10861|12|16|3129|62,True,4.0,4.0,3.88,4.0
1384_007,1384,regular_season,1,612.0,720.0,108.0,2,5,109|121|122|123|12668,10860|10861|10884|12|3129,True,0.0,9.0,3.0,3.88
1384_008,1384,regular_season,2,720.0,868.0,148.0,2,5,108|10894|109|121|123,10860|10861|10884|12|3129,True,4.0,6.0,4.88,5.0
1384_009,1384,regular_season,2,868.0,896.0,28.0,2,5,108|10894|109|121|123,10860|10861|10884|12|58,True,0.0,0.0,1.0,1.0
1384_010,1384,regular_season,2,896.0,962.0,66.0,2,5,10894|109|110|121|45,10860|10861|10884|12|58,True,0.0,4.0,2.0,2.0
1384_011,1384,regular_season,2,962.0,1035.0,73.0,2,5,10894|110|119|121|45,10860|10861|10884|12|58,True,6.0,0.0,2.88,3.0
1384_012,1384,regular_season,2,1035.0,1092.0,57.0,2,5,10894|110|119|121|45,10860|16|54|58|62,True,2.0,2.0,1.0,1.88
1384_013,1384,regular_season,2,1092.0,1155.0,63.0,2,5,10894|110|119|121|122,10860|16|54|58|62,True,2.0,2.0,2.0,1.88
1384_014,1384,regular_season,2,1155.0,1213.0,58.0,2,5,10894|109|110|119|122,10860|16|54|58|62,True,3.0,0.0,1.76,1.0
1384_015,1384,regular_season,2,1213.0,1279.0,66.0,2,5,10894|109|110|122|12668,10860|16|54|58|62,True,2.0,2.0,1.0,1.88
1384_016,1384,regular_season,2,1279.0,1365.0,86.0,2,5,109|110|122|123|12668,10860|16|54|57|58,True,0.0,4.0,2.0,2.0
1384_017,1384,regular_season,2,1365.0,1440.0,75.0,2,5,109|110|122|123|12668,10861|16|54|57|58,True,0.0,1.0,4.0,2.88
1384_018,1384,regular_season,3,1440.0,1607.0,167.0,2,5,10894|110|118|122|12668,10861|16|3129|54|57,True,3.0,6.0,5.88,4.0
1384_019,1384,regular_season,3,1607.0,1753.0,146.0,2,5,10894|110|118|122|12668,10861|16|54|57|58,True,8.0,7.0,2.88,4.44
1384_020,1384,regular_season,3,1753.0,1936.0,183.0,2,5,10894|109|110|118|121,10860|10861|54|58|62,True,6.0,6.0,6.76,6.0
1384_021,1384,regular_season,3,1936.0,2010.0,74.0,2,5,10894|109|110|119|121,10860|16|54|58|62,True,5.0,4.0,2.0,1.88
1384_022,1384,regular_season,3,2010.0,2030.0,20.0,2,5,109|119|121|123|12668,10860|16|54|58|62,True,0.0,2.0,1.0,1.0
1384_023,1384,regular_season,3,2030.0,2053.0,23.0,2,5,10891|119|121|123|12668,10860|12|16|58|62,True,2.0,2.0,0.88,1.0
1384_024,1384,regular_season,3,2053.0,2160.0,107.0,2,5,10891|119|121|123|12668,10860|12|16|58|60,True,2.0,5.0,3.3200000000000003,2.88
1384_025,1384,regular_season,4,2160.0,2456.0,296.0,2,5,10894|110|118|122|12668,10860|10884|12|16|60,True,7.0,10.0,9.0,9.0
1384_026,1384,regular_season,4,2456.0,2557.0,101.0,2,5,108|10894|110|118|121,10860|10861|10884|12|58,True,6.0,2.0,3.0,2.88
1384_027,1384,regular_season,4,2557.0,2582.0,25.0,2,5,108|10894|110|118|121,10860|10861|12|55|58,True,3.0,0.0,1.0,1.0
1384_028,1384,regular_season,4,2582.0,2662.0,80.0,2,5,108|10894|118|121|123,10861|12|16|55|58,True,2.0,1.0,2.88,2.88
1384_029,1384,regular_season,4,2662.0,2723.0,61.0,2,5,108|10891|10894|118|123,10861|12|16|55|58,True,3.0,3.0,2.0,1.0
1384_030,1384,regular_season,4,2723.0,2813.0,90.0,2,5,108|10891|10894|109|123,10861|10884|16|55|58,True,2.0,0.0,2.88,3.44
1384_031,1384,regular_season,4,2813.0,2880.0,67.0,2,5,108|10891|10894|109|123,10861|10884|55|56|58,True,0.0,2.0,2.0,1.0
1389_001,1389,regular_season,1,0.0,382.0,382.0,5,8,16|54|57|62|68,10|10867|10870|14|4,True,14.0,15.0,9.44,9.44
1389_002,1389,regular_season,1,382.0,449.0,67.0,5,8,16|54|58|62|68,10|10869|10870|14|2,True,3.0,5.0,3.44,3.44
1389_003,1389,regular_season,1,449.0,483.0,34.0,5,8,10861|54|58|62|68,10|10869|10870|14|2,True,2.0,2.0,3.0,2.0
1389_004,1389,regular_season,1,483.0,495.0,12.0,5,8,10861|10884|54|58|68,10|10869|10870|14|2,True,2.0,0.0,1.0,1.0
1389_005,1389,regular_season,1,495.0,502.0,7.0,5,8,10861|10884|54|58|68,10869|10870|14|2|7,True,0.0,2.0,1.0,1.0
1389_006,1389,regular_season,1,502.0,537.0,35.0,5,8,10861|10884|54|58|68,10865|10869|10870|14|7,True,3.0,1.0,0.76,1.88
1389_007,1389,regular_season,1,537.0,623.0,86.0,5,8,10861|10884|12|58|68,10865|10869|10870|13|14,True,3.0,4.0,3.88,3.0
1389_008,1389,regular_season,1,623.0,720.0,97.0,5,8,10861|12|16|3129|58,10|10863|10865|10867|10869,True,2.0,4.0,3.0,2.88
1389_009,1389,regular_season,2,720.0,762.0,42.0,5,8,10861|12|16|3129|58,10|10863|10865|10867|10869,True,1.0,0.0,1.76,2.0
1389_010,1389,regular_season,2,762.0,861.0,99.0,5,8,10861|12|16|3129|58,10863|10865|10867|10869|3,True,2.0,4.0,2.0,2.88
1389_011,1389,regular_season,2,861.0,897.0,36.0,5,8,12|16|58|62|68,10865|10869|10870|13|3,True,0.0,0.0,1.0,1.0
1389_012,1389,regular_season,2,897.0,955.0,58.0,5,8,12|16|58|62|68,10|10865|10869|10870|3,True,6.0,2.0,3.44,2.0
1389_013,1389,regular_season,2,955.0,990.0,35.0,5,8,16|54|58|62|68,10|10865|10869|10870|14,True,2.0,3.0,1.0,2.44
1389_014,1389,regular_season,2,990.0,1045.0,55.0,5,8,16|54|58|62|68,10|10865|10867|10870|14,True,4.0,2.0,1.88,1.0
1389_015,1389,regular_season,2,1045.0,1074.0,29.0,5,8,16|54|57|62|68,10|10867|10870|14|5,True,2.0,2.0,0.88,1.0
1389_016,1389,regular_season,2,1074.0,1152.0,78.0,5,8,16|54|57|62|68,10|10869|10870|14|5,True,3.0,2.0,1.88,2.0
1389_017,1389,regular_season,2,1152.0,1226.0,74.0,5,8,16|54|57|62|68,10|10869|10870|14|3,True,6.0,4.0,2.0,2.88
1389_018,1389,regular_season,2,1226.0,1327.0,101.0,5,8,16|54|57|58|68,10|10869|10870|14|3,True,5.0,2.0,5.44,4.0
1389_019,1389,regular_season,2,1327.0,1438.0,111.0,5,8,16|54|57|58|68,10|10865|10869|10870|3,True,9.0,3.0,3.88,5.44
1389_020,1389,regular_season,2,1438.0,1440.0,2.0,5,8,16|54|57|58|68,10865|10869|10870|2|3,True,0.0,2.0,0.0,0.0
1389_021,1389,regular_season,3,1440.0,1785.0,345.0,5,8,16|54|57|62|68,10|10867|10870|14|4,True,9.0,12.0,10.44,9.88
1389_022,1389,regular_season,3,1785.0,1806.0,21.0,5,8,10861|54|57|62|68,10|10867|10870|14|3,True,0.0,0.0,1.0,1.0
1389_023,1389,regular_season,3,1806.0,1918.0,112.0,5,8,10861|12|54|58|68,10|10867|10870|14|3,True,4.0,7.0,2.0,3.0
1389_024,1389,regular_season,3,1918.0,1998.0,80.0,5,8,10861|12|54|58|68,10|10867|10870|13|14,True,5.0,0.0,3.88,3.0
1389_025,1389,regular_season,3,1998.0,2075.0,77.0,5,8,10861|12|16|54|58,10|10869|10870|13|14,True,2.0,3.0,1.0,2.0
1389_026,1389,regular_season,3,2075.0,2134.0,59.0,5,8,10861|12|16|58|62,10869|10870|14|3|7,True,4.0,0.0,2.88,2.0
1389_027,1389,regular_season,3,2134.0,2160.0,26.0,5,8,10861|12|16|57|58,10869|10870|14|3|7,True,0.0,0.0,1.0,1.0
1389_028,1389,regular_season,4,2160.0,2260.0,100.0,5,8,10861|12|16|57|58,10863|10867|10869|3|5,True,4.0,0.0,3.0,3.0
1389_029,1389,regular_season,4,2260.0,2282.0,22.0,5,8,10861|12|16|58|62,10863|10867|10869|3|5,True,2.0,0.0,1.0,0.0
1389_030,1389,regular_season,4,2282.0,2386.0,104.0,5,8,10861|12|16|58|62,10865|10867|10869|3|5,True,4.0,4.0,4.0,4.88
1389_031,1389,regular_season,4,2386.0,2447.0,61.0,5,8,12|16|54|62|68,10|10865|10867|10869|3,True,0.0,2.0,2.0,1.0
1389_032,1389,regular_season,4,2447.0,2564.0,117.0,5,8,12|16|54|62|68,10|10865|10867|10869|14,True,3.0,8.0,3.0,4.0
1389_033,1389,regular_season,4,2564.0,2655.0,91.0,5,8,10861|54|58|62|68,10|10865|10867|10869|14,True,3.0,3.0,3.0,2.0
1389_034,1389,regular_season,4,2655.0,2769.0,114.0,5,8,10861|54|57|58|68,10|10869|10870|13|14,True,7.0,2.0,5.32,5.0
1389_035,1389,regular_season,4,2769.0,2780.0,11.0,5,8,16|54|57|58|68,10|10869|10870|13|14,True,0.0,0.0,0.0,0.0
1389_036,1389,regular_season,4,2780.0,2819.0,39.0,5,8,16|54|57|58|68,10|10869|10870|14|4,True,6.0,0.0,2.0,1.0
1389_037,1389,regular_season,4,2819.0,2841.0,22.0,5,8,12|57|60|64|68,10863|10865|14|2|4,True,0.0,0.0,1.0,1.0
1389_038,1389,regular_season,4,2841.0,2880.0,39.0,5,8,12|55|56|60|64,10863|10864|10865|2|4,True,0.0,2.0,0.0,0.88
1391_001,1391,regular_season,1,0.0,391.0,391.0,5,6,16|54|57|62|68,10877|10881|40|44|8889,True,16.0,11.0,12.88,14.0
1391_002,1391,regular_season,1,391.0,483.0,92.0,5,6,10860|54|58|62|68,10877|10880|10881|113|40,True,0.0,5.0,3.0,3.0
1391_003,1391,regular_season,1,483.0,592.0,109.0,5,6,10860|12|16|3129|58,10877|10880|10881|113|40,True,4.0,2.0,3.0,3.0
1391_004,1391,regular_season,1,592.0,688.0,96.0,5,6,10860|12|16|3129|58,10880|113|39|40|8889,True,0.0,4.0,3.0,2.0
1391_005,1391,regular_season,1,688.0,712.0,24.0,5,6,10860|10884|12|16|58,10880|113|39|40|8889,True,1.0,0.0,0.88,1.0
1391_006,1391,regular_season,1,712.0,720.0,8.0,5,6,10860|10884|12|16|58,10880|10881|113|39|40,True,0.0,0.0,1.0,1.0
1391_007,1391,regular_season,2,720.0,834.0,114.0,5,6,10860|10884|12|16|58,10877|10880|10881|113|39,True,0.0,6.0,3.0,2.88
1391_008,1391,regular_season,2,834.0,964.0,130.0,5,6,10884|16|54|58|68,10877|10880|10881|113|39,True,5.0,3.0,4.0,3.88
1391_009,1391,regular_season,2,964.0,1103.0,139.0,5,6,10884|16|54|58|68,10877|10880|10881|113|40,True,4.0,4.0,5.32,5.0
1391_010,1391,regular_season,2,1103.0,1138.0,35.0,5,6,16|54|57|62|68,10877|10881|40|44|8889,True,1.0,0.0,0.44,1.0
1391_011,1391,regular_season,2,1138.0,1203.0,65.0,5,6,10860|54|57|62|68,10877|10881|40|44|8889,True,0.0,2.0,2.0,2.0
1391_012,1391,regular_season,2,1203.0,1255.0,52.0,5,6,10860|54|57|62|68,10877|10880|40|44|8889,True,5.0,0.0,1.88,1.0
1391_013,1391,regular_season,2,1255.0,1337.0,82.0,5,6,10860|54|57|62|68,10879|10880|10881|40|44,True,0.0,3.0,3.0,3.0
1391_014,1391,regular_season,2,1337.0,1440.0,103.0,5,6,10860|54|57|62|68,10877|10879|10880|10881|113,True,2.0,3.0,3.0,4.0
1391_015,1391,regular_season,3,1440.0,1749.0,309.0,5,6,16|54|57|62|68,10877|10879|10880|10881|113,True,7.0,6.0,8.0,8.88
1391_016,1391,regular_season,3,1749.0,1790.0,41.0,5,6,10860|54|57|58|68,10877|10880|10881|113|40,True,0.0,1.0,1.0,0.88
1391_017,1391,regular_season,3,1790.0,1839.0,49.0,5,6,10860|54|57|58|68,10881|113|39|40|8889,True,4.0,2.0,1.88,1.0
1391_018,1391,regular_season,3,1839.0,1897.0,58.0,5,6,10860|12|54|58|68,10881|113|39|40|8889,True,4.0,2.0,2.3200000000000003,2.0
1391_019,1391,regular_season,3,1897.0,1945.0,48.0,5,6,10860|12|54|58|68,10880|113|39|40|8889,True,0.0,2.0,2.0,2.0
1391_020,1391,regular_season,3,1945.0,2050.0,105.0,5,6,10860|12|57|58|68,10880|39|40|44|8889,True,2.0,5.0,3.0,2.88
1391_021,1391,regular_season,3,2050.0,2140.0,90.0,5,6,10860|12|16|57|58,10880|10881|39|40|44,True,5.0,3.0,3.44,3.88
1391_022,1391,regular_season,3,2140.0,2157.0,17.0,5,6,10860|12|16|57|58,10879|10880|10881|39|40,True,0.0,0.0,0.0,1.0
1391_023,1391,regular_season,3,2157.0,2160.0,3.0,5,6,10860|12|16|54|58,10879|10880|10881|39|40,True,0.0,0.0,1.0,0.0
1391_024,1391,regular_season,4,2160.0,2219.0,59.0,5,6,10860|12|16|57|58,10877|10880|10881|113|40,True,7.0,0.0,2.88,2.0
1391_025,1391,regular_season,4,2219.0,2286.0,67.0,5,6,10860|12|16|57|58,10877|10880|10881|39|40,True,1.0,0.0,2.88,3.0
1391_026,1391,regular_season,4,2286.0,2322.0,36.0,5,6,10860|16|54|57|58,10877|10880|10881|39|40,True,0.0,0.0,0.0,1.0
1391_027,1391,regular_season,4,2322.0,2455.0,133.0,5,6,10860|16|54|57|58,10877|10879|10880|10881|40,True,4.0,4.0,3.0,3.0
1391_028,1391,regular_season,4,2455.0,2503.0,48.0,5,6,10860|54|57|58|68,10877|10879|10881|40|8889,True,3.0,0.0,2.0,1.0
1391_029,1391,regular_season,4,2503.0,2569.0,66.0,5,6,10860|54|57|62|68,10877|10881|113|40|8889,True,2.0,0.0,1.0,1.88
1391_030,1391,regular_season,4,2569.0,2632.0,63.0,5,6,10860|54|57|62|68,10877|10880|113|40|8889,True,0.0,0.0,1.0,1.0
1391_031,1391,regular_season,4,2632.0,2730.0,98.0,5,6,10860|54|57|58|68,10877|10880|113|40|8889,True,2.0,3.0,4.0,3.0
1391_032,1391,regular_season,4,2730.0,2816.0,86.0,5,6,10860|54|57|58|68,10877|10880|10881|113|40,True,3.0,4.0,2.0,2.3200000000000003
1391_033,1391,regular_season,4,2816.0,2823.0,7.0,5,6,10860|16|54|57|58,10877|10880|10881|113|40,True,0.0,3.0,0.0,1.0
1391_034,1391,regular_season,4,2823.0,2845.0,22.0,5,6,10860|54|57|58|68,10877|10880|10881|113|40,True,0.0,0.0,1.0,0.0
1391_035,1391,regular_season,4,2845.0,2860.0,15.0,5,6,10860|16|54|57|58,10877|10879|10880|10881|40,True,0.0,0.0,0.0,1.0
1391_036,1391,regular_season,4,2860.0,2871.0,11.0,5,6,10860|54|57|58|68,10877|10880|10881|113|40,True,1.0,0.0,0.88,0.0
1391_037,1391,regular_season,4,2871.0,2880.0,9.0,5,6,10860|16|54|57|58,10877|10879|10880|10881|40,True,2.0,0.0,0.88,2.0
1396_001,1396,regular_season,1,0.0,293.0,293.0,8,5,10|10868|10870|14|4,10861|54|57|62|68,True,6.0,15.0,9.88,8.88
1396_002,1396,regular_season,1,293.0,344.0,51.0,8,5,10|10868|10870|14|4,10861|54|57|58|68,True,0.0,3.0,2.0,2.0
1396_003,1396,regular_season,1,344.0,421.0,77.0,8,5,10865|10868|10870|14|4,10860|54|57|58|68,True,2.0,2.0,2.0,1.88
1396_004,1396,regular_season,1,421.0,509.0,88.0,8,5,10865|10869|10870|14|4,10860|12|57|58|68,True,3.0,4.0,4.0,3.0
1396_005,1396,regular_season,1,509.0,545.0,36.0,8,5,1|10|10865|10868|10869,10860|10861|12|57|58,True,0.0,2.0,0.0,1.0
1396_006,1396,regular_season,1,545.0,606.0,61.0,8,5,1|10|10865|10868|10869,10860|10861|10884|12|58,True,4.0,3.0,2.0,1.0
1396_007,1396,regular_season,1,606.0,720.0,114.0,8,5,1|10|10868|10869|5,10860|10861|10884|12|58,True,2.0,4.0,3.2,3.0
1396_008,1396,regular_season,2,720.0,720.0,0.0,8,5,1|10|10868|10869|5,,False,2.0,0.0,1.0,0.0
1396_009,1396,regular_season,2,720.0,794.0,74.0,8,5,1|10|10868|10869|5,10860|10861|10884|12|58,True,1.0,1.0,0.88,1.88
1396_010,1396,regular_season,2,794.0,849.0,55.0,8,5,1|10|10868|10869|5,10861|10884|12|62|68,True,2.0,3.0,2.0,1.0
1396_011,1396,regular_season,2,849.0,893.0,44.0,8,5,10|10868|10870|14|5,10861|12|3129|62|68,True,2.0,3.0,1.0,2.0
1396_012,1396,regular_season,2,893.0,923.0,30.0,8,5,10|10868|10870|14|5,10861|3129|54|62|68,True,3.0,2.0,1.0,0.88
1396_013,1396,regular_season,2,923.0,1028.0,105.0,8,5,10|10869|10870|14|4,10860|3129|54|62|68,True,3.0,4.0,2.88,2.0
1396_014,1396,regular_season,2,1028.0,1130.0,102.0,8,5,10|10869|10870|14|4,10861|3129|54|62|68,True,6.0,2.0,2.0,3.0
1396_015,1396,regular_season,2,1130.0,1212.0,82.0,8,5,10|10869|10870|14|4,10861|54|57|62|68,True,0.0,4.0,3.0,3.0
1396_016,1396,regular_season,2,1212.0,1358.0,146.0,8,5,10869|10870|14|4|5,10861|54|57|62|68,True,6.0,2.0,6.88,6.0
1396_017,1396,regular_season,2,1358.0,1421.0,63.0,8,5,10865|10869|10870|11|5,54|57|58|64|68,True,6.0,2.0,3.0,3.0
1396_018,1396,regular_season,2,1421.0,1434.0,13.0,8,5,10865|10868|10869|14|5,10861|54|57|58|68,True,0.0,1.0,0.0,0.88
1396_019,1396,regular_season,2,1434.0,1440.0,6.0,8,5,10865|10869|10870|14|5,10861|3129|57|58|68,True,0.0,0.0,1.0,0.0
1396_020,1396,regular_season,3,1440.0,1653.0,213.0,8,5,10|10868|10870|14|4,10861|54|57|62|68,True,6.0,9.0,5.0,6.0
1396_021,1396,regular_season,3,1653.0,1695.0,42.0,8,5,10|10868|10870|11|14,10861|54|57|62|68,True,0.0,2.0,1.0,1.0
1396_022,1396,regular_season,3,1695.0,1709.0,14.0,8,5,10|10868|10870|11|14,10861|54|57|58|68,True,2.0,2.0,1.0,1.0
1396_023,1396,regular_season,3,1709.0,1740.0,31.0,8,5,10865|10868|10870|11|14,10860|54|57|58|68,True,0.0,0.0,1.0,1.0
1396_024,1396,regular_season,3,1740.0,1861.0,121.0,8,5,10865|10869|10870|11|14,10860|54|57|58|68,True,4.0,1.0,4.0,2.88
1396_025,1396,regular_season,3,1861.0,1887.0,26.0,8,5,10865|10869|10870|11|14,10860|12|3129|58|68,True,0.0,2.0,1.0,2.0
1396_026,1396,regular_season,3,1887.0,1914.0,27.0,8,5,10|10865|10869|10870|14,10860|12|3129|58|68,True,3.0,0.0,1.0,1.0
1396_027,1396,regular_season,3,1914.0,2049.0,135.0,8,5,10|10865|10869|10870|14,10860|10861|12|3129|58,True,2.0,7.0,5.0,5.0
1396_028,1396,regular_season,3,2049.0,2066.0,17.0,8,5,10|10865|10868|10869|14,10860|10861|12|3129|58,True,1.0,0.0,0.88,0.0
1396_029,1396,regular_season,3,2066.0,2160.0,94.0,8,5,1|10|10865|10868|10869,10860|10861|12|3129|58,True,2.0,3.0,2.0,3.44
1396_030,1396,regular_season,4,2160.0,2357.0,197.0,8,5,1|10865|10868|10869|5,10860|10861|12|3129|58,True,8.0,4.0,6.0,6.32
1396_031,1396,regular_season,4,2357.0,2447.0,90.0,8,5,1|10|10868|10870|5,10860|10861|12|3129|58,True,0.0,2.0,3.0,3.0
1396_032,1396,regular_season,4,2447.0,2474.0,27.0,8,5,1|10|10868|10870|5,10861|12|58|62|68,True,0.0,0.0,2.0,1.0
1396_033,1396,regular_season,4,2474.0,2477.0,3.0,8,5,1|10|10868|10870|5,10861|12|54|62|68,True,0.0,0.0,0.0,0.0
1396_034,1396,regular_season,4,2477.0,2551.0,74.0,8,5,1|10868|10870|14|5,10861|12|54|62|68,True,3.0,6.0,3.0,2.88
1396_035,1396,regular_season,4,2551.0,2708.0,157.0,8,5,1|10868|10870|14|5,10861|54|57|62|68,True,12.0,8.0,5.88,5.88
1396_036,1396,regular_season,4,2708.0,2751.0,43.0,8,5,1|10869|10870|14|5,10861|54|57|62|68,True,0.0,2.0,2.0,1.0
1396_037,1396,regular_season,4,2751.0,2793.0,42.0,8,5,1|10|10868|10869|5,10861|54|57|62|68,True,4.0,0.0,1.44,2.0
1396_038,1396,regular_season,4,2793.0,2859.0,66.0,8,5,10|10868|10869|14|5,10861|54|57|62|68,True,4.0,3.0,2.76,2.88
1396_039,1396,regular_season,4,2859.0,2859.0,0.0,8,5,1|10|10868|10869|5,10861|54|57|62|68,True,0.0,0.0,0.0,0.0
1396_040,1396,regular_season,4,2859.0,2880.0,21.0,8,5,1|10|10869|10870|5,10861|54|57|58|68,True,3.0,4.0,3.0,2.76
1397_001,1397,regular_season,1,0.0,339.0,339.0,5,2,16|54|57|62|68,10894|110|118|12908|45,True,10.0,17.0,12.0,13.32
1397_002,1397,regular_season,1,339.0,397.0,58.0,5,2,16|54|58|62|68,10894|110|118|12908|45,True,3.0,0.0,2.0,1.0
1397_003,1397,regular_season,1,397.0,611.0,214.0,5,2,10860|54|58|62|68,118|122|123|12668|12908,True,3.0,13.0,6.0,7.0
1397_004,1397,regular_season,1,611.0,720.0,109.0,5,2,10860|10884|12|16|58,10894|119|121|122|12668,True,2.0,5.0,2.0,2.88
1397_005,1397,regular_season,2,720.0,791.0,71.0,5,2,10860|10884|12|16|58,10894|119|121|122|12668,True,4.0,0.0,2.88,2.0
1397_006,1397,regular_season,2,791.0,921.0,130.0,5,2,10860|10884|12|16|58,10894|110|118|12908|45,True,4.0,2.0,3.0,3.0
1397_007,1397,regular_season,2,921.0,1007.0,86.0,5,2,10860|12|16|54|58,10894|110|118|12908|45,True,6.0,3.0,3.76,3.0
1397_008,1397,regular_season,2,1007.0,1123.0,116.0,5,2,12|16|54|58|68,10894|110|118|12908|45,True,6.0,8.0,3.88,4.88
1397_009,1397,regular_season,2,1123.0,1136.0,13.0,5,2,12|16|54|62|68,118|123|12668|12908|45,True,2.0,0.0,0.88,0.0
1397_010,1397,regular_season,2,1136.0,1182.0,46.0,5,2,16|54|57|62|68,118|123|12668|12908|45,True,0.0,3.0,0.0,1.0
1397_011,1397,regular_season,2,1182.0,1225.0,43.0,5,2,10860|54|57|62|68,118|123|12668|12908|45,True,3.0,0.0,2.88,2.0
1397_012,1397,regular_season,2,1225.0,1298.0,73.0,5,2,10860|54|57|62|68,108|118|123|12668|12908,True,0.0,5.0,2.0,3.44
1397_013,1397,regular_season,2,1298.0,1310.0,12.0,5,2,16|54|57|62|68,108|118|123|12668|12908,True,0.0,0.0,0.0,0.0
1397_014,1397,regular_season,2,1310.0,1429.0,119.0,5,2,16|54|58|62|68,108|118|123|12668|12908,True,7.0,3.0,3.44,2.44
1397_015,1397,regular_season,2,1429.0,1440.0,11.0,5,2,16|3129|54|58|62,108|118|123|12668|12908,True,0.0,2.0,1.0,1.0
1397_016,1397,regular_season,3,1440.0,1669.0,229.0,5,2,16|54|58|62|68,10894|110|118|12908|45,True,2.0,13.0,8.0,8.88
1397_017,1397,regular_season,3,1669.0,1828.0,159.0,5,2,12|16|54|58|68,10894|110|118|12908|45,True,7.0,8.0,5.0,5.0
1397_018,1397,regular_season,3,1828.0,1939.0,111.0,5,2,10860|12|16|54|58,118|122|123|12668|12908,True,7.0,5.0,3.88,3.0
1397_019,1397,regular_season,3,1939.0,2021.0,82.0,5,2,10860|12|16|57|58,118|122|123|12668|12908,True,2.0,0.0,2.0,3.0
1397_020,1397,regular_season,3,2021.0,2080.0,59.0,5,2,10860|12|16|57|58,118|121|122|123|12668,True,0.0,0.0,1.88,2.0
1397_021,1397,regular_season,3,2080.0,2122.0,42.0,5,2,10860|12|57|58|68,118|121|122|123|12668,True,1.0,0.0,1.88,1.0
1397_022,1397,regular_season,3,2122.0,2143.0,21.0,5,2,10860|12|57|58|68,119|121|122|123|12668,True,2.0,0.0,1.88,2.0
1397_023,1397,regular_season,3,2143.0,2160.0,17.0,5,2,10860|12|57|58|68,110|119|121|122|12908,True,0.0,0.0,0.0,1.0
1397_024,1397,regular_season,4,2160.0,2256.0,96.0,5,2,10860|12|57|58|68,10894|110|118|12908|45,True,3.0,7.0,3.0,3.44
1397_025,1397,regular_season,4,2256.0,2294.0,38.0,5,2,12|16|57|58|68,10894|110|118|12908|45,True,0.0,2.0,1.0,2.0
1397_026,1397,regular_season,4,2294.0,2314.0,20.0,5,2,12|16|54|58|68,10894|110|118|12908|45,True,0.0,2.0,1.0,1.0
1397_027,1397,regular_season,4,2314.0,2438.0,124.0,5,2,10884|12|16|54|68,10894|110|118|12908|45,True,2.0,5.0,3.0,3.0
1397_028,1397,regular_season,4,2438.0,2527.0,89.0,5,2,10884|16|54|58|68,10894|110|118|12908|45,True,2.0,0.0,2.0,2.0
1397_029,1397,regular_season,4,2527.0,2617.0,90.0,5,2,10860|10884|54|58|68,118|123|12668|12908|45,True,3.0,4.0,3.88,3.44
1397_030,1397,regular_season,4,2617.0,2645.0,28.0,5,2,10860|10884|54|58|68,108|118|123|12668|12908,True,0.0,0.0,0.0,1.0
1397_031,1397,regular_season,4,2645.0,2654.0,9.0,5,2,10860|10884|12|3129|56,108|118|123|12668|12908,True,1.0,0.0,0.88,0.0
1397_032,1397,regular_season,4,2654.0,2732.0,78.0,5,2,10860|10884|12|3129|56,108|116|118|12668|12908,True,2.0,3.0,1.44,2.0
1397_033,1397,regular_season,4,2732.0,2747.0,15.0,5,2,10884|12|3129|56|64,108|10891|116|118|12668,True,0.0,0.0,1.0,0.0
1397_034,1397,regular_season,4,2747.0,2880.0,133.0,5,2,10884|12|3129|56|64,108|10891|116|122|12668,True,6.0,2.0,3.88,4.0
1399_001,1399,regular_season,1,0.0,357.0,357.0,5,7,16|54|57|62|68,10872|10875|21|25|867,True,8.0,15.0,10.76,11.44
1399_002,1399,regular_season,1,357.0,417.0,60.0,5,7,10861|16|54|57|58,10872|10874|10875|21|867,True,0.0,4.0,2.0,3.0
1399_003,1399,regular_season,1,417.0,419.0,2.0,5,7,10861|12|16|57|58,10872|10874|10875|22|32,True,2.0,0.0,0.88,0.0
1399_004,1399,regular_season,1,419.0,499.0,80.0,5,7,10861|12|16|57|58,10872|10874|22|32|867,True,2.0,3.0,2.0,3.0
1399_005,1399,regular_season,1,499.0,530.0,31.0,5,7,10861|12|16|57|58,10874|21|22|32|867,True,2.0,0.0,1.0,1.0
1399_006,1399,regular_season,1,530.0,637.0,107.0,5,7,10861|10884|12|16|58,10874|21|22|32|867,True,4.0,7.0,3.88,3.0
1399_007,1399,regular_season,1,637.0,678.0,41.0,5,7,10861|10884|12|16|58,10874|10875|21|24|32,True,3.0,0.0,1.88,2.0
1399_008,1399,regular_season,1,678.0,688.0,10.0,5,7,10861|10884|12|58|68,10874|19|21|24|32,True,0.0,2.0,0.0,0.88
1399_009,1399,regular_season,1,688.0,696.0,8.0,5,7,10861|12|54|58|68,10872|10874|19|25|32,True,2.0,0.0,0.88,0.0
1399_010,1399,regular_season,1,696.0,710.0,14.0,5,7,10861|10884|12|16|58,10872|10874|10875|21|867,True,0.0,0.0,0.0,1.0
1399_011,1399,regular_season,1,710.0,720.0,10.0,5,7,10861|12|54|58|68,10872|10875|21|25|867,True,0.0,0.0,2.0,1.0
1399_012,1399,regular_season,2,720.0,788.0,68.0,5,7,10861|12|54|58|68,10872|10874|10875|28|867,True,2.0,2.0,2.0,2.0
1399_013,1399,regular_season,2,788.0,820.0,32.0,5,7,10861|12|54|58|68,10872|10875|22|28|32,True,5.0,0.0,2.44,1.0
1399_014,1399,regular_season,2,820.0,866.0,46.0,5,7,10861|12|54|58|68,10872|10875|22|28|867,True,2.0,3.0,1.0,2.0
1399_015,1399,regular_season,2,866.0,873.0,7.0,5,7,10861|3129|54|58|68,10872|10875|22|28|867,True,0.0,0.0,0.0,0.0
1399_016,1399,regular_season,2,873.0,911.0,38.0,5,7,10861|3129|54|58|68,10872|22|25|32|867,True,2.0,0.0,1.0,1.0
1399_017,1399,regular_season,2,911.0,961.0,50.0,5,7,10861|3129|54|58|68,21|22|25|32|867,True,1.0,2.0,2.88,2.0
1399_018,1399,regular_season,2,961.0,1056.0,95.0,5,7,10861|3129|54|58|68,10872|21|22|32|867,True,0.0,6.0,2.0,2.76
1399_019,1399,regular_season,2,1056.0,1156.0,100.0,5,7,16|3129|54|57|68,10872|21|22|32|867,True,9.0,4.0,4.76,3.88
1399_020,1399,regular_season,2,1156.0,1259.0,103.0,5,7,16|54|57|62|68,10872|21|25|32|867,True,4.0,8.0,3.88,4.0
1399_021,1399,regular_season,2,1259.0,1298.0,39.0,5,7,10861|12|16|57|58,10872|10875|23|25|28,True,0.0,2.0,1.0,2.0
1399_022,1399,regular_season,2,1298.0,1431.0,133.0,5,7,12|16|57|58|68,10872|10875|24|25|28,True,6.0,1.0,6.44,4.88
1399_023,1399,regular_season,2,1431.0,1440.0,9.0,5,7,10861|12|16|57|58,21|22|28|32|867,True,0.0,0.0,0.0,1.0
1399_024,1399,regular_season,3,1440.0,1540.0,100.0,5,7,16|54|57|58|68,10872|10875|21|25|867,True,2.0,0.0,3.0,3.0
1399_025,1399,regular_season,3,1540.0,1580.0,40.0,5,7,16|54|57|58|68,10875|21|22|25|867,True,3.0,3.0,1.0,1.88
1399_026,1399,regular_season,3,1580.0,1714.0,134.0,5,7,16|54|57|58|68,21|22|25|32|867,True,0.0,5.0,4.0,3.0
1399_027,1399,regular_season,3,1714.0,1738.0,24.0,5,7,12|16|57|58|68,21|22|25|32|867,True,0.0,0.0,1.0,2.0
1399_028,1399,regular_season,3,1738.0,1784.0,46.0,5,7,12|16|57|58|68,10872|21|25|32|867,True,2.0,2.0,2.0,1.0
1399_029,1399,regular_season,3,1784.0,1806.0,22.0,5,7,12|16|3129|58|68,10872|21|25|32|867,True,2.0,0.0,0.88,1.0
1399_030,1399,regular_season,3,1806.0,1868.0,62.0,5,7,10861|12|3129|58|68,10872|10875|21|24|32,True,0.0,0.0,1.0,1.0
1399_031,1399,regular_season,3,1868.0,1906.0,38.0,5,7,10861|12|3129|58|68,10872|10875|21|23|32,True,2.0,4.0,1.0,1.88
1399_032,1399,regular_season,3,1906.0,2013.0,107.0,5,7,10861|12|3129|62|68,10875|21|23|28|32,True,6.0,3.0,3.76,3.0
1399_033,1399,regular_season,3,2013.0,2039.0,26.0,5,7,10861|12|3129|58|68,10872|10874|10875|28|32,True,3.0,0.0,1.44,1.0
1399_034,1399,regular_season,3,2039.0,2105.0,66.0,5,7,10861|12|16|3129|58,10872|21|28|32|867,True,2.0,2.0,2.0,2.88
1399_035,1399,regular_season,3,2105.0,2160.0,55.0,5,7,10861|12|16|57|58,10872|10874|21|32|867,True,3.0,2.0,2.0,2.0
1399_036,1399,regular_season,4,2160.0,2251.0,91.0,5,7,10861|12|16|57|58,10872|10874|21|32|867,True,4.0,0.0,2.0,2.0
1399_037,1399,regular_season,4,2251.0,2341.0,90.0,5,7,10861|12|16|57|58,10872|10874|10875|21|867,True,2.0,5.0,4.0,3.0
1399_038,1399,regular_season,4,2341.0,2391.0,50.0,5,7,16|54|57|58|68,10872|10874|10875|21|867,True,4.0,2.0,1.88,2.0
1399_039,1399,regular_season,4,2391.0,2427.0,36.0,5,7,16|54|57|58|68,10872|10875|21|25|867,True,0.0,0.0,0.0,1.0
1399_040,1399,regular_season,4,2427.0,2511.0,84.0,5,7,16|54|57|58|68,10875|21|22|25|867,True,4.0,0.0,4.32,3.0
1399_041,1399,regular_season,4,2511.0,2573.0,62.0,5,7,16|54|57|58|68,21|22|25|32|867,True,0.0,2.0,1.88,2.0
1399_042,1399,regular_season,4,2573.0,2760.0,187.0,5,7,16|54|57|58|68,10872|10874|21|32|867,True,4.0,7.0,5.0,5.0
1399_043,1399,regular_season,4,2760.0,2805.0,45.0,5,7,16|54|57|58|68,10872|21|28|32|867,True,3.0,3.0,2.0,2.0
1399_044,1399,regular_season,4,2805.0,2810.0,5.0,5,7,16|54|57|58|68,10875|21|25|28|867,True,0.0,0.0,0.0,0.0
1399_045,1399,regular_season,4,2810.0,2874.0,64.0,5,7,16|54|57|58|68,10872|10875|21|28|867,True,3.0,2.0,2.88,3.0
1399_046,1399,regular_season,4,2874.0,2880.0,6.0,5,7,16|54|57|58|68,10872|21|28|32|867,True,0.0,0.0,0.0,1.0
1401_001,1401,regular_season,1,0.0,221.0,221.0,5,6,10860|16|54|57|58,10880|10881|40|43|44,True,11.0,12.0,7.0,6.88
1401_002,1401,regular_season,1,221.0,348.0,127.0,5,6,10860|12|16|54|58,10880|10881|40|43|44,True,6.0,4.0,4.44,5.0
1401_003,1401,regular_season,1,348.0,443.0,95.0,5,6,10860|10861|12|3129|54,10881|10882|40|43|47,True,4.0,3.0,3.0,3.0
1401_004,1401,regular_season,1,443.0,464.0,21.0,5,6,10860|10861|12|3129|54,10879|10881|10882|40|47,True,0.0,0.0,1.0,0.0
1401_005,1401,regular_season,1,464.0,536.0,72.0,5,6,10860|10861|10884|12|3129,10879|10881|10882|40|47,True,0.0,3.0,2.0,2.0
1401_006,1401,regular_season,1,536.0,553.0,17.0,5,6,10860|10861|10884|12|3129,10879|10880|10882|40|47,True,0.0,0.0,0.0,0.88
1401_007,1401,regular_season,1,553.0,601.0,48.0,5,6,10861|10884|12|16|3129,10879|10880|10882|40|47,True,0.0,0.0,1.88,1.0
1401_008,1401,regular_season,1,601.0,620.0,19.0,5,6,10861|10884|12|16|58,10879|10880|10882|40|47,True,0.0,0.0,0.0,1.0
1401_009,1401,regular_season,1,620.0,708.0,88.0,5,6,10861|10884|12|16|58,10879|10880|10882|113|47,True,2.0,5.0,3.0,3.0
1401_010,1401,regular_season,1,708.0,720.0,12.0,5,6,10861|10884|12|16|58,10879|10880|10882|113|44,True,3.0,0.0,1.0,0.0
1401_011,1401,regular_season,2,720.0,752.0,32.0,5,6,10861|12|16|54|58,10879|10880|10882|113|40,True,0.0,0.0,1.0,0.0
1401_012,1401,regular_season,2,752.0,873.0,121.0,5,6,10860|10861|12|54|58,10879|10880|10882|113|40,True,8.0,4.0,3.44,4.44
1401_013,1401,regular_season,2,873.0,933.0,60.0,5,6,10860|10861|54|57|58,10880|10881|113|40|43,True,5.0,1.0,2.88,2.44
1401_014,1401,regular_season,2,933.0,972.0,39.0,5,6,10860|16|54|57|58,10880|10881|38|40|43,True,2.0,0.0,0.88,1.0
1401_015,1401,regular_season,2,972.0,1089.0,117.0,5,6,10860|12|16|57|58,10880|10881|38|40|43,True,3.0,4.0,3.0,3.0
1401_016,1401,regular_season,2,1089.0,1092.0,3.0,5,6,10860|12|16|57|58,10881|10882|40|43|44,True,2.0,0.0,-0.12,0.0
1401_017,1401,regular_season,2,1092.0,1199.0,107.0,5,6,10861|12|16|57|58,10881|10882|40|43|47,True,0.0,7.0,3.0,4.0
1401_018,1401,regular_season,2,1199.0,1232.0,33.0,5,6,10861|12|16|3129|54,10881|10882|40|43|47,True,0.0,0.0,1.0,1.0
1401_019,1401,regular_season,2,1232.0,1336.0,104.0,5,6,10861|16|3129|54|62,10880|10882|40|43|47,True,5.0,5.0,3.76,2.76
1401_020,1401,regular_season,2,1336.0,1359.0,23.0,5,6,10861|16|3129|54|62,10878|10880|10882|40|43,True,0.0,0.0,0.0,1.0
1401_021,1401,regular_season,2,1359.0,1433.0,74.0,5,6,10861|16|3129|54|62,10878|10881|10882|40|43,True,1.0,2.0,1.88,1.0
1401_022,1401,regular_season,2,1433.0,1433.0,0.0,5,6,10861|16|3129|54|57,10878|10881|10882|40|43,True,0.0,0.0,0.0,0.0
1401_023,1401,regular_season,2,1433.0,1435.0,2.0,5,6,10861|16|3129|57|58,10879|10881|10882|40|43,True,0.0,0.0,0.0,1.0
1401_024,1401,regular_season,2,1435.0,1440.0,5.0,5,6,10861|16|54|57|58,10881|10882|113|35|44,True,0.0,0.0,1.0,0.0
1401_025,1401,regular_season,3,1440.0,1815.0,375.0,5,6,10860|16|54|57|58,10880|10881|39|40|43,True,12.0,7.0,10.0,11.0
1401_026,1401,regular_season,3,1815.0,1853.0,38.0,5,6,10860|16|54|57|58,10879|10880|10882|39|44,True,0.0,2.0,2.0,1.0
1401_027,1401,regular_season,3,1853.0,1906.0,53.0,5,6,10860|10861|54|57|58,10879|10880|10882|39|44,True,3.0,0.0,2.0,2.0
1401_028,1401,regular_season,3,1906.0,1967.0,61.0,5,6,10860|10861|54|57|58,10879|10880|10882|40|47,True,1.0,3.0,0.88,1.0
1401_029,1401,regular_season,3,1967.0,2002.0,35.0,5,6,10860|10861|12|54|58,10879|10880|10882|40|47,True,0.0,0.0,1.0,1.0
1401_030,1401,regular_season,3,2002.0,2076.0,74.0,5,6,10861|12|16|3129|54,10879|10880|10882|40|47,True,2.0,1.0,2.0,2.88
1401_031,1401,regular_season,3,2076.0,2132.0,56.0,5,6,10861|12|16|54|62,10881|10882|40|43|47,True,2.0,0.0,2.0,2.0
1401_032,1401,regular_season,3,2132.0,2160.0,28.0,5,6,10861|12|16|57|62,10881|10882|40|43|47,True,2.0,0.0,1.0,0.0
1401_033,1401,regular_season,4,2160.0,2202.0,42.0,5,6,10861|12|16|57|62,10881|10882|40|43|47,True,2.0,0.0,1.0,1.0
1401_034,1401,regular_season,4,2202.0,2253.0,51.0,5,6,10861|12|16|57|62,10880|10881|40|43|47,True,1.0,0.0,1.88,1.0
1401_035,1401,regular_season,4,2253.0,2293.0,40.0,5,6,10860|10861|12|57|62,10880|10881|40|43|47,True,0.0,0.0,1.0,1.0
1401_036,1401,regular_season,4,2293.0,2329.0,36.0,5,6,10860|10861|12|57|62,10880|10882|39|40|47,True,3.0,0.0,1.0,1.0
1401_037,1401,regular_season,4,2329.0,2413.0,84.0,5,6,10860|10861|12|57|58,10880|10882|39|40|47,True,6.0,2.0,2.44,2.0
1401_038,1401,regular_season,4,2413.0,2446.0,33.0,5,6,10860|12|16|57|58,10878|10880|10882|39|40,True,2.0,0.0,1.76,2.0
1401_039,1401,regular_season,4,2446.0,2515.0,69.0,5,6,10860|12|16|57|58,10878|10880|10882|40|43,True,0.0,5.0,-0.12,2.0
1401_040,1401,regular_season,4,2515.0,2533.0,18.0,5,6,10860|12|16|54|58,10878|10880|10882|40|43,True,0.0,0.0,2.0,0.0
1401_041,1401,regular_season,4,2533.0,2670.0,137.0,5,6,10860|12|16|54|58,10880|10881|113|40|43,True,3.0,2.0,3.0,4.0
1401_042,1401,regular_season,4,2670.0,2670.0,0.0,5,6,10861|12|16|54|58,10879|10880|113|35|43,True,0.0,0.0,1.0,0.0
1401_043,1401,regular_season,4,2670.0,2700.0,30.0,5,6,10861|12|16|54|58,10879|10881|113|35|43,True,0.0,0.0,1.0,1.0
1401_044,1401,regular_season,4,2700.0,2775.0,75.0,5,6,10861|12|16|54|58,10879|10881|113|35|38,True,4.0,2.0,1.88,2.0
1401_045,1401,regular_season,4,2775.0,2792.0,17.0,5,6,10884|55|56|60|64,10881|10883|113|35|38,True,3.0,0.0,1.0,1.0
1401_046,1401,regular_season,4,2792.0,2880.0,88.0,5,6,10884|55|56|60|64,10878|10883|113|35|38,True,2.0,3.0,2.0,3.44
1403_001,1403,regular_season,1,0.0,228.0,228.0,5,4,10861|54|57|62|68,10885|10887|10888|76|82,True,5.0,6.0,10.0,10.0
1403_002,1403,regular_season,1,228.0,312.0,84.0,5,4,10861|54|57|62|68,10862|10885|10887|76|82,True,6.0,5.0,4.32,3.88
1403_003,1403,regular_season,1,312.0,335.0,23.0,5,4,16|54|57|62|68,10862|10885|10887|76|82,True,0.0,0.0,1.0,1.0
1403_004,1403,regular_season,1,335.0,370.0,35.0,5,4,12|16|54|58|68,10862|10885|10887|76|82,True,0.0,2.0,1.0,1.0
1403_005,1403,regular_season,1,370.0,480.0,110.0,5,4,12|16|54|58|68,10862|10885|10887|80|82,True,2.0,2.0,2.0,3.0
1403_006,1403,regular_season,1,480.0,593.0,113.0,5,4,10884|12|16|58|68,10862|10885|10887|80|90,True,6.0,5.0,3.0,2.44
1403_007,1403,regular_season,1,593.0,720.0,127.0,5,4,10861|10884|12|16|58,10862|10885|80|87|90,True,8.0,4.0,5.0,4.88
1403_008,1403,regular_season,2,720.0,863.0,143.0,5,4,10861|10884|12|16|58,10862|76|87|88|90,True,7.0,4.0,3.88,4.0
1403_009,1403,regular_season,2,863.0,1002.0,139.0,5,4,10861|12|16|3129|58,10862|10888|76|88|90,True,3.0,8.0,3.0,5.0
1403_010,1403,regular_season,2,1002.0,1087.0,85.0,5,4,12|16|3129|58|68,10862|10888|76|88|90,True,4.0,2.0,3.0,2.88
1403_011,1403,regular_season,2,1087.0,1119.0,32.0,5,4,16|3129|54|58|68,10887|10888|76|82|88,True,3.0,0.0,1.0,1.0
1403_012,1403,regular_season,2,1119.0,1144.0,25.0,5,4,16|54|58|62|68,10887|10888|76|82|88,True,1.0,2.0,0.44,0.0
1403_013,1403,regular_season,2,1144.0,1199.0,55.0,5,4,16|54|58|62|68,10862|10887|76|82|88,True,4.0,2.0,2.0,2.0
1403_014,1403,regular_season,2,1199.0,1223.0,24.0,5,4,12|16|54|62|68,10862|10885|10887|76|82,True,0.0,0.0,2.0,1.0
1403_015,1403,regular_season,2,1223.0,1244.0,21.0,5,4,12|16|54|62|68,10862|10885|10887|80|82,True,2.0,0.0,0.88,1.0
1403_016,1403,regular_season,2,1244.0,1310.0,66.0,5,4,12|16|54|62|68,10862|10885|10888|80|82,True,2.0,2.0,1.0,2.0
1403_017,1403,regular_season,2,1310.0,1404.0,94.0,5,4,12|16|54|62|68,10862|10885|10887|80|82,True,7.0,4.0,4.32,3.0
1403_018,1403,regular_season,2,1404.0,1440.0,36.0,5,4,10861|12|16|54|57,10862|10885|10887|82|88,True,0.0,0.0,1.0,0.88
1403_019,1403,regular_season,3,1440.0,1675.0,235.0,5,4,10861|54|57|62|68,10885|10887|10888|76|82,True,10.0,7.0,9.32,8.0
1403_020,1403,regular_season,3,1675.0,1692.0,17.0,5,4,10861|54|57|62|68,10885|10887|10888|80|82,True,0.0,0.0,0.0,0.0
1403_021,1403,regular_season,3,1692.0,1733.0,41.0,5,4,10861|54|58|62|68,10885|10887|10888|80|82,True,2.0,0.0,0.88,2.0
1403_022,1403,regular_season,3,1733.0,1758.0,25.0,5,4,10861|54|58|62|68,10862|10885|10887|80|82,True,2.0,2.0,1.0,0.88
1403_023,1403,regular_season,3,1758.0,1825.0,67.0,5,4,10861|54|58|62|68,10862|10887|80|82|88,True,2.0,0.0,3.0,1.0
1403_024,1403,regular_season,3,1825.0,1864.0,39.0,5,4,12|16|54|58|68,10862|10887|80|82|88,True,0.0,0.0,1.0,3.0
1403_025,1403,regular_season,3,1864.0,1950.0,86.0,5,4,12|16|54|58|68,10862|10887|76|87|88,True,2.0,3.0,3.0,2.3200000000000003
1403_026,1403,regular_season,3,1950.0,2096.0,146.0,5,4,10861|12|16|3129|58,10862|10887|76|87|88,True,3.0,6.0,4.88,5.76
1403_027,1403,regular_season,3,2096.0,2160.0,64.0,5,4,10861|12|16|55|58,10862|10887|76|87|88,True,2.0,0.0,2.0,1.0
1403_028,1403,regular_season,4,2160.0,2250.0,90.0,5,4,10861|12|16|55|58,10862|10885|10887|87|88,True,0.0,4.0,2.0,1.88
1403_029,1403,regular_season,4,2250.0,2353.0,103.0,5,4,16|54|57|58|68,10862|10885|10887|87|88,True,0.0,5.0,3.0,2.88
1403_030,1403,regular_season,4,2353.0,2534.0,181.0,5,4,16|54|57|62|68,10862|10885|10887|87|88,True,3.0,8.0,4.0,4.0
1403_031,1403,regular_season,4,2534.0,2558.0,24.0,5,4,10861|54|57|62|68,10862|10885|10887|87|88,True,2.0,0.0,0.88,1.0
1403_032,1403,regular_season,4,2558.0,2744.0,186.0,5,4,10861|54|57|62|68,10885|10887|10888|87|88,True,3.0,7.0,5.0,5.0
1403_033,1403,regular_season,4,2744.0,2744.0,0.0,5,4,16|54|57|62|68,10885|10887|10888|87|88,True,0.0,0.0,0.0,0.0
1403_034,1403,regular_season,4,2744.0,2830.0,86.0,5,4,16|54|57|58|68,10885|10887|10888|87|88,True,5.0,2.0,3.0,2.88
1403_035,1403,regular_season,4,2830.0,2843.0,13.0,5,4,16|54|57|58|68,10862|10885|10887|87|88,True,0.0,2.0,0.0,1.44
1403_036,1403,regular_season,4,2843.0,2854.0,11.0,5,4,16|54|57|58|68,10862|10885|10887|82|87,True,0.0,0.0,1.0,0.0
1403_037,1403,regular_season,4,2854.0,2877.0,23.0,5,4,16|54|57|58|68,10862|10885|10887|87|88,True,0.0,0.0,0.0,1.0
1403_038,1403,regular_season,4,2877.0,2877.0,0.0,5,4,16|3129|57|58|68,10862|10885|10887|82|87,True,0.0,0.0,0.0,0.0
1403_039,1403,regular_season,4,2877.0,2880.0,3.0,5,4,16|3129|57|58|68,10862|10885|10887|87|88,True,0.0,0.0,1.0,0.0
1405_001,1405,regular_season,1,0.0,277.0,277.0,5,3,16|54|57|62|68,10889|10890|77|89|99,True,10.0,15.0,8.44,7.88
1405_002,1405,regular_season,1,277.0,324.0,47.0,5,3,10860|16|54|57|58,107|10889|77|89|99,True,3.0,0.0,1.0,2.0
1405_003,1405,regular_season,1,324.0,402.0,78.0,5,3,10860|12|16|54|58,107|10889|73|77|89,True,2.0,4.0,2.0,0.88
1405_004,1405,regular_season,1,402.0,450.0,48.0,5,3,10860|12|16|54|58,103|107|10890|73|86,True,2.0,2.0,2.44,1.88
1405_005,1405,regular_season,1,450.0,495.0,45.0,5,3,10860|10884|12|16|58,103|107|10890|73|86,True,0.0,2.0,1.0,2.0
1405_006,1405,regular_season,1,495.0,705.0,210.0,5,3,10860|10884|12|58|68,103|107|10890|73|86,True,9.0,8.0,6.640000000000001,6.88
1405_007,1405,regular_season,1,705.0,720.0,15.0,5,3,10860|10884|3129|58|68,103|107|10890|73|86,True,0.0,1.0,0.0,0.88
1405_008,1405,regular_season,2,720.0,847.0,127.0,5,3,10860|10884|12|58|68,107|10889|77|89|99,True,11.0,2.0,5.0,4.0
1405_009,1405,regular_season,2,847.0,895.0,48.0,5,3,10860|12|3129|58|68,107|10889|77|89|99,True,0.0,0.0,1.0,1.0
1405_010,1405,regular_season,2,895.0,922.0,27.0,5,3,10860|12|3129|58|68,10889|10890|77|89|99,True,2.0,0.0,2.88,2.0
1405_011,1405,regular_season,2,922.0,977.0,55.0,5,3,10860|12|3129|58|68,103|10889|10890|89|99,True,0.0,2.0,0.0,1.88
1405_012,1405,regular_season,2,977.0,1156.0,179.0,5,3,10860|12|3129|54|68,103|10889|10890|89|99,True,6.0,4.0,7.0,6.0
1405_013,1405,regular_season,2,1156.0,1208.0,52.0,5,3,16|3129|54|57|68,103|107|10890|73|89,True,2.0,0.0,1.0,1.0
1405_014,1405,regular_season,2,1208.0,1245.0,37.0,5,3,16|3129|54|57|68,103|107|10890|73|86,True,3.0,0.0,1.0,2.0
1405_015,1405,regular_season,2,1245.0,1328.0,83.0,5,3,16|3129|54|57|68,107|10890|73|77|86,True,0.0,3.0,2.0,1.88
1405_016,1405,regular_season,2,1328.0,1440.0,112.0,5,3,10860|16|54|57|58,107|10890|73|77|86,True,2.0,3.0,4.0,3.88
1405_017,1405,regular_season,3,1440.0,1587.0,147.0,5,3,16|3129|54|57|68,10889|10890|77|89|99,True,5.0,4.0,4.44,4.88
1405_018,1405,regular_season,3,1587.0,1702.0,115.0,5,3,16|3129|54|58|68,10889|10890|77|89|99,True,4.0,3.0,1.88,2.0
1405_019,1405,regular_season,3,1702.0,1779.0,77.0,5,3,16|3129|54|58|68,107|10890|73|77|89,True,2.0,0.0,3.0,3.0
1405_020,1405,regular_season,3,1779.0,1810.0,31.0,5,3,10860|12|16|3129|58,103|107|10890|73|89,True,0.0,0.0,2.0,1.0
1405_021,1405,regular_season,3,1810.0,1868.0,58.0,5,3,10860|12|16|3129|58,103|107|10890|73|86,True,3.0,2.0,2.0,2.88
1405_022,1405,regular_season,3,1868.0,1918.0,50.0,5,3,10860|12|16|3129|58,103|107|10889|73|86,True,0.0,0.0,2.0,1.0
1405_023,1405,regular_season,3,1918.0,2070.0,152.0,5,3,10860|12|3129|58|68,103|107|10889|73|86,True,3.0,3.0,4.44,4.88
1405_024,1405,regular_season,3,2070.0,2160.0,90.0,5,3,10860|12|54|58|68,107|10889|73|77|86,True,6.0,0.0,3.0,2.0
1405_025,1405,regular_season,4,2160.0,2230.0,70.0,5,3,10860|12|54|58|68,107|10890|77|89|99,True,0.0,2.0,2.0,1.0
1405_026,1405,regular_season,4,2230.0,2354.0,124.0,5,3,10860|54|58|62|68,107|10890|77|89|99,True,3.0,7.0,3.0,4.0
1405_027,1405,regular_season,4,2354.0,2429.0,75.0,5,3,16|54|57|62|68,107|10890|77|89|99,True,5.0,0.0,3.0,2.0
1405_028,1405,regular_season,4,2429.0,2513.0,84.0,5,3,16|54|57|62|68,10889|10890|77|89|99,True,4.0,6.0,1.88,3.44
1405_029,1405,regular_season,4,2513.0,2573.0,60.0,5,3,16|54|57|62|68,10889|10890|73|77|89,True,2.0,0.0,3.0,2.0
1405_030,1405,regular_season,4,2573.0,2635.0,62.0,5,3,16|54|57|62|68,107|10889|73|77|86,True,3.0,0.0,1.0,1.0
1405_031,1405,regular_season,4,2635.0,2727.0,92.0,5,3,16|54|57|62|68,103|107|10889|73|86,True,5.0,8.0,3.0,3.0
1405_032,1405,regular_season,4,2727.0,2798.0,71.0,5,3,16|54|57|62|68,103|107|10890|73|86,True,4.0,7.0,2.76,4.0
1405_033,1405,regular_season,4,2798.0,2880.0,82.0,5,3,16|54|57|62|68,103|107|10890|73|83,True,4.0,4.0,2.76,2.0
1408_001,1408,regular_season,1,0.0,360.0,360.0,6,5,10877|10881|40|44|8889,16|54|57|62|68,True,11.0,6.0,11.0,10.0
1408_002,1408,regular_season,1,360.0,418.0,58.0,6,5,10877|10881|40|44|8889,10860|54|57|58|68,True,0.0,0.0,1.0,3.0
1408_003,1408,regular_season,1,418.0,438.0,20.0,6,5,10877|10881|40|44|8889,10860|3129|54|58|68,True,0.0,3.0,1.0,1.44
1408_004,1408,regular_season,1,438.0,505.0,67.0,6,5,10877|10880|39|40|8889,10860|3129|54|58|68,True,0.0,5.0,2.0,2.0
1408_005,1408,regular_season,1,505.0,566.0,61.0,6,5,10877|10880|39|40|8889,10860|12|3129|58|68,True,4.0,0.0,2.0,2.0
1408_006,1408,regular_season,1,566.0,608.0,42.0,6,5,10877|10879|10880|39|8889,10860|12|16|3129|58,True,0.0,0.0,1.0,1.0
1408_007,1408,regular_season,1,608.0,626.0,18.0,6,5,10879|10880|113|39|8889,10860|12|16|3129|58,True,0.0,0.0,1.0,1.0
1408_008,1408,regular_season,1,626.0,720.0,94.0,6,5,10879|10880|113|39|44,10860|12|16|3129|58,True,0.0,2.0,3.0,2.0
1408_009,1408,regular_season,2,720.0,868.0,148.0,6,5,10879|10880|10881|113|39,10860|12|16|3129|58,True,4.0,4.0,4.88,5.0
1408_010,1408,regular_season,2,868.0,926.0,58.0,6,5,10879|10880|10881|113|39,10860|12|16|54|58,True,2.0,0.0,1.0,1.0
1408_011,1408,regular_season,2,926.0,960.0,34.0,6,5,10879|10880|10881|113|39,12|16|54|58|68,True,0.0,2.0,1.0,1.0
1408_012,1408,regular_season,2,960.0,1015.0,55.0,6,5,10877|10880|10881|113|40,12|16|54|62|68,True,2.0,2.0,2.0,2.0
1408_013,1408,regular_season,2,1015.0,1081.0,66.0,6,5,10877|10881|113|40|8889,12|16|54|62|68,True,2.0,0.0,1.88,2.0
1408_014,1408,regular_season,2,1081.0,1117.0,36.0,6,5,10877|10881|40|44|8889,16|54|57|62|68,True,0.0,2.0,0.0,0.88
1408_015,1408,regular_season,2,1117.0,1160.0,43.0,6,5,10877|10880|40|43|8889,10860|54|57|62|68,True,2.0,2.0,2.0,1.88
1408_016,1408,regular_season,2,1160.0,1288.0,128.0,6,5,10877|10880|40|43|8889,10860|54|58|62|68,True,7.0,4.0,5.0,5.0
1408_017,1408,regular_season,2,1288.0,1402.0,114.0,6,5,10877|10880|40|43|8889,10860|3129|54|58|68,True,6.0,6.0,3.88,4.0
1408_018,1408,regular_season,2,1402.0,1439.0,37.0,6,5,10877|10880|40|43|8889,10860|12|16|3129|57,True,0.0,0.0,1.0,1.0
1408_019,1408,regular_season,2,1439.0,1440.0,1.0,6,5,10877|10880|44|47|8889,10860|3129|54|57|68,True,0.0,3.0,1.0,1.0
1408_020,1408,regular_season,3,1440.0,1553.0,113.0,6,5,10877|10881|40|44|8889,16|54|57|62|68,True,2.0,2.0,2.88,2.88
1408_021,1408,regular_season,3,1553.0,1622.0,69.0,6,5,10877|10881|40|44|8889,16|54|57|58|68,True,5.0,2.0,2.0,2.0
1408_022,1408,regular_season,3,1622.0,1806.0,184.0,6,5,10877|10881|40|44|8889,12|16|54|58|68,True,5.0,2.0,6.76,7.0
1408_023,1408,regular_season,3,1806.0,1831.0,25.0,6,5,10877|10880|10881|40|44,10860|12|3129|54|68,True,2.0,0.0,1.88,1.0
1408_024,1408,regular_season,3,1831.0,1986.0,155.0,6,5,10877|10880|10881|43|44,10860|12|3129|54|68,True,5.0,10.0,4.0,5.0
1408_025,1408,regular_season,3,1986.0,2111.0,125.0,6,5,10877|10880|113|43|8889,10860|12|3129|54|68,True,1.0,5.0,3.88,3.0
1408_026,1408,regular_season,3,2111.0,2155.0,44.0,6,5,10880|113|40|43|8889,10860|12|16|3129|58,True,0.0,0.0,2.0,2.0
1408_027,1408,regular_season,3,2155.0,2160.0,5.0,6,5,10877|10880|40|43|8889,10860|12|16|3129|58,True,0.0,0.0,0.0,1.0
1408_028,1408,regular_season,4,2160.0,2293.0,133.0,6,5,10877|10880|40|43|8889,10860|12|16|3129|58,True,4.0,0.0,4.0,5.0
1408_029,1408,regular_season,4,2293.0,2359.0,66.0,6,5,10877|10880|40|43|8889,10860|16|54|57|58,True,6.0,2.0,2.44,1.0
1408_030,1408,regular_season,4,2359.0,2457.0,98.0,6,5,10877|10880|40|43|8889,10860|54|57|62|68,True,7.0,0.0,3.44,3.0
1408_031,1408,regular_season,4,2457.0,2525.0,68.0,6,5,10877|10880|40|43|8889,10860|54|57|58|68,True,0.0,0.0,2.0,2.0
1408_032,1408,regular_season,4,2525.0,2551.0,26.0,6,5,10877|10880|40|43|8889,16|54|57|58|68,True,0.0,0.0,0.0,1.0
1408_033,1408,regular_season,4,2551.0,2812.0,261.0,6,5,10877|10880|40|43|8889,16|3129|54|58|68,True,6.0,11.0,9.76,6.88
1408_034,1408,regular_season,4,2812.0,2880.0,68.0,6,5,10877|10880|10881|43|44,16|3129|54|58|68,True,2.0,0.0,1.88,3.0
1411_001,1411,regular_season,1,0.0,291.0,291.0,7,5,13029|21|24|29|34,10860|54|57|62|68,True,11.0,8.0,7.88,8.44
1411_002,1411,regular_season,1,291.0,338.0,47.0,7,5,13029|21|24|29|34,10860|3129|54|57|68,True,3.0,2.0,2.0,2.0
1411_003,1411,regular_season,1,338.0,389.0,51.0,7,5,10872|13029|28|29|34,16|3129|54|57|68,True,2.0,0.0,2.0,1.0
1411_004,1411,regular_season,1,389.0,423.0,34.0,7,5,10872|13029|28|29|34,16|3129|54|58|68,True,0.0,0.0,1.0,1.0
1411_005,1411,regular_season,1,423.0,479.0,56.0,7,5,10872|10875|13029|25|28,16|3129|54|58|68,True,3.0,2.0,2.0,2.0
1411_006,1411,regular_season,1,479.0,559.0,80.0,7,5,10872|10875|25|28|34,16|3129|54|58|68,True,0.0,8.0,3.0,3.88
1411_007,1411,regular_season,1,559.0,583.0,24.0,7,5,10875|13029|21|24|29,16|3129|54|58|68,True,0.0,1.0,1.0,0.88
1411_008,1411,regular_season,1,583.0,617.0,34.0,7,5,10875|13029|21|24|29,10860|12|16|3129|58,True,0.0,0.0,1.0,0.0
1411_009,1411,regular_season,1,617.0,679.0,62.0,7,5,13029|21|24|29|34,10860|12|16|3129|58,True,5.0,4.0,2.0,2.88
1411_010,1411,regular_season,1,679.0,720.0,41.0,7,5,13029|21|24|29|34,10860|10884|12|16|58,True,2.0,3.0,2.0,1.0
1411_011,1411,regular_season,2,720.0,928.0,208.0,7,5,13029|21|24|29|34,10860|10884|12|16|58,True,9.0,9.0,6.88,6.0
1411_012,1411,regular_season,2,928.0,1070.0,142.0,7,5,10872|10875|28|29|34,10860|10884|12|16|58,True,11.0,5.0,6.32,6.0
1411_013,1411,regular_season,2,1070.0,1129.0,59.0,7,5,10872|10875|21|28|34,10860|3129|54|57|68,True,1.0,2.0,2.88,2.0
1411_014,1411,regular_season,2,1129.0,1233.0,104.0,7,5,10872|10875|13029|21|28,10860|3129|54|57|68,True,7.0,4.0,4.0,4.88
1411_015,1411,regular_season,2,1233.0,1440.0,207.0,7,5,10872|10875|13029|21|24,16|3129|54|57|68,True,9.0,6.0,6.0,6.0
1411_016,1411,regular_season,3,1440.0,1716.0,276.0,7,5,10875|21|28|29|34,16|3129|54|57|68,True,13.0,10.0,7.88,7.88
1411_017,1411,regular_season,3,1716.0,1762.0,46.0,7,5,10875|21|25|29|34,16|54|57|62|68,True,0.0,2.0,1.0,1.0
1411_018,1411,regular_season,3,1762.0,1777.0,15.0,7,5,10875|21|25|29|34,10860|54|58|62|68,True,2.0,0.0,0.88,1.0
1411_019,1411,regular_season,3,1777.0,1916.0,139.0,7,5,13029|24|25|29|34,10860|54|58|62|68,True,3.0,2.0,4.0,5.0
1411_020,1411,regular_season,3,1916.0,2022.0,106.0,7,5,10872|10875|13029|21|24,10860|12|58|62|68,True,7.0,3.0,3.88,3.0
1411_021,1411,regular_season,3,2022.0,2123.0,101.0,7,5,10872|10875|13029|21|24,10860|12|16|58|62,True,4.0,4.0,3.0,3.88
1411_022,1411,regular_season,3,2123.0,2160.0,37.0,7,5,10872|13029|21|28|34,10860|12|16|58|62,True,2.0,2.0,1.0,1.0
1411_023,1411,regular_season,4,2160.0,2316.0,156.0,7,5,10872|13029|21|24|34,10860|12|16|58|62,True,7.0,6.0,6.0,5.0
1411_024,1411,regular_season,4,2316.0,2333.0,17.0,7,5,10875|21|28|29|34,10860|16|54|58|62,True,0.0,0.0,0.0,1.0
1411_025,1411,regular_season,4,2333.0,2432.0,99.0,7,5,10875|21|28|29|34,16|54|58|62|68,True,3.0,8.0,3.0,3.0
1411_026,1411,regular_season,4,2432.0,2524.0,92.0,7,5,10872|10875|28|29|34,16|54|58|62|68,True,7.0,0.0,3.0,3.0
1411_027,1411,regular_season,4,2524.0,2570.0,46.0,7,5,10872|10875|28|29|34,16|54|57|58|68,True,0.0,0.0,2.0,2.0
1411_028,1411,regular_season,4,2570.0,2710.0,140.0,7,5,10875|13029|24|28|29,16|54|57|58|68,True,9.0,5.0,4.88,4.0
1411_029,1411,regular_season,4,2710.0,2725.0,15.0,7,5,10872|10873|10875|19|23,12|55|57|64|68,True,0.0,0.0,0.0,0.0
1411_030,1411,regular_season,4,2725.0,2727.0,2.0,7,5,10871|10872|10873|19|23,12|55|57|64|68,True,0.0,3.0,0.0,1.44
1411_031,1411,regular_season,4,2727.0,2880.0,153.0,7,5,10871|10872|10873|19|23,12|3129|55|57|64,True,5.0,4.0,5.0,3.76
1415_001,1415,regular_season,1,0.0,242.0,242.0,4,5,10885|10887|10888|75|76,10861|16|54|57|58,True,4.0,9.0,10.32,10.76
1415_002,1415,regular_season,1,242.0,310.0,68.0,4,5,10887|10888|75|76|90,10861|16|54|57|58,True,0.0,2.0,3.0,2.0
1415_003,1415,regular_season,1,310.0,349.0,39.0,4,5,10862|10887|75|76|90,10861|16|54|57|58,True,2.0,3.0,1.0,1.0
1415_004,1415,regular_season,1,349.0,370.0,21.0,4,5,10862|10887|75|88|90,10860|10861|54|57|58,True,0.0,0.0,0.0,1.0
1415_005,1415,regular_season,1,370.0,507.0,137.0,4,5,10862|10887|75|88|90,10860|10861|12|54|58,True,5.0,6.0,4.0,5.32
1415_006,1415,regular_season,1,507.0,620.0,113.0,4,5,10862|10888|76|88|90,10860|10861|12|3129|62,True,4.0,2.0,3.88,3.0
1415_007,1415,regular_season,1,620.0,664.0,44.0,4,5,10862|10888|76|87|88,10860|12|16|3129|62,True,0.0,0.0,1.88,2.0
1415_008,1415,regular_season,1,664.0,720.0,56.0,4,5,10862|10888|76|78|87,10860|12|16|3129|62,True,0.0,2.0,1.0,2.0
1415_009,1415,regular_season,2,720.0,784.0,64.0,4,5,10862|10888|76|78|87,10860|12|16|3129|62,True,0.0,2.0,2.0,1.88
1415_010,1415,regular_season,2,784.0,823.0,39.0,4,5,10862|10885|10888|76|87,10860|10861|12|3129|62,True,0.0,2.0,1.0,1.0
1415_011,1415,regular_season,2,823.0,863.0,40.0,4,5,10885|10887|10888|76|87,10860|10861|12|3129|58,True,3.0,2.0,2.44,1.0
1415_012,1415,regular_season,2,863.0,893.0,30.0,4,5,10885|10887|10888|76|87,10860|10861|12|57|58,True,4.0,0.0,0.88,2.0
1415_013,1415,regular_season,2,893.0,1116.0,223.0,4,5,10885|10887|10888|76|87,10860|10861|54|57|58,True,11.0,7.0,8.0,7.44
1415_014,1415,regular_season,2,1116.0,1154.0,38.0,4,5,10885|10887|10888|75|76,10860|10861|54|57|58,True,0.0,4.0,1.0,1.88
1415_015,1415,regular_season,2,1154.0,1321.0,167.0,4,5,10862|10885|10888|75|88,10860|54|57|58|62,True,6.0,2.0,4.76,4.0
1415_016,1415,regular_season,2,1321.0,1376.0,55.0,4,5,10862|10885|10887|75|88,10861|12|54|58|62,True,5.0,1.0,2.0,1.88
1415_017,1415,regular_season,2,1376.0,1377.0,1.0,4,5,10862|10885|10887|75|88,10860|10861|12|57|58,True,2.0,0.0,0.88,0.0
1415_018,1415,regular_season,2,1377.0,1440.0,63.0,4,5,10862|10885|10887|75|88,10860|10861|54|57|58,True,2.0,0.0,2.0,2.0
1415_019,1415,regular_season,3,1440.0,1690.0,250.0,4,5,10885|10887|10888|75|76,10861|16|54|57|58,True,8.0,10.0,7.0,7.88
1415_020,1415,regular_season,3,1690.0,1725.0,35.0,4,5,10885|10887|10888|75|76,10861|12|16|3129|54,True,2.0,1.0,1.0,0.88
1415_021,1415,regular_season,3,1725.0,1746.0,21.0,4,5,10862|10885|10887|75|76,10861|12|16|3129|54,True,0.0,0.0,1.0,1.0
1415_022,1415,regular_season,3,1746.0,1885.0,139.0,4,5,10862|10885|10887|75|76,10860|12|16|3129|54,True,6.0,2.0,5.0,4.0
1415_023,1415,regular_season,3,1885.0,2022.0,137.0,4,5,10862|10885|10887|75|88,10860|12|16|3129|57,True,5.0,5.0,2.88,2.88
1415_024,1415,regular_season,3,2022.0,2078.0,56.0,4,5,10862|10887|75|76|88,10860|12|16|3129|57,True,2.0,0.0,1.0,2.0
1415_025,1415,regular_season,3,2078.0,2160.0,82.0,4,5,10862|10887|75|76|88,10860|16|3129|54|57,True,0.0,2.0,3.0,2.0
1415_026,1415,regular_season,4,2160.0,2191.0,31.0,4,5,10862|10888|75|76|88,10860|16|3129|54|57,True,0.0,0.0,0.44,1.0
1415_027,1415,regular_season,4,2191.0,2234.0,43.0,4,5,10862|10888|75|76|88,10860|16|54|57|58,True,2.0,2.0,2.0,1.0
1415_028,1415,regular_season,4,2234.0,2461.0,227.0,4,5,10862|10887|75|76|88,10860|16|54|57|58,True,15.0,9.0,9.0,8.76
1415_029,1415,regular_season,4,2461.0,2486.0,25.0,4,5,10862|10885|10887|75|88,10860|16|54|57|58,True,0.0,0.0,0.0,1.0
1415_030,1415,regular_season,4,2486.0,2555.0,69.0,4,5,10862|10885|10887|75|88,10861|16|54|57|58,True,3.0,0.0,3.0,1.88
1415_031,1415,regular_season,4,2555.0,2617.0,62.0,4,5,10862|10885|10887|75|88,10860|10861|54|57|58,True,0.0,3.0,1.0,2.0
1415_032,1415,regular_season,4,2617.0,2696.0,79.0,4,5,10862|10887|75|76|88,10860|10861|54|57|58,True,5.0,0.0,3.0,2.0
1415_033,1415,regular_season,4,2696.0,2801.0,105.0,4,5,10862|10887|75|76|88,10860|16|54|57|58,True,2.0,2.0,3.88,5.0
1415_034,1415,regular_season,4,2801.0,2828.0,27.0,4,5,10862|75|76|84|88,10860|16|54|55|57,True,0.0,2.0,1.0,1.0
1415_035,1415,regular_season,4,2828.0,2880.0,52.0,4,5,10862|76|80|84|88,10860|16|54|55|57,True,0.0,0.0,1.0,1.0
1421_001,1421,regular_season,1,0.0,142.0,142.0,2,5,110|121|12908|13275|51,16|3129|54|57|68,True,4.0,8.0,4.44,4.44
1421_002,1421,regular_season,1,142.0,159.0,17.0,2,5,110|121|12908|45|51,16|3129|54|57|68,True,2.0,0.0,1.44,0.0
1421_003,1421,regular_season,1,159.0,218.0,59.0,2,5,110|121|12908|45|51,16|54|57|62|68,True,2.0,3.0,1.0,2.0
1421_004,1421,regular_season,1,218.0,268.0,50.0,2,5,109|110|12908|45|51,16|54|57|62|68,True,0.0,2.0,2.0,2.0
1421_005,1421,regular_season,1,268.0,372.0,104.0,2,5,109|110|12908|13399|45,16|54|57|62|68,True,5.0,6.0,4.76,4.0
1421_006,1421,regular_season,1,372.0,436.0,64.0,2,5,109|110|12908|13399|45,10861|54|57|62|68,True,3.0,0.0,1.0,2.0
1421_007,1421,regular_season,1,436.0,459.0,23.0,2,5,109|123|12908|13399|45,10861|54|57|62|68,True,0.0,0.0,1.0,1.0
1421_008,1421,regular_season,1,459.0,497.0,38.0,2,5,109|123|12908|13399|45,10861|54|55|62|68,True,2.0,3.0,1.88,1.0
1421_009,1421,regular_season,1,497.0,571.0,74.0,2,5,109|116|13399|45|51,10861|54|55|62|68,True,7.0,6.0,1.88,2.0
1421_010,1421,regular_season,1,571.0,601.0,30.0,2,5,109|116|13399|45|51,10861|12|16|55|62,True,0.0,5.0,1.0,2.44
1421_011,1421,regular_season,1,601.0,667.0,66.0,2,5,109|116|122|13399|51,10861|12|16|55|62,True,8.0,0.0,3.0,2.0
1421_012,1421,regular_season,1,667.0,680.0,13.0,2,5,109|116|119|122|12908,10861|12|16|55|62,True,0.0,0.0,0.0,0.0
1421_013,1421,regular_season,1,680.0,710.0,30.0,2,5,116|119|122|12908|51,10861|12|16|55|62,True,0.0,2.0,1.0,1.0
1421_014,1421,regular_season,1,710.0,720.0,10.0,2,5,116|119|122|12908|51,10861|10884|12|16|55,True,0.0,0.0,0.0,1.0
1421_015,1421,regular_season,2,720.0,772.0,52.0,2,5,110|122|12908|45|51,10861|10884|12|16|55,True,4.0,0.0,2.44,2.0
1421_016,1421,regular_season,2,772.0,835.0,63.0,2,5,110|122|12908|45|51,10861|10884|12|16|3129,True,2.0,2.0,3.0,3.0
1421_017,1421,regular_season,2,835.0,937.0,102.0,2,5,110|12908|13275|45|51,10861|10884|12|16|3129,True,2.0,2.0,2.0,3.0
1421_018,1421,regular_season,2,937.0,1009.0,72.0,2,5,109|110|12908|13275|13399,12|16|3129|54|68,True,0.0,5.0,3.0,1.88
1421_019,1421,regular_season,2,1009.0,1075.0,66.0,2,5,109|116|12908|13275|13399,12|16|3129|54|68,True,4.0,2.0,2.0,3.0
1421_020,1421,regular_season,2,1075.0,1102.0,27.0,2,5,109|116|12908|13275|13399,10861|12|3129|54|68,True,0.0,0.0,1.0,0.88
1421_021,1421,regular_season,2,1102.0,1137.0,35.0,2,5,109|116|12908|13275|13399,10861|12|54|62|68,True,0.0,0.0,1.0,0.0
1421_022,1421,regular_season,2,1137.0,1214.0,77.0,2,5,109|116|13275|13399|51,10861|12|54|62|68,True,6.0,0.0,3.44,3.0
1421_023,1421,regular_season,2,1214.0,1285.0,71.0,2,5,109|116|13399|45|51,10861|54|57|62|68,True,2.0,4.0,2.0,2.88
1421_024,1421,regular_season,2,1285.0,1330.0,45.0,2,5,109|116|13399|45|51,10861|12|54|57|68,True,0.0,3.0,2.0,2.0
1421_025,1421,regular_season,2,1330.0,1440.0,110.0,2,5,109|116|12908|13399|45,10861|12|54|57|68,True,5.0,4.0,3.0,3.0
1421_026,1421,regular_season,3,1440.0,1634.0,194.0,2,5,110|121|12908|45|51,16|3129|54|57|68,True,3.0,9.0,6.0,4.0
1421_027,1421,regular_season,3,1634.0,1761.0,127.0,2,5,116|121|12908|13399|45,16|3129|54|57|68,True,7.0,5.0,2.88,3.88
1421_028,1421,regular_season,3,1761.0,1905.0,144.0,2,5,109|116|12908|13275|13399,16|54|57|62|68,True,2.0,3.0,5.0,4.0
1421_029,1421,regular_season,3,1905.0,1946.0,41.0,2,5,109|116|13275|13399|51,10861|54|57|62|68,True,2.0,2.0,0.88,1.0
1421_030,1421,regular_season,3,1946.0,1992.0,46.0,2,5,109|116|122|13399|51,10861|54|57|62|68,True,3.0,2.0,1.0,2.0
1421_031,1421,regular_season,3,1992.0,2069.0,77.0,2,5,109|121|122|13399|51,10861|12|57|62|68,True,5.0,4.0,3.0,3.0
1421_032,1421,regular_season,3,2069.0,2098.0,29.0,2,5,109|121|122|13399|51,10861|12|16|3129|57,True,0.0,0.0,1.0,1.0
1421_033,1421,regular_season,3,2098.0,2151.0,53.0,2,5,109|121|122|123|51,10861|12|16|3129|57,True,0.0,1.0,2.0,0.88
1421_034,1421,regular_season,3,2151.0,2160.0,9.0,2,5,111|119|121|123|51,10861|54|57|62|68,True,0.0,0.0,0.88,1.0
1421_035,1421,regular_season,4,2160.0,2249.0,89.0,2,5,110|121|12908|45|51,10861|12|16|54|57,True,3.0,6.0,2.0,3.0
1421_036,1421,regular_season,4,2249.0,2312.0,63.0,2,5,110|121|12908|45|51,10861|12|16|54|62,True,0.0,3.0,2.0,1.0
1421_037,1421,regular_season,4,2312.0,2329.0,17.0,2,5,109|116|12908|45|51,10861|12|16|54|62,True,0.0,0.0,0.0,0.0
1421_038,1421,regular_season,4,2329.0,2338.0,9.0,2,5,109|12908|13399|45|51,10861|12|16|54|62,True,0.0,3.0,0.0,1.0
1421_039,1421,regular_season,4,2338.0,2386.0,48.0,2,5,109|116|12908|13399|45,10861|12|16|54|62,True,2.0,0.0,2.0,1.0
1421_040,1421,regular_season,4,2386.0,2444.0,58.0,2,5,109|116|12908|13399|45,10861|16|54|57|62,True,2.0,2.0,2.0,2.0
1421_041,1421,regular_season,4,2444.0,2515.0,71.0,2,5,109|116|12908|13399|45,16|54|57|62|68,True,0.0,0.0,2.0,2.0
1421_042,1421,regular_season,4,2515.0,2585.0,70.0,2,5,109|110|12908|13399|45,12|16|54|57|68,True,2.0,0.0,2.0,2.0
1421_043,1421,regular_season,4,2585.0,2849.0,264.0,2,5,109|110|12908|13399|45,10861|54|57|62|68,True,9.0,10.0,9.88,11.2
1421_044,1421,regular_season,4,2849.0,2867.0,18.0,2,5,109|110|122|12908|13399,10861|54|57|62|68,True,2.0,1.0,2.0,1.88
1421_045,1421,regular_season,4,2867.0,2880.0,13.0,2,5,109|110|122|12908|13399,10861|12|54|57|68,True,2.0,0.0,1.0,0.0
1426_001,1426,regular_season,1,0.0,226.0,226.0,5,7,10861|54|57|62|68,13029|21|24|29|34,True,15.0,6.0,7.44,8.0
1426_002,1426,regular_season,1,226.0,353.0,127.0,5,7,10861|54|57|62|68,10872|13029|21|24|34,True,4.0,4.0,5.0,4.0
1426_003,1426,regular_season,1,353.0,425.0,72.0,5,7,10861|54|57|62|68,10872|10874|10875|21|34,True,5.0,2.0,2.44,3.0
1426_004,1426,regular_season,1,425.0,532.0,107.0,5,7,10860|12|54|58|68,10872|10874|10875|21|34,True,0.0,5.0,3.0,3.0
1426_005,1426,regular_season,1,532.0,630.0,98.0,5,7,10860|10861|10884|12|58,10874|10875|13029|24|29,True,5.0,5.0,2.88,2.0
1426_006,1426,regular_season,1,630.0,710.0,80.0,5,7,10860|10861|10884|12|58,10874|10875|13029|23|29,True,2.0,2.0,3.0,3.0
1426_007,1426,regular_season,1,710.0,716.0,6.0,5,7,10860|10861|10884|12|58,10874|10875|21|29|34,True,0.0,0.0,0.0,0.0
1426_008,1426,regular_season,1,716.0,720.0,4.0,5,7,10860|10861|10884|12|58,10874|13029|21|29|34,True,0.0,0.0,0.0,1.0
1426_009,1426,regular_season,2,720.0,889.0,169.0,5,7,10860|10861|10884|12|58,10872|13029|24|29|34,True,9.0,10.0,5.0,5.44
1426_010,1426,regular_season,2,889.0,955.0,66.0,5,7,10860|12|58|62|68,10872|10874|13029|29|34,True,0.0,2.0,2.0,3.0
1426_011,1426,regular_season,2,955.0,1094.0,139.0,5,7,10860|54|57|62|68,10872|10874|13029|29|34,True,2.0,8.0,4.0,3.88
1426_012,1426,regular_season,2,1094.0,1108.0,14.0,5,7,10861|54|57|62|68,10872|10875|13029|21|29,True,1.0,0.0,0.88,0.0
1426_013,1426,regular_season,2,1108.0,1164.0,56.0,5,7,10861|12|54|57|68,10872|10875|13029|21|29,True,2.0,0.0,1.0,2.0
1426_014,1426,regular_season,2,1164.0,1210.0,46.0,5,7,10861|12|54|57|68,10875|21|22|29|34,True,3.0,0.0,2.0,2.0
1426_015,1426,regular_season,2,1210.0,1304.0,94.0,5,7,10861|12|54|57|68,10872|10875|21|22|34,True,4.0,2.0,5.0,4.0
1426_016,1426,regular_season,2,1304.0,1339.0,35.0,5,7,10860|12|54|57|68,13029|21|22|23|34,True,2.0,0.0,1.0,1.0
1426_017,1426,regular_season,2,1339.0,1369.0,30.0,5,7,10860|12|54|57|68,13029|22|23|29|34,True,2.0,0.0,1.0,2.0
1426_018,1426,regular_season,2,1369.0,1440.0,71.0,5,7,10860|12|54|57|68,10874|13029|22|29|34,True,2.0,3.0,2.0,2.44
1426_019,1426,regular_season,3,1440.0,1497.0,57.0,5,7,10861|54|57|62|68,10874|13029|21|29|34,True,4.0,3.0,1.88,1.0
1426_020,1426,regular_season,3,1497.0,1587.0,90.0,5,7,10861|54|57|62|68,10872|10874|13029|29|34,True,2.0,0.0,2.0,3.0
1426_021,1426,regular_season,3,1587.0,1793.0,206.0,5,7,10861|54|57|62|68,10872|10875|13029|24|29,True,10.0,5.0,6.88,5.88
1426_022,1426,regular_season,3,1793.0,1882.0,89.0,5,7,10861|54|57|62|68,10872|10874|10875|13029|23,True,5.0,3.0,2.0,3.0
1426_023,1426,regular_season,3,1882.0,1892.0,10.0,5,7,10860|12|58|62|68,10872|10874|10875|13029|24,True,1.0,0.0,0.88,0.0
1426_024,1426,regular_season,3,1892.0,1954.0,62.0,5,7,10860|12|58|62|68,10874|10875|21|24|29,True,2.0,4.0,2.3200000000000003,2.0
1426_025,1426,regular_season,3,1954.0,1996.0,42.0,5,7,10860|10861|10884|12|58,10875|21|24|28|29,True,0.0,2.0,1.0,2.0
1426_026,1426,regular_season,3,1996.0,2048.0,52.0,5,7,10860|10861|10884|12|58,10875|22|24|28|29,True,3.0,0.0,2.76,2.0
1426_027,1426,regular_season,3,2048.0,2089.0,41.0,5,7,10860|10861|10884|12|58,10875|22|23|28|29,True,0.0,0.0,2.0,1.88
1426_028,1426,regular_season,3,2089.0,2160.0,71.0,5,7,10860|10861|12|55|58,10875|22|24|28|29,True,0.0,0.0,2.88,2.0
1426_029,1426,regular_season,4,2160.0,2244.0,84.0,5,7,10860|10861|12|55|58,10875|13029|21|24|29,True,4.0,2.0,3.0,3.0
1426_030,1426,regular_season,4,2244.0,2289.0,45.0,5,7,10860|12|55|58|68,10875|13029|21|24|29,True,0.0,4.0,1.0,1.88
1426_031,1426,regular_season,4,2289.0,2318.0,29.0,5,7,10860|12|57|58|68,10875|13029|21|24|29,True,0.0,2.0,1.0,0.88
1426_032,1426,regular_season,4,2318.0,2432.0,114.0,5,7,10860|12|57|58|68,10872|10875|13029|21|24,True,8.0,2.0,4.0,3.0
1426_033,1426,regular_season,4,2432.0,2480.0,48.0,5,7,10860|12|54|57|68,10872|10874|10875|13029|21,True,2.0,0.0,1.0,1.0
1426_034,1426,regular_season,4,2480.0,2585.0,105.0,5,7,10860|12|54|57|68,10873|10874|10875|13029|21,True,5.0,2.0,3.88,3.88
1426_035,1426,regular_season,4,2585.0,2617.0,32.0,5,7,10861|12|54|57|68,10873|10875|13029|21|22,True,2.0,1.0,1.0,1.88
1426_036,1426,regular_season,4,2617.0,2649.0,32.0,5,7,10861|12|54|57|68,10873|10875|13029|22|29,True,2.0,3.0,0.88,1.32
1426_037,1426,regular_season,4,2649.0,2693.0,44.0,5,7,10860|12|54|57|68,10871|10872|10873|19|23,True,2.0,2.0,1.0,1.76
1426_038,1426,regular_season,4,2693.0,2701.0,8.0,5,7,12|54|55|57|64,10871|10872|10873|19|23,True,0.0,0.0,0.0,0.0
1426_039,1426,regular_season,4,2701.0,2880.0,179.0,5,7,10884|12|55|57|64,10871|10872|10873|19|23,True,0.0,3.0,9.0,7.76
1430_001,1430,regular_season,1,0.0,339.0,339.0,8,5,1|10|10869|13400|14,10861|54|57|62|68,True,21.0,11.0,10.88,11.44
1430_002,1430,regular_season,1,339.0,367.0,28.0,8,5,1|10|10869|13400|14,10860|54|57|58|68,True,0.0,0.0,0.0,1.0
1430_003,1430,regular_season,1,367.0,440.0,73.0,8,5,1|10|10869|13400|14,10860|12|57|58|68,True,3.0,6.0,2.0,2.0
1430_004,1430,regular_season,1,440.0,480.0,40.0,8,5,1|10|10865|10869|13400,10860|12|57|58|68,True,2.0,2.0,1.0,0.88
1430_005,1430,regular_season,1,480.0,571.0,91.0,8,5,1|10|10865|10869|5,10860|12|57|58|68,True,5.0,0.0,3.0,3.0
1430_006,1430,regular_season,1,571.0,686.0,115.0,8,5,10|10865|10869|14|5,10860|10861|10884|12|58,True,7.0,2.0,4.0,4.0
1430_007,1430,regular_season,1,686.0,720.0,34.0,8,5,10865|11|13400|14|5,10860|10861|10884|12|58,True,2.0,2.0,1.0,1.0
1430_008,1430,regular_season,2,720.0,759.0,39.0,8,5,10865|11|13400|14|5,10860|10861|12|54|58,True,0.0,4.0,1.0,1.88
1430_009,1430,regular_season,2,759.0,807.0,48.0,8,5,1|10869|13400|14|5,10860|12|54|58|68,True,0.0,0.0,2.0,2.0
1430_010,1430,regular_season,2,807.0,859.0,52.0,8,5,1|10|10869|14|5,10860|12|54|58|68,True,6.0,3.0,2.44,1.0
1430_011,1430,regular_season,2,859.0,920.0,61.0,8,5,1|10|10869|14|4,10860|12|54|58|68,True,2.0,4.0,2.0,2.0
1430_012,1430,regular_season,2,920.0,951.0,31.0,8,5,1|10|10869|14|4,10860|54|57|58|68,True,0.0,3.0,1.0,1.44
1430_013,1430,regular_season,2,951.0,1013.0,62.0,8,5,1|10|10865|10869|14,10860|12|54|57|68,True,0.0,0.0,1.0,2.0
1430_014,1430,regular_season,2,1013.0,1114.0,101.0,8,5,1|10|10865|10869|14,10861|12|54|57|68,True,6.0,0.0,3.0,3.0
1430_015,1430,regular_season,2,1114.0,1140.0,26.0,8,5,1|10|10865|10869|14,10861|54|57|58|68,True,2.0,1.0,1.0,0.88
1430_016,1430,regular_season,2,1140.0,1259.0,119.0,8,5,1|10|10865|10869|5,10861|54|57|58|68,True,3.0,5.0,3.3200000000000003,3.0
1430_017,1430,regular_season,2,1259.0,1291.0,32.0,8,5,1|10|10865|13400|5,10861|54|57|58|68,True,0.0,2.0,1.0,0.88
1430_018,1430,regular_season,2,1291.0,1355.0,64.0,8,5,1|10865|10869|13400|5,10861|54|57|58|68,True,2.0,4.0,2.0,1.88
1430_019,1430,regular_season,2,1355.0,1403.0,48.0,8,5,1|10|10865|10869|13400,10860|54|57|58|68,True,2.0,4.0,1.0,2.0
1430_020,1430,regular_season,2,1403.0,1440.0,37.0,8,5,1|10|10869|5|7,10860|54|57|58|68,True,0.0,2.0,2.0,1.0
1430_021,1430,regular_season,3,1440.0,1619.0,179.0,8,5,1|10|10869|13400|14,10861|54|57|58|68,True,7.0,9.0,5.88,6.0
1430_022,1430,regular_season,3,1619.0,1809.0,190.0,8,5,1|10869|13400|14|5,10861|54|57|58|68,True,6.0,8.0,6.0,4.76
1430_023,1430,regular_season,3,1809.0,1971.0,162.0,8,5,1|10|10865|10869|5,10860|12|54|58|68,True,3.0,6.0,4.44,4.88
1430_024,1430,regular_season,3,1971.0,2001.0,30.0,8,5,1|10|10865|10869|5,10860|12|57|58|68,True,0.0,1.0,1.0,0.88
1430_025,1430,regular_season,3,2001.0,2039.0,38.0,8,5,1|10|10865|10869|14,10860|12|57|58|68,True,0.0,0.0,1.0,1.0
1430_026,1430,regular_season,3,2039.0,2044.0,5.0,8,5,10|10865|10869|13400|14,10860|12|57|58|68,True,1.0,0.0,0.88,0.0
1430_027,1430,regular_season,3,2044.0,2074.0,30.0,8,5,1|10865|10869|13400|14,10860|12|57|58|68,True,2.0,0.0,1.0,2.0
1430_028,1430,regular_season,3,2074.0,2133.0,59.0,8,5,1|10|10869|13400|14,10860|12|54|57|68,True,4.0,0.0,3.0,1.0
1430_029,1430,regular_season,3,2133.0,2157.0,24.0,8,5,10|10865|13400|14|5,10860|10861|12|54|57,True,0.0,0.0,-1.0,1.0
1430_030,1430,regular_season,3,2157.0,2160.0,3.0,8,5,1|10869|13400|14|5,10860|10861|12|54|57,True,0.0,0.0,1.0,1.0
1430_031,1430,regular_season,4,2160.0,2237.0,77.0,8,5,10865|10869|13400|14|5,10861|12|54|57|68,True,3.0,0.0,3.0,3.0
1430_032,1430,regular_season,4,2237.0,2299.0,62.0,8,5,10865|10869|13400|14|5,10861|54|57|62|68,True,2.0,2.0,1.0,2.0
1430_033,1430,regular_season,4,2299.0,2431.0,132.0,8,5,1|10865|10869|13400|5,10861|54|57|62|68,True,4.0,4.0,4.0,3.0
1430_034,1430,regular_season,4,2431.0,2463.0,32.0,8,5,1|10|10869|13400|5,10861|54|58|62|68,True,2.0,2.0,0.88,1.0
1430_035,1430,regular_season,4,2463.0,2520.0,57.0,8,5,1|10|10865|13400|5,10860|54|58|62|68,True,0.0,3.0,1.0,2.0
1430_036,1430,regular_season,4,2520.0,2696.0,176.0,8,5,1|10865|10869|13400|5,10860|54|58|62|68,True,5.0,10.0,5.88,6.44
1430_037,1430,regular_season,4,2696.0,2710.0,14.0,8,5,1|10|10869|14|5,10860|54|57|58|68,True,0.0,0.0,1.0,0.0
1430_038,1430,regular_season,4,2710.0,2805.0,95.0,8,5,10|10869|13400|14|5,10860|54|57|58|68,True,5.0,2.0,2.0,3.0
1430_039,1430,regular_season,4,2805.0,2849.0,44.0,8,5,1|10|10869|13400|5,10860|54|57|58|68,True,0.0,2.0,1.0,1.0
1430_040,1430,regular_season,4,2849.0,2866.0,17.0,8,5,10|10869|13400|14|5,10860|54|57|58|68,True,2.0,1.0,1.0,0.88
1430_041,1430,regular_season,4,2866.0,2868.0,2.0,8,5,1|10|10869|13400|14,10860|54|57|58|68,True,2.0,0.0,0.88,0.0
1430_042,1430,regular_season,4,2868.0,2880.0,12.0,8,5,10|10869|13400|14|5,10860|54|57|58|68,True,3.0,3.0,1.76,2.0
1433_001,1433,regular_season,1,0.0,100.0,100.0,3,5,103|106|13906|79|89,16|54|57|62|68,True,2.0,3.0,3.0,2.0
1433_002,1433,regular_season,1,100.0,347.0,247.0,3,5,103|106|13777|79|89,16|54|57|62|68,True,13.0,9.0,8.32,9.0
1433_003,1433,regular_season,1,347.0,401.0,54.0,3,5,103|106|13777|77|86,16|54|57|58|68,True,2.0,2.0,2.0,1.88
1433_004,1433,regular_season,1,401.0,413.0,12.0,3,5,13777|13906|77|86|99,16|54|57|58|68,True,2.0,0.0,0.88,0.0
1433_005,1433,regular_season,1,413.0,438.0,25.0,3,5,13777|13906|77|86|99,10860|54|57|58|68,True,1.0,2.0,0.88,0.88
1433_006,1433,regular_season,1,438.0,623.0,185.0,3,5,13777|13906|77|86|99,10860|12|54|58|68,True,7.0,4.0,5.88,6.0
1433_007,1433,regular_season,1,623.0,720.0,97.0,3,5,106|13906|77|86|99,10860|10884|12|16|58,True,0.0,0.0,3.0,4.0
1433_008,1433,regular_season,2,720.0,798.0,78.0,3,5,103|106|13906|79|89,10860|10884|12|16|58,True,2.0,3.0,2.0,2.0
1433_009,1433,regular_season,2,798.0,863.0,65.0,3,5,103|106|13906|79|89,10860|12|16|58|62,True,1.0,2.0,1.88,2.44
1433_010,1433,regular_season,2,863.0,916.0,53.0,3,5,103|106|13777|79|89,10860|12|16|58|62,True,3.0,1.0,1.0,1.88
1433_011,1433,regular_season,2,916.0,1025.0,109.0,3,5,103|106|13777|79|89,12|16|58|62|68,True,3.0,2.0,4.0,4.0
1433_012,1433,regular_season,2,1025.0,1163.0,138.0,3,5,13777|13906|77|79|89,16|54|58|62|68,True,7.0,3.0,5.44,5.44
1433_013,1433,regular_season,2,1163.0,1250.0,87.0,3,5,103|13777|13906|77|86,16|54|57|58|68,True,7.0,3.0,3.0,2.88
1433_014,1433,regular_season,2,1250.0,1349.0,99.0,3,5,103|106|13777|77|86,16|54|57|58|68,True,2.0,2.0,5.0,4.88
1433_015,1433,regular_season,2,1349.0,1440.0,91.0,3,5,103|106|13777|79|86,16|54|57|58|68,True,2.0,9.0,4.0,3.0
1433_016,1433,regular_season,3,1440.0,1730.0,290.0,3,5,103|106|13906|79|89,16|54|57|58|68,True,2.0,8.0,10.0,9.88
1433_017,1433,regular_season,3,1730.0,1794.0,64.0,3,5,13777|13906|77|79|89,16|54|57|58|68,True,7.0,3.0,2.88,2.0
1433_018,1433,regular_season,3,1794.0,2010.0,216.0,3,5,106|13777|77|86|89,16|54|57|58|68,True,6.0,12.0,7.0,7.0
1433_019,1433,regular_season,3,2010.0,2047.0,37.0,3,5,103|106|13906|79|86,10860|12|57|58|68,True,2.0,1.0,1.88,1.88
1433_020,1433,regular_season,3,2047.0,2092.0,45.0,3,5,103|13777|13906|79|86,10860|12|57|58|68,True,1.0,0.0,1.88,2.0
1433_021,1433,regular_season,3,2092.0,2160.0,68.0,3,5,103|13777|13906|79|86,10860|12|54|58|68,True,0.0,2.0,2.0,2.0
1433_022,1433,regular_season,4,2160.0,2300.0,140.0,3,5,103|13777|13906|79|89,10860|12|16|54|57,True,4.0,10.0,3.88,4.0
1433_023,1433,regular_season,4,2300.0,2310.0,10.0,3,5,103|106|13777|77|89,10860|12|16|54|57,True,0.0,0.0,0.0,0.0
1433_024,1433,regular_season,4,2310.0,2391.0,81.0,3,5,103|106|13777|77|89,10860|12|54|57|68,True,0.0,5.0,2.0,2.0
1433_025,1433,regular_season,4,2391.0,2409.0,18.0,3,5,103|106|13906|77|89,10860|12|54|57|68,True,2.0,0.0,0.88,0.0
1433_026,1433,regular_season,4,2409.0,2503.0,94.0,3,5,103|106|13906|77|89,10860|12|54|58|68,True,2.0,2.0,3.0,3.88
1433_027,1433,regular_season,4,2503.0,2570.0,67.0,3,5,103|106|13906|77|89,16|54|57|58|68,True,3.0,0.0,2.0,2.0
1433_028,1433,regular_season,4,2570.0,2806.0,236.0,3,5,106|13906|77|86|89,16|54|57|58|68,True,6.0,6.0,9.32,9.0
1433_029,1433,regular_season,4,2806.0,2880.0,74.0,3,5,103|106|13906|79|89,16|54|57|58|68,True,2.0,4.0,3.0,2.88
1440_001,1440,regular_season,1,0.0,117.0,117.0,5,4,16|3129|54|57|68,10885|10887|10888|75|76,True,0.0,3.0,3.0,4.0
1440_002,1440,regular_season,1,117.0,311.0,194.0,5,4,16|3129|54|57|68,10862|10885|10887|75|76,True,7.0,4.0,6.88,6.0
1440_003,1440,regular_season,1,311.0,406.0,95.0,5,4,16|3129|54|57|68,10862|10887|75|76|87,True,2.0,5.0,3.0,3.0
1440_004,1440,regular_season,1,406.0,527.0,121.0,5,4,10861|54|57|58|68,10862|10887|75|76|87,True,7.0,2.0,4.0,4.0
1440_005,1440,regular_season,1,527.0,611.0,84.0,5,4,10861|12|58|62|68,10862|10888|75|87|88,True,6.0,5.0,2.44,3.0
1440_006,1440,regular_season,1,611.0,720.0,109.0,5,4,10861|12|16|58|62,10862|10888|75|87|88,True,2.0,5.0,3.0,3.0
1440_007,1440,regular_season,2,720.0,791.0,71.0,5,4,10861|12|16|58|62,10862|10888|75|87|88,True,1.0,2.0,1.88,1.88
1440_008,1440,regular_season,2,791.0,859.0,68.0,5,4,10861|12|16|58|62,10862|10888|75|88|90,True,3.0,3.0,3.0,2.0
1440_009,1440,regular_season,2,859.0,922.0,63.0,5,4,10861|12|16|57|58,10862|10888|75|88|90,True,2.0,0.0,2.0,2.0
1440_010,1440,regular_season,2,922.0,963.0,41.0,5,4,10861|12|16|57|58,10862|10888|80|88|90,True,0.0,0.0,2.0,2.0
1440_011,1440,regular_season,2,963.0,1026.0,63.0,5,4,12|16|57|58|68,10887|10888|80|88|90,True,2.0,2.0,2.0,2.88
1440_012,1440,regular_season,2,1026.0,1054.0,28.0,5,4,12|16|57|58|68,10885|10887|10888|80|90,True,0.0,4.0,2.0,1.88
1440_013,1440,regular_season,2,1054.0,1102.0,48.0,5,4,16|54|57|58|68,10885|10887|10888|80|90,True,5.0,2.0,2.44,1.0
1440_014,1440,regular_season,2,1102.0,1208.0,106.0,5,4,10861|54|57|58|68,10885|10887|10888|80|90,True,0.0,6.0,4.0,5.32
1440_015,1440,regular_season,2,1208.0,1223.0,15.0,5,4,10861|54|57|62|68,10885|10887|10888|80|90,True,0.0,0.0,1.0,0.0
1440_016,1440,regular_season,2,1223.0,1247.0,24.0,5,4,10861|54|57|62|68,10885|10887|10888|76|90,True,3.0,0.0,1.44,1.0
1440_017,1440,regular_season,2,1247.0,1308.0,61.0,5,4,10861|54|57|62|68,10862|10885|10887|76|90,True,4.0,0.0,2.0,3.0
1440_018,1440,regular_season,2,1308.0,1369.0,61.0,5,4,10861|54|57|62|68,10862|10885|10887|75|76,True,3.0,2.0,2.0,1.88
1440_019,1440,regular_season,2,1369.0,1440.0,71.0,5,4,10861|3129|54|57|68,10862|10885|10887|75|76,True,2.0,0.0,2.0,1.0
1440_020,1440,regular_season,3,1440.0,1615.0,175.0,5,4,16|3129|54|57|68,10885|10887|10888|75|76,True,2.0,7.0,4.0,5.0
1440_021,1440,regular_season,3,1615.0,1762.0,147.0,5,4,16|54|57|62|68,10885|10887|10888|75|76,True,6.0,4.0,4.32,4.0
1440_022,1440,regular_season,3,1762.0,1854.0,92.0,5,4,10861|16|54|57|62,10862|10885|10887|75|76,True,4.0,2.0,3.0,3.0
1440_023,1440,regular_season,3,1854.0,2006.0,152.0,5,4,10861|16|54|58|62,10862|10885|10887|75|76,True,2.0,8.0,4.0,3.88
1440_024,1440,regular_season,3,2006.0,2059.0,53.0,5,4,10861|12|57|58|68,10862|10885|10887|75|88,True,2.0,1.0,2.88,2.88
1440_025,1440,regular_season,3,2059.0,2101.0,42.0,5,4,10861|12|57|58|68,10862|10887|75|88|90,True,1.0,0.0,1.88,1.0
1440_026,1440,regular_season,3,2101.0,2160.0,59.0,5,4,10861|12|57|58|68,10862|10888|75|88|90,True,1.0,0.0,1.88,2.0
1440_027,1440,regular_season,4,2160.0,2352.0,192.0,5,4,10861|12|57|58|68,10862|10888|75|88|90,True,6.0,6.0,6.0,6.0
1440_028,1440,regular_season,4,2352.0,2380.0,28.0,5,4,10861|12|57|58|68,10885|10887|10888|88|90,True,5.0,0.0,2.44,1.0
1440_029,1440,regular_season,4,2380.0,2426.0,46.0,5,4,10861|12|57|58|68,10885|10887|10888|76|90,True,0.0,3.0,2.0,2.0
1440_030,1440,regular_season,4,2426.0,2596.0,170.0,5,4,16|54|57|58|68,10885|10887|10888|76|90,True,6.0,5.0,5.0,4.88
1440_031,1440,regular_season,4,2596.0,2686.0,90.0,5,4,16|54|57|58|68,10885|10887|10888|75|76,True,2.0,0.0,2.0,3.0
1440_032,1440,regular_season,4,2686.0,2880.0,194.0,5,4,16|54|57|58|68,10862|10885|10887|75|76,True,6.0,7.0,6.88,7.32
1442_001,1442,regular_season,1,0.0,406.0,406.0,5,8,10860|54|57|58|68,1|10|10869|13907|14,True,8.0,11.0,14.0,12.88
1442_002,1442,regular_season,1,406.0,556.0,150.0,5,8,16|54|57|62|68,1|10|10869|13907|14,True,5.0,7.0,3.0,3.76
1442_003,1442,regular_season,1,556.0,584.0,28.0,5,8,10860|12|16|54|62,1|10|10865|10869|13907,True,0.0,0.0,1.0,0.0
1442_004,1442,regular_season,1,584.0,612.0,28.0,5,8,10860|12|16|55|62,1|10|10865|10869|13907,True,0.0,1.0,1.0,1.88
1442_005,1442,regular_season,1,612.0,648.0,36.0,5,8,10860|12|16|55|62,1|10|10865|13400|13907,True,3.0,2.0,1.0,1.0
1442_006,1442,regular_season,1,648.0,655.0,7.0,5,8,10860|12|16|55|62,10|10863|10865|13400|13907,True,0.0,0.0,0.0,0.0
1442_007,1442,regular_season,1,655.0,720.0,65.0,5,8,10860|12|16|55|62,10863|10865|13400|13907|5,True,5.0,0.0,2.0,2.0
1442_008,1442,regular_season,2,720.0,774.0,54.0,5,8,10860|12|16|55|62,10863|10865|10869|13400|5,True,2.0,0.0,2.0,2.0
1442_009,1442,regular_season,2,774.0,863.0,89.0,5,8,10860|12|16|55|62,1|10865|10869|13907|5,True,5.0,3.0,1.88,2.88
1442_010,1442,regular_season,2,863.0,931.0,68.0,5,8,10860|12|16|55|62,1|10|10869|13907|14,True,4.0,1.0,2.88,1.88
1442_011,1442,regular_season,2,931.0,983.0,52.0,5,8,10860|16|54|55|62,1|10|10869|13907|14,True,2.0,5.0,1.0,2.44
1442_012,1442,regular_season,2,983.0,1119.0,136.0,5,8,10860|16|54|58|62,1|10|10869|13907|14,True,2.0,0.0,4.0,4.0
1442_013,1442,regular_season,2,1119.0,1129.0,10.0,5,8,10860|54|57|58|68,1|10|10869|13907|3,True,3.0,0.0,1.44,0.0
1442_014,1442,regular_season,2,1129.0,1313.0,184.0,5,8,10860|54|57|58|68,1|10869|13907|3|5,True,8.0,6.0,6.88,7.0
1442_015,1442,regular_season,2,1313.0,1335.0,22.0,5,8,16|54|57|58|68,1|13400|13907|3|5,True,0.0,0.0,0.0,1.0
1442_016,1442,regular_season,2,1335.0,1428.0,93.0,5,8,16|54|57|58|68,1|10869|13400|3|5,True,5.0,2.0,3.76,3.0
1442_017,1442,regular_season,2,1428.0,1440.0,12.0,5,8,10860|12|57|58|68,1|10869|13907|3|5,True,0.0,3.0,0.0,1.0
1442_018,1442,regular_season,3,1440.0,1788.0,348.0,5,8,10860|54|57|58|68,1|10|10869|13907|14,True,13.0,9.0,11.0,11.88
1442_019,1442,regular_season,3,1788.0,1794.0,6.0,5,8,10860|16|54|57|58,1|10869|13907|14|3,True,0.0,0.0,0.0,-1.0
1442_020,1442,regular_season,3,1794.0,1847.0,53.0,5,8,10860|16|54|57|62,1|10869|13907|14|3,True,2.0,0.0,1.0,0.0
1442_021,1442,regular_season,3,1847.0,1876.0,29.0,5,8,10860|12|16|54|62,1|10869|13400|14|3,True,0.0,0.0,1.0,2.0
1442_022,1442,regular_season,3,1876.0,2010.0,134.0,5,8,10860|12|16|54|62,1|10869|13400|3|5,True,8.0,6.0,4.76,3.88
1442_023,1442,regular_season,3,2010.0,2012.0,2.0,5,8,10860|12|16|55|62,1|10869|13400|3|5,True,0.0,0.0,0.0,0.0
1442_024,1442,regular_season,3,2012.0,2130.0,118.0,5,8,10860|12|16|55|62,10865|13400|13907|3|5,True,4.0,7.0,3.0,4.44
1442_025,1442,regular_season,3,2130.0,2160.0,30.0,5,8,10860|12|55|62|68,10|10865|13400|13907|5,True,2.0,0.0,2.0,1.0
1442_026,1442,regular_season,4,2160.0,2276.0,116.0,5,8,10860|12|55|62|68,10|10865|13400|13907|5,True,0.0,4.0,4.0,4.0
1442_027,1442,regular_season,4,2276.0,2313.0,37.0,5,8,12|16|55|62|68,10|10865|13400|13907|5,True,0.0,1.0,1.0,2.88
1442_028,1442,regular_season,4,2313.0,2433.0,120.0,5,8,12|16|54|58|68,10|10865|13400|13907|5,True,3.0,4.0,3.88,3.0
1442_029,1442,regular_season,4,2433.0,2491.0,58.0,5,8,12|16|54|58|68,10|10865|10869|13907|5,True,0.0,3.0,2.0,2.88
1442_030,1442,regular_season,4,2491.0,2558.0,67.0,5,8,10860|54|57|58|68,1|10|10865|10869|13907,True,2.0,2.0,2.0,2.0
1442_031,1442,regular_season,4,2558.0,2698.0,140.0,5,8,10860|54|57|58|68,1|10|10869|13400|14,True,3.0,2.0,5.0,4.0
1442_032,1442,regular_season,4,2698.0,2739.0,41.0,5,8,10860|54|57|58|68,1|10869|13400|14|5,True,2.0,2.0,1.0,1.0
1442_033,1442,regular_season,4,2739.0,2755.0,16.0,5,8,10860|54|57|58|68,1|13400|13907|14|5,True,0.0,0.0,0.0,1.0
1442_034,1442,regular_season,4,2755.0,2796.0,41.0,5,8,10860|54|57|58|68,1|10|13400|13907|14,True,0.0,4.0,2.0,1.88
1442_035,1442,regular_season,4,2796.0,2832.0,36.0,5,8,10860|54|57|58|68,1|10|10869|13907|14,True,2.0,0.0,2.0,1.0
1442_036,1442,regular_season,4,2832.0,2835.0,3.0,5,8,10860|54|57|58|68,1|10|13400|13907|5,True,0.0,2.0,0.0,0.88
1442_037,1442,regular_season,4,2835.0,2848.0,13.0,5,8,10860|54|57|58|68,1|10|13400|13907|14,True,2.0,0.0,0.88,0.0
1442_038,1442,regular_season,4,2848.0,2880.0,32.0,5,8,10860|54|57|58|68,1|10|13400|13907|5,True,3.0,0.0,1.76,2.0
1443_001,1443,regular_season,1,0.0,228.0,228.0,2,5,110|119|121|45|51,10861|54|57|62|68,True,2.0,7.0,7.0,7.88
1443_002,1443,regular_season,1,228.0,287.0,59.0,2,5,109|110|111|121|51,10861|54|57|62|68,True,0.0,0.0,4.0,3.0
1443_003,1443,regular_season,1,287.0,359.0,72.0,2,5,109|111|121|13399|14037,10861|54|57|62|68,True,0.0,2.0,2.0,3.0
1443_004,1443,regular_season,1,359.0,557.0,198.0,2,5,109|111|121|13399|14037,10860|54|57|58|68,True,6.0,5.0,5.88,5.0
1443_005,1443,regular_season,1,557.0,569.0,12.0,2,5,109|111|119|13399|14037,10860|10861|12|55|58,True,0.0,0.0,0.0,1.0
1443_006,1443,regular_season,1,569.0,720.0,151.0,2,5,109|111|119|14037|51,10860|10861|12|55|58,True,6.0,9.0,6.0,6.0
1443_007,1443,regular_season,2,720.0,767.0,47.0,2,5,119|121|13399|45|51,10860|10861|12|55|58,True,0.0,4.0,2.0,1.88
1443_008,1443,regular_season,2,767.0,860.0,93.0,2,5,108|119|121|13399|51,10860|10861|12|55|58,True,2.0,3.0,3.0,3.0
1443_009,1443,regular_season,2,860.0,873.0,13.0,2,5,108|110|121|13399|51,10860|10861|10884|12|58,True,0.0,0.0,1.0,1.0
1443_010,1443,regular_season,2,873.0,954.0,81.0,2,5,108|110|121|13399|51,10861|10884|12|58|68,True,4.0,2.0,4.0,3.0
1443_011,1443,regular_season,2,954.0,1011.0,57.0,2,5,108|110|121|13399|51,10861|10884|12|62|68,True,4.0,2.0,1.88,2.0
1443_012,1443,regular_season,2,1011.0,1158.0,147.0,2,5,109|110|111|121|14037,10861|10884|54|62|68,True,6.0,5.0,4.0,4.0
1443_013,1443,regular_season,2,1158.0,1394.0,236.0,2,5,109|110|119|121|14037,10861|54|57|62|68,True,8.0,11.0,8.88,8.0
1443_014,1443,regular_season,2,1394.0,1440.0,46.0,2,5,110|119|121|13399|51,10861|54|57|62|68,True,0.0,4.0,1.0,1.88
1443_015,1443,regular_season,3,1440.0,1616.0,176.0,2,5,108|111|121|13399|51,10861|54|57|62|68,True,3.0,6.0,5.0,6.0
1443_016,1443,regular_season,3,1616.0,1710.0,94.0,2,5,108|119|121|13399|51,10861|54|57|62|68,True,4.0,7.0,3.88,3.44
1443_017,1443,regular_season,3,1710.0,1768.0,58.0,2,5,108|110|119|121|14037,10860|54|57|62|68,True,0.0,2.0,2.0,2.0
1443_018,1443,regular_season,3,1768.0,1786.0,18.0,2,5,108|110|119|121|14037,10860|54|57|58|68,True,0.0,2.0,0.0,0.0
1443_019,1443,regular_season,3,1786.0,1873.0,87.0,2,5,108|110|111|121|14037,10860|54|57|58|68,True,3.0,2.0,2.0,1.88
1443_020,1443,regular_season,3,1873.0,1964.0,91.0,2,5,108|10891|110|111|14037,10860|54|57|58|68,True,2.0,3.0,3.0,2.88
1443_021,1443,regular_season,3,1964.0,2160.0,196.0,2,5,108|10891|111|116|14037,10860|10861|12|55|58,True,2.0,5.0,8.88,6.88
1443_022,1443,regular_season,4,2160.0,2300.0,140.0,2,5,108|119|121|13399|51,10860|10861|12|55|58,True,5.0,3.0,5.0,4.88
1443_023,1443,regular_season,4,2300.0,2353.0,53.0,2,5,108|119|121|13399|51,10860|10861|10884|12|58,True,2.0,7.0,2.0,3.44
1443_024,1443,regular_season,4,2353.0,2425.0,72.0,2,5,108|10891|110|121|14037,10860|10884|12|58|64,True,2.0,0.0,3.0,2.0
1443_025,1443,regular_season,4,2425.0,2499.0,74.0,2,5,108|10891|110|13275|14037,10860|10884|12|58|64,True,4.0,2.0,1.88,3.0
1443_026,1443,regular_season,4,2499.0,2573.0,74.0,2,5,108|10891|116|13275|14037,10860|10884|12|58|64,True,0.0,2.0,2.0,2.0
1443_027,1443,regular_season,4,2573.0,2618.0,45.0,2,5,108|10891|116|13275|14037,10884|55|56|58|64,True,0.0,0.0,1.0,1.0
1443_028,1443,regular_season,4,2618.0,2660.0,42.0,2,5,108|10891|116|123|13275,10884|55|56|58|64,True,1.0,0.0,1.88,1.0
1443_029,1443,regular_season,4,2660.0,2805.0,145.0,2,5,108|10891|116|123|13275,10884|55|56|60|64,True,6.0,6.0,4.88,5.52
1443_030,1443,regular_season,4,2805.0,2880.0,75.0,2,5,108|10891|116|123|13275,10884|55|57|60|64,True,3.0,0.0,2.0,1.0
1449_001,1449,regular_season,1,0.0,278.0,278.0,5,3,10861|3129|54|57|68,103|13777|13906|79|89,True,14.0,13.0,8.0,9.32
1449_002,1449,regular_season,1,278.0,289.0,11.0,5,3,10861|54|57|62|68,103|107|13906|77|89,True,1.0,0.0,1.88,0.0
1449_003,1449,regular_season,1,289.0,356.0,67.0,5,3,10861|54|58|62|68,103|107|13906|77|89,True,0.0,2.0,1.88,2.0
1449_004,1449,regular_season,1,356.0,437.0,81.0,5,3,10861|54|58|62|68,107|13906|77|89|91,True,2.0,0.0,2.0,2.0
1449_005,1449,regular_season,1,437.0,490.0,53.0,5,3,16|54|58|62|68,107|13906|77|86|91,True,1.0,2.0,1.88,2.0
1449_006,1449,regular_season,1,490.0,514.0,24.0,5,3,16|54|58|62|68,107|13777|77|86|91,True,0.0,0.0,0.0,1.0
1449_007,1449,regular_season,1,514.0,578.0,64.0,5,3,12|16|58|62|68,107|13777|77|86|91,True,0.0,4.0,2.0,2.0
1449_008,1449,regular_season,1,578.0,596.0,18.0,5,3,10861|12|16|58|62,107|13777|77|86|91,True,1.0,0.0,0.88,0.0
1449_009,1449,regular_season,1,596.0,692.0,96.0,5,3,10861|12|16|58|62,13777|13906|77|86|91,True,6.0,0.0,2.0,3.0
1449_010,1449,regular_season,1,692.0,720.0,28.0,5,3,10861|12|16|55|58,13777|13906|77|86|91,True,1.0,0.0,0.88,1.0
1449_011,1449,regular_season,2,720.0,823.0,103.0,5,3,10861|12|16|55|58,103|13777|13906|77|86,True,2.0,0.0,3.0,2.0
1449_012,1449,regular_season,2,823.0,895.0,72.0,5,3,10861|12|16|55|58,103|107|13906|79|89,True,2.0,3.0,2.0,2.0
1449_013,1449,regular_season,2,895.0,946.0,51.0,5,3,10861|12|16|3129|58,103|107|13906|79|89,True,0.0,4.0,1.0,1.88
1449_014,1449,regular_season,2,946.0,992.0,46.0,5,3,10861|12|3129|58|68,103|107|13906|79|89,True,2.0,1.0,1.0,0.88
1449_015,1449,regular_season,2,992.0,1053.0,61.0,5,3,10861|3129|54|58|68,103|13777|13906|79|89,True,0.0,3.0,1.0,1.0
1449_016,1449,regular_season,2,1053.0,1122.0,69.0,5,3,16|3129|54|57|68,13777|13906|77|79|89,True,4.0,6.0,3.3200000000000003,2.0
1449_017,1449,regular_season,2,1122.0,1208.0,86.0,5,3,16|3129|54|57|68,107|13906|77|79|89,True,0.0,3.0,2.0,2.88
1449_018,1449,regular_season,2,1208.0,1256.0,48.0,5,3,16|54|57|58|68,107|13906|77|79|89,True,3.0,2.0,2.44,2.0
1449_019,1449,regular_season,2,1256.0,1369.0,113.0,5,3,16|54|57|58|68,107|13906|77|86|89,True,6.0,5.0,4.0,3.0
1449_020,1449,regular_season,2,1369.0,1440.0,71.0,5,3,16|54|57|58|68,13777|13906|77|86|89,True,0.0,0.0,2.0,2.0
1449_021,1449,regular_season,3,1440.0,1476.0,36.0,5,3,10861|3129|54|57|68,103|13777|13906|79|89,True,0.0,2.0,1.0,0.0
1449_022,1449,regular_season,3,1476.0,1661.0,185.0,5,3,10861|3129|54|57|68,103|107|13777|79|89,True,8.0,7.0,5.88,5.88
1449_023,1449,regular_season,3,1661.0,1711.0,50.0,5,3,10861|3129|54|57|68,103|13777|13906|77|89,True,3.0,5.0,1.0,2.44
1449_024,1449,regular_season,3,1711.0,1755.0,44.0,5,3,10861|12|54|57|68,13777|13906|77|86|89,True,0.0,0.0,2.0,1.0
1449_025,1449,regular_season,3,1755.0,1873.0,118.0,5,3,12|16|54|57|68,13777|13906|77|86|89,True,4.0,4.0,4.0,4.88
1449_026,1449,regular_season,3,1873.0,1921.0,48.0,5,3,10861|12|16|54|58,103|107|13906|77|86,True,2.0,2.0,2.0,1.88
1449_027,1449,regular_season,3,1921.0,2016.0,95.0,5,3,10861|12|16|54|58,103|107|13906|79|86,True,0.0,0.0,4.0,2.0
1449_028,1449,regular_season,3,2016.0,2082.0,66.0,5,3,10861|12|54|58|68,103|107|13777|79|86,True,2.0,4.0,1.0,2.0
1449_029,1449,regular_season,3,2082.0,2160.0,78.0,5,3,10861|12|58|62|68,103|107|13777|79|86,True,4.0,3.0,3.0,2.0
1449_030,1449,regular_season,4,2160.0,2240.0,80.0,5,3,10861|12|58|62|68,103|107|13906|79|86,True,2.0,5.0,3.0,3.0
1449_031,1449,regular_season,4,2240.0,2257.0,17.0,5,3,10861|12|54|62|68,103|107|13906|79|86,True,2.0,0.0,0.88,0.0
1449_032,1449,regular_season,4,2257.0,2280.0,23.0,5,3,10861|54|57|62|68,107|13906|77|79|86,True,0.0,0.0,1.0,2.0
1449_033,1449,regular_season,4,2280.0,2363.0,83.0,5,3,10861|54|57|62|68,13777|13906|77|79|86,True,2.0,3.0,3.0,2.88
1449_034,1449,regular_season,4,2363.0,2397.0,34.0,5,3,16|54|57|62|68,13777|13906|77|79|86,True,3.0,0.0,2.0,1.0
1449_035,1449,regular_season,4,2397.0,2499.0,102.0,5,3,16|54|57|62|68,107|13906|77|79|89,True,2.0,2.0,3.0,3.0
1449_036,1449,regular_season,4,2499.0,2743.0,244.0,5,3,12|16|54|57|68,107|13906|77|79|89,True,10.0,10.0,6.88,7.88
1449_037,1449,regular_season,4,2743.0,2787.0,44.0,5,3,12|16|54|57|68,13777|13906|77|79|89,True,2.0,2.0,2.0,1.0
1449_038,1449,regular_season,4,2787.0,2819.0,32.0,5,3,12|16|54|57|68,107|13906|77|79|89,True,3.0,0.0,1.0,1.0
1449_039,1449,regular_season,4,2819.0,2856.0,37.0,5,3,12|16|54|57|68,107|13906|77|86|89,True,0.0,0.0,0.0,1.0
1449_040,1449,regular_season,4,2856.0,2865.0,9.0,5,3,12|16|54|57|68,107|13906|77|79|89,True,0.0,0.0,1.0,0.0
1449_041,1449,regular_season,4,2865.0,2872.0,7.0,5,3,12|16|54|57|68,107|13906|77|86|89,True,1.0,2.0,0.44,1.0
1449_042,1449,regular_season,4,2872.0,2876.0,4.0,5,3,16|54|57|58|68,107|13906|77|79|89,True,0.0,0.0,0.0,0.0
1449_043,1449,regular_season,4,2876.0,2876.0,0.0,5,3,12|16|54|57|68,107|13906|77|79|89,True,0.0,0.0,0.0,0.0
1449_044,1449,regular_season,4,2876.0,2877.0,1.0,5,3,12|16|54|57|68,107|13906|77|86|89,True,3.0,0.0,1.0,0.0
1449_045,1449,regular_season,4,2877.0,2879.0,2.0,5,3,12|16|54|57|68,107|13906|77|79|89,True,0.0,1.0,0.0,0.88
1449_046,1449,regular_season,4,2879.0,2879.0,0.0,5,3,10861|12|16|54|57,107|13906|77|79|89,True,0.0,0.0,0.0,0.0
1449_047,1449,regular_season,4,2879.0,2880.0,1.0,5,3,10861|16|54|57|58,103|107|13906|77|79,True,0.0,0.0,1.0,0.0
1451_001,1451,regular_season,1,0.0,270.0,270.0,5,6,10860|16|54|57|58,14707|39|40|44|8889,True,6.0,2.0,11.32,9.76
1451_002,1451,regular_season,1,270.0,330.0,60.0,5,6,10860|10861|3129|54|57,14707|40|43|47|8889,True,4.0,2.0,1.76,2.0
1451_003,1451,regular_season,1,330.0,379.0,49.0,5,6,10860|10861|10884|3129|54,14707|40|43|47|8889,True,2.0,2.0,1.0,2.44
1451_004,1451,regular_season,1,379.0,458.0,79.0,5,6,10860|10861|10884|3129|54,14707|43|47|48|8889,True,2.0,2.0,2.0,1.0
1451_005,1451,regular_season,1,458.0,512.0,54.0,5,6,10860|10861|10884|12|3129,14707|43|47|48|8889,True,2.0,2.0,1.88,1.88
1451_006,1451,regular_season,1,512.0,592.0,80.0,5,6,10860|10861|12|3129|55,10880|14707|43|47|48,True,2.0,6.0,2.0,2.88
1451_007,1451,regular_season,1,592.0,661.0,69.0,5,6,10861|12|16|3129|55,10880|14707|43|47|48,True,0.0,2.0,2.0,2.88
1451_008,1451,regular_season,1,661.0,720.0,59.0,5,6,10861|12|16|55|58,10879|10880|43|48|8889,True,3.0,2.0,1.88,1.88
1451_009,1451,regular_season,2,720.0,774.0,54.0,5,6,10861|12|16|55|58,10879|10880|43|48|8889,True,0.0,3.0,0.0,1.44
1451_010,1451,regular_season,2,774.0,837.0,63.0,5,6,10861|12|16|3129|54,10879|10880|43|48|8889,True,0.0,0.0,1.0,1.0
1451_011,1451,regular_season,2,837.0,894.0,57.0,5,6,10860|12|16|3129|54,10879|10880|43|48|8889,True,0.0,2.0,2.0,1.0
1451_012,1451,regular_season,2,894.0,1082.0,188.0,5,6,10860|10861|3129|54|57,10879|10880|113|40|8889,True,8.0,6.0,6.0,6.0
1451_013,1451,regular_season,2,1082.0,1087.0,5.0,5,6,10860|10861|12|54|57,10879|10880|113|40|8889,True,0.0,0.0,0.0,1.0
1451_014,1451,regular_season,2,1087.0,1188.0,101.0,5,6,10860|10861|12|54|57,10879|10880|14707|40|47,True,6.0,3.0,4.44,3.0
1451_015,1451,regular_season,2,1188.0,1219.0,31.0,5,6,10860|10861|12|54|57,10880|14707|40|43|47,True,0.0,0.0,1.0,1.0
1451_016,1451,regular_season,2,1219.0,1440.0,221.0,5,6,10860|12|16|54|57,10880|14707|40|43|47,True,6.0,7.0,6.0,6.0
1451_017,1451,regular_season,3,1440.0,1793.0,353.0,5,6,10860|16|54|57|58,14707|40|43|47|8889,True,21.0,19.0,11.76,12.44
1451_018,1451,regular_season,3,1793.0,1883.0,90.0,5,6,10860|10861|3129|54|58,14707|40|43|47|8889,True,4.0,4.0,3.0,2.76
1451_019,1451,regular_season,3,1883.0,1948.0,65.0,5,6,10860|10861|3129|54|58,10880|40|43|44|8889,True,0.0,5.0,3.0,3.0
1451_020,1451,regular_season,3,1948.0,2048.0,100.0,5,6,10860|10861|12|54|58,10880|40|43|44|8889,True,0.0,2.0,3.0,2.0
1451_021,1451,regular_season,3,2048.0,2094.0,46.0,5,6,10861|12|16|57|58,10880|40|43|44|8889,True,2.0,2.0,1.0,2.0
1451_022,1451,regular_season,3,2094.0,2160.0,66.0,5,6,10861|12|16|55|57,10879|10880|14707|43|44,True,4.0,0.0,2.0,1.0
1451_023,1451,regular_season,4,2160.0,2330.0,170.0,5,6,10861|12|16|55|57,10879|10880|14707|40|47,True,6.0,9.0,3.88,5.88
1451_024,1451,regular_season,4,2330.0,2399.0,69.0,5,6,10861|12|16|57|58,14707|40|43|47|8889,True,2.0,3.0,2.0,2.0
1451_025,1451,regular_season,4,2399.0,2561.0,162.0,5,6,10861|16|54|57|58,14707|40|43|47|8889,True,8.0,0.0,5.88,4.0
1451_026,1451,regular_season,4,2561.0,2604.0,43.0,5,6,10861|16|54|57|58,10879|14707|43|44|8889,True,2.0,0.0,2.0,2.0
1451_027,1451,regular_season,4,2604.0,2686.0,82.0,5,6,10861|16|54|57|58,10879|10880|40|43|8889,True,2.0,3.0,3.0,3.0
1451_028,1451,regular_season,4,2686.0,2871.0,185.0,5,6,10861|16|54|57|58,10879|10880|43|48|8889,True,4.0,5.0,5.76,6.0
1451_029,1451,regular_season,4,2871.0,2871.0,0.0,5,6,10861|16|54|57|58,10879|10880|43|44|48,True,0.0,0.0,0.0,0.0
1451_030,1451,regular_season,4,2871.0,2880.0,9.0,5,6,10861|16|54|57|58,10880|14707|43|44|48,True,0.0,0.0,0.0,1.0
1452_001,1452,regular_season,1,0.0,334.0,334.0,7,5,10873|10875|14303|28|29,10861|3129|54|57|68,True,17.0,18.0,10.32,11.32
1452_002,1452,regular_season,1,334.0,382.0,48.0,7,5,10872|10875|14303|28|29,10861|12|3129|54|68,True,0.0,2.0,2.0,1.0
1452_003,1452,regular_season,1,382.0,388.0,6.0,7,5,10872|14038|14303|28|29,10860|12|54|58|68,True,0.0,0.0,0.0,0.0
1452_004,1452,regular_season,1,388.0,538.0,150.0,7,5,10872|10873|14038|14303|29,10860|12|54|58|68,True,10.0,3.0,5.0,5.0
1452_005,1452,regular_season,1,538.0,567.0,29.0,7,5,10872|10873|10874|14038|14303,10860|10861|12|58|62,True,0.0,0.0,0.0,1.0
1452_006,1452,regular_season,1,567.0,720.0,153.0,7,5,10872|10873|10874|10875|14038,10860|10861|12|58|62,True,8.0,6.0,6.32,6.0
1452_007,1452,regular_season,2,720.0,737.0,17.0,7,5,10872|10873|10874|10875|14038,10860|10861|12|58|62,True,0.0,0.0,1.0,0.0
1452_008,1452,regular_season,2,737.0,846.0,109.0,7,5,10872|10874|14038|14303|29,10860|10861|12|58|62,True,3.0,6.0,3.44,4.32
1452_009,1452,regular_season,2,846.0,956.0,110.0,7,5,10873|10874|14038|14303|29,10860|10861|12|58|62,True,0.0,4.0,4.0,3.0
1452_010,1452,regular_season,2,956.0,1037.0,81.0,7,5,10873|10875|14303|28|29,10860|12|58|62|68,True,0.0,5.0,2.0,3.0
1452_011,1452,regular_season,2,1037.0,1127.0,90.0,7,5,10872|10875|14303|28|29,10860|54|58|62|68,True,4.0,4.0,3.0,2.88
1452_012,1452,regular_season,2,1127.0,1135.0,8.0,7,5,10872|10875|14303|28|29,10860|54|57|58|68,True,0.0,0.0,0.0,0.0
1452_013,1452,regular_season,2,1135.0,1175.0,40.0,7,5,10872|14038|14303|25|29,10861|54|57|58|68,True,5.0,2.0,2.44,1.0
1452_014,1452,regular_season,2,1175.0,1281.0,106.0,7,5,10872|14038|14303|25|29,10861|3129|54|57|68,True,2.0,5.0,2.0,2.88
1452_015,1452,regular_season,2,1281.0,1316.0,35.0,7,5,10872|10875|14038|25|29,10861|3129|54|57|68,True,2.0,3.0,1.0,1.44
1452_016,1452,regular_season,2,1316.0,1406.0,90.0,7,5,10872|10875|14038|28|29,10861|3129|54|57|68,True,4.0,4.0,4.44,3.0
1452_017,1452,regular_season,2,1406.0,1440.0,34.0,7,5,10872|10873|10875|14303|29,10861|54|57|62|68,True,3.0,2.0,0.88,1.0
1452_018,1452,regular_season,3,1440.0,1556.0,116.0,7,5,10873|10875|14303|28|29,10860|3129|54|57|68,True,2.0,3.0,4.0,3.0
1452_019,1452,regular_season,3,1556.0,1656.0,100.0,7,5,10872|10873|14038|14303|29,10860|3129|54|57|68,True,0.0,6.0,2.0,2.88
1452_020,1452,regular_season,3,1656.0,1689.0,33.0,7,5,10872|10874|14038|14303|29,10860|3129|54|57|68,True,1.0,0.0,0.88,1.0
1452_021,1452,regular_season,3,1689.0,1712.0,23.0,7,5,10874|14038|14303|25|29,10860|3129|54|57|68,True,2.0,2.0,1.0,0.88
1452_022,1452,regular_season,3,1712.0,1749.0,37.0,7,5,10874|14038|14303|28|29,10860|3129|54|57|68,True,1.0,2.0,1.88,1.0
1452_023,1452,regular_season,3,1749.0,1809.0,60.0,7,5,10874|14038|14303|28|29,10860|54|57|62|68,True,3.0,4.0,2.0,2.88
1452_024,1452,regular_season,3,1809.0,1911.0,102.0,7,5,14038|14303|25|28|29,10861|54|57|62|68,True,2.0,4.0,4.0,3.88
1452_025,1452,regular_season,3,1911.0,2049.0,138.0,7,5,10872|10875|14303|24|29,10861|12|54|62|68,True,5.0,3.0,4.0,2.88
1452_026,1452,regular_season,3,2049.0,2103.0,54.0,7,5,10872|10875|14303|24|29,10860|10861|12|58|62,True,3.0,5.0,1.0,2.0
1452_027,1452,regular_season,3,2103.0,2160.0,57.0,7,5,10872|10873|10874|10875|14038,10860|10861|12|58|62,True,0.0,1.0,2.0,1.88
1452_028,1452,regular_season,4,2160.0,2244.0,84.0,7,5,10872|10873|10874|10875|14303,10860|10861|12|58|62,True,0.0,0.0,3.0,4.0
1452_029,1452,regular_season,4,2244.0,2320.0,76.0,7,5,10873|10874|10875|14303|29,10860|10861|12|58|62,True,2.0,1.0,4.0,3.88
1452_030,1452,regular_season,4,2320.0,2378.0,58.0,7,5,10873|10874|14038|14303|29,10860|12|57|62|68,True,0.0,2.0,2.0,3.76
1452_031,1452,regular_season,4,2378.0,2473.0,95.0,7,5,10872|10874|14038|14303|29,10860|12|57|62|68,True,4.0,3.0,2.88,1.0
1452_032,1452,regular_season,4,2473.0,2719.0,246.0,7,5,10872|10874|14038|14303|29,10860|54|57|62|68,True,13.0,9.0,7.0,8.0
1452_033,1452,regular_season,4,2719.0,2745.0,26.0,7,5,10872|10874|10875|14038|29,10860|3129|54|57|68,True,0.0,2.0,1.0,0.0
1452_034,1452,regular_season,4,2745.0,2829.0,84.0,7,5,10872|10873|10874|10875|14303,10860|3129|54|57|68,True,2.0,5.0,2.0,3.44
1452_035,1452,regular_season,4,2829.0,2854.0,25.0,7,5,10871|10873|10875|19|24,10884|12|3129|55|64,True,0.0,0.0,1.0,1.0
1452_036,1452,regular_season,4,2854.0,2880.0,26.0,7,5,10871|10873|10875|19|24,10884|55|56|60|64,True,2.0,0.0,1.0,1.0
1455_001,1455,regular_season,1,0.0,268.0,268.0,5,4,10861|3129|54|57|68,10885|10887|13778|75|76,True,10.0,7.0,8.0,8.76
1455_002,1455,regular_season,1,268.0,382.0,114.0,5,4,16|3129|54|57|68,10885|10887|13778|75|76,True,2.0,7.0,4.0,3.0
1455_003,1455,regular_season,1,382.0,499.0,117.0,5,4,16|54|57|58|68,10887|14843|75|76|90,True,7.0,7.0,4.32,4.0
1455_004,1455,regular_season,1,499.0,617.0,118.0,5,4,16|54|58|62|68,10887|14843|75|76|90,True,8.0,5.0,3.0,4.0
1455_005,1455,regular_season,1,617.0,661.0,44.0,5,4,10861|12|16|58|62,13778|14843|75|80|90,True,2.0,0.0,1.0,1.0
1455_006,1455,regular_season,1,661.0,689.0,28.0,5,4,10861|12|16|58|62,13778|14843|75|80|87,True,0.0,0.0,1.0,1.0
1455_007,1455,regular_season,1,689.0,720.0,31.0,5,4,10861|12|16|58|62,10885|13778|14843|80|87,True,2.0,2.0,1.0,1.0
1455_008,1455,regular_season,2,720.0,770.0,50.0,5,4,10861|12|16|58|62,10885|13778|14843|80|87,True,0.0,0.0,2.0,1.88
1455_009,1455,regular_season,2,770.0,950.0,180.0,5,4,10861|12|16|55|58,10885|13778|14843|80|87,True,7.0,5.0,6.76,5.88
1455_010,1455,regular_season,2,950.0,977.0,27.0,5,4,10861|12|54|58|68,10885|10887|14843|76|87,True,0.0,0.0,1.0,1.0
1455_011,1455,regular_season,2,977.0,1005.0,28.0,5,4,12|16|54|58|68,10885|10887|14843|76|87,True,3.0,1.0,1.0,0.88
1455_012,1455,regular_season,2,1005.0,1028.0,23.0,5,4,12|16|54|58|68,10885|10887|14843|75|76,True,2.0,2.0,0.88,0.88
1455_013,1455,regular_season,2,1028.0,1108.0,80.0,5,4,12|16|54|58|68,10885|10887|13778|75|76,True,3.0,2.0,2.44,3.0
1455_014,1455,regular_season,2,1108.0,1169.0,61.0,5,4,16|54|57|58|68,10885|10887|13778|75|76,True,5.0,5.0,2.0,1.88
1455_015,1455,regular_season,2,1169.0,1318.0,149.0,5,4,16|3129|54|57|68,10885|10887|13778|75|76,True,2.0,6.0,5.0,2.88
1455_016,1455,regular_season,2,1318.0,1391.0,73.0,5,4,16|54|57|62|68,10885|10887|13778|75|76,True,3.0,2.0,2.0,3.0
1455_017,1455,regular_season,2,1391.0,1429.0,38.0,5,4,16|54|57|62|68,10885|10887|75|76|87,True,2.0,1.0,2.0,0.88
1455_018,1455,regular_season,2,1429.0,1440.0,11.0,5,4,10884|16|3129|57|68,10887|14843|75|76|87,True,3.0,2.0,1.0,0.88
1455_019,1455,regular_season,3,1440.0,1652.0,212.0,5,4,16|3129|54|57|68,10885|10887|14843|75|76,True,10.0,10.0,7.0,7.640000000000001
1455_020,1455,regular_season,3,1652.0,1762.0,110.0,5,4,16|3129|54|57|68,10885|10887|13778|75|76,True,10.0,3.0,4.32,4.44
1455_021,1455,regular_season,3,1762.0,1802.0,40.0,5,4,16|3129|54|57|68,10887|13778|75|76|87,True,5.0,0.0,2.0,1.0
1455_022,1455,regular_season,3,1802.0,1852.0,50.0,5,4,16|3129|54|58|68,10887|14843|75|76|87,True,0.0,5.0,1.0,1.88
1455_023,1455,regular_season,3,1852.0,1889.0,37.0,5,4,12|16|54|58|68,10887|14843|75|76|87,True,2.0,0.0,1.0,1.0
1455_024,1455,regular_season,3,1889.0,1978.0,89.0,5,4,10861|12|54|58|68,10887|14843|75|76|87,True,3.0,4.0,4.0,4.32
1455_025,1455,regular_season,3,1978.0,2027.0,49.0,5,4,10861|12|54|58|68,10887|14843|14982|75|87,True,2.0,5.0,2.0,2.44
1455_026,1455,regular_season,3,2027.0,2160.0,133.0,5,4,10861|12|16|58|62,10887|14843|14982|87|88,True,1.0,6.0,5.88,5.88
1455_027,1455,regular_season,4,2160.0,2261.0,101.0,5,4,10861|12|16|58|62,10887|14843|14982|87|88,True,2.0,5.0,3.0,2.0
1455_028,1455,regular_season,4,2261.0,2385.0,124.0,5,4,16|54|58|62|68,10887|14843|14982|87|88,True,5.0,4.0,4.0,4.0
1455_029,1455,regular_season,4,2385.0,2515.0,130.0,5,4,10861|54|57|58|68,10887|13778|14982|75|88,True,5.0,2.0,4.32,5.44
1455_030,1455,regular_season,4,2515.0,2637.0,122.0,5,4,10861|54|57|58|68,13778|14982|75|87|88,True,2.0,5.0,4.0,3.0
1455_031,1455,regular_season,4,2637.0,2732.0,95.0,5,4,10861|54|57|58|68,13778|14843|14982|75|87,True,0.0,7.0,3.0,4.0
1455_032,1455,regular_season,4,2732.0,2863.0,131.0,5,4,16|54|57|58|68,13778|14843|14982|75|87,True,0.0,2.0,5.0,3.76
1455_033,1455,regular_season,4,2863.0,2863.0,0.0,5,4,16|3129|54|58|68,13778|14843|14982|75|87,True,0.0,0.0,0.0,0.0
1455_034,1455,regular_season,4,2863.0,2880.0,17.0,5,4,16|3129|54|58|68,10887|14843|14982|75|87,True,3.0,2.0,2.3200000000000003,1.76
1457_001,1457,regular_season,1,0.0,286.0,286.0,5,7,10860|3129|54|57|68,10872|13029|24|29|34,True,10.0,11.0,8.0,9.0
1457_002,1457,regular_season,1,286.0,371.0,85.0,5,7,10860|3129|54|57|68,10872|13029|14038|24|28,True,2.0,0.0,2.76,2.0
1457_003,1457,regular_season,1,371.0,420.0,49.0,5,7,10860|12|16|54|58,10872|13029|14038|24|28,True,0.0,3.0,1.0,0.88
1457_004,1457,regular_season,1,420.0,529.0,109.0,5,7,10860|12|16|54|58,10872|14038|28|29|34,True,5.0,6.0,3.0,4.0
1457_005,1457,regular_season,1,529.0,571.0,42.0,5,7,10860|12|16|58|62,10873|14038|28|29|34,True,0.0,0.0,1.88,2.0
1457_006,1457,regular_season,1,571.0,619.0,48.0,5,7,10860|12|16|58|62,13029|25|28|29|34,True,2.0,2.0,1.0,1.0
1457_007,1457,regular_season,1,619.0,663.0,44.0,5,7,12|16|58|62|68,10872|13029|24|29|34,True,2.0,0.0,2.0,1.0
1457_008,1457,regular_season,1,663.0,720.0,57.0,5,7,12|16|58|62|68,10872|13029|28|29|34,True,0.0,2.0,1.0,2.0
1457_009,1457,regular_season,2,720.0,820.0,100.0,5,7,12|16|58|62|68,10874|13029|25|29|34,True,7.0,2.0,2.88,2.0
1457_010,1457,regular_season,2,820.0,938.0,118.0,5,7,12|16|58|62|68,10874|13029|14038|24|29,True,3.0,8.0,3.0,3.88
1457_011,1457,regular_season,2,938.0,1041.0,103.0,5,7,10860|54|57|62|68,10872|10874|13029|14038|24,True,2.0,6.0,3.0,3.44
1457_012,1457,regular_season,2,1041.0,1126.0,85.0,5,7,10860|16|3129|54|57,10872|13029|14038|28|29,True,2.0,5.0,3.0,2.0
1457_013,1457,regular_season,2,1126.0,1168.0,42.0,5,7,10860|16|54|57|58,10872|13029|14038|28|29,True,0.0,4.0,1.0,2.3200000000000003
1457_014,1457,regular_season,2,1168.0,1182.0,14.0,5,7,10860|54|57|58|68,10872|13029|14038|28|29,True,3.0,0.0,1.44,0.0
1457_015,1457,regular_season,2,1182.0,1214.0,32.0,5,7,10860|12|54|58|68,10872|13029|14038|24|29,True,0.0,0.0,1.0,1.0
1457_016,1457,regular_season,2,1214.0,1336.0,122.0,5,7,10860|12|54|58|68,10872|10874|13029|29|34,True,2.0,5.0,4.0,4.0
1457_017,1457,regular_season,2,1336.0,1384.0,48.0,5,7,10860|12|54|58|68,10872|14038|25|29|34,True,2.0,2.0,1.0,1.88
1457_018,1457,regular_season,2,1384.0,1440.0,56.0,5,7,10860|54|57|58|68,10873|14038|25|29|34,True,2.0,2.0,3.0,2.0
1457_019,1457,regular_season,3,1440.0,1525.0,85.0,5,7,10860|12|54|57|68,10872|13029|24|29|34,True,7.0,2.0,3.44,2.0
1457_020,1457,regular_season,3,1525.0,1736.0,211.0,5,7,10860|12|54|57|68,10872|10874|13029|29|34,True,7.0,12.0,6.0,7.88
1457_021,1457,regular_season,3,1736.0,1846.0,110.0,5,7,12|16|54|57|68,10872|10874|13029|29|34,True,3.0,3.0,3.0,3.0
1457_022,1457,regular_season,3,1846.0,1933.0,87.0,5,7,12|16|57|58|68,10872|10874|13029|14038|25,True,2.0,6.0,2.76,3.0
1457_023,1457,regular_season,3,1933.0,2010.0,77.0,5,7,10860|12|16|57|58,10872|10874|13029|14038|24,True,2.0,2.0,3.0,2.0
1457_024,1457,regular_season,3,2010.0,2155.0,145.0,5,7,10860|16|54|57|58,10873|10874|14038|29|34,True,3.0,3.0,4.0,4.0
1457_025,1457,regular_season,3,2155.0,2160.0,5.0,5,7,10860|16|54|57|58,10871|10873|14038|25|34,True,0.0,0.0,1.0,1.0
1457_026,1457,regular_season,4,2160.0,2276.0,116.0,5,7,10860|16|54|57|58,10872|10874|14038|29|34,True,5.0,4.0,4.44,4.2
1457_027,1457,regular_season,4,2276.0,2311.0,35.0,5,7,10860|16|54|57|58,10872|10874|13029|29|34,True,2.0,2.0,1.0,2.0
1457_028,1457,regular_season,4,2311.0,2342.0,31.0,5,7,10860|16|54|57|58,10872|13029|24|29|34,True,0.0,3.0,2.0,1.0
1457_029,1457,regular_season,4,2342.0,2393.0,51.0,5,7,10860|12|16|54|58,10872|13029|24|29|34,True,0.0,0.0,2.0,3.0
1457_030,1457,regular_season,4,2393.0,2511.0,118.0,5,7,10860|12|54|58|68,10872|13029|24|29|34,True,6.0,7.0,2.88,4.0
1457_031,1457,regular_season,4,2511.0,2610.0,99.0,5,7,10860|12|54|58|68,10872|10874|13029|28|34,True,2.0,2.0,4.0,3.0
1457_032,1457,regular_season,4,2610.0,2688.0,78.0,5,7,10860|12|3129|57|68,10874|13029|14038|28|29,True,8.0,1.0,3.0,2.88
1457_033,1457,regular_season,4,2688.0,2711.0,23.0,5,7,10860|12|3129|57|68,10874|13029|14038|25|29,True,0.0,2.0,0.0,0.88
1457_034,1457,regular_season,4,2711.0,2806.0,95.0,5,7,10860|12|3129|57|68,10872|10874|13029|29|34,True,2.0,7.0,2.76,3.88
1457_035,1457,regular_season,4,2806.0,2880.0,74.0,5,7,10884|55|56|60|64,10871|10873|19|23|24,True,8.0,0.0,3.0,2.0
1461_001,1461,regular_season,1,0.0,188.0,188.0,3,5,103|10890|13906|79|89,10861|3129|54|57|68,True,6.0,11.0,4.88,4.88
1461_002,1461,regular_season,1,188.0,219.0,31.0,3,5,103|107|13906|79|89,10861|3129|54|57|68,True,0.0,3.0,1.0,1.0
1461_003,1461,regular_season,1,219.0,317.0,98.0,3,5,107|13906|79|89|99,10861|3129|54|57|68,True,5.0,5.0,2.88,3.76
1461_004,1461,regular_season,1,317.0,376.0,59.0,3,5,107|13906|79|86|99,10860|54|57|58|68,True,0.0,2.0,2.0,2.0
1461_005,1461,regular_season,1,376.0,410.0,34.0,3,5,103|107|13906|86|99,10860|54|57|58|68,True,2.0,2.0,2.88,2.0
1461_006,1461,regular_season,1,410.0,503.0,93.0,3,5,103|107|10890|86|89,10860|54|57|58|68,True,7.0,2.0,3.0,3.0
1461_007,1461,regular_season,1,503.0,626.0,123.0,3,5,103|107|10890|86|89,10860|10861|12|57|58,True,10.0,5.0,4.0,4.88
1461_008,1461,regular_season,1,626.0,710.0,84.0,3,5,103|107|10890|86|89,10860|10861|12|58|62,True,3.0,2.0,5.0,2.88
1461_009,1461,regular_season,1,710.0,720.0,10.0,3,5,107|10890|79|86|89,10860|10861|12|58|62,True,0.0,0.0,0.0,1.0
1461_010,1461,regular_season,2,720.0,889.0,169.0,3,5,103|10890|13906|79|89,10860|10861|12|58|62,True,5.0,4.0,5.0,3.76
1461_011,1461,regular_season,2,889.0,928.0,39.0,3,5,103|10890|13906|89|91,10860|12|58|62|68,True,0.0,2.0,2.0,2.0
1461_012,1461,regular_season,2,928.0,951.0,23.0,3,5,103|10890|13906|89|91,10860|12|54|58|68,True,0.0,0.0,0.0,1.0
1461_013,1461,regular_season,2,951.0,971.0,20.0,3,5,107|13906|86|89|91,10860|12|54|58|68,True,2.0,0.0,0.88,0.0
1461_014,1461,regular_season,2,971.0,1026.0,55.0,3,5,107|13906|86|89|91,10860|12|54|57|68,True,2.0,2.0,1.88,2.0
1461_015,1461,regular_season,2,1026.0,1168.0,142.0,3,5,107|13906|79|86|89,10861|3129|54|57|68,True,7.0,5.0,4.32,3.88
1461_016,1461,regular_season,2,1168.0,1222.0,54.0,3,5,103|107|13906|79|86,10860|10861|3129|54|57,True,3.0,1.0,1.0,0.88
1461_017,1461,regular_season,2,1222.0,1342.0,120.0,3,5,103|107|10890|79|86,10860|10861|54|57|58,True,7.0,6.0,3.88,4.88
1461_018,1461,regular_season,2,1342.0,1362.0,20.0,3,5,103|107|10890|86|89,10860|10861|54|57|58,True,0.0,2.0,1.0,0.88
1461_019,1461,regular_season,2,1362.0,1440.0,78.0,3,5,103|10890|13906|86|89,10860|10861|54|57|58,True,3.0,2.0,3.0,2.0
1461_020,1461,regular_season,3,1440.0,1642.0,202.0,3,5,103|10890|13906|79|89,10861|3129|54|57|68,True,7.0,8.0,5.76,6.88
1461_021,1461,regular_season,3,1642.0,1690.0,48.0,3,5,103|107|13906|79|89,10861|3129|54|57|68,True,1.0,0.0,1.88,2.0
1461_022,1461,regular_season,3,1690.0,1712.0,22.0,3,5,103|107|13906|86|89,10861|3129|54|57|68,True,2.0,0.0,1.0,0.0
1461_023,1461,regular_season,3,1712.0,1782.0,70.0,3,5,103|107|13906|86|89,10861|3129|54|58|68,True,2.0,0.0,2.0,2.0
1461_024,1461,regular_season,3,1782.0,1854.0,72.0,3,5,103|10890|13906|86|89,10861|3129|54|58|68,True,2.0,3.0,3.0,3.88
1461_025,1461,regular_season,3,1854.0,1970.0,116.0,3,5,10890|13906|79|86|89,10860|3129|54|58|68,True,10.0,3.0,4.0,2.88
1461_026,1461,regular_season,3,1970.0,2016.0,46.0,3,5,107|10890|79|86|89,10860|10861|12|54|58,True,0.0,1.0,1.0,1.88
1461_027,1461,regular_season,3,2016.0,2160.0,144.0,3,5,103|107|10890|79|86,10860|10861|12|54|58,True,0.0,0.0,5.0,5.0
1461_028,1461,regular_season,4,2160.0,2246.0,86.0,3,5,103|10890|13906|79|89,10860|10861|12|54|58,True,2.0,2.0,2.0,2.0
1461_029,1461,regular_season,4,2246.0,2283.0,37.0,3,5,103|107|13906|79|86,10860|10861|12|54|58,True,2.0,0.0,0.88,0.0
1461_030,1461,regular_season,4,2283.0,2334.0,51.0,3,5,103|107|13906|79|86,10861|12|54|58|68,True,0.0,2.0,1.0,2.0
1461_031,1461,regular_season,4,2334.0,2366.0,32.0,3,5,103|107|13906|79|86,10861|12|57|58|68,True,0.0,0.0,1.0,1.0
1461_032,1461,regular_season,4,2366.0,2430.0,64.0,3,5,107|13906|79|86|89,10861|12|57|58|68,True,2.0,0.0,3.0,2.0
1461_033,1461,regular_season,4,2430.0,2474.0,44.0,3,5,107|13906|79|86|89,10861|54|57|58|68,True,2.0,2.0,1.0,2.0
1461_034,1461,regular_season,4,2474.0,2511.0,37.0,3,5,10890|13906|79|86|89,10860|54|57|58|68,True,2.0,3.0,1.0,1.0
1461_035,1461,regular_season,4,2511.0,2581.0,70.0,3,5,10890|13906|79|86|89,10860|3129|54|57|68,True,2.0,2.0,2.0,2.0
1461_036,1461,regular_season,4,2581.0,2691.0,110.0,3,5,103|10890|13906|79|89,10860|3129|54|57|68,True,4.0,0.0,5.0,4.0
1461_037,1461,regular_season,4,2691.0,2761.0,70.0,3,5,103|10890|13906|79|89,10860|10884|55|56|68,True,3.0,2.0,2.0,2.0
1461_038,1461,regular_season,4,2761.0,2880.0,119.0,3,5,101|83|86|95|97,10884|55|56|60|64,True,6.0,0.0,3.88,4.0
1464_001,1464,regular_season,1,0.0,268.0,268.0,8,5,1|10|10867|14|14845,10861|3129|54|57|68,True,6.0,9.0,7.88,8.88
1464_002,1464,regular_season,1,268.0,330.0,62.0,8,5,1|10|10867|14|14845,10861|54|57|58|68,True,4.0,4.0,3.44,2.0
1464_003,1464,regular_season,1,330.0,493.0,163.0,8,5,1|10867|14|14845|5,10861|54|57|58|68,True,11.0,7.0,6.88,7.0
1464_004,1464,regular_season,1,493.0,513.0,20.0,8,5,1|10867|13907|14|5,12|16|54|58|68,True,1.0,0.0,0.88,1.0
1464_005,1464,regular_season,1,513.0,554.0,41.0,8,5,1|10867|13907|14|5,12|16|55|58|68,True,1.0,3.0,0.88,1.0
1464_006,1464,regular_season,1,554.0,599.0,45.0,8,5,1|10|10867|13907|5,12|16|55|58|68,True,0.0,5.0,1.0,1.88
1464_007,1464,regular_season,1,599.0,691.0,92.0,8,5,1|10|13907|14845|5,12|16|55|58|68,True,4.0,4.0,3.88,3.0
1464_008,1464,regular_season,1,691.0,720.0,29.0,8,5,10|10865|13907|14845|5,12|16|55|58|68,True,0.0,0.0,1.0,2.0
1464_009,1464,regular_season,2,720.0,882.0,162.0,8,5,10|10865|13907|14845|5,10861|12|16|55|58,True,5.0,2.0,5.0,5.0
1464_010,1464,regular_season,2,882.0,938.0,56.0,8,5,1|10|13907|14845|5,10861|12|16|55|58,True,3.0,0.0,1.88,1.0
1464_011,1464,regular_season,2,938.0,966.0,28.0,8,5,1|10|13907|14845|5,10861|16|54|55|58,True,1.0,0.0,0.88,1.0
1464_012,1464,regular_season,2,966.0,1005.0,39.0,8,5,1|10|13907|14845|5,10861|54|55|58|68,True,0.0,5.0,1.0,1.88
1464_013,1464,regular_season,2,1005.0,1081.0,76.0,8,5,1|10|10867|14|14845,10861|54|55|58|68,True,2.0,3.0,3.0,2.0
1464_014,1464,regular_season,2,1081.0,1185.0,104.0,8,5,1|10|10867|13907|14,16|54|55|58|68,True,5.0,5.0,3.0,5.44
1464_015,1464,regular_season,2,1185.0,1339.0,154.0,8,5,1|10|10867|13907|14,16|3129|54|57|68,True,2.0,2.0,6.0,4.88
1464_016,1464,regular_season,2,1339.0,1359.0,20.0,8,5,1|13907|14|14845|5,10861|3129|54|57|68,True,0.0,2.0,1.0,0.88
1464_017,1464,regular_season,2,1359.0,1440.0,81.0,8,5,1|10|13907|14845|5,10861|3129|54|57|68,True,0.0,4.0,3.0,2.0
1464_018,1464,regular_season,3,1440.0,1602.0,162.0,8,5,1|10|10867|14|14845,10861|3129|54|57|68,True,0.0,4.0,5.0,4.88
1464_019,1464,regular_season,3,1602.0,1828.0,226.0,8,5,1|10|10867|13907|5,10861|3129|54|57|68,True,6.0,14.0,6.88,8.0
1464_020,1464,regular_season,3,1828.0,1927.0,99.0,8,5,1|13907|14845|3|5,10861|54|57|58|68,True,2.0,0.0,2.88,2.0
1464_021,1464,regular_season,3,1927.0,1990.0,63.0,8,5,1|13907|14845|3|5,16|54|57|58|68,True,2.0,0.0,1.0,1.88
1464_022,1464,regular_season,3,1990.0,2022.0,32.0,8,5,1|13907|14845|3|5,16|54|55|58|68,True,0.0,2.0,1.0,1.44
1464_023,1464,regular_season,3,2022.0,2160.0,138.0,8,5,1|10867|14845|3|5,10861|16|54|55|58,True,2.0,2.0,4.0,4.0
1464_024,1464,regular_season,4,2160.0,2315.0,155.0,8,5,10863|10867|14845|3|5,10861|12|16|55|58,True,4.0,5.0,3.88,4.88
1464_025,1464,regular_season,4,2315.0,2379.0,64.0,8,5,10863|10867|14845|3|5,12|16|55|58|68,True,2.0,2.0,2.0,2.0
1464_026,1464,regular_season,4,2379.0,2513.0,134.0,8,5,10|10863|10867|13907|5,12|16|55|57|68,True,5.0,2.0,4.0,3.0
1464_027,1464,regular_season,4,2513.0,2513.0,0.0,8,5,1|10|10867|13907|5,16|54|55|57|68,True,0.0,0.0,0.0,0.0
1464_028,1464,regular_season,4,2513.0,2602.0,89.0,8,5,1|10|10867|13907|5,16|3129|54|57|68,True,3.0,5.0,2.0,2.0
1464_029,1464,regular_season,4,2602.0,2636.0,34.0,8,5,1|10|13907|14845|5,16|3129|54|57|68,True,0.0,2.0,2.0,2.0
1464_030,1464,regular_season,4,2636.0,2656.0,20.0,8,5,10|10863|13907|14845|3,16|3129|54|57|68,True,2.0,3.0,0.88,1.0
1464_031,1464,regular_season,4,2656.0,2721.0,65.0,8,5,10|10863|10864|14845|3,10861|3129|54|57|68,True,0.0,0.0,2.0,3.0
1464_032,1464,regular_season,4,2721.0,2743.0,22.0,8,5,10863|10864|13|2|3,10861|12|3129|55|58,True,0.0,1.0,1.0,0.88
1464_033,1464,regular_season,4,2743.0,2756.0,13.0,8,5,10863|10864|13|2|3,10861|10884|12|55|58,True,0.0,0.0,0.0,0.0
1464_034,1464,regular_season,4,2756.0,2880.0,124.0,8,5,10863|10864|13|2|3,10884|55|56|60|64,True,0.0,2.0,4.0,3.0
1471_001,1471,regular_season,1,0.0,324.0,324.0,4,5,10885|10887|10888|75|76,10861|3129|54|57|68,True,4.0,6.0,10.88,12.32
1471_002,1471,regular_season,1,324.0,356.0,32.0,4,5,10862|10885|10888|75|76,16|3129|54|57|68,True,0.0,0.0,2.0,1.0
1471_003,1471,regular_season,1,356.0,473.0,117.0,4,5,10862|10885|10888|76|88,16|54|57|58|68,True,5.0,5.0,2.76,3.0
1471_004,1471,regular_season,1,473.0,570.0,97.0,4,5,10862|10887|76|87|88,16|54|57|58|68,True,7.0,2.0,3.0,3.0
1471_005,1471,regular_season,1,570.0,657.0,87.0,4,5,10862|10887|76|87|88,10861|12|16|54|58,True,0.0,2.0,2.0,2.0
1471_006,1471,regular_season,1,657.0,720.0,63.0,4,5,10862|10887|80|87|88,10861|12|16|58|62,True,0.0,0.0,1.0,2.0
1471_007,1471,regular_season,2,720.0,937.0,217.0,4,5,10862|10887|80|87|88,10861|12|16|58|62,True,5.0,9.0,8.0,8.44
1471_008,1471,regular_season,2,937.0,997.0,60.0,4,5,10862|10887|14982|87|88,10861|12|16|58|62,True,0.0,3.0,2.44,1.44
1471_009,1471,regular_season,2,997.0,1160.0,163.0,4,5,10887|10888|14982|75|87,12|16|58|62|68,True,9.0,8.0,4.88,5.0
1471_010,1471,regular_season,2,1160.0,1188.0,28.0,4,5,10887|10888|75|76|82,16|3129|54|58|68,True,0.0,2.0,1.0,2.0
1471_011,1471,regular_season,2,1188.0,1284.0,96.0,4,5,10887|10888|75|76|82,16|3129|54|57|68,True,4.0,0.0,4.44,4.0
1471_012,1471,regular_season,2,1284.0,1428.0,144.0,4,5,10862|10888|75|76|82,16|3129|54|57|68,True,2.0,4.0,4.88,3.0
1471_013,1471,regular_season,2,1428.0,1439.0,11.0,4,5,10862|10888|75|82|87,16|54|57|62|68,True,0.0,0.0,0.0,1.0
1471_014,1471,regular_season,2,1439.0,1440.0,1.0,4,5,10862|10885|10888|82|87,16|54|57|62|68,True,0.0,0.0,0.0,0.0
1471_015,1471,regular_season,3,1440.0,1729.0,289.0,4,5,10885|10887|10888|75|76,16|3129|54|57|68,True,13.0,7.0,8.0,7.88
1471_016,1471,regular_season,3,1729.0,1780.0,51.0,4,5,10885|10887|10888|75|76,10861|3129|54|57|68,True,2.0,0.0,2.44,1.0
1471_017,1471,regular_season,3,1780.0,1881.0,101.0,4,5,10885|10887|10888|75|76,10861|3129|54|58|68,True,4.0,5.0,4.0,3.88
1471_018,1471,regular_season,3,1881.0,1970.0,89.0,4,5,10862|10885|10888|75|76,10861|3129|54|58|68,True,4.0,3.0,3.0,2.0
1471_019,1471,regular_season,3,1970.0,1983.0,13.0,4,5,10862|10888|75|76|87,10861|12|58|62|68,True,2.0,0.0,1.44,1.0
1471_020,1471,regular_season,3,1983.0,2042.0,59.0,4,5,10862|10888|75|76|87,10861|12|16|58|62,True,0.0,4.0,2.0,1.88
1471_021,1471,regular_season,3,2042.0,2160.0,118.0,4,5,10862|10887|75|87|88,10861|12|16|58|62,True,7.0,2.0,3.88,4.0
1471_022,1471,regular_season,4,2160.0,2262.0,102.0,4,5,10862|10887|75|87|88,10861|12|16|58|62,True,5.0,4.0,3.0,4.44
1471_023,1471,regular_season,4,2262.0,2309.0,47.0,4,5,10862|10887|75|87|88,10861|12|54|58|68,True,6.0,0.0,2.44,0.88
1471_024,1471,regular_season,4,2309.0,2401.0,92.0,4,5,10862|10887|75|87|88,12|16|54|58|68,True,0.0,3.0,3.0,3.0
1471_025,1471,regular_season,4,2401.0,2634.0,233.0,4,5,10862|10887|75|87|88,12|16|54|57|68,True,8.0,10.0,6.88,7.0
1471_026,1471,regular_season,4,2634.0,2758.0,124.0,4,5,10862|10887|75|87|88,16|54|57|58|68,True,5.0,4.0,3.44,4.0
1471_027,1471,regular_season,4,2758.0,2770.0,12.0,4,5,10862|10885|75|87|88,16|54|57|58|68,True,0.0,3.0,1.0,1.44
1471_028,1471,regular_season,4,2770.0,2855.0,85.0,4,5,10862|10887|75|87|88,16|54|57|58|68,True,8.0,4.0,4.76,4.640000000000001
1471_029,1471,regular_season,4,2855.0,2860.0,5.0,4,5,10887|75|82|87|88,16|54|57|58|68,True,2.0,0.0,0.88,0.0
1471_030,1471,regular_season,4,2860.0,2880.0,20.0,4,5,10887|75|82|87|88,16|3129|54|57|68,True,0.0,1.0,1.0,0.88
1475_001,1475,regular_season,1,0.0,302.0,302.0,5,2,16|54|57|62|68,110|118|121|14844|4181,True,10.0,10.0,8.32,8.88
1475_002,1475,regular_season,1,302.0,311.0,9.0,5,2,16|3129|54|57|68,110|118|121|14844|4181,True,0.0,0.0,0.88,0.0
1475_003,1475,regular_season,1,311.0,352.0,41.0,5,2,16|3129|54|57|68,108|116|118|4181|51,True,1.0,0.0,0.44,1.0
1475_004,1475,regular_season,1,352.0,447.0,95.0,5,2,10861|3129|54|57|68,108|116|118|4181|51,True,7.0,5.0,3.0,2.88
1475_005,1475,regular_season,1,447.0,512.0,65.0,5,2,10861|54|57|58|68,108|116|118|4181|51,True,2.0,1.0,3.0,1.88
1475_006,1475,regular_season,1,512.0,596.0,84.0,5,2,10861|12|16|54|58,108|110|116|118|51,True,0.0,2.0,1.0,1.0
1475_007,1475,regular_season,1,596.0,601.0,5.0,5,2,10861|12|16|55|58,108|110|116|118|51,True,0.0,0.0,0.0,1.0
1475_008,1475,regular_season,1,601.0,720.0,119.0,5,2,10861|12|16|55|58,108|110|116|121|51,True,3.0,1.0,3.88,3.88
1475_009,1475,regular_season,2,720.0,881.0,161.0,5,2,10861|12|16|55|58,110|118|121|14844|4181,True,3.0,5.0,5.88,5.0
1475_010,1475,regular_season,2,881.0,909.0,28.0,5,2,12|16|55|58|68,116|118|121|14844|4181,True,0.0,2.0,1.0,1.88
1475_011,1475,regular_season,2,909.0,932.0,23.0,5,2,12|16|55|58|68,116|118|121|14844|51,True,0.0,0.0,0.0,0.0
1475_012,1475,regular_season,2,932.0,970.0,38.0,5,2,12|16|58|62|68,116|118|121|14844|51,True,2.0,2.0,2.0,1.0
1475_013,1475,regular_season,2,970.0,1056.0,86.0,5,2,16|54|58|62|68,116|118|121|45|51,True,5.0,1.0,2.88,2.88
1475_014,1475,regular_season,2,1056.0,1164.0,108.0,5,2,10861|54|58|62|68,108|116|118|45|51,True,4.0,1.0,3.0,2.88
1475_015,1475,regular_season,2,1164.0,1254.0,90.0,5,2,10861|54|57|62|68,10891|116|118|45|51,True,2.0,2.0,3.0,3.0
1475_016,1475,regular_season,2,1254.0,1306.0,52.0,5,2,10861|54|57|62|68,10891|110|118|45|51,True,5.0,3.0,2.0,1.88
1475_017,1475,regular_season,2,1306.0,1440.0,134.0,5,2,10861|3129|54|62|68,110|118|4181|45|51,True,6.0,6.0,4.0,3.0
1475_018,1475,regular_season,3,1440.0,1810.0,370.0,5,2,16|54|57|62|68,110|118|121|4181|45,True,12.0,12.0,9.0,10.88
1475_019,1475,regular_season,3,1810.0,1839.0,29.0,5,2,16|54|58|62|68,116|118|121|4181|45,True,0.0,0.0,1.0,0.0
1475_020,1475,regular_season,3,1839.0,1929.0,90.0,5,2,10861|54|58|62|68,116|118|121|45|51,True,1.0,2.0,2.88,3.0
1475_021,1475,regular_season,3,1929.0,2160.0,231.0,5,2,10861|16|3129|54|58,10891|110|118|45|51,True,8.0,8.0,6.88,7.0
1475_022,1475,regular_season,4,2160.0,2289.0,129.0,5,2,10861|12|16|3129|58,10891|110|118|45|51,True,7.0,2.0,4.0,3.0
1475_023,1475,regular_season,4,2289.0,2371.0,82.0,5,2,10861|12|16|3129|58,110|118|121|45|51,True,0.0,2.0,2.0,2.0
1475_024,1475,regular_season,4,2371.0,2396.0,25.0,5,2,10861|12|16|3129|58,110|118|121|4181|45,True,0.0,0.0,0.0,0.0
1475_025,1475,regular_season,4,2396.0,2484.0,88.0,5,2,12|16|3129|57|68,110|118|121|4181|45,True,5.0,2.0,2.0,3.0
1475_026,1475,regular_season,4,2484.0,2546.0,62.0,5,2,12|16|3129|57|68,108|118|121|4181|51,True,5.0,0.0,2.88,2.0
1475_027,1475,regular_season,4,2546.0,2581.0,35.0,5,2,10861|12|3129|57|68,108|10891|116|4181|51,True,3.0,0.0,1.0,1.0
1475_028,1475,regular_season,4,2581.0,2589.0,8.0,5,2,10861|10884|12|3129|68,108|10891|116|4181|51,True,0.0,0.0,0.0,0.88
1475_029,1475,regular_season,4,2589.0,2630.0,41.0,5,2,10861|10884|12|55|68,108|10891|116|4181|51,True,3.0,0.0,1.0,0.0
1475_030,1475,regular_season,4,2630.0,2713.0,83.0,5,2,10861|10884|12|55|56,10891|116|13275|4181|51,True,4.0,2.0,2.0,2.0
1475_031,1475,regular_season,4,2713.0,2880.0,167.0,5,2,10884|55|56|60|64,10891|116|13275|4181|51,True,7.0,3.0,4.88,4.88
1477_001,1477,regular_season,1,0.0,299.0,299.0,5,8,16|54|57|62|68,1|10864|10867|13907|14,True,9.0,17.0,10.0,11.2
1477_002,1477,regular_season,1,299.0,387.0,88.0,5,8,16|54|57|58|68,1|10867|13907|14|5,True,5.0,3.0,4.88,4.0
1477_003,1477,regular_season,1,387.0,426.0,39.0,5,8,10884|16|54|58|68,1|10|10867|13907|5,True,2.0,5.0,2.0,2.44
1477_004,1477,regular_season,1,426.0,504.0,78.0,5,8,10860|10884|54|58|68,1|10|10867|14845|5,True,4.0,4.0,3.3200000000000003,2.88
1477_005,1477,regular_season,1,504.0,714.0,210.0,5,8,10860|12|55|58|68,1|10|13907|14845|5,True,9.0,5.0,6.0,5.76
1477_006,1477,regular_season,1,714.0,720.0,6.0,5,8,10860|12|55|58|68,10|10867|13907|14|5,True,0.0,0.0,1.0,0.0
1477_007,1477,regular_season,2,720.0,898.0,178.0,5,8,10860|12|16|55|58,1|10|13907|14845|5,True,2.0,2.0,4.0,4.88
1477_008,1477,regular_season,2,898.0,906.0,8.0,5,8,10860|12|16|57|58,1|10|13907|14|14845,True,0.0,0.0,0.0,0.0
1477_009,1477,regular_season,2,906.0,945.0,39.0,5,8,10860|12|16|57|58,1|13907|14|14845|3,True,5.0,0.0,2.44,1.0
1477_010,1477,regular_season,2,945.0,1037.0,92.0,5,8,10860|12|16|57|58,1|10867|13907|14|3,True,4.0,2.0,3.0,4.0
1477_011,1477,regular_season,2,1037.0,1167.0,130.0,5,8,10860|12|57|58|68,1|13907|14|14845|3,True,8.0,5.0,4.0,3.88
1477_012,1477,regular_season,2,1167.0,1220.0,53.0,5,8,10860|12|16|54|57,10|13907|14|14845|3,True,0.0,4.0,2.0,1.88
1477_013,1477,regular_season,2,1220.0,1334.0,114.0,5,8,16|3129|54|57|68,10|13907|14|14845|5,True,6.0,4.0,4.76,4.0
1477_014,1477,regular_season,2,1334.0,1362.0,28.0,5,8,16|3129|54|57|68,1|10|10864|13907|5,True,2.0,0.0,1.0,1.0
1477_015,1477,regular_season,2,1362.0,1440.0,78.0,5,8,16|3129|54|57|68,1|10|13|13907|5,True,3.0,0.0,1.88,3.0
1477_016,1477,regular_season,3,1440.0,1722.0,282.0,5,8,16|3129|54|57|68,1|13907|14|14845|5,True,7.0,8.0,8.0,9.32
1477_017,1477,regular_season,3,1722.0,1872.0,150.0,5,8,16|54|57|62|68,1|13907|14|14845|5,True,4.0,8.0,5.0,5.88
1477_018,1477,regular_season,3,1872.0,1957.0,85.0,5,8,10860|16|54|57|62,1|10|13907|14845|5,True,8.0,0.0,3.0,2.0
1477_019,1477,regular_season,3,1957.0,2020.0,63.0,5,8,10860|12|16|57|62,1|10|13907|14845|5,True,0.0,2.0,0.0,1.0
1477_020,1477,regular_season,3,2020.0,2064.0,44.0,5,8,10860|12|16|57|58,1|10|13907|14845|5,True,2.0,2.0,1.0,1.0
1477_021,1477,regular_season,3,2064.0,2156.0,92.0,5,8,10860|12|16|57|58,1|10|13|13907|5,True,2.0,2.0,2.0,2.0
1477_022,1477,regular_season,3,2156.0,2160.0,4.0,5,8,10860|12|57|58|68,10|13|13907|14|5,True,0.0,0.0,1.0,0.0
1477_023,1477,regular_season,4,2160.0,2232.0,72.0,5,8,10860|12|55|58|68,10|13|13907|14|3,True,2.0,3.0,3.0,3.0
1477_024,1477,regular_season,4,2232.0,2275.0,43.0,5,8,10860|12|55|58|68,1|13|13907|14|3,True,4.0,0.0,2.0,1.0
1477_025,1477,regular_season,4,2275.0,2381.0,106.0,5,8,10860|12|57|58|68,1|13907|14|14845|3,True,2.0,2.0,4.0,4.0
1477_026,1477,regular_season,4,2381.0,2602.0,221.0,5,8,10860|54|57|58|68,1|13907|14|14845|3,True,10.0,5.0,7.0,6.88
1477_027,1477,regular_season,4,2602.0,2751.0,149.0,5,8,10860|3129|54|57|68,1|13907|14|14845|5,True,1.0,6.0,2.88,3.88
1477_028,1477,regular_season,4,2751.0,2880.0,129.0,5,8,10860|16|3129|54|57,1|13907|14|14845|5,True,6.0,7.0,4.0,4.0
1480_001,1480,regular_season,1,0.0,272.0,272.0,4,5,10885|10887|14843|75|76,16|54|57|62|68,True,4.0,9.0,8.0,8.0
1480_002,1480,regular_season,1,272.0,371.0,99.0,4,5,10862|10885|10887|75|76,10884|16|54|57|68,True,4.0,2.0,3.3200000000000003,2.88
1480_003,1480,regular_season,1,371.0,404.0,33.0,4,5,10862|10887|75|76|87,10884|16|54|57|68,True,0.0,3.0,1.0,1.0
1480_004,1480,regular_season,1,404.0,406.0,2.0,4,5,10862|10887|75|76|87,10860|10884|54|57|68,True,2.0,0.0,0.88,0.0
1480_005,1480,regular_season,1,406.0,478.0,72.0,4,5,10862|10887|75|76|87,10860|10884|54|58|68,True,0.0,2.0,2.0,2.0
1480_006,1480,regular_season,1,478.0,496.0,18.0,4,5,10862|10887|76|87|88,10860|10884|12|58|68,True,0.0,0.0,0.0,1.0
1480_007,1480,regular_season,1,496.0,572.0,76.0,4,5,10862|10887|76|87|88,10860|12|3129|58|68,True,3.0,2.0,2.88,2.0
1480_008,1480,regular_season,1,572.0,693.0,121.0,4,5,10862|10887|14982|87|88,10860|12|3129|58|68,True,2.0,2.0,3.0,3.88
1480_009,1480,regular_season,1,693.0,720.0,27.0,4,5,10862|14843|14982|87|88,10860|12|16|3129|58,True,0.0,0.0,1.0,1.0
1480_010,1480,regular_season,2,720.0,840.0,120.0,4,5,10862|14843|14982|87|88,10860|12|16|3129|58,True,6.0,3.0,4.0,4.44
1480_011,1480,regular_season,2,840.0,900.0,60.0,4,5,10862|14843|14982|87|88,10860|12|16|3129|54,True,1.0,0.0,2.88,2.0
1480_012,1480,regular_season,2,900.0,1043.0,143.0,4,5,10862|14843|75|87|88,12|16|3129|54|68,True,3.0,8.0,4.0,5.0
1480_013,1480,regular_season,2,1043.0,1146.0,103.0,4,5,10887|14843|75|87|88,16|3129|54|57|68,True,5.0,2.0,4.44,4.0
1480_014,1480,regular_season,2,1146.0,1237.0,91.0,4,5,10862|10887|75|88|90,16|3129|54|57|68,True,5.0,3.0,2.88,2.0
1480_015,1480,regular_season,2,1237.0,1306.0,69.0,4,5,10862|10887|75|88|90,10860|3129|54|57|68,True,3.0,4.0,2.44,2.0
1480_016,1480,regular_season,2,1306.0,1343.0,37.0,4,5,10862|10887|75|76|90,10860|3129|54|57|68,True,2.0,3.0,1.0,2.3200000000000003
1480_017,1480,regular_season,2,1343.0,1374.0,31.0,4,5,10862|10887|75|76|90,10860|54|57|62|68,True,2.0,2.0,1.0,1.0
1480_018,1480,regular_season,2,1374.0,1440.0,66.0,4,5,10862|10887|75|76|87,10860|54|57|62|68,True,0.0,2.0,2.0,1.0
1480_019,1480,regular_season,3,1440.0,1526.0,86.0,4,5,10885|10887|14843|75|76,16|3129|54|57|68,True,2.0,3.0,1.88,3.0
1480_020,1480,regular_season,3,1526.0,1811.0,285.0,4,5,10862|10885|14843|75|76,16|3129|54|57|68,True,11.0,5.0,7.0,7.0
1480_021,1480,regular_season,3,1811.0,1831.0,20.0,4,5,10862|10885|14843|75|76,16|54|57|62|68,True,0.0,0.0,1.0,0.0
1480_022,1480,regular_season,3,1831.0,1904.0,73.0,4,5,10862|10885|14843|75|76,10860|54|57|62|68,True,0.0,2.0,2.0,2.0
1480_023,1480,regular_season,3,1904.0,2030.0,126.0,4,5,10862|10887|75|76|87,10860|54|57|62|68,True,2.0,3.0,4.0,4.0
1480_024,1480,regular_season,3,2030.0,2152.0,122.0,4,5,10862|10887|75|87|88,10860|12|16|57|62,True,6.0,0.0,3.0,4.0
1480_025,1480,regular_season,3,2152.0,2160.0,8.0,4,5,10862|10887|75|87|88,10860|12|16|57|58,True,3.0,0.0,1.0,0.0
1480_026,1480,regular_season,4,2160.0,2238.0,78.0,4,5,10862|10887|75|87|88,10860|12|16|57|58,True,2.0,2.0,1.0,0.88
1480_027,1480,regular_season,4,2238.0,2404.0,166.0,4,5,10862|10887|75|87|88,10860|12|16|3129|58,True,4.0,7.0,4.88,5.0
1480_028,1480,regular_season,4,2404.0,2442.0,38.0,4,5,10862|10885|10887|75|76,10860|12|16|3129|54,True,0.0,2.0,2.0,2.0
1480_029,1480,regular_season,4,2442.0,2535.0,93.0,4,5,10862|10885|10887|75|76,12|16|3129|54|68,True,0.0,5.0,4.0,3.3200000000000003
1480_030,1480,regular_season,4,2535.0,2670.0,135.0,4,5,10862|14843|75|87|88,12|16|54|57|68,True,2.0,0.0,3.76,4.0
1480_031,1480,regular_season,4,2670.0,2769.0,99.0,4,5,10862|14843|75|87|88,16|3129|54|57|68,True,1.0,0.0,3.88,3.0
1480_032,1480,regular_season,4,2769.0,2813.0,44.0,4,5,10887|14843|75|87|88,16|3129|54|57|68,True,0.0,0.0,0.0,1.0
1480_033,1480,regular_season,4,2813.0,2861.0,48.0,4,5,10862|10887|75|87|88,16|3129|54|57|68,True,2.0,0.0,0.88,1.0
1480_034,1480,regular_season,4,2861.0,2880.0,19.0,4,5,10862|10885|10887|75|87,16|3129|54|57|68,True,2.0,0.0,1.0,2.0
1484_001,1484,regular_season,1,0.0,349.0,349.0,6,5,10877|10880|10881|40|44,10861|54|57|62|68,True,19.0,16.0,11.44,10.88
1484_002,1484,regular_season,1,349.0,391.0,42.0,6,5,10877|10880|10881|40|44,10861|16|3129|54|57,True,2.0,3.0,2.0,1.0
1484_003,1484,regular_season,1,391.0,443.0,52.0,6,5,10877|10879|10880|10881|40,10861|10884|16|3129|54,True,2.0,0.0,2.0,2.88
1484_004,1484,regular_season,1,443.0,489.0,46.0,6,5,104|10877|10879|10881|47,10861|10884|16|3129|54,True,2.0,0.0,2.0,1.0
1484_005,1484,regular_season,1,489.0,567.0,78.0,6,5,104|10877|10879|10881|47,16|3129|54|64|68,True,2.0,2.0,1.88,2.0
1484_006,1484,regular_season,1,567.0,632.0,65.0,6,5,104|10879|10881|39|47,12|16|3129|64|68,True,0.0,0.0,2.0,3.0
1484_007,1484,regular_season,1,632.0,642.0,10.0,6,5,104|10879|10880|113|39,12|16|3129|64|68,True,1.0,0.0,0.44,0.0
1484_008,1484,regular_season,1,642.0,688.0,46.0,6,5,104|10879|10880|113|39,12|16|3129|62|68,True,4.0,1.0,3.0,2.88
1484_009,1484,regular_season,1,688.0,720.0,32.0,6,5,104|10879|10880|113|39,12|16|57|62|68,True,0.0,0.0,1.0,1.0
1484_010,1484,regular_season,2,720.0,823.0,103.0,6,5,104|10880|113|39|40,12|16|57|62|68,True,6.0,3.0,2.88,2.88
1484_011,1484,regular_season,2,823.0,904.0,81.0,6,5,104|10877|10880|113|40,10861|3129|54|57|68,True,6.0,4.0,3.0,2.88
1484_012,1484,regular_season,2,904.0,1004.0,100.0,6,5,104|10877|10880|40|44,10861|3129|54|57|68,True,2.0,6.0,3.0,3.44
1484_013,1484,regular_season,2,1004.0,1116.0,112.0,6,5,10877|10880|10881|40|44,10861|3129|54|57|68,True,3.0,8.0,4.0,4.0
1484_014,1484,regular_season,2,1116.0,1210.0,94.0,6,5,10877|10880|10881|113|40,10861|3129|54|57|68,True,1.0,4.0,4.88,3.88
1484_015,1484,regular_season,2,1210.0,1228.0,18.0,6,5,10877|10879|10880|10881|40,10861|54|57|62|68,True,0.0,2.0,1.0,1.0
1484_016,1484,regular_season,2,1228.0,1303.0,75.0,6,5,104|10877|10879|10881|47,10861|54|57|62|68,True,5.0,0.0,3.0,2.0
1484_017,1484,regular_season,2,1303.0,1385.0,82.0,6,5,104|10877|10879|10881|47,16|54|57|62|68,True,2.0,7.0,3.44,3.88
1484_018,1484,regular_season,2,1385.0,1440.0,55.0,6,5,104|10877|10879|10881|40,12|16|57|62|68,True,5.0,2.0,2.0,1.0
1484_019,1484,regular_season,3,1440.0,1702.0,262.0,6,5,10877|10879|10880|10881|113,16|54|57|62|68,True,6.0,8.0,6.88,7.76
1484_020,1484,regular_season,3,1702.0,1788.0,86.0,6,5,10877|10879|10880|10881|113,16|3129|54|57|68,True,3.0,3.0,3.0,2.88
1484_021,1484,regular_season,3,1788.0,1849.0,61.0,6,5,104|10877|10880|39|40,10861|3129|54|57|68,True,3.0,2.0,2.0,1.0
1484_022,1484,regular_season,3,1849.0,1934.0,85.0,6,5,104|10877|10880|39|40,10861|10884|3129|54|68,True,3.0,0.0,2.44,3.0
1484_023,1484,regular_season,3,1934.0,1968.0,34.0,6,5,104|10877|10880|39|40,10861|10884|16|3129|54,True,0.0,0.0,1.0,1.0
1484_024,1484,regular_season,3,1968.0,2012.0,44.0,6,5,104|10881|39|40|47,10861|10884|16|3129|54,True,0.0,0.0,1.0,1.0
1484_025,1484,regular_season,3,2012.0,2092.0,80.0,6,5,104|10881|39|40|47,10861|12|16|3129|57,True,1.0,2.0,3.3200000000000003,2.88
1484_026,1484,regular_season,3,2092.0,2137.0,45.0,6,5,104|10877|10880|39|47,10861|12|16|57|62,True,4.0,0.0,1.88,1.0
1484_027,1484,regular_season,3,2137.0,2160.0,23.0,6,5,104|10877|10880|39|47,10861|12|16|54|62,True,0.0,0.0,0.0,1.0
1484_028,1484,regular_season,4,2160.0,2296.0,136.0,6,5,104|10877|10880|39|47,10861|12|16|54|62,True,7.0,5.0,4.0,4.0
1484_029,1484,regular_season,4,2296.0,2388.0,92.0,6,5,104|10877|10880|39|47,12|16|3129|54|68,True,2.0,3.0,3.0,3.0
1484_030,1484,regular_season,4,2388.0,2423.0,35.0,6,5,104|10877|10880|113|39,12|16|3129|54|68,True,2.0,0.0,1.0,0.0
1484_031,1484,regular_season,4,2423.0,2452.0,29.0,6,5,104|10877|10880|113|39,16|3129|54|62|68,True,0.0,5.0,1.0,2.44
1484_032,1484,regular_season,4,2452.0,2459.0,7.0,6,5,10877|10880|10881|113|39,16|3129|54|62|68,True,0.0,2.0,1.0,1.0
1484_033,1484,regular_season,4,2459.0,2624.0,165.0,6,5,10877|10879|10880|10881|39,16|3129|54|62|68,True,7.0,0.0,5.0,4.0
1484_034,1484,regular_season,4,2624.0,2739.0,115.0,6,5,10877|10879|10880|10881|39,10861|54|57|62|68,True,2.0,2.0,2.88,3.0
1484_035,1484,regular_season,4,2739.0,2799.0,60.0,6,5,104|10877|10879|10881|39,10861|54|57|62|68,True,2.0,3.0,2.0,3.0
1484_036,1484,regular_season,4,2799.0,2880.0,81.0,6,5,104|10877|10879|10881|39,10861|3129|54|57|68,True,3.0,0.0,2.0,2.0
1489_001,1489,regular_season,1,0.0,219.0,219.0,5,3,16|54|57|62|68,103|10890|13906|79|89,True,6.0,6.0,8.44,6.88
1489_002,1489,regular_season,1,219.0,241.0,22.0,5,3,16|54|57|62|68,103|107|13906|79|89,True,2.0,3.0,0.88,1.0
1489_003,1489,regular_season,1,241.0,343.0,102.0,5,3,16|54|57|62|68,103|107|13906|89|91,True,2.0,5.0,3.0,3.88
1489_004,1489,regular_season,1,343.0,361.0,18.0,5,3,10861|54|57|58|68,103|107|13906|89|91,True,0.0,0.0,0.0,0.0
1489_005,1489,regular_season,1,361.0,455.0,94.0,5,3,10861|54|57|58|68,107|13906|77|89|91,True,7.0,4.0,3.88,2.0
1489_006,1489,regular_season,1,455.0,505.0,50.0,5,3,10861|3129|54|58|68,107|13906|77|79|86,True,2.0,0.0,1.88,2.0
1489_007,1489,regular_season,1,505.0,560.0,55.0,5,3,10861|12|3129|58|68,107|10890|77|79|86,True,0.0,5.0,2.0,2.0
1489_008,1489,regular_season,1,560.0,646.0,86.0,5,3,10861|12|16|3129|58,107|10890|77|79|86,True,4.0,2.0,2.88,3.0
1489_009,1489,regular_season,1,646.0,720.0,74.0,5,3,10861|12|16|3129|58,103|107|10890|79|86,True,0.0,4.0,2.0,3.0
1489_010,1489,regular_season,2,720.0,767.0,47.0,5,3,10861|12|16|3129|58,103|10890|13906|79|86,True,0.0,0.0,1.0,2.0
1489_011,1489,regular_season,2,767.0,920.0,153.0,5,3,10861|12|16|57|58,103|10890|13906|79|86,True,8.0,5.0,4.0,4.0
1489_012,1489,regular_season,2,920.0,935.0,15.0,5,3,10861|12|16|57|58,103|107|10890|86|91,True,0.0,1.0,1.0,0.44
1489_013,1489,regular_season,2,935.0,984.0,49.0,5,3,10861|12|57|62|68,103|107|10890|86|91,True,2.0,2.0,1.0,2.0
1489_014,1489,regular_season,2,984.0,1102.0,118.0,5,3,10861|54|57|62|68,103|107|10890|89|91,True,6.0,3.0,5.44,4.0
1489_015,1489,regular_season,2,1102.0,1187.0,85.0,5,3,10861|54|57|62|68,107|10890|77|89|91,True,5.0,0.0,1.88,2.0
1489_016,1489,regular_season,2,1187.0,1206.0,19.0,5,3,16|54|57|58|68,103|107|10890|77|89,True,0.0,0.0,0.0,0.0
1489_017,1489,regular_season,2,1206.0,1237.0,31.0,5,3,12|16|54|58|68,103|107|10890|77|89,True,1.0,2.0,1.44,1.88
1489_018,1489,regular_season,2,1237.0,1281.0,44.0,5,3,12|16|54|58|68,103|107|13906|77|89,True,1.0,0.0,1.88,1.0
1489_019,1489,regular_season,2,1281.0,1340.0,59.0,5,3,12|16|54|58|68,103|107|13906|79|89,True,2.0,3.0,2.0,2.76
1489_020,1489,regular_season,2,1340.0,1367.0,27.0,5,3,10861|12|54|58|68,103|107|13906|79|89,True,0.0,2.0,1.0,1.0
1489_021,1489,regular_season,2,1367.0,1440.0,73.0,5,3,10861|54|58|62|68,103|107|13906|79|89,True,2.0,0.0,1.0,1.0
1489_022,1489,regular_season,3,1440.0,1615.0,175.0,5,3,16|54|57|62|68,103|10890|13906|79|89,True,8.0,0.0,6.44,5.0
1489_023,1489,regular_season,3,1615.0,1677.0,62.0,5,3,16|54|57|62|68,107|13906|79|86|91,True,2.0,2.0,2.0,2.88
1489_024,1489,regular_season,3,1677.0,1717.0,40.0,5,3,16|54|57|58|68,107|13906|79|86|91,True,3.0,0.0,1.44,1.0
1489_025,1489,regular_season,3,1717.0,1832.0,115.0,5,3,10861|54|57|58|68,103|107|10890|79|86,True,10.0,4.0,4.44,3.0
1489_026,1489,regular_season,3,1832.0,1882.0,50.0,5,3,10861|54|57|58|68,103|107|10890|86|89,True,0.0,2.0,1.0,2.0
1489_027,1489,regular_season,3,1882.0,1948.0,66.0,5,3,10861|54|58|62|68,103|107|10890|86|89,True,4.0,3.0,2.44,1.88
1489_028,1489,regular_season,3,1948.0,2019.0,71.0,5,3,10861|12|58|62|68,103|107|10890|86|89,True,3.0,3.0,2.0,2.76
1489_029,1489,regular_season,3,2019.0,2080.0,61.0,5,3,10861|12|57|62|68,103|10890|13906|86|89,True,0.0,2.0,1.0,0.88
1489_030,1489,regular_season,3,2080.0,2160.0,80.0,5,3,10861|12|54|62|68,10890|13906|77|86|89,True,5.0,6.0,2.88,3.76
1489_031,1489,regular_season,4,2160.0,2219.0,59.0,5,3,10861|12|16|54|62,103|10890|13906|86|89,True,0.0,2.0,1.0,1.88
1489_032,1489,regular_season,4,2219.0,2285.0,66.0,5,3,10861|12|16|54|58,103|10890|13906|86|89,True,4.0,0.0,1.88,1.0
1489_033,1489,regular_season,4,2285.0,2358.0,73.0,5,3,10861|12|16|54|58,103|107|13906|79|89,True,2.0,0.0,2.0,2.0
1489_034,1489,regular_season,4,2358.0,2484.0,126.0,5,3,10861|12|57|58|68,103|107|13906|79|89,True,0.0,7.0,3.88,4.0
1489_035,1489,regular_season,4,2484.0,2644.0,160.0,5,3,10861|54|57|58|68,103|107|13906|79|89,True,4.0,9.0,4.88,6.0
1489_036,1489,regular_season,4,2644.0,2774.0,130.0,5,3,10861|54|57|58|68,103|107|10890|79|89,True,3.0,2.0,4.0,3.0
1489_037,1489,regular_season,4,2774.0,2843.0,69.0,5,3,16|54|57|58|68,103|107|10890|79|89,True,2.0,6.0,2.0,3.44
1489_038,1489,regular_season,4,2843.0,2851.0,8.0,5,3,16|54|58|62|68,103|107|10890|79|89,True,2.0,0.0,0.88,0.0
1489_039,1489,regular_season,4,2851.0,2880.0,29.0,5,3,12|16|54|58|68,103|107|10890|86|89,True,2.0,5.0,1.76,3.0
1493_001,1493,regular_season,1,0.0,277.0,277.0,7,5,13029|21|24|29|34,10860|16|54|57|58,True,10.0,5.0,9.44,9.76
1493_002,1493,regular_season,1,277.0,331.0,54.0,7,5,13029|21|22|24|34,10860|16|54|57|58,True,2.0,0.0,2.0,2.0
1493_003,1493,regular_season,1,331.0,406.0,75.0,7,5,10874|13029|21|22|34,10861|10884|16|54|58,True,2.0,4.0,3.0,2.88
1493_004,1493,regular_season,1,406.0,430.0,24.0,7,5,10874|14038|22|29|34,10861|10884|12|16|58,True,0.0,0.0,0.0,0.0
1493_005,1493,regular_season,1,430.0,471.0,41.0,7,5,10874|14038|22|29|34,10860|10861|10884|12|58,True,0.0,2.0,2.88,2.0
1493_006,1493,regular_season,1,471.0,621.0,150.0,7,5,10874|14038|22|29|34,10860|10861|10884|12|62,True,2.0,2.0,4.88,5.0
1493_007,1493,regular_season,1,621.0,720.0,99.0,7,5,10874|13029|14038|24|29,10861|12|16|57|62,True,3.0,5.0,3.0,4.0
1493_008,1493,regular_season,2,720.0,852.0,132.0,7,5,10874|13029|14038|24|29,10861|12|16|57|62,True,7.0,7.0,4.0,4.0
1493_009,1493,regular_season,2,852.0,854.0,2.0,7,5,13029|21|24|28|34,10861|12|16|57|62,True,3.0,0.0,1.44,0.0
1493_010,1493,regular_season,2,854.0,941.0,87.0,7,5,13029|21|24|28|34,10861|10884|12|16|62,True,3.0,2.0,2.0,3.0
1493_011,1493,regular_season,2,941.0,957.0,16.0,7,5,10873|13029|21|28|34,10860|10861|10884|54|62,True,0.0,0.0,0.0,0.0
1493_012,1493,regular_season,2,957.0,957.0,0.0,7,5,13029|14038|21|23|28,10860|10861|10884|54|62,True,0.0,0.0,0.0,0.0
1493_013,1493,regular_season,2,957.0,1068.0,111.0,7,5,13029|14038|21|23|28,10860|10861|10884|54|58,True,5.0,7.0,4.0,3.0
1493_014,1493,regular_season,2,1068.0,1139.0,71.0,7,5,10873|13029|14038|21|24,10860|10884|16|54|58,True,2.0,4.0,2.88,3.0
1493_015,1493,regular_season,2,1139.0,1273.0,134.0,7,5,13029|21|28|29|34,10860|16|54|58|62,True,0.0,2.0,4.0,4.0
1493_016,1493,regular_season,2,1273.0,1288.0,15.0,7,5,13029|21|24|29|34,10860|16|54|58|62,True,1.0,3.0,0.88,1.0
1493_017,1493,regular_season,2,1288.0,1345.0,57.0,7,5,14038|21|22|29|34,10860|16|54|58|62,True,0.0,2.0,2.0,2.0
1493_018,1493,regular_season,2,1345.0,1370.0,25.0,7,5,14038|21|22|29|34,10860|12|16|58|62,True,2.0,2.0,1.0,1.0
1493_019,1493,regular_season,2,1370.0,1440.0,70.0,7,5,14038|21|22|29|34,10861|12|16|58|62,True,3.0,4.0,2.0,2.0
1493_020,1493,regular_season,3,1440.0,1557.0,117.0,7,5,13029|21|24|29|34,10860|16|54|57|58,True,2.0,5.0,4.44,4.44
1493_021,1493,regular_season,3,1557.0,1722.0,165.0,7,5,13029|22|24|29|34,10860|16|54|57|58,True,2.0,2.0,4.0,5.0
1493_022,1493,regular_season,3,1722.0,1742.0,20.0,7,5,13029|22|24|29|34,10861|16|54|57|62,True,0.0,2.0,1.0,1.0
1493_023,1493,regular_season,3,1742.0,1857.0,115.0,7,5,13029|22|24|29|34,10861|12|16|57|62,True,10.0,2.0,5.32,2.0
1493_024,1493,regular_season,3,1857.0,1952.0,95.0,7,5,13029|14038|22|24|29,10861|12|16|57|62,True,7.0,0.0,3.0,3.0
1493_025,1493,regular_season,3,1952.0,1974.0,22.0,7,5,13029|14038|22|24|29,10860|10861|54|58|62,True,0.0,1.0,0.0,0.88
1493_026,1493,regular_season,3,1974.0,2058.0,84.0,7,5,13029|14038|22|24|29,10860|10861|10884|54|58,True,4.0,2.0,2.88,2.88
1493_027,1493,regular_season,3,2058.0,2126.0,68.0,7,5,13029|14038|21|22|24,10860|10861|10884|54|58,True,3.0,4.0,2.0,1.88
1493_028,1493,regular_season,3,2126.0,2160.0,34.0,7,5,10874|14038|21|22|34,10860|10884|12|16|58,True,0.0,2.0,1.0,1.0
1493_029,1493,regular_season,4,2160.0,2264.0,104.0,7,5,10874|14038|21|29|34,10861|12|16|54|58,True,4.0,4.0,3.0,2.88
1493_030,1493,regular_season,4,2264.0,2377.0,113.0,7,5,10874|13029|14038|24|29,10860|12|16|54|58,True,2.0,2.0,4.0,3.0
1493_031,1493,regular_season,4,2377.0,2467.0,90.0,7,5,13029|22|24|29|34,10860|12|16|57|58,True,4.0,0.0,2.0,3.0
1493_032,1493,regular_season,4,2467.0,2601.0,134.0,7,5,13029|22|24|29|34,10860|16|54|57|62,True,4.0,4.0,4.0,3.0
1493_033,1493,regular_season,4,2601.0,2724.0,123.0,7,5,13029|24|28|29|34,10860|16|54|57|62,True,5.0,7.0,3.0,3.88
1493_034,1493,regular_season,4,2724.0,2783.0,59.0,7,5,13029|21|24|29|34,10860|16|54|57|62,True,3.0,2.0,2.0,2.0
1493_035,1493,regular_season,4,2783.0,2811.0,28.0,7,5,14038|21|22|29|34,10860|16|54|57|58,True,0.0,2.0,1.0,0.88
1493_036,1493,regular_season,4,2811.0,2880.0,69.0,7,5,13029|21|24|29|34,10860|16|54|57|58,True,2.0,2.0,2.0,2.0
1499_001,1499,preseason,1,0.0,288.0,288.0,6,5,10877|10880|10881|39|44,10861|54|58|62|68,True,16.0,5.0,8.44,8.88
1499_002,1499,preseason,1,288.0,461.0,173.0,6,5,10877|10880|10881|39|44,10860|12|3129|58|68,True,9.0,2.0,5.0,5.0
1499_003,1499,preseason,1,461.0,622.0,161.0,6,5,10877|10879|10880|10881|113,10860|12|16|3129|57,True,7.0,6.0,6.0,5.88
1499_004,1499,preseason,1,622.0,654.0,32.0,6,5,10879|10880|10881|113|48,10860|10884|16|56|57,True,2.0,2.0,0.88,1.0
1499_005,1499,preseason,1,654.0,702.0,48.0,6,5,10879|10881|113|35|48,10860|10884|16|56|57,True,0.0,2.0,1.0,0.76
1499_006,1499,preseason,1,702.0,720.0,18.0,6,5,10879|10880|10881|35|48,10860|10884|16|56|57,True,1.0,0.0,1.88,2.0
1499_007,1499,preseason,2,720.0,857.0,137.0,6,5,10880|10881|39|40|44,10860|10884|16|54|56,True,3.0,2.0,3.0,3.0
1499_008,1499,preseason,2,857.0,864.0,7.0,6,5,10880|39|40|44|47,10861|10884|16|3129|54,True,0.0,0.0,0.0,0.0
1499_009,1499,preseason,2,864.0,957.0,93.0,6,5,10880|39|40|44|47,10861|12|16|3129|54,True,0.0,2.0,3.0,2.0
1499_010,1499,preseason,2,957.0,1088.0,131.0,6,5,10877|10881|39|40|47,10861|12|16|3129|54,True,10.0,4.0,4.0,4.0
1499_011,1499,preseason,2,1088.0,1089.0,1.0,6,5,10877|10881|40|47|48,10861|12|16|3129|54,True,0.0,2.0,0.0,0.88
1499_012,1499,preseason,2,1089.0,1178.0,89.0,6,5,10877|10881|40|47|48,10861|12|58|62|68,True,4.0,1.0,3.0,2.88
1499_013,1499,preseason,2,1178.0,1208.0,30.0,6,5,10877|10880|10881|40|48,10860|54|58|62|68,True,2.0,1.0,1.0,0.88
1499_014,1499,preseason,2,1208.0,1301.0,93.0,6,5,10877|10880|10882|113|48,10860|54|58|62|68,True,9.0,3.0,3.0,2.44
1499_015,1499,preseason,2,1301.0,1302.0,1.0,6,5,10877|10881|10882|113|48,10860|54|58|62|68,True,0.0,2.0,0.0,0.88
1499_016,1499,preseason,2,1302.0,1440.0,138.0,6,5,10877|10881|10882|113|48,10860|10884|16|54|58,True,4.0,3.0,5.0,4.88
1499_017,1499,preseason,3,1440.0,1599.0,159.0,6,5,10877|10880|10881|39|44,10860|12|16|54|56,True,2.0,8.0,5.0,6.44
1499_018,1499,preseason,3,1599.0,1687.0,88.0,6,5,10877|10880|10881|39|40,10860|12|16|54|56,True,0.0,5.0,3.0,3.88
1499_019,1499,preseason,3,1687.0,1768.0,81.0,6,5,10877|10879|10880|10881|39,10860|12|16|54|56,True,0.0,2.0,3.0,2.0
1499_020,1499,preseason,3,1768.0,1777.0,9.0,6,5,10877|10879|10881|39|47,10860|12|16|54|56,True,0.0,0.0,1.0,0.0
1499_021,1499,preseason,3,1777.0,1839.0,62.0,6,5,10877|10879|10881|10882|47,10860|12|16|54|56,True,3.0,3.0,1.0,2.44
1499_022,1499,preseason,3,1839.0,1913.0,74.0,6,5,10877|10879|10881|10882|47,10860|54|56|58|68,True,0.0,2.0,2.0,1.88
1499_023,1499,preseason,3,1913.0,1971.0,58.0,6,5,10877|10879|10881|10882|113,10860|54|57|58|68,True,2.0,0.0,2.0,2.0
1499_024,1499,preseason,3,1971.0,1989.0,18.0,6,5,10877|10879|10880|10882|113,10861|54|57|58|68,True,0.0,0.0,1.0,0.0
1499_025,1499,preseason,3,1989.0,2004.0,15.0,6,5,10877|10879|10880|10882|113,10861|10884|57|58|68,True,0.0,2.0,1.0,0.88
1499_026,1499,preseason,3,2004.0,2142.0,138.0,6,5,10879|10880|10882|113|48,10861|10884|57|58|68,True,2.0,4.0,4.0,5.0
1499_027,1499,preseason,3,2142.0,2160.0,18.0,6,5,10877|10879|10880|10881|40,10861|10884|57|58|68,True,0.0,0.0,1.0,0.0
1499_028,1499,preseason,4,2160.0,2201.0,41.0,6,5,10877|10880|10881|39|44,10861|10884|57|58|68,True,3.0,0.0,1.0,0.0
1499_029,1499,preseason,4,2201.0,2224.0,23.0,6,5,10877|10880|10881|39|44,10861|10884|12|57|68,True,0.0,0.0,1.0,1.0
1499_030,1499,preseason,4,2224.0,2384.0,160.0,6,5,10877|10880|10881|39|44,10861|12|54|62|68,True,6.0,2.0,4.0,6.0
1499_031,1499,preseason,4,2384.0,2438.0,54.0,6,5,10877|10880|10881|39|44,10860|12|54|56|68,True,2.0,2.0,2.0,2.0
1499_032,1499,preseason,4,2438.0,2499.0,61.0,6,5,10877|10881|39|44|47,10860|10884|54|56|68,True,2.0,2.0,3.0,3.0
1499_033,1499,preseason,4,2499.0,2537.0,38.0,6,5,10877|10881|39|40|47,10860|10884|54|56|68,True,2.0,2.0,1.0,0.88
1499_034,1499,preseason,4,2537.0,2653.0,116.0,6,5,10881|10882|39|40|47,10860|10884|12|16|56,True,5.0,0.0,3.88,3.0
1499_035,1499,preseason,4,2653.0,2722.0,69.0,6,5,10882|35|39|40|47,10860|10884|12|16|56,True,3.0,4.0,2.0,3.0
1499_036,1499,preseason,4,2722.0,2776.0,54.0,6,5,10882|10883|35|47|48,10860|10884|12|16|56,True,0.0,4.0,2.0,2.0
1499_037,1499,preseason,4,2776.0,2880.0,104.0,6,5,10878|10882|10883|35|48,10860|10884|12|16|56,True,2.0,2.0,2.0,2.0
1502_001,1502,preseason,1,0.0,221.0,221.0,5,7,10860|16|54|57|58,10872|10874|10876|29|867,True,4.0,0.0,4.76,6.0
1502_002,1502,preseason,1,221.0,332.0,111.0,5,7,10860|16|54|57|58,10874|10876|24|29|867,True,6.0,7.0,5.0,4.88
1502_003,1502,preseason,1,332.0,396.0,64.0,5,7,10860|12|16|54|56,10872|10874|10875|24|34,True,4.0,2.0,3.0,2.0
1502_004,1502,preseason,1,396.0,501.0,105.0,5,7,10860|10861|10884|12|56,10872|10874|10875|24|34,True,5.0,0.0,3.44,3.0
1502_005,1502,preseason,1,501.0,568.0,67.0,5,7,10860|10861|10884|12|56,10872|10875|19|24|867,True,2.0,2.0,1.0,2.0
1502_006,1502,preseason,1,568.0,585.0,17.0,5,7,10860|10861|10884|12|56,10872|10875|19|25|867,True,0.0,0.0,1.0,0.0
1502_007,1502,preseason,1,585.0,611.0,26.0,5,7,10860|10861|10884|12|56,10875|19|25|29|867,True,0.0,2.0,0.0,1.0
1502_008,1502,preseason,1,611.0,720.0,109.0,5,7,10861|12|54|56|62,10875|19|25|29|867,True,4.0,4.0,2.88,3.0
1502_009,1502,preseason,2,720.0,787.0,67.0,5,7,10861|3129|54|58|62,10875|19|25|29|867,True,5.0,0.0,2.0,1.0
1502_010,1502,preseason,2,787.0,861.0,74.0,5,7,10861|3129|54|58|62,10873|10875|19|29|867,True,0.0,2.0,3.0,4.0
1502_011,1502,preseason,2,861.0,972.0,111.0,5,7,10861|16|54|58|62,10873|10876|19|29|34,True,2.0,3.0,3.0,3.0
1502_012,1502,preseason,2,972.0,973.0,1.0,5,7,10860|10861|54|57|62,10873|10876|19|29,False,0.0,0.0,0.0,-1.0
1502_013,1502,preseason,2,973.0,1003.0,30.0,5,7,10860|10861|54|57|62,10875|10876|19|29,False,0.0,0.0,0.0,1.0
1502_014,1502,preseason,2,1003.0,1011.0,8.0,5,7,10860|10861|16|54|57,10875|10876|19|29,False,0.0,0.0,1.0,0.0
1502_015,1502,preseason,2,1011.0,1091.0,80.0,5,7,10860|16|54|57|58,10875|10876|19|29,False,3.0,5.0,2.88,2.88
1502_016,1502,preseason,2,1091.0,1125.0,34.0,5,7,10860|12|16|57|58,10872|10875|10876|22,False,0.0,2.0,1.0,0.88
1502_017,1502,preseason,2,1125.0,1174.0,49.0,5,7,10861|12|16|57|58,10872|10875|10876|22,False,3.0,3.0,1.88,2.0
1502_018,1502,preseason,2,1174.0,1264.0,90.0,5,7,10861|12|16|57|58,10872|10875|10876|23,False,2.0,2.0,3.0,3.0
1502_019,1502,preseason,2,1264.0,1265.0,1.0,5,7,10861|12|16|54|56,10872|10875|10876|23,False,1.0,0.0,0.88,0.0
1502_020,1502,preseason,2,1265.0,1317.0,52.0,5,7,10861|12|16|54|56,10872|10874|10875|19|867,True,0.0,0.0,2.0,3.0
1502_021,1502,preseason,2,1317.0,1440.0,123.0,5,7,10861|12|16|54|56,10874|19|29|34|867,True,3.0,3.0,4.88,4.0
1502_022,1502,preseason,3,1440.0,1557.0,117.0,5,7,10860|16|54|57|58,10872|10874|10876|22|867,True,2.0,8.0,3.0,4.0
1502_023,1502,preseason,3,1557.0,1661.0,104.0,5,7,10860|16|54|57|58,10874|10876|22|29|867,True,2.0,5.0,3.0,2.0
1502_024,1502,preseason,3,1661.0,1812.0,151.0,5,7,10861|12|16|54|58,10873|10875|19|29|867,True,9.0,7.0,4.0,5.0
1502_025,1502,preseason,3,1812.0,1974.0,162.0,5,7,10861|12|16|54|58,10872|10875|26|29|34,True,4.0,7.0,4.0,4.0
1502_026,1502,preseason,3,1974.0,2038.0,64.0,5,7,10860|10861|10884|12|56,10872|10875|26|29|34,True,2.0,3.0,2.0,1.0
1502_027,1502,preseason,3,2038.0,2061.0,23.0,5,7,10860|10861|10884|12|56,10872|10874|10875|26|34,True,0.0,0.0,1.0,1.0
1502_028,1502,preseason,3,2061.0,2142.0,81.0,5,7,10860|10861|10884|12|56,10872|10874|10876|24|34,True,2.0,2.0,2.0,2.0
1502_029,1502,preseason,3,2142.0,2160.0,18.0,5,7,10860|10861|10884|12|56,10872|10876|22|24|34,True,0.0,0.0,0.0,1.0
1502_030,1502,preseason,4,2160.0,2317.0,157.0,5,7,10860|10861|10884|12|56,10872|10876|22|24|867,True,8.0,7.0,5.0,5.0
1502_031,1502,preseason,4,2317.0,2369.0,52.0,5,7,10861|10884|12|16|56,10872|10876|28|29|867,True,5.0,2.0,2.44,1.0
1502_032,1502,preseason,4,2369.0,2405.0,36.0,5,7,10861|10884|12|16|56,10872|10876|25|29|867,True,0.0,3.0,1.0,1.0
1502_033,1502,preseason,4,2405.0,2438.0,33.0,5,7,10861|16|54|56|57,10872|10876|25|29|867,True,2.0,0.0,1.44,1.0
1502_034,1502,preseason,4,2438.0,2524.0,86.0,5,7,10861|16|54|57|58,10872|10876|25|29|867,True,0.0,0.0,3.0,4.0
1502_035,1502,preseason,4,2524.0,2671.0,147.0,5,7,10860|12|16|54|58,10872|10875|19|29|34,True,3.0,2.0,4.0,4.0
1502_036,1502,preseason,4,2671.0,2880.0,209.0,5,7,10860|12|16|54|58,10872|10874|10875|29|34,True,6.0,16.0,7.0,7.0
1503_001,1503,regular_season,1,0.0,263.0,263.0,5,2,10861|16|3129|54|57,10891|110|118|14844|4181,True,9.0,6.0,8.44,8.0
1503_002,1503,regular_season,1,263.0,284.0,21.0,5,2,10861|16|3129|54|57,116|118|121|14844|4181,True,0.0,0.0,0.0,1.0
1503_003,1503,regular_season,1,284.0,345.0,61.0,5,2,10861|16|54|57|62,116|118|121|14844|4181,True,3.0,0.0,2.0,1.0
1503_004,1503,regular_season,1,345.0,531.0,186.0,5,2,10860|16|54|57|62,116|118|121|14844|4181,True,2.0,6.0,4.0,5.0
1503_005,1503,regular_season,1,531.0,558.0,27.0,5,2,10860|16|54|58|62,10891|110|116|121|45,True,0.0,0.0,2.0,1.0
1503_006,1503,regular_season,1,558.0,612.0,54.0,5,2,10860|10861|12|58|62,10891|110|116|121|45,True,4.0,3.0,1.88,2.0
1503_007,1503,regular_season,1,612.0,720.0,108.0,5,2,10860|10861|12|3129|58,10891|110|116|121|45,True,5.0,3.0,3.0,4.0
1503_008,1503,regular_season,2,720.0,834.0,114.0,5,2,10860|10861|12|3129|58,110|121|14844|4181|45,True,2.0,9.0,4.0,4.44
1503_009,1503,regular_season,2,834.0,849.0,15.0,5,2,10861|12|16|3129|57,110|121|14844|4181|45,True,2.0,0.0,0.88,0.0
1503_010,1503,regular_season,2,849.0,917.0,68.0,5,2,10861|12|16|3129|57,110|118|14844|4181|45,True,2.0,5.0,1.88,2.0
1503_011,1503,regular_season,2,917.0,957.0,40.0,5,2,10861|16|54|57|62,10891|110|118|14844|4181,True,1.0,2.0,1.88,2.0
1503_012,1503,regular_season,2,957.0,1035.0,78.0,5,2,10861|16|54|57|62,110|118|121|14844|4181,True,2.0,2.0,2.0,3.3200000000000003
1503_013,1503,regular_season,2,1035.0,1079.0,44.0,5,2,10860|16|54|57|62,110|118|121|14844|4181,True,2.0,0.0,1.0,1.0
1503_014,1503,regular_season,2,1079.0,1127.0,48.0,5,2,10860|16|54|57|62,116|118|121|14844|4181,True,4.0,0.0,2.0,1.0
1503_015,1503,regular_season,2,1127.0,1277.0,150.0,5,2,10860|16|3129|54|57,116|118|121|14844|4181,True,3.0,4.0,5.44,4.88
1503_016,1503,regular_season,2,1277.0,1331.0,54.0,5,2,10860|16|3129|54|57,116|118|14844|4181|45,True,4.0,5.0,1.88,1.88
1503_017,1503,regular_season,2,1331.0,1440.0,109.0,5,2,10860|16|54|57|62,110|118|14844|4181|45,True,2.0,0.0,4.0,4.0
1503_018,1503,regular_season,3,1440.0,1592.0,152.0,5,2,10861|16|3129|54|57,110|118|121|14844|4181,True,6.0,3.0,3.88,4.88
1503_019,1503,regular_season,3,1592.0,1940.0,348.0,5,2,10861|16|3129|54|57,116|118|121|14844|4181,True,17.0,9.0,11.32,11.88
1503_020,1503,regular_season,3,1940.0,1976.0,36.0,5,2,10860|12|16|57|58,10891|116|121|14844|4181,True,0.0,0.0,1.0,0.0
1503_021,1503,regular_season,3,1976.0,2047.0,71.0,5,2,10860|12|16|57|58,10891|121|14844|4181|45,True,0.0,1.0,2.0,2.88
1503_022,1503,regular_season,3,2047.0,2160.0,113.0,5,2,10860|10861|12|3129|58,10891|118|121|4181|45,True,9.0,2.0,4.0,3.0
1503_023,1503,regular_season,4,2160.0,2262.0,102.0,5,2,10860|10861|12|3129|58,10891|116|118|14844|45,True,5.0,3.0,2.88,2.88
1503_024,1503,regular_season,4,2262.0,2346.0,84.0,5,2,10860|12|16|3129|58,10891|116|118|14844|45,True,4.0,5.0,3.0,3.44
1503_025,1503,regular_season,4,2346.0,2382.0,36.0,5,2,10860|12|16|3129|58,10891|116|14844|4181|45,True,0.0,1.0,1.0,0.88
1503_026,1503,regular_season,4,2382.0,2463.0,81.0,5,2,10860|12|16|58|62,10891|116|14844|4181|45,True,4.0,2.0,3.0,2.0
1503_027,1503,regular_season,4,2463.0,2579.0,116.0,5,2,10860|12|16|62,116|118|121|14844|4181,False,0.0,4.0,3.0,4.44
1503_028,1503,regular_season,4,2579.0,2683.0,104.0,5,2,10861|54|57|58|62,116|118|121|14844|4181,True,2.0,0.0,4.0,3.0
1503_029,1503,regular_season,4,2683.0,2789.0,106.0,5,2,10861|54|57|58|62,10891|116|14844|4181|45,True,2.0,6.0,3.0,3.88
1503_030,1503,regular_season,4,2789.0,2880.0,91.0,5,2,10884|57|58|60|64,10891|116|14844|4181|45,True,3.0,4.0,3.0,1.88
6316_001,6316,playoffs,1,0.0,245.0,245.0,5,7,16|54|57|62|68,13029|21|24|29|32,True,8.0,14.0,7.76,7.0
6316_002,6316,playoffs,1,245.0,302.0,57.0,5,7,16|3129|54|57|68,13029|21|24|29|32,True,0.0,2.0,1.0,2.0
6316_003,6316,playoffs,1,302.0,397.0,95.0,5,7,16|3129|54|58|68,13029|21|24|29|32,True,2.0,5.0,4.0,3.88
6316_004,6316,playoffs,1,397.0,433.0,36.0,5,7,16|3129|54|58|68,10872|13029|21|24|32,True,3.0,0.0,2.44,1.0
6316_005,6316,playoffs,1,433.0,541.0,108.0,5,7,10861|3129|54|58|68,10872|10874|13029|14038|21,True,5.0,4.0,4.32,3.88
6316_006,6316,playoffs,1,541.0,615.0,74.0,5,7,10861|12|3129|58|68,10872|10874|13029|14038|29,True,2.0,2.0,4.44,3.0
6316_007,6316,playoffs,1,615.0,683.0,68.0,5,7,10861|12|3129|58|68,10872|10874|14038|29|32,True,2.0,6.0,1.0,2.0
6316_008,6316,playoffs,1,683.0,710.0,27.0,5,7,10861|12|3129|58|68,10872|14038|25|29|32,True,0.0,0.0,1.88,2.0
6316_009,6316,playoffs,1,710.0,720.0,10.0,5,7,12|16|57|58|68,10872|10874|13029|14038|29,True,0.0,3.0,0.0,1.0
6316_010,6316,playoffs,2,720.0,872.0,152.0,5,7,10861|12|16|57|58,10872|10874|14038|29|32,True,6.0,5.0,5.32,5.0
6316_011,6316,playoffs,2,872.0,900.0,28.0,5,7,10861|12|16|57|58,13029|14038|21|24|29,True,0.0,2.0,0.0,1.0
6316_012,6316,playoffs,2,900.0,1001.0,101.0,5,7,10861|16|54|57|58,13029|14038|21|24|29,True,7.0,2.0,4.44,3.0
6316_013,6316,playoffs,2,1001.0,1002.0,1.0,5,7,16|54|57|58|68,13029|21|24|29|32,True,2.0,0.0,-0.12,0.0
6316_014,6316,playoffs,2,1002.0,1111.0,109.0,5,7,16|54|57|58|68,13029|14038|21|24|29,True,4.0,6.0,2.88,3.88
6316_015,6316,playoffs,2,1111.0,1147.0,36.0,5,7,16|3129|54|57|68,10874|13029|14038|21|29,True,2.0,1.0,1.0,0.88
6316_016,6316,playoffs,2,1147.0,1251.0,104.0,5,7,16|54|57|58|68,10872|10874|13029|14038|29,True,3.0,7.0,3.0,3.3200000000000003
6316_017,6316,playoffs,2,1251.0,1349.0,98.0,5,7,16|54|57|58|68,10872|10874|13029|14038|21,True,6.0,2.0,3.44,3.0
6316_018,6316,playoffs,2,1349.0,1373.0,24.0,5,7,16|54|57|58|68,10872|10874|13029|21|32,True,2.0,0.0,1.0,0.0
6316_019,6316,playoffs,2,1373.0,1440.0,67.0,5,7,16|54|57|58|68,10872|13029|21|29|32,True,0.0,5.0,1.0,2.0
6316_020,6316,playoffs,3,1440.0,1677.0,237.0,5,7,16|3129|54|57|68,13029|21|24|29|32,True,8.0,5.0,10.32,9.0
6316_021,6316,playoffs,3,1677.0,1706.0,29.0,5,7,16|3129|54|58|68,13029|14038|21|24|29,True,0.0,0.0,1.0,1.0
6316_022,6316,playoffs,3,1706.0,1724.0,18.0,5,7,16|3129|54|58|68,10872|13029|14038|24|29,True,0.0,0.0,1.0,1.0
6316_023,6316,playoffs,3,1724.0,1804.0,80.0,5,7,10861|3129|54|58|68,10872|13029|14038|24|29,True,2.0,3.0,1.0,2.0
6316_024,6316,playoffs,3,1804.0,1879.0,75.0,5,7,10861|16|3129|54|58,10872|10874|13029|14038|29,True,7.0,2.0,3.3200000000000003,2.0
6316_025,6316,playoffs,3,1879.0,1970.0,91.0,5,7,10861|16|3129|54|58,10872|10874|14038|29|32,True,2.0,5.0,3.0,3.44
6316_026,6316,playoffs,3,1970.0,2021.0,51.0,5,7,10861|54|57|58|68,10872|14038|21|29|32,True,3.0,0.0,1.44,2.0
6316_027,6316,playoffs,3,2021.0,2089.0,68.0,5,7,10861|54|57|58|68,10872|13029|14038|21|29,True,2.0,3.0,2.0,2.44
6316_028,6316,playoffs,3,2089.0,2118.0,29.0,5,7,10861|54|57|58|68,10872|10874|13029|14038|21,True,2.0,2.0,1.0,0.88
6316_029,6316,playoffs,3,2118.0,2138.0,20.0,5,7,10861|12|58|62|68,10872|13029|14038|21|23,True,0.0,1.0,1.0,0.88
6316_030,6316,playoffs,3,2138.0,2158.0,20.0,5,7,10861|12|58|62|68,10872|14038|21|23|25,True,0.0,2.0,1.0,0.88
6316_031,6316,playoffs,3,2158.0,2160.0,2.0,5,7,10861|12|58|62|68,10872|14038|21|25|32,True,0.0,0.0,1.0,0.0
6316_032,6316,playoffs,4,2160.0,2187.0,27.0,5,7,10861|12|58|62|68,10872|10874|14038|21|32,True,0.0,0.0,0.0,1.0
6316_033,6316,playoffs,4,2187.0,2289.0,102.0,5,7,10861|12|58|62|68,10872|13029|21|24|32,True,2.0,3.0,3.0,3.0
6316_034,6316,playoffs,4,2289.0,2391.0,102.0,5,7,16|54|58|62|68,13029|14038|21|24|29,True,2.0,6.0,3.0,3.0
6316_035,6316,playoffs,4,2391.0,2439.0,48.0,5,7,16|3129|54|58|68,13029|14038|21|24|29,True,3.0,0.0,2.0,1.0
6316_036,6316,playoffs,4,2439.0,2472.0,33.0,5,7,16|3129|54|58|68,13029|21|24|29|32,True,1.0,0.0,0.88,1.0
6316_037,6316,playoffs,4,2472.0,2484.0,12.0,5,7,16|3129|54|58|68,10872|10874|13029|29|32,True,0.0,0.0,0.0,0.0
6316_038,6316,playoffs,4,2484.0,2533.0,49.0,5,7,16|3129|54|58|68,10872|10874|13029|14038|29,True,0.0,3.0,0.88,2.0
6316_039,6316,playoffs,4,2533.0,2638.0,105.0,5,7,16|3129|54|57|68,10872|10874|13029|14038|29,True,4.0,2.0,3.0,3.0
6316_040,6316,playoffs,4,2638.0,2674.0,36.0,5,7,10861|3129|54|57|68,10872|13029|21|29|32,True,4.0,0.0,1.88,1.0
6316_041,6316,playoffs,4,2674.0,2880.0,206.0,5,7,10861|54|57|58|68,10872|13029|21|29|32,True,9.0,10.0,6.88,6.640000000000001
6317_001,6317,playoffs,1,0.0,248.0,248.0,5,7,16|3129|54|58|68,13029|21|24|29|34,True,12.0,8.0,7.88,7.0
6317_002,6317,playoffs,1,248.0,355.0,107.0,5,7,16|3129|54|58|68,10874|13029|14038|21|29,True,4.0,0.0,3.3200000000000003,4.0
6317_003,6317,playoffs,1,355.0,368.0,13.0,5,7,16|3129|54|58|68,10872|14038|21|29|34,True,4.0,0.0,1.88,1.0
6317_004,6317,playoffs,1,368.0,457.0,89.0,5,7,16|54|57|58|68,10872|14038|21|29|34,True,6.0,4.0,3.0,4.44
6317_005,6317,playoffs,1,457.0,490.0,33.0,5,7,10860|12|57|58|68,10872|13029|21|28|34,True,0.0,2.0,1.0,0.88
6317_006,6317,playoffs,1,490.0,537.0,47.0,5,7,10860|12|57|62|68,10872|13029|21|28|34,True,2.0,2.0,1.88,0.88
6317_007,6317,playoffs,1,537.0,685.0,148.0,5,7,10860|12|57|62|68,10872|13029|28|29|34,True,4.0,4.0,5.0,5.88
6317_008,6317,playoffs,1,685.0,715.0,30.0,5,7,10860|12|16|57|62,10872|13029|24|29|34,True,0.0,1.0,1.0,0.88
6317_009,6317,playoffs,1,715.0,720.0,5.0,5,7,10860|12|16|57|62,10872|14038|21|22|34,True,0.0,0.0,1.0,0.0
6317_010,6317,playoffs,2,720.0,803.0,83.0,5,7,10860|12|16|57|62,10872|14038|22|29|34,True,5.0,1.0,2.0,1.88
6317_011,6317,playoffs,2,803.0,858.0,55.0,5,7,10860|12|16|57|62,13029|22|24|29|34,True,2.0,0.0,2.0,2.0
6317_012,6317,playoffs,2,858.0,970.0,112.0,5,7,10860|12|16|58|62,13029|21|24|29|34,True,3.0,6.0,3.0,4.0
6317_013,6317,playoffs,2,970.0,1071.0,101.0,5,7,10860|3129|54|58|68,13029|14038|21|24|29,True,5.0,4.0,4.0,3.0
6317_014,6317,playoffs,2,1071.0,1161.0,90.0,5,7,16|3129|54|58|68,10872|13029|14038|21|29,True,3.0,5.0,2.0,2.0
6317_015,6317,playoffs,2,1161.0,1229.0,68.0,5,7,16|3129|54|58|68,10872|13029|21|29|34,True,3.0,1.0,2.0,2.88
6317_016,6317,playoffs,2,1229.0,1312.0,83.0,5,7,10860|16|3129|54|57,10872|13029|21|24|34,True,3.0,4.0,2.0,2.0
6317_017,6317,playoffs,2,1312.0,1407.0,95.0,5,7,10860|16|3129|54|57,10872|13029|14038|21|24,True,3.0,3.0,2.0,2.0
6317_018,6317,playoffs,2,1407.0,1440.0,33.0,5,7,10860|16|3129|54|57,10872|13029|14038|21|25,True,0.0,0.0,1.0,0.0
6317_019,6317,playoffs,3,1440.0,1596.0,156.0,5,7,16|3129|54|58|68,13029|21|24|29|34,True,9.0,0.0,5.0,3.88
6317_020,6317,playoffs,3,1596.0,1810.0,214.0,5,7,16|3129|54|58|68,10872|10874|13029|29|34,True,1.0,9.0,5.88,6.88
6317_021,6317,playoffs,3,1810.0,1821.0,11.0,5,7,16|3129|54|57|68,10872|10874|14038|21|34,True,0.0,0.0,0.0,0.0
6317_022,6317,playoffs,3,1821.0,1883.0,62.0,5,7,16|3129|54|57|68,10872|14038|21|25|34,True,4.0,3.0,3.0,2.88
6317_023,6317,playoffs,3,1883.0,1942.0,59.0,5,7,10860|16|3129|54|57,10872|13029|14038|21|24,True,2.0,3.0,1.0,1.0
6317_024,6317,playoffs,3,1942.0,2039.0,97.0,5,7,10860|16|54|57|62,10872|13029|14038|21|24,True,8.0,0.0,3.0,2.88
6317_025,6317,playoffs,3,2039.0,2058.0,19.0,5,7,10860|12|57|62|68,10872|13029|14038|21|24,True,0.0,0.0,1.0,1.0
6317_026,6317,playoffs,3,2058.0,2160.0,102.0,5,7,10860|12|57|62|68,10872|10874|13029|14038|25,True,6.0,6.0,4.44,2.88
6317_027,6317,playoffs,4,2160.0,2297.0,137.0,5,7,10860|12|57|62|68,10872|10874|13029|29|34,True,7.0,8.0,4.44,4.0
6317_028,6317,playoffs,4,2297.0,2371.0,74.0,5,7,10860|3129|54|62|68,10872|10874|13029|29|34,True,6.0,3.0,2.0,2.88
6317_029,6317,playoffs,4,2371.0,2380.0,9.0,5,7,16|3129|54|58|68,10872|10874|13029|29|34,True,0.0,0.0,0.0,0.0
6317_030,6317,playoffs,4,2380.0,2440.0,60.0,5,7,16|3129|54|58|68,10872|13029|14038|25|29,True,2.0,3.0,2.0,2.0
6317_031,6317,playoffs,4,2440.0,2483.0,43.0,5,7,16|3129|54|58|68,10872|10873|13029|14038|29,True,0.0,2.0,1.0,0.88
6317_032,6317,playoffs,4,2483.0,2573.0,90.0,5,7,16|3129|54|58|68,10872|13029|14038|21|22,True,5.0,0.0,2.88,2.0
6317_033,6317,playoffs,4,2573.0,2697.0,124.0,5,7,16|54|57|62|68,10872|14038|22|29|34,True,3.0,7.0,3.0,3.0
6317_034,6317,playoffs,4,2697.0,2719.0,22.0,5,7,10860|10884|12|16|62,10874|14038|22|24|29,True,2.0,2.0,0.88,1.0
6317_035,6317,playoffs,4,2719.0,2790.0,71.0,5,7,10860|10884|12|60|62,10873|10874|14038|19|22,True,0.0,0.0,2.0,2.0
6317_036,6317,playoffs,4,2790.0,2880.0,90.0,5,7,10884|12|60|62|64,10873|19|22|23|28,True,0.0,1.0,3.0,3.88
6318_001,6318,playoffs,1,0.0,149.0,149.0,7,5,13029|22|25|29|34,16|3129|54|58|68,True,2.0,3.0,4.0,5.0
6318_002,6318,playoffs,1,149.0,240.0,91.0,7,5,13029|22|24|29|34,16|3129|54|58|68,True,2.0,4.0,3.0,2.88
6318_003,6318,playoffs,1,240.0,300.0,60.0,7,5,13029|22|24|29|32,16|3129|54|58|68,True,5.0,2.0,2.0,1.88
6318_004,6318,playoffs,1,300.0,355.0,55.0,7,5,10872|13029|22|24|32,16|54|57|58|68,True,0.0,0.0,2.0,1.0
6318_005,6318,playoffs,1,355.0,408.0,53.0,7,5,10872|13029|22|24|32,10860|54|57|58|68,True,0.0,4.0,1.0,1.88
6318_006,6318,playoffs,1,408.0,460.0,52.0,7,5,10872|10874|29|32|34,10860|54|57|62|68,True,0.0,0.0,3.0,2.88
6318_007,6318,playoffs,1,460.0,542.0,82.0,7,5,10872|10874|29|32|34,10860|12|57|62|68,True,0.0,4.0,3.0,2.88
6318_008,6318,playoffs,1,542.0,668.0,126.0,7,5,10872|10874|13029|29|34,10860|12|16|57|62,True,6.0,4.0,3.88,4.0
6318_009,6318,playoffs,1,668.0,682.0,14.0,7,5,10872|13029|24|29|32,10860|12|16|57|62,True,1.0,0.0,0.88,0.0
6318_010,6318,playoffs,1,682.0,689.0,7.0,7,5,10872|13029|24|29|32,10860|12|57|62|68,True,0.0,1.0,0.0,0.88
6318_011,6318,playoffs,1,689.0,720.0,31.0,7,5,10872|10874|13029|29|32,10860|12|57|62|68,True,3.0,0.0,1.0,1.0
6318_012,6318,playoffs,2,720.0,807.0,87.0,7,5,10872|13029|24|29|34,10860|12|3129|57|68,True,2.0,1.0,2.0,2.88
6318_013,6318,playoffs,2,807.0,930.0,123.0,7,5,10872|10874|13029|29|34,16|3129|54|58|68,True,3.0,2.0,3.0,4.0
6318_014,6318,playoffs,2,930.0,974.0,44.0,7,5,10874|22|29|32|34,10860|3129|54|58|68,True,2.0,2.0,2.0,2.0
6318_015,6318,playoffs,2,974.0,995.0,21.0,7,5,10872|13029|22|29|34,10860|3129|54|58|68,True,3.0,0.0,1.0,0.0
6318_016,6318,playoffs,2,995.0,1005.0,10.0,7,5,10872|13029|22|28|34,10860|3129|54|58|68,True,0.0,2.0,0.0,0.88
6318_017,6318,playoffs,2,1005.0,1094.0,89.0,7,5,10872|13029|22|28|32,10860|3129|54|58|68,True,4.0,4.0,3.0,2.88
6318_018,6318,playoffs,2,1094.0,1152.0,58.0,7,5,10872|13029|22|24|32,10860|3129|54|57|68,True,4.0,2.0,2.0,1.88
6318_019,6318,playoffs,2,1152.0,1238.0,86.0,7,5,13029|25|28|29|32,10860|3129|54|57|68,True,8.0,1.0,4.44,2.88
6318_020,6318,playoffs,2,1238.0,1319.0,81.0,7,5,13029|22|24|29|32,10860|16|54|57|58,True,2.0,7.0,2.0,2.88
6318_021,6318,playoffs,2,1319.0,1403.0,84.0,7,5,10872|13029|24|29|34,10860|16|54|57|58,True,2.0,0.0,2.0,2.0
6318_022,6318,playoffs,2,1403.0,1434.0,31.0,7,5,10872|13029|28|29|34,10860|3129|54|57|68,True,2.0,0.0,1.0,0.0
6318_023,6318,playoffs,2,1434.0,1440.0,6.0,7,5,10872|13029|25|29|34,10860|3129|54|57|68,True,0.0,2.0,0.0,1.0
6318_024,6318,playoffs,3,1440.0,1581.0,141.0,7,5,13029|22|25|29|34,16|3129|54|58|68,True,6.0,3.0,4.76,4.0
6318_025,6318,playoffs,3,1581.0,1625.0,44.0,7,5,13029|22|25|29|32,16|3129|54|58|68,True,4.0,0.0,2.0,1.0
6318_026,6318,playoffs,3,1625.0,1683.0,58.0,7,5,13029|22|25|29|32,16|54|57|62|68,True,3.0,2.0,1.0,1.0
6318_027,6318,playoffs,3,1683.0,1718.0,35.0,7,5,13029|22|24|29|32,16|54|57|62|68,True,0.0,4.0,1.0,2.3200000000000003
6318_028,6318,playoffs,3,1718.0,1773.0,55.0,7,5,13029|22|28|29|32,16|54|57|62|68,True,0.0,0.0,3.0,3.0
6318_029,6318,playoffs,3,1773.0,1855.0,82.0,7,5,10872|13029|28|29|34,16|54|57|62|68,True,6.0,3.0,2.76,2.0
6318_030,6318,playoffs,3,1855.0,2018.0,163.0,7,5,10872|13029|23|29|32,10860|16|54|57|58,True,5.0,5.0,5.0,5.0
6318_031,6318,playoffs,3,2018.0,2070.0,52.0,7,5,10872|10874|13029|24|32,10860|54|57|58|68,True,3.0,7.0,2.0,2.44
6318_032,6318,playoffs,3,2070.0,2155.0,85.0,7,5,10872|10874|13029|24|32,10860|3129|54|58|68,True,2.0,8.0,2.0,2.88
6318_033,6318,playoffs,3,2155.0,2160.0,5.0,7,5,10872|10874|13029|28|32,10860|12|3129|54|68,True,0.0,0.0,1.0,0.0
6318_034,6318,playoffs,4,2160.0,2308.0,148.0,7,5,10872|10874|29|32|34,10860|12|3129|58|68,True,5.0,7.0,4.0,5.0
6318_035,6318,playoffs,4,2308.0,2335.0,27.0,7,5,10872|13029|25|29|32,10860|12|3129|58|68,True,0.0,2.0,1.0,1.0
6318_036,6318,playoffs,4,2335.0,2410.0,75.0,7,5,10872|13029|24|29|32,10860|12|3129|58|68,True,5.0,3.0,2.0,2.0
6318_037,6318,playoffs,4,2410.0,2465.0,55.0,7,5,10872|13029|24|29|32,10860|54|57|58|68,True,2.0,0.0,2.0,1.0
6318_038,6318,playoffs,4,2465.0,2549.0,84.0,7,5,10872|13029|24|29|34,10860|16|54|57|58,True,3.0,2.0,3.0,3.0
6318_039,6318,playoffs,4,2549.0,2634.0,85.0,7,5,13029|22|24|29|34,16|54|57|58|68,True,2.0,5.0,2.0,3.44
6318_040,6318,playoffs,4,2634.0,2666.0,32.0,7,5,13029|22|25|29|34,16|3129|54|58|68,True,0.0,2.0,1.0,0.88
6318_041,6318,playoffs,4,2666.0,2796.0,130.0,7,5,10872|13029|25|29|32,16|3129|54|58|68,True,5.0,2.0,3.0,3.0
6318_042,6318,playoffs,4,2796.0,2830.0,34.0,7,5,10872|13029|25|29|34,16|3129|54|58|68,True,0.0,0.0,1.0,0.88
6318_043,6318,playoffs,4,2830.0,2832.0,2.0,7,5,10872|10874|13029|29|32,16|3129|54|58|68,True,0.0,0.0,0.0,-1.0
6318_044,6318,playoffs,4,2832.0,2837.0,5.0,7,5,10872|13029|25|29|32,16|3129|54|58|68,True,0.0,2.0,0.0,0.88
6318_045,6318,playoffs,4,2837.0,2863.0,26.0,7,5,10872|10874|13029|29|32,16|3129|54|58|68,True,2.0,0.0,0.88,0.0
6318_046,6318,playoffs,4,2863.0,2863.0,0.0,7,5,10872|13029|25|29|32,16|3129|54|58|68,True,0.0,0.0,0.0,0.0
6318_047,6318,playoffs,4,2863.0,2880.0,17.0,7,5,10872|13029|25|29|34,16|3129|54|58|68,True,0.0,0.0,0.0,1.0
6319_001,6319,playoffs,1,0.0,316.0,316.0,7,5,13029|22|25|29|34,16|3129|54|58|68,True,12.0,8.0,9.76,8.88
6319_002,6319,playoffs,1,316.0,358.0,42.0,7,5,10872|13029|21|29|34,16|54|57|62|68,True,2.0,6.0,1.0,2.44
6319_003,6319,playoffs,1,358.0,379.0,21.0,7,5,10872|13029|21|29|32,16|54|57|62|68,True,0.0,1.0,1.0,0.88
6319_004,6319,playoffs,1,379.0,529.0,150.0,7,5,10872|13029|21|29|32,10861|54|57|62|68,True,7.0,5.0,5.0,4.0
6319_005,6319,playoffs,1,529.0,584.0,55.0,7,5,10872|13029|21|24|32,10861|16|54|57|58,True,0.0,3.0,1.0,1.88
6319_006,6319,playoffs,1,584.0,694.0,110.0,7,5,10872|10874|21|32|34,10861|16|54|57|58,True,6.0,8.0,3.88,3.0
6319_007,6319,playoffs,1,694.0,711.0,17.0,7,5,10874|21|22|32|34,10861|16|54|57|58,True,0.0,0.0,0.0,1.0
6319_008,6319,playoffs,1,711.0,720.0,9.0,7,5,10872|10874|13029|22|32,10861|12|16|57|58,True,0.0,0.0,1.0,0.0
6319_009,6319,playoffs,2,720.0,767.0,47.0,7,5,10872|10874|29|32|34,10861|12|16|57|58,True,0.0,2.0,1.0,1.0
6319_010,6319,playoffs,2,767.0,859.0,92.0,7,5,10872|13029|24|29|32,10861|12|16|57|58,True,6.0,3.0,3.0,3.88
6319_011,6319,playoffs,2,859.0,912.0,53.0,7,5,10872|13029|25|29|32,12|16|57|58|68,True,0.0,2.0,2.0,1.0
6319_012,6319,playoffs,2,912.0,983.0,71.0,7,5,13029|25|28|29|34,12|16|57|58|68,True,3.0,6.0,2.0,3.44
6319_013,6319,playoffs,2,983.0,1056.0,73.0,7,5,13029|25|28|29|34,12|16|3129|57|68,True,4.0,2.0,2.88,2.0
6319_014,6319,playoffs,2,1056.0,1160.0,104.0,7,5,13029|21|28|29|34,10861|3129|54|57|68,True,5.0,6.0,4.0,5.0
6319_015,6319,playoffs,2,1160.0,1207.0,47.0,7,5,13029|21|28|29|32,10861|3129|54|57|68,True,2.0,3.0,1.0,1.0
6319_016,6319,playoffs,2,1207.0,1231.0,24.0,7,5,10872|13029|28|29|32,10861|54|58|62|68,True,4.0,0.0,2.3200000000000003,1.0
6319_017,6319,playoffs,2,1231.0,1294.0,63.0,7,5,10872|13029|25|29|32,10861|54|58|62|68,True,6.0,4.0,2.0,1.88
6319_018,6319,playoffs,2,1294.0,1315.0,21.0,7,5,10872|13029|24|29|32,16|54|58|62|68,True,1.0,0.0,0.88,1.0
6319_019,6319,playoffs,2,1315.0,1347.0,32.0,7,5,10872|13029|24|29|34,16|54|58|62|68,True,2.0,0.0,0.88,1.0
6319_020,6319,playoffs,2,1347.0,1399.0,52.0,7,5,10872|13029|25|29|34,16|54|57|58|68,True,2.0,1.0,1.0,1.88
6319_021,6319,playoffs,2,1399.0,1440.0,41.0,7,5,10872|13029|28|29|34,16|54|57|58|68,True,1.0,0.0,0.88,1.0
6319_022,6319,playoffs,3,1440.0,1633.0,193.0,7,5,13029|22|25|29|32,16|3129|54|58|68,True,7.0,6.0,6.44,4.0
6319_023,6319,playoffs,3,1633.0,1718.0,85.0,7,5,10872|13029|22|29|34,16|3129|54|58|68,True,0.0,5.0,3.0,2.88
6319_024,6319,playoffs,3,1718.0,1828.0,110.0,7,5,10872|22|29|32|34,16|3129|54|58|68,True,4.0,0.0,4.0,4.0
6319_025,6319,playoffs,3,1828.0,1871.0,43.0,7,5,10872|28|29|32|34,16|3129|54|57|68,True,0.0,1.0,1.0,1.88
6319_026,6319,playoffs,3,1871.0,1930.0,59.0,7,5,10872|13029|28|29|34,10861|3129|54|57|68,True,5.0,2.0,1.88,1.0
6319_027,6319,playoffs,3,1930.0,1992.0,62.0,7,5,10872|13029|28|29|34,10861|54|57|58|68,True,2.0,0.0,1.88,2.0
6319_028,6319,playoffs,3,1992.0,2003.0,11.0,7,5,10872|13029|24|28|34,10861|16|54|57|58,True,0.0,2.0,0.0,0.88
6319_029,6319,playoffs,3,2003.0,2102.0,99.0,7,5,10872|10874|13029|24|34,10861|16|54|57|58,True,5.0,5.0,2.0,1.88
6319_030,6319,playoffs,3,2102.0,2160.0,58.0,7,5,10872|10874|13029|24|34,10861|12|16|57|58,True,5.0,0.0,3.0,2.0
6319_031,6319,playoffs,4,2160.0,2263.0,103.0,7,5,10872|10874|13029|24|32,10861|12|16|57|58,True,2.0,3.0,3.0,3.0
6319_032,6319,playoffs,4,2263.0,2379.0,116.0,7,5,10872|10874|13029|24|32,16|54|57|58|68,True,5.0,2.0,3.0,3.0
6319_033,6319,playoffs,4,2379.0,2406.0,27.0,7,5,10873|22|29|32|34,16|54|57|58|68,True,0.0,3.0,1.0,1.88
6319_034,6319,playoffs,4,2406.0,2435.0,29.0,7,5,21|22|29|32|34,16|54|57|58|68,True,0.0,0.0,1.0,0.0
6319_035,6319,playoffs,4,2435.0,2497.0,62.0,7,5,10874|13029|22|29|34,16|54|57|58|68,True,3.0,1.0,1.0,1.88
6319_036,6319,playoffs,4,2497.0,2520.0,23.0,7,5,10874|13029|22|29|34,16|3129|54|57|68,True,0.0,2.0,1.0,1.0
6319_037,6319,playoffs,4,2520.0,2636.0,116.0,7,5,10872|10874|13029|29|34,16|3129|54|57|68,True,8.0,8.0,4.0,4.0
6319_038,6319,playoffs,4,2636.0,2651.0,15.0,7,5,10872|10874|13029|29|32,16|54|57|58|68,True,0.0,0.0,0.0,0.0
6319_039,6319,playoffs,4,2651.0,2712.0,61.0,7,5,10872|13029|24|29|32,16|54|57|58|68,True,1.0,3.0,2.88,2.0
6319_040,6319,playoffs,4,2712.0,2767.0,55.0,7,5,10872|13029|22|29|32,16|54|57|58|68,True,2.0,4.0,1.0,3.44
6319_041,6319,playoffs,4,2767.0,2840.0,73.0,7,5,10872|13029|22|29|34,16|54|57|58|68,True,4.0,5.0,3.0,2.0
6319_042,6319,playoffs,4,2840.0,2874.0,34.0,7,5,10872|13029|22|29|32,16|54|57|58|68,True,0.0,2.0,2.0,0.88
6319_043,6319,playoffs,4,2874.0,2880.0,6.0,7,5,10872|13029|25|29|32,16|54|57|58|68,True,0.0,0.0,0.0,0.0
