Date,Stint_Seq,In_Time,Out_Time,Duration_Min,Teammates,Opponents,Team_Score
25/10/19,1,Q1 12:00,Q1 7:14,4.8,"Chuang Po-Yuan, Gao Jin-Wei, Lasan Kromah, Wang Hao-Chi","Aric Holman, Chiang Yu-An, Chou Po-Chen, James Ennis, Randall Walko",0
25/10/19,2,Q1 7:14,Q1 6:38,0.6,"Chuang Po-Yuan, Gao Jin-Wei, Lasan Kromah, Wang Hao-Chi","Aric Holman, Brandon Gilbeck, Chiang Yu-An, Lu Kuan-Liang, Randall Walko",-2
25/10/19,3,Q1 6:38,Q1 6:22,0.3,"Chuang Po-Yuan, Gao Jin-Wei, Lin Sin-Kuan","Aric Holman, Brandon Gilbeck, Chiang Yu-An, Lu Kuan-Liang, Randall Walko",-2
25/10/19,4,Q1 6:22,Q1 5:47,0.6,"Chuang Po-Yuan, Gao Jin-Wei, Lin Sin-Kuan, Malcolm Miller","Aric Holman, Brandon Gilbeck, Chiang Yu-An, Lu Kuan-Liang, Randall Walko",2
25/10/19,5,Q1 5:47,Q1 5:07,0.7,"Chuang Po-Yuan, Gao Jin-Wei, Lin Sin-Kuan, Malcolm Miller","Aric Holman, Brandon Gilbeck, Lin Chun-Chi, Lu Kuan-Liang, Randall Walko",0
25/10/19,6,Q1 5:07,Q1 5:08,-0.0,"Chuang Po-Yuan, Gao Jin-Wei, Lin Sin-Kuan, Malcolm Miller","Aric Holman, Brandon Gilbeck, Chang Tsung-Hsien, Lin Chun-Chi, Lu Kuan-Liang",0
25/10/19,7,Q1 0:32,Q1 0:04,0.5,"Lasan Kromah, Lin Sin-Kuan, Tsao Xun-Xiang, Wang Hao-Chi","Aric Holman, Brandon Gilbeck, Chang Tsung-Hsien, Lin Chun-Chi, Randall Walko",5
25/10/19,8,Q1 0:04,Q2 12:00,0.1,"Lin Sin-Kuan, Tsao Xun-Xiang, Wang Hao-Chi","Aric Holman, Brandon Gilbeck, Chang Tsung-Hsien, Lin Chun-Chi, Randall Walko",3
25/10/19,9,Q2 12:00,Q2 9:46,2.2,"Lasan Kromah, Ting Kuang-Hao, Tsao Xun-Xiang, Wang Hao-Chi","Aric Holman, Chang Tsung-Hsien, Chiang Yu-An, James Ennis, Randall Walko",-4
25/10/19,10,Q2 9:46,Q2 9:06,0.7,"Chuang Po-Yuan, Lasan Kromah, Lin Sin-Kuan, Tsao Xun-Xiang","Brandon Gilbeck, Chiang Yu-An, James Ennis, Randall Walko, Wu Chia-Chun",-3
25/10/19,11,Q2 9:06,Q2 8:50,0.3,"Chuang Po-Yuan, Lasan Kromah, Lin Sin-Kuan","Brandon Gilbeck, Chiang Yu-An, James Ennis, Randall Walko, Wu Chia-Chun",0
25/10/19,12,Q2 8:50,Q2 8:45,0.1,"Chuang Po-Yuan, Gao Jin-Wei, Lasan Kromah, Lin Sin-Kuan","Brandon Gilbeck, Chiang Yu-An, James Ennis, Randall Walko, Wu Chia-Chun",0
25/10/19,13,Q2 8:45,Q2 8:30,0.2,"Chuang Po-Yuan, Gao Jin-Wei, Lin Sin-Kuan","Brandon Gilbeck, Chiang Yu-An, James Ennis, Randall Walko, Wu Chia-Chun",-3
25/10/19,14,Q2 8:30,Q2 5:43,2.8,"Chuang Po-Yuan, Gao Jin-Wei, Lin Sin-Kuan, Malcolm Miller","Brandon Gilbeck, Chiang Yu-An, James Ennis, Randall Walko, Wu Chia-Chun",2
25/10/19,15,Q2 5:43,Q2 4:31,1.2,"Chuang Po-Yuan, Gao Jin-Wei, Lin Sin-Kuan, Malcolm Miller","Aric Holman, Chiang Yu-An, Chou Po-Chen, Lin Chun-Chi, Lu Kuan-Liang",2
25/10/19,16,Q2 4:31,Q2 2:31,2.0,"Chuang Po-Yuan, Gao Jin-Wei, Lin Sin-Kuan, Malcolm Miller","Aric Holman, Chang Tsung-Hsien, Chou Po-Chen, Lin Chun-Chi, Lu Kuan-Liang",4
25/10/19,17,Q2 2:31,Q2 2:44,-0.2,"Gao Jin-Wei, Lin Sin-Kuan, Wang Hao-Chi","Aric Holman, Chang Tsung-Hsien, Chou Po-Chen, Lin Chun-Chi, Lu Kuan-Liang",0
25/10/19,18,Q2 2:44,Q2 2:31,0.2,"Gao Jin-Wei, Lasan Kromah, Lin Sin-Kuan, Wang Hao-Chi","Aric Holman, Chang Tsung-Hsien, Chou Po-Chen, James Ennis, Lin Chun-Chi",2
25/10/19,19,Q2 2:31,Q2 1:38,0.9,"Gao Jin-Wei, Lasan Kromah, Lin Sin-Kuan, Wang Hao-Chi","Brandon Gilbeck, Chou Po-Chen, James Ennis, Lin Chun-Chi, Randall Walko",-1
25/10/19,20,Q2 1:38,Q2 0:56,0.7,"Chuang Po-Yuan, Gao Jin-Wei, Lasan Kromah, Wang Hao-Chi","Brandon Gilbeck, Chiang Yu-An, Chou Po-Chen, James Ennis, Randall Walko",1
25/10/19,21,Q2 0:56,Q3 12:00,0.9,"Chuang Po-Yuan, Gao Jin-Wei, Lasan Kromah, Wang Hao-Chi","Aric Holman, Chiang Yu-An, Chou Po-Chen, James Ennis, Randall Walko",-1
25/10/19,22,Q3 12:00,Q3 11:44,0.3,"Chuang Po-Yuan, Gao Jin-Wei, Wang Hao-Chi","Aric Holman, Chang Tsung-Hsien, Chiang Yu-An, James Ennis, Randall Walko",-2
25/10/19,23,Q3 11:44,Q3 8:51,2.9,"Chuang Po-Yuan, Gao Jin-Wei, Lasan Kromah, Wang Hao-Chi","Aric Holman, Chang Tsung-Hsien, Chiang Yu-An, James Ennis, Randall Walko",-2
25/10/19,24,Q3 8:51,Q3 6:50,2.0,"Chuang Po-Yuan, Gao Jin-Wei, Lasan Kromah, Wang Hao-Chi","Brandon Gilbeck, Chang Tsung-Hsien, Chiang Yu-An, James Ennis, Randall Walko",-2
25/10/19,25,Q3 6:50,Q3 6:40,0.2,"Chuang Po-Yuan, Gao Jin-Wei, Lasan Kromah, Wang Hao-Chi","Brandon Gilbeck, Chang Tsung-Hsien, James Ennis, Lin Chun-Chi, Lu Kuan-Liang",2
25/10/19,26,Q3 3:23,Q3 3:09,0.2,"Lin Sin-Kuan, Malcolm Miller, Tsao Xun-Xiang","Aric Holman, Chang Tsung-Hsien, Chiang Yu-An, James Ennis, Randall Walko",2
25/10/19,27,Q3 3:09,Q3 0:35,2.6,"Chuang Po-Yuan, Lin Sin-Kuan, Malcolm Miller, Tsao Xun-Xiang","Aric Holman, Chang Tsung-Hsien, Chiang Yu-An, James Ennis, Randall Walko",3
25/10/19,28,Q3 0:35,Q4 12:00,0.6,"Chuang Po-Yuan, Lin Sin-Kuan, Malcolm Miller, Tsao Xun-Xiang","Aric Holman, Chiang Yu-An, Chien Wei-Ju, James Ennis, Randall Walko",5
25/10/19,29,Q4 12:00,Q4 11:39,0.3,"Chuang Po-Yuan, Malcolm Miller, Tsao Xun-Xiang","Brandon Gilbeck, Chien Wei-Ju, James Ennis, Lin Chun-Chi, Randall Walko",0
25/10/19,30,Q4 11:39,Q4 10:39,1.0,"Chuang Po-Yuan, Lin Sin-Kuan, Malcolm Miller, Tsao Xun-Xiang","Brandon Gilbeck, Chien Wei-Ju, James Ennis, Lin Chun-Chi, Randall Walko",-2
25/10/19,31,Q4 10:39,Q4 10:21,0.3,"Chuang Po-Yuan, Tsao Xun-Xiang, Wang Hao-Chi","Brandon Gilbeck, Chien Wei-Ju, James Ennis, Lin Chun-Chi, Randall Walko",0
25/10/19,32,Q4 10:21,Q4 9:22,1.0,"Chuang Po-Yuan, Lasan Kromah, Tsao Xun-Xiang, Wang Hao-Chi","Brandon Gilbeck, Chien Wei-Ju, James Ennis, Lin Chun-Chi, Randall Walko",2
25/10/19,33,Q4 9:22,Q4 9:02,0.3,"Chuang Po-Yuan, Lasan Kromah, Tsao Xun-Xiang, Wang Hao-Chi","Aric Holman, Brandon Gilbeck, Chien Wei-Ju, Lin Chun-Chi, Randall Walko",2
25/10/19,34,Q4 2:06,Q4 1:54,0.2,"Chuang Po-Yuan, Gao Jin-Wei, Lasan Kromah, Wang Hao-Chi","Chien Wei-Ju, Chou Po-Chen, Lee Te-Wei, Randall Walko, Wu Chia-Chun",3
25/10/19,35,Q4 1:54,Q4 1:13,0.7,"Chuang Po-Yuan, Gao Jin-Wei, Lasan Kromah, Wang Hao-Chi","Chien Wei-Ju, Chou Po-Chen, Lee Te-Wei, Shih Cheng-Ping, Wu Chia-Chun",2
25/10/26,1,Q1 6:15,Q1 5:19,0.9,"Gao Jin-Wei, Lasan Kromah, Lin Sin-Kuan, Wang Hao-Chi","Lin Jen-Hung, Lin Wei-Han, Mohammad Al Bachir Gadiaga, Nemanja Radovic, Pavlin Ivanov",4
25/10/26,2,Q1 5:19,Q1 4:57,0.4,"Gao Jin-Wei, Lasan Kromah, Lin Sin-Kuan","Lin Jen-Hung, Lin Wei-Han, Mohammad Al Bachir Gadiaga, Pavlin Ivanov, Tseng Wen-Ting",2
25/10/26,3,Q1 4:57,Q1 4:24,0.6,"Gao Jin-Wei, Lasan Kromah, Lin Sin-Kuan, Tsao Xun-Xiang","Lin Jen-Hung, Lin Wei-Han, Mohammad Al Bachir Gadiaga, Pavlin Ivanov, Tseng Wen-Ting",4
25/10/26,4,Q1 4:24,Q1 4:17,0.1,"Lasan Kromah, Lin Sin-Kuan, Tsao Xun-Xiang","Hsieh Ya-Hsuan, Lin Jen-Hung, Lin Wei-Han, Pavlin Ivanov, Tseng Wen-Ting",2
25/10/26,5,Q1 4:17,Q1 2:48,1.5,"Lasan Kromah, Lin Sin-Kuan, Ting Kuang-Hao, Tsao Xun-Xiang","Hsieh Ya-Hsuan, Lin Jen-Hung, Lin Wei-Han, Pavlin Ivanov, Tseng Wen-Ting",0
25/10/26,6,Q1 2:48,Q1 2:43,0.1,"Lin Sin-Kuan, Ting Kuang-Hao, Tsao Xun-Xiang","Hsieh Ya-Hsuan, Lin Jen-Hung, Lin Wei-Han, Pavlin Ivanov, Tseng Wen-Ting",0
25/10/26,7,Q1 2:43,Q2 12:00,2.7,"Lin Sin-Kuan, Malcolm Miller, Ting Kuang-Hao, Tsao Xun-Xiang","Hsieh Ya-Hsuan, Lin Jen-Hung, Lin Wei-Han, Pavlin Ivanov, Tseng Wen-Ting",-1
25/10/26,8,Q2 12:00,Q2 10:06,1.9,"Hsu Hong-Wei, Lin Sin-Kuan, Malcolm Miller, Tsao Xun-Xiang","Hsieh Ya-Hsuan, Lin Wei-Han, Mohammad Al Bachir Gadiaga, Nemanja Radovic, Pavlin Ivanov",-2
25/10/26,9,Q2 10:06,Q2 7:29,2.6,"Hsu Hong-Wei, Lin Sin-Kuan, Malcolm Miller, Tsao Xun-Xiang","Hsieh Ya-Hsuan, Mohammad Al Bachir Gadiaga, Nemanja Radovic, Tseng Wen-Ting, Viktor Gaddefors",-5
25/10/26,10,Q2 5:18,Q2 3:40,1.6,"Gao Jin-Wei, Lasan Kromah, Lin Sin-Kuan, Wang Hao-Chi","Hsieh Ya-Hsuan, Mohammad Al Bachir Gadiaga, Nemanja Radovic, Tseng Wen-Ting, Viktor Gaddefors",3
25/10/26,11,Q2 3:40,Q2 3:26,0.2,"Gao Jin-Wei, Lasan Kromah, Wang Hao-Chi","Hsieh Ya-Hsuan, Mohammad Al Bachir Gadiaga, Nemanja Radovic, Tseng Wen-Ting, Viktor Gaddefors",-3
25/10/26,12,Q2 3:26,Q2 2:54,0.5,"Chuang Po-Yuan, Gao Jin-Wei, Lasan Kromah, Wang Hao-Chi","Hsieh Ya-Hsuan, Mohammad Al Bachir Gadiaga, Nemanja Radovic, Tseng Wen-Ting, Viktor Gaddefors",0
25/10/26,13,Q2 2:54,Q2 2:25,0.5,"Chuang Po-Yuan, Gao Jin-Wei, Lasan Kromah, Wang Hao-Chi","Hsieh Ya-Hsuan, Jian Ting-Jhao, Nemanja Radovic, Tseng Wen-Ting, Viktor Gaddefors",5
25/10/26,14,Q2 2:25,Q2 0:07,2.3,"Chuang Po-Yuan, Gao Jin-Wei, Lasan Kromah, Wang Hao-Chi","Hsieh Ya-Hsuan, Jian Ting-Jhao, Nemanja Radovic, Pavlin Ivanov, Wei Chia-Hao",1
25/10/26,15,Q2 0:07,Q3 12:00,0.1,"Chuang Po-Yuan, Gao Jin-Wei, Lasan Kromah, Lin Sin-Kuan","Hsieh Ya-Hsuan, Jian Ting-Jhao, Pavlin Ivanov, Tseng Wen-Ting, Wei Chia-Hao",2
25/10/26,16,Q3 4:54,Q3 3:17,1.6,"Chuang Po-Yuan, Gao Jin-Wei, Lasan Kromah, Lin Sin-Kuan","Hsieh Ya-Hsuan, Lin Jen-Hung, Lin Wei-Han, Pavlin Ivanov, Tseng Wen-Ting",2
25/10/26,17,Q3 3:17,Q3 2:59,0.3,"Gao Jin-Wei, Lin Sin-Kuan, Malcolm Miller","Hsieh Ya-Hsuan, Lin Wei-Han, Mohammad Al Bachir Gadiaga, Nemanja Radovic, Pavlin Ivanov",-3
25/10/26,18,Q3 2:59,Q3 2:13,0.8,"Gao Jin-Wei, Lin Sin-Kuan, Malcolm Miller, Tsao Xun-Xiang","Hsieh Ya-Hsuan, Lin Wei-Han, Mohammad Al Bachir Gadiaga, Nemanja Radovic, Pavlin Ivanov",-3
25/10/26,19,Q3 2:13,Q3 1:47,0.4,"Lin Sin-Kuan, Malcolm Miller, Tsao Xun-Xiang","Hsieh Ya-Hsuan, Lin Wei-Han, Mohammad Al Bachir Gadiaga, Nemanja Radovic, Pavlin Ivanov",0
25/10/26,20,Q3 1:47,Q3 0:53,0.9,"Hsu Hong-Wei, Lin Sin-Kuan, Malcolm Miller, Tsao Xun-Xiang","Hsieh Ya-Hsuan, Lin Wei-Han, Mohammad Al Bachir Gadiaga, Nemanja Radovic, Pavlin Ivanov",5
25/10/26,21,Q3 0:53,Q4 12:00,0.9,"Hsu Hong-Wei, Lin Sin-Kuan, Malcolm Miller, Tsao Xun-Xiang","Hsieh Ya-Hsuan, Lin Wei-Han, Pavlin Ivanov, Tseng Wen-Ting, Viktor Gaddefors",2
25/10/26,22,Q4 12:00,Q4 11:32,0.5,"Hsu Hong-Wei, Lin Sin-Kuan, Malcolm Miller","Hsieh Ya-Hsuan, Lin Wei-Han, Pavlin Ivanov, Tseng Wen-Ting, Viktor Gaddefors",0
25/10/26,23,Q4 11:32,Q4 8:31,3.0,"Hsu Hong-Wei, Lin Sin-Kuan, Malcolm Miller, Tsao Xun-Xiang","Hsieh Ya-Hsuan, Lin Wei-Han, Pavlin Ivanov, Tseng Wen-Ting, Viktor Gaddefors",1
25/10/26,24,Q4 8:31,Q4 8:11,0.3,"Gao Jin-Wei, Lin Sin-Kuan, Malcolm Miller, Tsao Xun-Xiang","Huang Hung-Han, Li Pei-Cheng, Lin Wei-Han, Nemanja Radovic, Viktor Gaddefors",2
25/10/26,25,Q4 2:23,Q4 3:26,-1.1,"Gao Jin-Wei, Lasan Kromah, Lin Sin-Kuan, Liu Yuan-Kai","Jian Ting-Jhao, Li Ruei-Ci, Tseng Wen-Ting, Viktor Gaddefors, Wei Chia-Hao",0
25/10/26,26,Q4 3:26,Q4 1:06,2.3,"Gao Jin-Wei, Lasan Kromah, Lin Sin-Kuan, Liu Yuan-Kai","Li Ruei-Ci, Pavlin Ivanov, Tseng Wen-Ting, Viktor Gaddefors, Wei Chia-Hao",1
25/11/02,1,Q1 12:00,Q1 7:46,4.2,"Chuang Po-Yuan, Gao Jin-Wei, Lin Sin-Kuan, Malcolm Miller","Cady Lalanne, Chris Ortiz, Hu Long-Mao, Shih Chin-Yao, Su Wen-Ju",7
25/11/02,2,Q1 7:46,Q1 7:34,0.2,"Gao Jin-Wei, Lin Sin-Kuan, Malcolm Miller","Cady Lalanne, Chris Ortiz, Hu Long-Mao, Shih Chin-Yao, Su Wen-Ju",0
25/11/02,3,Q1 7:34,Q1 5:54,1.7,"Gao Jin-Wei, Lin Sin-Kuan, Malcolm Miller, Wang Hao-Chi","Cady Lalanne, Chris Ortiz, Hu Long-Mao, Shih Chin-Yao, Su Wen-Ju",-5
25/11/02,4,Q1 1:48,Q2 12:00,1.8,"Cheick Diallo, Hsu Hong-Wei, Tsao Xun-Xiang, Tung Yung-Chuan","Chen Huai-An, Chin Ming-Ching, Chris Ortiz, Wu Siao-Jin, Yu Huan-Ya",9
25/11/02,5,Q2 12:00,Q2 11:51,0.1,"Cheick Diallo, Tsao Xun-Xiang, Tung Yung-Chuan","Cady Lalanne, Chin Ming-Ching, Wei Liang-Che, Wu Siao-Jin, Yu Huan-Ya",2
25/11/02,6,Q2 11:51,Q2 9:32,2.3,"Cheick Diallo, Hsu Hong-Wei, Tsao Xun-Xiang, Tung Yung-Chuan","Cady Lalanne, Chin Ming-Ching, Wei Liang-Che, Wu Siao-Jin, Yu Huan-Ya",2
25/11/02,7,Q2 9:32,Q2 9:04,0.5,"Cheick Diallo, Hsu Hong-Wei, Lin Sin-Kuan, Tsao Xun-Xiang","Cady Lalanne, Chin Ming-Ching, Wei Liang-Che, Wu Siao-Jin, Yu Huan-Ya",3
25/11/02,8,Q2 9:04,Q2 7:58,1.1,"Cheick Diallo, Hsu Hong-Wei, Lin Sin-Kuan, Tsao Xun-Xiang","Cady Lalanne, Hu Long-Mao, Shih Chin-Yao, Wu Siao-Jin, Yu Huan-Ya",4
25/11/02,9,Q2 7:58,Q2 6:45,1.2,"Cheick Diallo, Hsu Hong-Wei, Lin Sin-Kuan, Tsao Xun-Xiang","Cady Lalanne, Hu Long-Mao, Shih Chin-Yao, Wu Siao-Jin, Yu Chun-An",-6
25/11/02,10,Q2 6:45,Q2 5:48,0.9,"Gao Jin-Wei, Lin Sin-Kuan, Malcolm Miller, Wang Hao-Chi","Cady Lalanne, Hu Long-Mao, Shih Chin-Yao, Wu Siao-Jin, Yu Chun-An",-3
25/11/02,11,Q2 5:48,Q2 4:45,1.1,"Gao Jin-Wei, Lin Sin-Kuan, Malcolm Miller, Wang Hao-Chi","Cady Lalanne, Chen Huai-An, Hu Long-Mao, Wu Siao-Jin, Yu Chun-An",2
25/11/02,12,Q2 4:45,Q2 3:47,1.0,"Gao Jin-Wei, Lin Sin-Kuan, Malcolm Miller, Wang Hao-Chi","Cady Lalanne, Chen Huai-An, Hu Long-Mao, Yu Chun-An, Yu Huan-Ya",-3
25/11/02,13,Q2 3:47,Q2 2:41,1.1,"Gao Jin-Wei, Lin Sin-Kuan, Malcolm Miller, Wang Hao-Chi","Cady Lalanne, Chen Huai-An, Chris Ortiz, Hu Long-Mao, Yu Huan-Ya",-1
25/11/02,14,Q2 2:41,Q2 1:15,1.4,"Chuang Po-Yuan, Gao Jin-Wei, Lin Sin-Kuan, Malcolm Miller","Chen Huai-An, Chin Ming-Ching, Chris Ortiz, Hu Long-Mao, Yu Huan-Ya",4
25/11/02,15,Q3 6:37,Q3 3:44,2.9,"Cheick Diallo, Gao Jin-Wei, Lin Sin-Kuan, Wang Hao-Chi","Cady Lalanne, Hu Long-Mao, Su Wen-Ju, Wu Siao-Jin, Yu Huan-Ya",0
25/11/02,16,Q3 3:44,Q3 3:28,0.3,"Gao Jin-Wei, Lin Sin-Kuan, Wang Hao-Chi","Cady Lalanne, Hu Long-Mao, Wu Siao-Jin, Yu Chun-An, Yu Huan-Ya",0
25/11/02,17,Q3 3:28,Q3 2:30,1.0,"Gao Jin-Wei, Lin Sin-Kuan, Malcolm Miller, Wang Hao-Chi","Cady Lalanne, Hu Long-Mao, Wu Siao-Jin, Yu Chun-An, Yu Huan-Ya",-3
25/11/02,18,Q3 2:30,Q3 2:10,0.3,"Gao Jin-Wei, Lin Sin-Kuan, Malcolm Miller, Wang Hao-Chi","Chin Ming-Ching, Chris Ortiz, Wu Siao-Jin, Yu Chun-An, Yu Huan-Ya",2
25/11/02,19,Q3 2:10,Q3 1:47,0.4,"Lin Sin-Kuan, Malcolm Miller, Tsao Xun-Xiang, Wang Hao-Chi","Chin Ming-Ching, Chris Ortiz, Mayaw Fotol, Wu Siao-Jin, Yu Chun-An",0
25/11/02,20,Q3 1:47,Q3 1:32,0.2,"Lin Sin-Kuan, Malcolm Miller, Tsao Xun-Xiang","Chin Ming-Ching, Chris Ortiz, Mayaw Fotol, Wu Siao-Jin, Yu Chun-An",0
25/11/02,21,Q3 1:32,Q4 12:00,1.5,"Huang Jhen, Lin Sin-Kuan, Malcolm Miller, Tsao Xun-Xiang","Chin Ming-Ching, Chris Ortiz, Mayaw Fotol, Wu Siao-Jin, Yu Chun-An",3
25/11/02,22,Q4 11:47,Q4 7:04,4.7,"Hsu Hong-Wei, Huang Jhen, Malcolm Miller, Tsao Xun-Xiang","Cady Lalanne, Chen Huai-An, Chris Ortiz, Hu Long-Mao, Su Wen-Ju",3
25/11/02,23,Q4 7:04,Q4 5:23,1.7,"Cheick Diallo, Hsu Hong-Wei, Lin Sin-Kuan, Tsao Xun-Xiang","Cady Lalanne, Hu Long-Mao, Su Wen-Ju, Wei Liang-Che, Wu Siao-Jin",-2
25/11/02,24,Q4 5:23,Q4 5:10,0.2,"Cheick Diallo, Lin Sin-Kuan, Tsao Xun-Xiang","Cady Lalanne, Hu Long-Mao, Su Wen-Ju, Wei Liang-Che, Wu Siao-Jin",0
25/11/02,25,Q4 5:10,Q4 4:58,0.2,"Cheick Diallo, Lin Sin-Kuan, Tsao Xun-Xiang, Wang Jhe-Yu","Cady Lalanne, Hu Long-Mao, Su Wen-Ju, Wei Liang-Che, Wu Siao-Jin",-3
25/11/09,1,Q1 5:29,Q1 5:24,0.1,"Gao Jin-Wei, Lasan Kromah, Lin Sin-Kuan, Wang Hao-Chi","Hsieh Ya-Hsuan, Mohammad Al Bachir Gadiaga, Nemanja Radovic, Viktor Gaddefors",-2
25/11/09,2,Q1 5:24,Q1 3:57,1.4,"Gao Jin-Wei, Lasan Kromah, Lin Sin-Kuan, Wang Hao-Chi","Hsieh Ya-Hsuan, Lin Jen-Hung, Mohammad Al Bachir Gadiaga, Nemanja Radovic, Viktor Gaddefors",-5
25/11/09,3,Q1 3:57,Q1 2:08,1.8,"Lin Sin-Kuan, Malcolm Miller, Tsao Xun-Xiang, Tung Yung-Chuan","Hsieh Ya-Hsuan, Lin Jen-Hung, Mohammad Al Bachir Gadiaga, Nemanja Radovic, Viktor Gaddefors",0
25/11/09,4,Q1 2:08,Q1 1:43,0.4,"Lin Sin-Kuan, Malcolm Miller, Tsao Xun-Xiang, Tung Yung-Chuan","Hsieh Ya-Hsuan, Lin Jen-Hung, Nemanja Radovic, Wei Chia-Hao",0
25/11/09,5,Q1 1:43,Q1 0:32,1.2,"Lin Sin-Kuan, Malcolm Miller, Tsao Xun-Xiang, Tung Yung-Chuan","Hsieh Ya-Hsuan, Lin Jen-Hung, Marko Todorovic, Nemanja Radovic, Wei Chia-Hao",-4
25/11/09,6,Q1 0:32,Q1 0:08,0.4,"Hsu Hong-Wei, Lin Sin-Kuan, Malcolm Miller, Tsao Xun-Xiang","Hsieh Ya-Hsuan, Lin Jen-Hung, Marko Todorovic, Nemanja Radovic, Wei Chia-Hao",1
25/11/09,7,Q1 0:08,Q2 12:00,0.1,"Hsu Hong-Wei, Lin Sin-Kuan, Malcolm Miller, Tsao Xun-Xiang","Hsieh Ya-Hsuan, Lin Jen-Hung, Nemanja Radovic, Viktor Gaddefors, Wei Chia-Hao",1
25/11/09,8,Q2 12:00,Q2 11:41,0.3,"Hsu Hong-Wei, Lin Sin-Kuan, Malcolm Miller, Tsao Xun-Xiang","Mohammad Al Bachir Gadiaga, Nemanja Radovic, Viktor Gaddefors, Wei Chia-Hao",0
25/11/09,9,Q2 11:41,Q2 10:06,1.6,"Hsu Hong-Wei, Lin Sin-Kuan, Malcolm Miller, Tsao Xun-Xiang","Lin Jen-Hung, Mohammad Al Bachir Gadiaga, Nemanja Radovic, Viktor Gaddefors, Wei Chia-Hao",-6
25/11/09,10,Q2 5:02,Q2 3:57,1.1,"Chuang Po-Yuan, Gao Jin-Wei, Lasan Kromah, Wang Hao-Chi","Hsieh Ya-Hsuan, Huang Hung-Han, Marko Todorovic, Mohammad Al Bachir Gadiaga, Viktor Gaddefors",-1
25/11/09,11,Q2 3:57,Q2 3:35,0.4,"Chuang Po-Yuan, Gao Jin-Wei, Lasan Kromah, Wang Hao-Chi","Hsieh Ya-Hsuan, Huang Hung-Han, Marko Todorovic, Mohammad Al Bachir Gadiaga",0
25/11/09,12,Q2 3:35,Q2 3:05,0.5,"Chuang Po-Yuan, Gao Jin-Wei, Lasan Kromah, Wang Hao-Chi","Hsieh Ya-Hsuan, Huang Hung-Han, Marko Todorovic, Mohammad Al Bachir Gadiaga, Nemanja Radovic",5
25/11/09,13,Q2 3:05,Q2 1:43,1.4,"Chuang Po-Yuan, Gao Jin-Wei, Lasan Kromah, Wang Hao-Chi","Hsieh Ya-Hsuan, Huang Hung-Han, Jian Ting-Jhao, Nemanja Radovic, Viktor Gaddefors",-1
25/11/09,14,Q2 1:43,Q2 1:26,0.3,"Chuang Po-Yuan, Gao Jin-Wei, Lasan Kromah, Wang Hao-Chi","Jian Ting-Jhao, Mohammad Al Bachir Gadiaga, Nemanja Radovic, Viktor Gaddefors",0
25/11/09,15,Q2 1:26,Q3 12:00,1.4,"Chuang Po-Yuan, Gao Jin-Wei, Lasan Kromah, Wang Hao-Chi","Jian Ting-Jhao, Lin Jen-Hung, Mohammad Al Bachir Gadiaga, Nemanja Radovic, Viktor Gaddefors",-1
25/11/09,16,Q3 6:51,Q3 6:49,0.0,"Chuang Po-Yuan, Gao Jin-Wei, Lasan Kromah, Lin Sin-Kuan","Lin Jen-Hung, Mohammad Al Bachir Gadiaga, Nemanja Radovic, Viktor Gaddefors",0
25/11/09,17,Q3 6:49,Q3 6:10,0.7,"Chuang Po-Yuan, Gao Jin-Wei, Lasan Kromah, Lin Sin-Kuan","Hsieh Ya-Hsuan, Lin Jen-Hung, Mohammad Al Bachir Gadiaga, Nemanja Radovic, Viktor Gaddefors",-1
25/11/09,18,Q3 6:10,Q3 6:09,0.0,"Chuang Po-Yuan, Gao Jin-Wei, Lasan Kromah, Lin Sin-Kuan","Hsieh Ya-Hsuan, Lin Jen-Hung, Marko Todorovic, Viktor Gaddefors",2
25/11/09,19,Q3 6:09,Q3 5:21,0.8,"Chuang Po-Yuan, Gao Jin-Wei, Lasan Kromah, Lin Sin-Kuan","Hsieh Ya-Hsuan, Lin Jen-Hung, Marko Todorovic, Viktor Gaddefors, Wei Chia-Hao",2
25/11/09,20,Q3 5:21,Q3 4:23,1.0,"Gao Jin-Wei, Lasan Kromah, Lin Sin-Kuan, Tsao Xun-Xiang","Hsieh Ya-Hsuan, Lin Jen-Hung, Marko Todorovic, Viktor Gaddefors, Wei Chia-Hao",2
25/11/09,21,Q3 4:23,Q3 3:35,0.8,"Gao Jin-Wei, Lasan Kromah, Lin Sin-Kuan, Tsao Xun-Xiang","Hsieh Ya-Hsuan, Lin Jen-Hung, Marko Todorovic, Nemanja Radovic, Wei Chia-Hao",-1
25/11/09,22,Q3 3:35,Q3 1:50,1.8,"Chuang Po-Yuan, Lasan Kromah, Lin Sin-Kuan, Tsao Xun-Xiang","Hsieh Ya-Hsuan, Huang Hung-Han, Marko Todorovic, Nemanja Radovic, Wei Chia-Hao",-3
25/11/09,23,Q3 1:50,Q3 0:20,1.5,"Chuang Po-Yuan, Lin Sin-Kuan, Malcolm Miller, Tsao Xun-Xiang","Hsieh Ya-Hsuan, Huang Hung-Han, Nemanja Radovic, Viktor Gaddefors, Wei Chia-Hao",2
25/11/09,24,Q3 0:20,Q3 0:03,0.3,"Chuang Po-Yuan, Lin Sin-Kuan, Malcolm Miller, Tsao Xun-Xiang","Hsieh Ya-Hsuan, Jian Ting-Jhao, Nemanja Radovic, Viktor Gaddefors, Wei Chia-Hao",1
25/11/09,25,Q3 0:03,Q4 12:00,0.1,"Gao Jin-Wei, Lin Sin-Kuan, Malcolm Miller, Tsao Xun-Xiang","Hsieh Ya-Hsuan, Jian Ting-Jhao, Nemanja Radovic, Viktor Gaddefors, Wei Chia-Hao",0
25/11/09,26,Q4 12:00,Q4 11:51,0.1,"Chuang Po-Yuan, Lin Sin-Kuan, Malcolm Miller, Tsao Xun-Xiang","Hsieh Ya-Hsuan, Lin Jen-Hung, Mohammad Al Bachir Gadiaga, Nemanja Radovic",2
25/11/09,27,Q4 11:51,Q4 11:01,0.8,"Chuang Po-Yuan, Lin Sin-Kuan, Malcolm Miller, Tsao Xun-Xiang","Hsieh Ya-Hsuan, Lin Jen-Hung, Mohammad Al Bachir Gadiaga, Nemanja Radovic, Viktor Gaddefors",7
25/11/09,28,Q4 11:01,Q4 10:49,0.2,"Chuang Po-Yuan, Lin Sin-Kuan, Malcolm Miller, Tsao Xun-Xiang","Hsieh Ya-Hsuan, Mohammad Al Bachir Gadiaga, Nemanja Radovic, Viktor Gaddefors",0
25/11/09,29,Q4 10:49,Q4 9:54,0.9,"Chuang Po-Yuan, Lin Sin-Kuan, Malcolm Miller, Tsao Xun-Xiang","Hsieh Ya-Hsuan, Mohammad Al Bachir Gadiaga, Nemanja Radovic, Viktor Gaddefors, Wei Chia-Hao",1
25/11/09,30,Q4 9:54,Q4 9:18,0.6,"Chuang Po-Yuan, Gao Jin-Wei, Lin Sin-Kuan, Malcolm Miller","Hsieh Ya-Hsuan, Mohammad Al Bachir Gadiaga, Nemanja Radovic, Viktor Gaddefors, Wei Chia-Hao",1
25/11/09,31,Q4 9:18,Q4 9:11,0.1,"Chuang Po-Yuan, Gao Jin-Wei, Lin Sin-Kuan, Malcolm Miller","Hsieh Ya-Hsuan, Mohammad Al Bachir Gadiaga, Nemanja Radovic, Viktor Gaddefors",0
25/11/09,32,Q4 9:11,Q4 7:05,2.1,"Chuang Po-Yuan, Gao Jin-Wei, Lin Sin-Kuan, Malcolm Miller","Hsieh Ya-Hsuan, Jian Ting-Jhao, Mohammad Al Bachir Gadiaga, Nemanja Radovic, Viktor Gaddefors",0
25/11/09,33,Q4 7:05,Q4 6:17,0.8,"Chuang Po-Yuan, Gao Jin-Wei, Lasan Kromah, Lin Sin-Kuan","Hsieh Ya-Hsuan, Jian Ting-Jhao, Marko Todorovic, Mohammad Al Bachir Gadiaga, Viktor Gaddefors",3
25/11/09,34,Q4 6:17,Q4 5:11,1.1,"Chuang Po-Yuan, Gao Jin-Wei, Lasan Kromah, Wang Hao-Chi","Hsieh Ya-Hsuan, Lin Jen-Hung, Marko Todorovic, Mohammad Al Bachir Gadiaga, Viktor Gaddefors",2
25/11/09,35,Q4 5:11,Q4 4:08,1.1,"Chuang Po-Yuan, Gao Jin-Wei, Lasan Kromah, Wang Hao-Chi","Hsieh Ya-Hsuan, Lin Jen-Hung, Marko Todorovic, Mohammad Al Bachir Gadiaga, Nemanja Radovic",0
25/11/09,36,Q4 4:08,Q4 2:30,1.6,"Chuang Po-Yuan, Gao Jin-Wei, Lasan Kromah, Lin Sin-Kuan","Hsieh Ya-Hsuan, Lin Jen-Hung, Marko Todorovic, Mohammad Al Bachir Gadiaga, Nemanja Radovic",-1
25/11/09,37,Q4 2:30,Q4 2:13,0.3,"Chuang Po-Yuan, Gao Jin-Wei, Lasan Kromah, Lin Sin-Kuan","Hsieh Ya-Hsuan, Lin Jen-Hung, Mohammad Al Bachir Gadiaga, Nemanja Radovic",-2
25/11/09,38,Q4 2:13,Q4 1:04,1.1,"Chuang Po-Yuan, Gao Jin-Wei, Lasan Kromah, Lin Sin-Kuan","Hsieh Ya-Hsuan, Lin Jen-Hung, Mohammad Al Bachir Gadiaga, Nemanja Radovic, Viktor Gaddefors",1
25/11/09,39,Q4 1:04,Q4 0:57,0.1,"Chuang Po-Yuan, Gao Jin-Wei, Lin Sin-Kuan, Malcolm Miller","Hsieh Ya-Hsuan, Lin Jen-Hung, Mohammad Al Bachir Gadiaga, Nemanja Radovic, Viktor Gaddefors",-3
25/11/09,40,Q4 0:57,Q4 0:35,0.4,"Chuang Po-Yuan, Gao Jin-Wei, Lasan Kromah, Lin Sin-Kuan","Hsieh Ya-Hsuan, Lin Jen-Hung, Mohammad Al Bachir Gadiaga, Nemanja Radovic, Viktor Gaddefors",-3
25/11/09,41,Q4 0:35,Q4 0:27,0.1,"Chuang Po-Yuan, Gao Jin-Wei, Lin Sin-Kuan, Malcolm Miller","Hsieh Ya-Hsuan, Mohammad Al Bachir Gadiaga, Nemanja Radovic, Viktor Gaddefors",0
25/11/09,42,Q4 0:27,Q4 0:20,0.1,"Chuang Po-Yuan, Gao Jin-Wei, Lin Sin-Kuan, Malcolm Miller","Hsieh Ya-Hsuan, Jian Ting-Jhao, Mohammad Al Bachir Gadiaga, Nemanja Radovic, Viktor Gaddefors",0
25/11/09,43,Q4 0:20,Q4 0:09,0.2,"Chuang Po-Yuan, Gao Jin-Wei, Lasan Kromah, Lin Sin-Kuan","Hsieh Ya-Hsuan, Lin Jen-Hung, Mohammad Al Bachir Gadiaga, Nemanja Radovic, Viktor Gaddefors",1
25/11/09,44,Q4 0:09,Q5 12:00,0.1,"Chuang Po-Yuan, Gao Jin-Wei, Lin Sin-Kuan, Malcolm Miller","Hsieh Ya-Hsuan, Jian Ting-Jhao, Mohammad Al Bachir Gadiaga, Nemanja Radovic, Viktor Gaddefors",3
25/11/16,1,Q1 6:00,Q1 4:59,1.0,"Chuang Po-Yuan, Gao Jin-Wei, Lasan Kromah, Lin Sin-Kuan","Chang Chao-Chen, Jordy Tshimanga, Kenneth Chien, Xie Ming-Jun, Zach Lofton",0
25/11/16,2,Q1 4:59,Q1 3:31,1.5,"Chuang Po-Yuan, Lasan Kromah, Lin Sin-Kuan, Tsao Xun-Xiang","Chang Chao-Chen, Kenneth Chien, Stanton Kidd, Xie Ming-Jun, Zach Lofton",1
25/11/16,3,Q1 3:31,Q1 3:19,0.2,"Chuang Po-Yuan, Lin Sin-Kuan, Tsao Xun-Xiang","Jordy Tshimanga, Samuel Manu, Stanton Kidd, Ting Sheng-Ju, Xie Ming-Jun",0
25/11/16,4,Q1 3:19,Q1 2:55,0.4,"Cheick Diallo, Chuang Po-Yuan, Lin Sin-Kuan, Tsao Xun-Xiang","Jordy Tshimanga, Samuel Manu, Stanton Kidd, Ting Sheng-Ju, Xie Ming-Jun",2
25/11/16,5,Q1 2:55,Q1 2:47,0.1,"Cheick Diallo, Lin Sin-Kuan, Tsao Xun-Xiang","Jordy Tshimanga, Samuel Manu, Stanton Kidd, Ting Sheng-Ju, Xie Ming-Jun",0
25/11/16,6,Q1 2:47,Q1 1:54,0.9,"Cheick Diallo, Hsu Hong-Wei, Lin Sin-Kuan, Tsao Xun-Xiang","Jordy Tshimanga, Samuel Manu, Stanton Kidd, Ting Sheng-Ju, Xie Ming-Jun",-1
25/11/16,7,Q1 1:54,Q2 12:00,1.9,"Cheick Diallo, Hsu Hong-Wei, Lin Sin-Kuan, Tsao Xun-Xiang","Huang Tsung-Han, Jordy Tshimanga, Samuel Manu, Stanton Kidd, Ting Sheng-Ju",0
25/11/16,8,Q2 12:00,Q2 11:31,0.5,"Hsu Hong-Wei, Lin Sin-Kuan, Tsao Xun-Xiang","Huang Tsung-Han, Jordy Tshimanga, Samuel Manu, Stanton Kidd, Ting Sheng-Ju",-2
25/11/16,9,Q2 11:31,Q2 12:00,-0.5,"Chuang Po-Yuan, Hsu Hong-Wei, Lin Sin-Kuan, Tsao Xun-Xiang","Huang Tsung-Han, Jordy Tshimanga, Samuel Manu, Stanton Kidd, Ting Sheng-Ju",0
25/11/16,10,Q2 12:00,Q2 11:14,0.8,"Hsu Hong-Wei, Lin Sin-Kuan, Tsao Xun-Xiang","Huang Tsung-Han, Jordy Tshimanga, Samuel Manu, Stanton Kidd, Ting Sheng-Ju",-3
25/11/16,11,Q2 11:14,Q2 10:46,0.5,"Cheick Diallo, Hsu Hong-Wei, Lin Sin-Kuan, Tsao Xun-Xiang","Huang Tsung-Han, Jordy Tshimanga, Samuel Manu, Stanton Kidd, Ting Sheng-Ju",0
25/11/16,12,Q2 8:37,Q2 6:52,1.8,"Gao Jin-Wei, Lasan Kromah, Tung Yung-Chuan, Wang Hao-Chi","Chang Chao-Chen, Kenneth Chien, Samuel Manu, Stanton Kidd, Zach Lofton",3
25/11/16,13,Q3 7:05,Q3 7:00,0.1,"Chuang Po-Yuan, Gao Jin-Wei, Lasan Kromah, Lin Sin-Kuan","Jordy Tshimanga, Kenneth Chien, Su Yi-Chin, Xie Ming-Jun, Zach Lofton",0
25/11/16,14,Q3 7:00,Q3 4:59,2.0,"Chuang Po-Yuan, Gao Jin-Wei, Lasan Kromah, Lin Sin-Kuan","Kenneth Chien, Stanton Kidd, Su Yi-Chin, Xie Ming-Jun, Zach Lofton",-3
25/11/16,15,Q3 4:59,Q3 4:53,0.1,"Lasan Kromah, Lin Sin-Kuan, Tsao Xun-Xiang","Kenneth Chien, Stanton Kidd, Su Yi-Chin, Xie Ming-Jun, Zach Lofton",0
25/11/16,16,Q3 4:53,Q3 4:33,0.3,"Lasan Kromah, Lin Sin-Kuan, Tsao Xun-Xiang, Tung Yung-Chuan","Kenneth Chien, Stanton Kidd, Su Yi-Chin, Xie Ming-Jun, Zach Lofton",2
25/11/16,17,Q3 4:33,Q3 4:06,0.5,"Lasan Kromah, Lin Sin-Kuan, Tsao Xun-Xiang, Tung Yung-Chuan","Kenneth Chien, Samuel Manu, Stanton Kidd, Xie Ming-Jun, Zach Lofton",-3
25/11/16,18,Q3 4:06,Q3 3:49,0.3,"Lin Sin-Kuan, Tsao Xun-Xiang, Tung Yung-Chuan","Kenneth Chien, Samuel Manu, Stanton Kidd, Xie Ming-Jun, Zach Lofton",0
25/11/16,19,Q3 3:49,Q3 1:51,2.0,"Cheick Diallo, Lin Sin-Kuan, Tsao Xun-Xiang, Tung Yung-Chuan","Kenneth Chien, Samuel Manu, Stanton Kidd, Xie Ming-Jun, Zach Lofton",5
25/11/16,20,Q3 1:51,Q3 1:34,0.3,"Cheick Diallo, Lin Sin-Kuan, Tsao Xun-Xiang, Tung Yung-Chuan","Jordy Tshimanga, Kenneth Chien, Samuel Manu, Stanton Kidd, Xie Ming-Jun",1
25/11/16,21,Q3 1:34,Q4 12:00,1.6,"Cheick Diallo, Lin Sin-Kuan, Tsao Xun-Xiang, Tung Yung-Chuan","Jordy Tshimanga, Samuel Manu, Stanton Kidd, Ting Sheng-Ju, Xie Ming-Jun",1
25/11/16,22,Q4 11:28,Q4 12:00,-0.5,"Cheick Diallo, Lin Sin-Kuan, Tsao Xun-Xiang, Tung Yung-Chuan",,0
25/11/16,23,Q4 12:00,Q4 8:43,3.3,"Cheick Diallo, Lin Sin-Kuan, Tsao Xun-Xiang, Tung Yung-Chuan","Huang Tsung-Han, Jordy Tshimanga, Stanton Kidd, Ting Sheng-Ju, Xie Ming-Jun",-4
25/11/16,24,Q4 8:43,Q4 7:13,1.5,"Cheick Diallo, Lin Sin-Kuan, Tsao Xun-Xiang, Tung Yung-Chuan","Huang Tsung-Han, Jordy Tshimanga, Samuel Manu, Ting Sheng-Ju, Zach Lofton",2
25/11/19,1,Q1 5:23,Q1 1:49,3.6,"Gao Jin-Wei, Lasan Kromah, Lin Sin-Kuan, Wang Hao-Chi","Bogdan Bliznyuk, Chen Huai-An, Chin Ming-Ching, Chris Ortiz, Su Wen-Ju",-10
25/11/19,2,Q1 1:49,Q1 1:35,0.2,"Hsu Hong-Wei, Lin Sin-Kuan, Malcolm Miller, Tsao Xun-Xiang","Cady Lalanne, Chen Huai-An, Chris Ortiz, Wu Siao-Jin",-2
25/11/19,3,Q1 1:35,Q2 12:00,1.6,"Hsu Hong-Wei, Lin Sin-Kuan, Malcolm Miller, Tsao Xun-Xiang","Cady Lalanne, Chen Huai-An, Chris Ortiz, Wu Siao-Jin, Yu Chun-An",-3
25/11/19,4,Q2 12:00,Q2 11:40,0.3,"Hsu Hong-Wei, Lin Sin-Kuan, Malcolm Miller, Tsao Xun-Xiang","Cady Lalanne, Chen Huai-An, Chris Ortiz, Wu Siao-Jin",0
25/11/19,5,Q2 11:40,Q2 10:49,0.8,"Hsu Hong-Wei, Lin Sin-Kuan, Malcolm Miller, Tsao Xun-Xiang","Cady Lalanne, Chen Huai-An, Chris Ortiz, Wu Siao-Jin, Yu Chun-An",4
25/11/19,6,Q2 10:49,Q2 8:39,2.2,"Hsu Hong-Wei, Lin Sin-Kuan, Malcolm Miller, Tsao Xun-Xiang","Bogdan Bliznyuk, Cady Lalanne, Hu Long-Mao, Shih Chin-Yao, Su Wen-Ju",3
25/11/19,7,Q2 8:39,Q2 7:13,1.4,"Gao Jin-Wei, Lin Sin-Kuan, Malcolm Miller, Tsao Xun-Xiang","Bogdan Bliznyuk, Cady Lalanne, Hu Long-Mao, Shih Chin-Yao, Su Wen-Ju",3
25/11/19,8,Q2 4:18,Q2 3:35,0.7,"Chuang Po-Yuan, Gao Jin-Wei, Lasan Kromah, Wang Hao-Chi","Bogdan Bliznyuk, Chin Ming-Ching, Chris Ortiz, Shih Chin-Yao, Su Wen-Ju",3
25/11/19,9,Q2 3:35,Q2 2:22,1.2,"Chuang Po-Yuan, Gao Jin-Wei, Lasan Kromah, Wang Hao-Chi","Bogdan Bliznyuk, Chin Ming-Ching, Chris Ortiz, Su Wen-Ju, Wei Liang-Che",-3
25/11/19,10,Q3 5:32,Q3 5:13,0.3,"Gao Jin-Wei, Lin Sin-Kuan, Malcolm Miller, Tsao Xun-Xiang","Bogdan Bliznyuk, Chin Ming-Ching, Chris Ortiz, Su Wen-Ju",1
25/11/19,11,Q3 5:13,Q3 3:41,1.5,"Gao Jin-Wei, Lin Sin-Kuan, Malcolm Miller, Tsao Xun-Xiang","Bogdan Bliznyuk, Chen Huai-An, Chin Ming-Ching, Chris Ortiz, Su Wen-Ju",2
25/11/19,12,Q3 3:41,Q3 2:19,1.4,"Chuang Po-Yuan, Lin Sin-Kuan, Malcolm Miller, Tsao Xun-Xiang","Bogdan Bliznyuk, Chen Huai-An, Chin Ming-Ching, Chris Ortiz, Su Wen-Ju",2
25/11/19,13,Q3 2:19,Q3 2:14,0.1,"Chuang Po-Yuan, Lin Sin-Kuan, Malcolm Miller, Tsao Xun-Xiang","Chen Huai-An, Chin Ming-Ching, Chris Ortiz, Su Wen-Ju",0
25/11/19,14,Q3 2:14,Q3 1:20,0.9,"Chuang Po-Yuan, Lin Sin-Kuan, Malcolm Miller, Tsao Xun-Xiang","Chen Huai-An, Chin Ming-Ching, Chris Ortiz, Su Wen-Ju, Wu Siao-Jin",0
25/11/19,15,Q3 1:20,Q3 0:38,0.7,"Chuang Po-Yuan, Lasan Kromah, Lin Sin-Kuan, Tsao Xun-Xiang","Chen Huai-An, Chin Ming-Ching, Chris Ortiz, Su Wen-Ju, Wu Siao-Jin",1
25/11/19,16,Q3 0:38,Q3 0:17,0.3,"Chuang Po-Yuan, Lasan Kromah, Lin Sin-Kuan, Tsao Xun-Xiang","Chen Huai-An, Chin Ming-Ching, Chris Ortiz, Wu Siao-Jin, Yu Chun-An",3
25/11/19,17,Q3 0:17,Q3 0:01,0.3,"Chuang Po-Yuan, Lasan Kromah, Lin Sin-Kuan, Tsao Xun-Xiang","Bogdan Bliznyuk, Chen Huai-An, Wu Siao-Jin, Yu Chun-An",0
25/11/19,18,Q3 0:01,Q4 12:00,0.0,"Chuang Po-Yuan, Lasan Kromah, Lin Sin-Kuan, Tsao Xun-Xiang","Bogdan Bliznyuk, Chen Huai-An, Hu Long-Mao, Wu Siao-Jin, Yu Chun-An",0
25/11/19,19,Q4 12:00,Q4 10:24,1.6,"Chuang Po-Yuan, Lasan Kromah, Lin Sin-Kuan, Tsao Xun-Xiang","Bogdan Bliznyuk, Cady Lalanne, Hu Long-Mao, Shih Chin-Yao, Su Wen-Ju",-5
25/11/19,20,Q4 5:53,Q4 5:43,0.2,"Gao Jin-Wei, Hsu Hong-Wei, Lasan Kromah, Lin Sin-Kuan","Bogdan Bliznyuk, Chin Ming-Ching, Shih Chin-Yao, Su Wen-Ju",0
25/11/19,21,Q4 5:43,Q4 4:23,1.3,"Gao Jin-Wei, Hsu Hong-Wei, Lasan Kromah, Lin Sin-Kuan","Bogdan Bliznyuk, Chin Ming-Ching, Chris Ortiz, Shih Chin-Yao, Su Wen-Ju",1
25/11/19,22,Q4 4:23,Q4 3:55,0.5,"Gao Jin-Wei, Hsu Hong-Wei, Lasan Kromah, Lin Sin-Kuan","Bogdan Bliznyuk, Chin Ming-Ching, Chris Ortiz, Su Wen-Ju, Wei Liang-Che",-2
25/11/19,23,Q4 3:55,Q4 3:46,0.1,"Hsu Hong-Wei, Ting Kuang-Hao, Tsao Xun-Xiang, Tung Yung-Chuan","Bogdan Bliznyuk, Chin Ming-Ching, Chris Ortiz, Su Wen-Ju, Wei Liang-Che",1
25/11/19,24,Q4 3:46,Q4 2:28,1.3,"Hsu Hong-Wei, Ting Kuang-Hao, Tsao Xun-Xiang, Tung Yung-Chuan","Bogdan Bliznyuk, Chris Ortiz, Lu Wei-Ting, Su Wen-Ju, Wei Liang-Che",0
25/11/23,1,Q1 12:00,Q1 11:55,0.1,"Chuang Po-Yuan, Gao Jin-Wei, Lin Sin-Kuan, Malcolm Miller","Hsieh Ya-Hsuan, Lin Wei-Han, Nemanja Radovic, Viktor Gaddefors",0
25/11/23,2,Q1 11:55,Q1 8:19,3.6,"Chuang Po-Yuan, Gao Jin-Wei, Lin Sin-Kuan, Malcolm Miller","Hsieh Ya-Hsuan, Huang Hung-Han, Lin Wei-Han, Nemanja Radovic, Viktor Gaddefors",-1
25/11/23,3,Q1 8:19,Q1 6:12,2.1,"Gao Jin-Wei, Lin Sin-Kuan, Malcolm Miller, Tsao Xun-Xiang","Hsieh Ya-Hsuan, Huang Hung-Han, Lin Wei-Han, Nemanja Radovic, Viktor Gaddefors",1
25/11/23,4,Q1 6:12,Q1 4:37,1.6,"Cheick Diallo, Gao Jin-Wei, Tsao Xun-Xiang, Tung Yung-Chuan","Hsieh Ya-Hsuan, Lin Wei-Han, Pavlin Ivanov, Tseng Wen-Ting, Viktor Gaddefors",2
25/11/23,5,Q1 4:37,Q1 4:20,0.3,"Cheick Diallo, Gao Jin-Wei, Tsao Xun-Xiang, Tung Yung-Chuan","Hsieh Ya-Hsuan, Pavlin Ivanov, Tseng Wen-Ting, Viktor Gaddefors",0
25/11/23,6,Q1 4:20,Q1 4:16,0.1,"Cheick Diallo, Gao Jin-Wei, Tsao Xun-Xiang, Tung Yung-Chuan","Hsieh Ya-Hsuan, Jian Ting-Jhao, Pavlin Ivanov, Tseng Wen-Ting, Viktor Gaddefors",0
25/11/23,7,Q1 4:16,Q1 3:04,1.2,"Cheick Diallo, Hsu Hong-Wei, Tsao Xun-Xiang, Tung Yung-Chuan","Hsieh Ya-Hsuan, Jian Ting-Jhao, Pavlin Ivanov, Tseng Wen-Ting, Viktor Gaddefors",-3
25/11/23,8,Q1 3:04,Q1 2:50,0.2,"Cheick Diallo, Hsu Hong-Wei, Tsao Xun-Xiang, Tung Yung-Chuan","Hsieh Ya-Hsuan, Jian Ting-Jhao, Pavlin Ivanov, Tseng Wen-Ting",0
25/11/23,9,Q1 2:50,Q1 2:47,0.1,"Cheick Diallo, Hsu Hong-Wei, Tsao Xun-Xiang, Tung Yung-Chuan","Hsieh Ya-Hsuan, Jian Ting-Jhao, Nemanja Radovic, Pavlin Ivanov, Tseng Wen-Ting",0
25/11/23,10,Q2 11:28,Q2 9:27,2.0,"Cheick Diallo, Gao Jin-Wei, Lin Sin-Kuan, Tsao Xun-Xiang","Hsieh Ya-Hsuan, Jian Ting-Jhao, Lin Jen-Hung, Nemanja Radovic, Pavlin Ivanov",4
25/11/23,11,Q2 9:27,Q2 8:27,1.0,"Cheick Diallo, Chuang Po-Yuan, Gao Jin-Wei, Lin Sin-Kuan","Hsieh Ya-Hsuan, Lin Jen-Hung, Lin Wei-Han, Nemanja Radovic, Viktor Gaddefors",4
25/11/23,12,Q2 8:27,Q2 7:48,0.7,"Chuang Po-Yuan, Gao Jin-Wei, Lin Sin-Kuan, Malcolm Miller","Hsieh Ya-Hsuan, Lin Wei-Han, Nemanja Radovic, Viktor Gaddefors, Yu Wei-Hao",2
25/11/23,13,Q2 7:48,Q2 5:51,1.9,"Chuang Po-Yuan, Lin Sin-Kuan, Malcolm Miller, Tsao Xun-Xiang","Hsieh Ya-Hsuan, Lin Wei-Han, Nemanja Radovic, Viktor Gaddefors, Yu Wei-Hao",-1
25/11/23,14,Q2 5:51,Q2 5:48,0.1,"Chuang Po-Yuan, Lin Sin-Kuan, Malcolm Miller, Tsao Xun-Xiang","Hsieh Ya-Hsuan, Huang Hung-Han, Lin Wei-Han, Viktor Gaddefors",2
25/11/23,15,Q3 12:00,Q3 11:49,0.2,"Chuang Po-Yuan, Gao Jin-Wei, Lin Sin-Kuan, Malcolm Miller","Hsieh Ya-Hsuan, Lin Wei-Han, Nemanja Radovic, Wei Chia-Hao",0
25/11/23,16,Q3 11:49,Q3 5:45,6.1,"Chuang Po-Yuan, Gao Jin-Wei, Lin Sin-Kuan, Malcolm Miller","Hsieh Ya-Hsuan, Lin Wei-Han, Nemanja Radovic, Viktor Gaddefors, Wei Chia-Hao",5
25/11/23,17,Q3 5:45,Q3 5:35,0.2,"Chuang Po-Yuan, Gao Jin-Wei, Lin Sin-Kuan, Malcolm Miller","Jian Ting-Jhao, Nemanja Radovic, Pavlin Ivanov, Wei Chia-Hao",0
25/11/23,18,Q3 5:35,Q3 5:07,0.5,"Chuang Po-Yuan, Gao Jin-Wei, Lin Sin-Kuan, Malcolm Miller","Huang Hung-Han, Jian Ting-Jhao, Nemanja Radovic, Pavlin Ivanov, Wei Chia-Hao",-2
25/11/23,19,Q3 5:07,Q3 4:14,0.9,"Cheick Diallo, Chuang Po-Yuan, Gao Jin-Wei, Lin Sin-Kuan","Huang Hung-Han, Jian Ting-Jhao, Nemanja Radovic, Pavlin Ivanov, Wei Chia-Hao",1
25/11/23,20,Q3 4:14,Q3 3:56,0.3,"Cheick Diallo, Chuang Po-Yuan, Gao Jin-Wei, Lin Sin-Kuan","Hsieh Ya-Hsuan, Jian Ting-Jhao, Nemanja Radovic, Pavlin Ivanov",0
25/11/23,21,Q3 3:56,Q3 3:13,0.7,"Cheick Diallo, Chuang Po-Yuan, Gao Jin-Wei, Lin Sin-Kuan","Hsieh Ya-Hsuan, Jian Ting-Jhao, Nemanja Radovic, Pavlin Ivanov, Tseng Wen-Ting",-2
25/11/23,22,Q3 3:13,Q3 2:38,0.6,"Cheick Diallo, Gao Jin-Wei, Lin Sin-Kuan, Tsao Xun-Xiang","Hsieh Ya-Hsuan, Jian Ting-Jhao, Nemanja Radovic, Pavlin Ivanov, Tseng Wen-Ting",1
25/11/23,23,Q4 10:27,Q4 9:47,0.7,"Cheick Diallo, Chuang Po-Yuan, Tsao Xun-Xiang, Wang Hao-Chi","Hsieh Ya-Hsuan, Lin Wei-Han, Nemanja Radovic, Tseng Wen-Ting, Viktor Gaddefors",0
25/11/23,24,Q4 9:47,Q4 9:30,0.3,"Cheick Diallo, Chuang Po-Yuan, Tsao Xun-Xiang, Wang Hao-Chi","Hsieh Ya-Hsuan, Nemanja Radovic, Tseng Wen-Ting, Wei Chia-Hao",0
25/11/23,25,Q4 9:30,Q4 9:11,0.3,"Cheick Diallo, Chuang Po-Yuan, Tsao Xun-Xiang, Wang Hao-Chi","Hsieh Ya-Hsuan, Nemanja Radovic, Pavlin Ivanov, Tseng Wen-Ting, Wei Chia-Hao",3
25/11/23,26,Q4 9:11,Q4 7:47,1.4,"Cheick Diallo, Chuang Po-Yuan, Lin Sin-Kuan, Tsao Xun-Xiang","Hsieh Ya-Hsuan, Nemanja Radovic, Pavlin Ivanov, Tseng Wen-Ting, Wei Chia-Hao",4
25/11/23,27,Q4 7:47,Q4 7:42,0.1,"Chuang Po-Yuan, Lin Sin-Kuan, Malcolm Miller, Tsao Xun-Xiang","Hsieh Ya-Hsuan, Nemanja Radovic, Pavlin Ivanov, Wei Chia-Hao",0
25/11/23,28,Q4 7:42,Q4 7:14,0.5,"Chuang Po-Yuan, Lin Sin-Kuan, Malcolm Miller, Tsao Xun-Xiang","Hsieh Ya-Hsuan, Nemanja Radovic, Pavlin Ivanov, Tseng Hsin-Wu, Wei Chia-Hao",2
25/11/23,29,Q4 7:14,Q4 6:05,1.1,"Chuang Po-Yuan, Lin Sin-Kuan, Malcolm Miller, Tsao Xun-Xiang","Hsieh Ya-Hsuan, Lin Wei-Han, Nemanja Radovic, Pavlin Ivanov, Tseng Hsin-Wu",-5
25/11/23,30,Q4 6:05,Q4 5:47,0.3,"Gao Jin-Wei, Lin Sin-Kuan, Malcolm Miller, Tsao Xun-Xiang","Hsieh Ya-Hsuan, Lin Wei-Han, Nemanja Radovic, Pavlin Ivanov, Tseng Hsin-Wu",0
25/11/23,31,Q4 5:47,Q4 5:34,0.2,"Gao Jin-Wei, Lin Sin-Kuan, Malcolm Miller, Tsao Xun-Xiang","Hsieh Ya-Hsuan, Lin Wei-Han, Nemanja Radovic, Viktor Gaddefors",0
25/11/23,32,Q4 5:34,Q4 3:30,2.1,"Gao Jin-Wei, Lin Sin-Kuan, Malcolm Miller, Tsao Xun-Xiang","Hsieh Ya-Hsuan, Lin Jen-Hung, Lin Wei-Han, Nemanja Radovic, Viktor Gaddefors",0
25/12/07,1,Q1 7:23,Q1 7:18,0.1,"Chuang Po-Yuan, Gao Jin-Wei, Lin Sin-Kuan, Malcolm Miller","Chiang Yu-An, James Ennis, Lu Kuan-Liang, Ma Chien-Hao",0
25/12/07,2,Q1 7:18,Q1 6:36,0.7,"Chuang Po-Yuan, Gao Jin-Wei, Lin Sin-Kuan, Malcolm Miller","Aric Holman, Chiang Yu-An, James Ennis, Lu Kuan-Liang, Ma Chien-Hao",3
25/12/07,3,Q1 6:36,Q1 6:27,0.1,"Gao Jin-Wei, Lin Sin-Kuan, Malcolm Miller, Tsao Xun-Xiang","Aric Holman, Chiang Yu-An, James Ennis, Ma Chien-Hao",-1
25/12/07,4,Q1 6:27,Q1 5:18,1.1,"Gao Jin-Wei, Lin Sin-Kuan, Malcolm Miller, Tsao Xun-Xiang","Aric Holman, Chen Jen-Jei, Chiang Yu-An, James Ennis, Ma Chien-Hao",-2
25/12/07,5,Q1 5:18,Q1 5:13,0.1,"Gao Jin-Wei, Lin Sin-Kuan, Malcolm Miller, Tsao Xun-Xiang","Aric Holman, Chen Jen-Jei, Lin Chun-Chi, Trey Thompkins",-1
25/12/07,6,Q1 5:13,Q1 4:30,0.7,"Gao Jin-Wei, Lin Sin-Kuan, Malcolm Miller, Tsao Xun-Xiang","Aric Holman, Chen Jen-Jei, Lin Chun-Chi, Randall Walko, Trey Thompkins",1
25/12/07,7,Q1 4:30,Q1 3:45,0.8,"Hsu Hong-Wei, Lin Sin-Kuan, Malcolm Miller, Tsao Xun-Xiang","Aric Holman, Chen Jen-Jei, Lin Chun-Chi, Randall Walko, Trey Thompkins",0
25/12/07,8,Q1 3:45,Q1 0:15,3.5,"Hsu Hong-Wei, Lasan Kromah, Lin Sin-Kuan, Tsao Xun-Xiang","Aric Holman, Chen Jen-Jei, Lin Chun-Chi, Randall Walko, Trey Thompkins",1
25/12/07,9,Q1 0:15,Q2 12:00,0.2,"Hsu Hong-Wei, Lasan Kromah, Lin Sin-Kuan, Tung Yung-Chuan","Aric Holman, Chen Jen-Jei, Lin Chun-Chi, Randall Walko, Trey Thompkins",-3
25/12/07,10,Q2 12:00,Q2 11:51,0.1,"Hsu Hong-Wei, Lasan Kromah, Lin Sin-Kuan, Tsao Xun-Xiang","Chiang Yu-An, James Ennis, Lu Kuan-Liang, Ma Chien-Hao",-1
25/12/07,11,Q2 11:51,Q2 9:53,2.0,"Hsu Hong-Wei, Lasan Kromah, Lin Sin-Kuan, Tsao Xun-Xiang","Aric Holman, Chiang Yu-An, James Ennis, Lu Kuan-Liang, Ma Chien-Hao",9
25/12/07,12,Q2 9:53,Q2 9:05,0.8,"Lasan Kromah, Lin Sin-Kuan, Tsao Xun-Xiang, Tung Yung-Chuan","Aric Holman, Chiang Yu-An, James Ennis, Lu Kuan-Liang, Ma Chien-Hao",2
25/12/07,13,Q2 9:05,Q2 8:38,0.5,"Lasan Kromah, Lin Sin-Kuan, Tsao Xun-Xiang, Tung Yung-Chuan","Chiang Yu-An, James Ennis, Lu Kuan-Liang, Ma Chien-Hao, Trey Thompkins",2
25/12/07,14,Q2 8:38,Q2 8:19,0.3,"Lasan Kromah, Lin Sin-Kuan, Tsao Xun-Xiang, Tung Yung-Chuan","Chiang Yu-An, James Ennis, Lu Kuan-Liang, Trey Thompkins",2
25/12/07,15,Q2 8:19,Q2 7:43,0.6,"Lasan Kromah, Lin Sin-Kuan, Tsao Xun-Xiang, Tung Yung-Chuan","Chiang Yu-An, James Ennis, Lu Kuan-Liang, Randall Walko, Trey Thompkins",-2
25/12/07,16,Q2 7:43,Q2 4:44,3.0,"Gao Jin-Wei, Lasan Kromah, Tsao Xun-Xiang, Tung Yung-Chuan","Chiang Yu-An, James Ennis, Lu Kuan-Liang, Randall Walko, Trey Thompkins",2
25/12/07,17,Q2 1:52,Q3 12:00,1.9,"Chuang Po-Yuan, Gao Jin-Wei, Lin Sin-Kuan, Malcolm Miller","Aric Holman, Chen Jen-Jei, Lin Chun-Chi, Ma Chien-Hao, Trey Thompkins",-2
25/12/07,18,Q3 6:21,Q3 6:08,0.2,"Lin Sin-Kuan, Malcolm Miller, Tsao Xun-Xiang, Tung Yung-Chuan","Aric Holman, Chen Jen-Jei, Chiang Yu-An, Trey Thompkins",0
25/12/07,19,Q3 6:08,Q3 5:50,0.3,"Lin Sin-Kuan, Malcolm Miller, Tsao Xun-Xiang, Tung Yung-Chuan","Aric Holman, Chen Jen-Jei, Chiang Yu-An, Randall Walko, Trey Thompkins",0
25/12/07,20,Q3 5:50,Q3 5:44,0.1,"Lin Sin-Kuan, Malcolm Miller, Tsao Xun-Xiang, Tung Yung-Chuan","Aric Holman, Chen Jen-Jei, Randall Walko, Trey Thompkins",0
25/12/07,21,Q3 5:44,Q3 4:52,0.9,"Lin Sin-Kuan, Malcolm Miller, Tsao Xun-Xiang, Tung Yung-Chuan","Aric Holman, Chen Jen-Jei, Lin Chun-Chi, Randall Walko, Trey Thompkins",2
25/12/07,22,Q3 4:52,Q3 4:02,0.8,"Lin Sin-Kuan, Malcolm Miller, Tsao Xun-Xiang, Tung Yung-Chuan","Aric Holman, Chen Jen-Jei, James Ennis, Lin Chun-Chi, Randall Walko",-2
25/12/07,23,Q3 4:02,Q3 1:30,2.5,"Lasan Kromah, Lin Sin-Kuan, Tsao Xun-Xiang, Tung Yung-Chuan","Aric Holman, Chen Jen-Jei, James Ennis, Lin Chun-Chi, Randall Walko",0
25/12/07,24,Q3 1:30,Q4 12:00,1.5,"Gao Jin-Wei, Lasan Kromah, Lin Sin-Kuan, Tsao Xun-Xiang","Aric Holman, Chen Jen-Jei, James Ennis, Lin Chun-Chi, Ma Chien-Hao",5
25/12/07,25,Q4 12:00,Q4 11:43,0.3,"Gao Jin-Wei, Lasan Kromah, Lin Sin-Kuan, Tsao Xun-Xiang","Aric Holman, Lu Kuan-Liang, Ma Chien-Hao, Trey Thompkins",3
25/12/07,26,Q4 11:43,Q4 10:50,0.9,"Gao Jin-Wei, Lasan Kromah, Lin Sin-Kuan, Tsao Xun-Xiang","Aric Holman, Chiang Yu-An, Lu Kuan-Liang, Ma Chien-Hao, Trey Thompkins",-2
25/12/07,27,Q4 10:50,Q4 8:46,2.1,"Gao Jin-Wei, Lasan Kromah, Lin Sin-Kuan, Wang Hao-Chi","Aric Holman, Chiang Yu-An, Lu Kuan-Liang, Ma Chien-Hao, Trey Thompkins",-4
25/12/13,1,Q1 5:42,Q1 5:02,0.7,"Chuang Po-Yuan, Gao Jin-Wei, Lasan Kromah, Lin Sin-Kuan","Hsieh Ya-Hsuan, Huang Hung-Han, Marko Todorovic, Mohammad Al Bachir Gadiaga, Viktor Gaddefors",0
25/12/13,2,Q1 5:02,Q1 4:54,0.1,"Gao Jin-Wei, Lasan Kromah, Lin Sin-Kuan","Hsieh Ya-Hsuan, Huang Hung-Han, Marko Todorovic, Mohammad Al Bachir Gadiaga, Viktor Gaddefors",0
25/12/13,3,Q1 4:54,Q1 4:42,0.2,"Gao Jin-Wei, Lasan Kromah, Lin Sin-Kuan, Tung Yung-Chuan","Hsieh Ya-Hsuan, Huang Hung-Han, Marko Todorovic, Mohammad Al Bachir Gadiaga, Viktor Gaddefors",3
25/12/13,4,Q1 4:42,Q1 3:35,1.1,"Gao Jin-Wei, Lasan Kromah, Lin Sin-Kuan, Tung Yung-Chuan","Hsieh Ya-Hsuan, Marko Todorovic, Mohammad Al Bachir Gadiaga, Nemanja Radovic, Wei Chia-Hao",8
25/12/13,5,Q1 3:35,Q1 3:15,0.3,"Lasan Kromah, Lin Sin-Kuan, Tung Yung-Chuan","Hsieh Ya-Hsuan, Marko Todorovic, Mohammad Al Bachir Gadiaga, Nemanja Radovic, Wei Chia-Hao",1
25/12/13,6,Q1 3:15,Q1 2:34,0.7,"Lasan Kromah, Lin Sin-Kuan, Tsao Xun-Xiang, Tung Yung-Chuan","Hsieh Ya-Hsuan, Marko Todorovic, Mohammad Al Bachir Gadiaga, Nemanja Radovic, Wei Chia-Hao",-4
25/12/13,7,Q1 2:34,Q1 1:52,0.7,"Lin Sin-Kuan, Malcolm Miller, Tsao Xun-Xiang, Tung Yung-Chuan","Jian Ting-Jhao, Marko Todorovic, Mohammad Al Bachir Gadiaga, Nemanja Radovic, Wei Chia-Hao",0
25/12/13,8,Q1 1:52,Q1 1:34,0.3,"Lin Sin-Kuan, Malcolm Miller, Tsao Xun-Xiang, Tung Yung-Chuan","Jian Ting-Jhao, Lin Jen-Hung, Marko Todorovic, Nemanja Radovic, Wei Chia-Hao",0
25/12/13,9,Q1 1:34,Q2 12:00,1.6,"Lin Sin-Kuan, Malcolm Miller, Tsao Xun-Xiang, Tung Yung-Chuan","Huang Hung-Han, Jian Ting-Jhao, Lin Jen-Hung, Nemanja Radovic, Wei Chia-Hao",2
25/12/13,10,Q2 12:00,Q2 11:45,0.2,"Lin Sin-Kuan, Tsao Xun-Xiang, Tung Yung-Chuan","Jian Ting-Jhao, Lin Jen-Hung, Nemanja Radovic, Viktor Gaddefors, Wei Chia-Hao",0
25/12/13,11,Q2 11:45,Q2 9:32,2.2,"Lin Sin-Kuan, Malcolm Miller, Tsao Xun-Xiang, Tung Yung-Chuan","Jian Ting-Jhao, Lin Jen-Hung, Nemanja Radovic, Viktor Gaddefors, Wei Chia-Hao",0
25/12/13,12,Q2 9:32,Q2 8:34,1.0,"Gao Jin-Wei, Lin Sin-Kuan, Malcolm Miller, Tsao Xun-Xiang","Jian Ting-Jhao, Lin Jen-Hung, Nemanja Radovic, Viktor Gaddefors, Wei Chia-Hao",-2
25/12/13,13,Q2 5:38,Q2 5:23,0.2,"Chuang Po-Yuan, Gao Jin-Wei, Lasan Kromah, Wang Hao-Chi","Hsieh Ya-Hsuan, Huang Hung-Han, Marko Todorovic, Mohammad Al Bachir Gadiaga, Viktor Gaddefors",1
25/12/13,14,Q2 5:23,Q2 4:40,0.7,"Chuang Po-Yuan, Gao Jin-Wei, Lasan Kromah, Wang Hao-Chi","Hsieh Ya-Hsuan, Lin Wei-Han, Marko Todorovic, Mohammad Al Bachir Gadiaga, Nemanja Radovic",1
25/12/13,15,Q2 4:40,Q2 4:28,0.2,"Gao Jin-Wei, Lasan Kromah, Wang Hao-Chi","Hsieh Ya-Hsuan, Lin Wei-Han, Marko Todorovic, Mohammad Al Bachir Gadiaga, Nemanja Radovic",-2
25/12/13,16,Q2 4:28,Q2 2:32,1.9,"Gao Jin-Wei, Lasan Kromah, Lin Sin-Kuan, Wang Hao-Chi","Hsieh Ya-Hsuan, Lin Wei-Han, Marko Todorovic, Mohammad Al Bachir Gadiaga, Nemanja Radovic",0
25/12/13,17,Q2 2:32,Q2 1:57,0.6,"Gao Jin-Wei, Lasan Kromah, Tung Yung-Chuan","Hsieh Ya-Hsuan, Lin Wei-Han, Marko Todorovic, Mohammad Al Bachir Gadiaga, Nemanja Radovic",-1
25/12/13,18,Q2 1:57,Q2 0:38,1.3,"Gao Jin-Wei, Lasan Kromah, Lin Sin-Kuan, Tung Yung-Chuan","Hsieh Ya-Hsuan, Lin Wei-Han, Marko Todorovic, Mohammad Al Bachir Gadiaga, Nemanja Radovic",1
25/12/13,19,Q2 0:38,Q2 0:30,0.1,"Chuang Po-Yuan, Malcolm Miller, Tung Yung-Chuan","Hsieh Ya-Hsuan, Lin Wei-Han, Marko Todorovic, Mohammad Al Bachir Gadiaga, Nemanja Radovic",2
25/12/13,20,Q2 0:30,Q2 0:01,0.5,"Chuang Po-Yuan, Malcolm Miller, Tsao Xun-Xiang, Tung Yung-Chuan","Hsieh Ya-Hsuan, Lin Wei-Han, Marko Todorovic, Mohammad Al Bachir Gadiaga, Nemanja Radovic",0
25/12/13,21,Q2 0:01,Q3 12:00,0.0,"Chuang Po-Yuan, Gao Jin-Wei, Lasan Kromah, Tung Yung-Chuan","Huang Hung-Han, Marko Todorovic, Mohammad Al Bachir Gadiaga, Nemanja Radovic, Tseng Wen-Ting",3
25/12/13,22,Q3 5:54,Q3 5:29,0.4,"Gao Jin-Wei, Lasan Kromah, Tsao Xun-Xiang, Tung Yung-Chuan","Hsieh Ya-Hsuan, Huang Hung-Han, Mohammad Al Bachir Gadiaga, Nemanja Radovic, Viktor Gaddefors",-2
25/12/13,23,Q3 5:29,Q3 2:54,2.6,"Gao Jin-Wei, Lasan Kromah, Tsao Xun-Xiang, Tung Yung-Chuan","Huang Hung-Han, Lin Wei-Han, Mohammad Al Bachir Gadiaga, Nemanja Radovic, Viktor Gaddefors",0
25/12/13,24,Q3 2:54,Q3 0:49,2.1,"Gao Jin-Wei, Lasan Kromah, Tsao Xun-Xiang, Tung Yung-Chuan","Lin Jen-Hung, Lin Wei-Han, Marko Todorovic, Mohammad Al Bachir Gadiaga, Nemanja Radovic",6
25/12/13,25,Q3 0:49,Q3 0:05,0.7,"Lin Sin-Kuan, Malcolm Miller, Tsao Xun-Xiang, Tung Yung-Chuan","Hsieh Ya-Hsuan, Lin Jen-Hung, Lin Wei-Han, Marko Todorovic, Nemanja Radovic",0
25/12/13,26,Q3 0:05,Q4 12:00,0.1,"Lin Sin-Kuan, Malcolm Miller, Tsao Xun-Xiang, Tung Yung-Chuan","Hsieh Ya-Hsuan, Lin Wei-Han, Marko Todorovic, Mohammad Al Bachir Gadiaga, Nemanja Radovic",0
25/12/13,27,Q4 12:00,Q4 11:48,0.2,"Lin Sin-Kuan, Malcolm Miller, Tung Yung-Chuan","Hsieh Ya-Hsuan, Lin Wei-Han, Marko Todorovic, Mohammad Al Bachir Gadiaga, Nemanja Radovic",0
25/12/13,28,Q4 11:48,Q4 9:47,2.0,"Lin Sin-Kuan, Malcolm Miller, Tsao Xun-Xiang, Tung Yung-Chuan","Hsieh Ya-Hsuan, Lin Wei-Han, Marko Todorovic, Mohammad Al Bachir Gadiaga, Nemanja Radovic",-4
25/12/13,29,Q4 9:47,Q4 9:29,0.3,"Gao Jin-Wei, Lin Sin-Kuan, Malcolm Miller","Hsieh Ya-Hsuan, Lin Wei-Han, Marko Todorovic, Mohammad Al Bachir Gadiaga, Nemanja Radovic",-3
25/12/13,30,Q4 9:29,Q4 8:41,0.8,"Chuang Po-Yuan, Gao Jin-Wei, Lin Sin-Kuan, Malcolm Miller","Hsieh Ya-Hsuan, Lin Wei-Han, Marko Todorovic, Mohammad Al Bachir Gadiaga, Nemanja Radovic",-4
25/12/13,31,Q4 8:41,Q4 7:03,1.6,"Chuang Po-Yuan, Gao Jin-Wei, Lasan Kromah, Wang Hao-Chi","Hsieh Ya-Hsuan, Lin Wei-Han, Marko Todorovic, Mohammad Al Bachir Gadiaga, Nemanja Radovic",-10
25/12/13,32,Q4 7:03,Q4 5:55,1.1,"Chuang Po-Yuan, Gao Jin-Wei, Lasan Kromah, Lin Sin-Kuan","Hsieh Ya-Hsuan, Lin Wei-Han, Marko Todorovic, Mohammad Al Bachir Gadiaga, Nemanja Radovic",-3
25/12/20,1,Q1 12:00,Q1 7:09,4.8,"Chuang Po-Yuan, Gao Jin-Wei, Lasan Kromah, Wang Hao-Chi","Jalen Harris, Jason Washburn, Joseph Lin, Lee Kai-Yan, Su Shih-Hsuan",-4
25/12/20,2,Q1 7:09,Q1 6:22,0.8,"Chuang Po-Yuan, Gao Jin-Wei, Lasan Kromah, Tung Yung-Chuan","Jalen Harris, Jason Washburn, Joseph Lin, Lee Kai-Yan, Su Shih-Hsuan",2
25/12/20,3,Q1 2:17,Q1 2:07,0.2,"Lin Sin-Kuan, Malcolm Miller, Tung Yung-Chuan","Jalen Harris, Jayden Gardner, Joseph Lin, Lee Kai-Yan, Su Shih-Hsuan",1
25/12/20,4,Q1 2:07,Q1 1:43,0.4,"Lin Sin-Kuan, Malcolm Miller, Tsao Xun-Xiang, Tung Yung-Chuan","Jalen Harris, Jayden Gardner, Joseph Lin, Lee Kai-Yan, Su Shih-Hsuan",0
25/12/20,5,Q1 1:43,Q1 0:41,1.0,"Lin Sin-Kuan, Malcolm Miller, Tsao Xun-Xiang, Tung Yung-Chuan","Jalen Harris, Jason Washburn, Joseph Lin, Lee Kai-Yan, Su Shih-Hsuan",-1
25/12/20,6,Q1 0:41,Q1 0:31,0.2,"Lin Sin-Kuan, Malcolm Miller, Tsao Xun-Xiang","Jalen Harris, Jason Washburn, Joseph Lin, Lee Kai-Yan, Su Shih-Hsuan",0
25/12/20,7,Q1 0:31,Q2 12:00,0.5,"Hsu Hong-Wei, Lin Sin-Kuan, Malcolm Miller, Tsao Xun-Xiang","Jalen Harris, Jason Washburn, Joseph Lin, Lee Kai-Yan, Su Shih-Hsuan",1
25/12/20,8,Q2 12:00,Q2 8:32,3.5,"Hsu Hong-Wei, Lin Sin-Kuan, Malcolm Miller, Tsao Xun-Xiang","Jalen Harris, Jason Washburn, Joseph Lin, Lee Kai-Yan, Su Shih-Hsuan",0
25/12/20,9,Q2 8:32,Q2 6:10,2.4,"Hsu Hong-Wei, Lin Sin-Kuan, Malcolm Miller, Tsao Xun-Xiang","Jason Washburn, Jayden Gardner, Joseph Lin, Lin Yan-Ting, Lu Cheng-Ju",-6
25/12/20,10,Q2 6:10,Q2 5:11,1.0,"Chuang Po-Yuan, Gao Jin-Wei, Lasan Kromah, Tung Yung-Chuan","Jason Washburn, Jayden Gardner, Lee Kai-Yan, Lin Yan-Ting, Lu Cheng-Ju",-1
25/12/20,11,Q2 5:11,Q2 3:27,1.7,"Chuang Po-Yuan, Gao Jin-Wei, Lasan Kromah, Tung Yung-Chuan","Jalen Harris, Jayden Gardner, Lee Kai-Yan, Lin Yan-Ting, Lu Cheng-Ju",-4
25/12/20,12,Q3 6:38,Q3 6:36,0.0,"Gao Jin-Wei, Lasan Kromah, Wang Hao-Chi","Jason Washburn, Jayden Gardner, Joseph Lin, Lee Kai-Yan, Lin Chin-Pang",0
25/12/20,13,Q3 6:36,Q3 6:23,0.2,"Gao Jin-Wei, Lasan Kromah, Lin Sin-Kuan, Wang Hao-Chi","Jason Washburn, Jayden Gardner, Joseph Lin, Lee Kai-Yan, Lin Chin-Pang",-2
25/12/20,14,Q3 6:23,Q3 4:04,2.3,"Gao Jin-Wei, Lasan Kromah, Lin Sin-Kuan, Wang Hao-Chi","Jalen Harris, Jason Washburn, Joseph Lin, Lin Chin-Pang, Su Shih-Hsuan",-3
25/12/20,15,Q3 4:04,Q3 2:18,1.8,"Lasan Kromah, Lin Sin-Kuan, Tsao Xun-Xiang, Wang Hao-Chi","Jalen Harris, Jayden Gardner, Lee Kai-Yan, Lin Yan-Ting, Su Shih-Hsuan",-4
25/12/20,16,Q3 2:18,Q3 0:37,1.7,"Lin Sin-Kuan, Malcolm Miller, Tsao Xun-Xiang, Wang Hao-Chi","Jalen Harris, Jayden Gardner, Lee Kai-Yan, Lin Yan-Ting, Su Shih-Hsuan",0
25/12/20,17,Q3 0:37,Q4 12:00,0.6,"Lin Sin-Kuan, Malcolm Miller, Tsao Xun-Xiang, Wang Hao-Chi","Jalen Harris, Jason Washburn, Lee Kai-Yan, Lin Yan-Ting, Lu Cheng-Ju",2
25/12/20,18,Q4 12:00,Q4 9:24,2.6,"Lin Sin-Kuan, Malcolm Miller, Tsao Xun-Xiang, Wang Hao-Chi","Jalen Harris, Jason Washburn, Lee Kai-Yan, Lin Yan-Ting, Su Shih-Hsuan",0
25/12/20,19,Q4 9:24,Q4 9:08,0.3,"Lin Sin-Kuan, Malcolm Miller, Wang Hao-Chi","Jason Washburn, Jayden Gardner, Joseph Lin, Lee Kai-Yan, Lu Cheng-Ju",-2
25/12/20,20,Q4 9:08,Q4 9:07,0.0,"Gao Jin-Wei, Lin Sin-Kuan, Malcolm Miller, Wang Hao-Chi","Jason Washburn, Jayden Gardner, Joseph Lin, Lee Kai-Yan, Lu Cheng-Ju",0
25/12/24,1,Q1 5:59,Q1 5:50,0.1,"Cheick Diallo, Chuang Po-Yuan, Gao Jin-Wei, Lin Sin-Kuan","Drew Pember, Kao Kuo-Hao, Lee Chi-Wei, Lu Kuan-Hsuan, TJ Holyfield",0
25/12/24,2,Q1 5:50,Q1 5:41,0.1,"Cheick Diallo, Gao Jin-Wei, Lin Sin-Kuan","Drew Pember, Kao Kuo-Hao, Lee Chi-Wei, Lu Kuan-Hsuan, TJ Holyfield",0
25/12/24,3,Q1 5:41,Q1 3:33,2.1,"Cheick Diallo, Gao Jin-Wei, Lin Sin-Kuan, Tsao Xun-Xiang","Drew Pember, Kao Kuo-Hao, Lee Chi-Wei, Lu Kuan-Hsuan, TJ Holyfield",1
25/12/24,4,Q1 3:33,Q1 1:40,1.9,"Cheick Diallo, Tsao Xun-Xiang, Tung Yung-Chuan, Wang Hao-Chi","Anzejs Pasecniks, Lee Chi-Wei, Lu Kuan-Hsuan, TJ Holyfield, Tseng Po-Yu",1
25/12/24,5,Q1 1:40,Q1 0:56,0.7,"Malcolm Miller, Tsao Xun-Xiang, Tung Yung-Chuan, Wang Hao-Chi","Anzejs Pasecniks, Lu Kuan-Hsuan, TJ Holyfield, Tsai Cheng-Kang, Tseng Po-Yu",-2
25/12/24,6,Q1 0:56,Q2 12:00,0.9,"Malcolm Miller, Tsao Xun-Xiang, Tung Yung-Chuan, Wang Hao-Chi","Anzejs Pasecniks, Chu Yun-Hao, TJ Holyfield, Tsai Cheng-Kang, Tseng Po-Yu",2
25/12/24,7,Q2 12:00,Q2 11:51,0.1,"Tsao Xun-Xiang, Tung Yung-Chuan, Wang Hao-Chi","Anzejs Pasecniks, Chu Yun-Hao, TJ Holyfield, Tsai Cheng-Kang, Tseng Po-Yu",0
25/12/24,8,Q2 11:51,Q2 10:56,0.9,"Malcolm Miller, Tsao Xun-Xiang, Tung Yung-Chuan, Wang Hao-Chi","Anzejs Pasecniks, Chu Yun-Hao, TJ Holyfield, Tsai Cheng-Kang, Tseng Po-Yu",2
25/12/24,9,Q2 10:56,Q2 10:44,0.2,"Tsao Xun-Xiang, Tung Yung-Chuan, Wang Hao-Chi","Anzejs Pasecniks, Liu Cheng-Hsun, TJ Holyfield, Tsai Cheng-Kang, Tseng Po-Yu",0
25/12/24,10,Q2 10:44,Q2 10:17,0.5,"Cheick Diallo, Tsao Xun-Xiang, Tung Yung-Chuan, Wang Hao-Chi","Anzejs Pasecniks, Liu Cheng-Hsun, TJ Holyfield, Tsai Cheng-Kang, Tseng Po-Yu",2
25/12/24,11,Q2 10:17,Q2 10:12,0.1,"Cheick Diallo, Tsao Xun-Xiang, Tung Yung-Chuan","Anzejs Pasecniks, Drew Pember, Liu Cheng-Hsun, Tsai Cheng-Kang, Tseng Po-Yu",2
25/12/24,12,Q2 10:12,Q2 9:37,0.6,"Cheick Diallo, Lin Sin-Kuan, Tsao Xun-Xiang, Tung Yung-Chuan","Anzejs Pasecniks, Drew Pember, Liu Cheng-Hsun, Tsai Cheng-Kang, Tseng Po-Yu",-1
25/12/24,13,Q2 9:37,Q2 9:07,0.5,"Cheick Diallo, Chuang Po-Yuan, Lin Sin-Kuan, Tsao Xun-Xiang","Anzejs Pasecniks, Drew Pember, Liu Cheng-Hsun, Tsai Cheng-Kang, Tseng Po-Yu",-7
25/12/24,14,Q2 9:07,Q2 8:59,0.1,"Cheick Diallo, Chuang Po-Yuan, Lin Sin-Kuan","Anzejs Pasecniks, Drew Pember, Liu Cheng-Hsun, Tsai Cheng-Kang, Tseng Po-Yu",-2
25/12/24,15,Q2 8:59,Q2 5:24,3.6,"Cheick Diallo, Chuang Po-Yuan, Gao Jin-Wei, Lin Sin-Kuan","Anzejs Pasecniks, Drew Pember, Liu Cheng-Hsun, Tsai Cheng-Kang, Tseng Po-Yu",-4
25/12/24,16,Q2 5:24,Q2 4:46,0.6,"Cheick Diallo, Chuang Po-Yuan, Gao Jin-Wei, Lin Sin-Kuan","Anzejs Pasecniks, Drew Pember, Kao Kuo-Hao, Liu Cheng-Hsun, Tseng Po-Yu",4
25/12/24,17,Q2 4:46,Q2 4:27,0.3,"Chuang Po-Yuan, Gao Jin-Wei, Lin Sin-Kuan","Anzejs Pasecniks, Kao Kuo-Hao, Liu Cheng-Hsun, Lu Kuan-Hsuan, TJ Holyfield",0
25/12/24,18,Q2 4:27,Q2 1:59,2.5,"Chuang Po-Yuan, Gao Jin-Wei, Lin Sin-Kuan, Wang Hao-Chi","Anzejs Pasecniks, Kao Kuo-Hao, Liu Cheng-Hsun, Lu Kuan-Hsuan, TJ Holyfield",-4
25/12/24,19,Q2 1:04,Q2 1:03,0.0,"Cheick Diallo, Chuang Po-Yuan, Lin Sin-Kuan, Tsao Xun-Xiang","Drew Pember, Kao Kuo-Hao, Liu Cheng-Hsun, Lu Kuan-Hsuan, TJ Holyfield",-2
25/12/24,20,Q2 1:03,Q2 1:01,0.0,"Cheick Diallo, Chuang Po-Yuan, Lin Sin-Kuan","Drew Pember, Kao Kuo-Hao, Liu Cheng-Hsun, Lu Kuan-Hsuan, TJ Holyfield",-2
25/12/24,21,Q2 1:01,Q3 12:00,1.0,"Cheick Diallo, Chuang Po-Yuan, Gao Jin-Wei, Lin Sin-Kuan","Drew Pember, Kao Kuo-Hao, Liu Cheng-Hsun, Lu Kuan-Hsuan, TJ Holyfield",-2
25/12/24,22,Q3 6:43,Q3 4:35,2.1,"Gao Jin-Wei, Malcolm Miller, Tsao Xun-Xiang, Tung Yung-Chuan","Drew Pember, Kao Kuo-Hao, Liu Cheng-Hsun, TJ Holyfield, Tseng Po-Yu",-2
25/12/24,23,Q3 4:35,Q3 4:26,0.1,"Malcolm Miller, Tsao Xun-Xiang, Tung Yung-Chuan","Drew Pember, Kao Kuo-Hao, Liu Cheng-Hsun, TJ Holyfield, Tseng Po-Yu",2
25/12/24,24,Q3 4:26,Q3 4:35,-0.1,"Chuang Po-Yuan, Malcolm Miller, Tsao Xun-Xiang, Tung Yung-Chuan","Drew Pember, Kao Kuo-Hao, Liu Cheng-Hsun, TJ Holyfield, Tseng Po-Yu",0
25/12/24,25,Q3 4:35,Q3 2:18,2.3,"Chuang Po-Yuan, Malcolm Miller, Tsao Xun-Xiang, Tung Yung-Chuan","Drew Pember, Kao Kuo-Hao, Liu Cheng-Hsun, Lu Kuan-Hsuan, TJ Holyfield",-2
25/12/24,26,Q3 2:18,Q3 1:22,0.9,"Chuang Po-Yuan, Malcolm Miller, Tsao Xun-Xiang, Tung Yung-Chuan","Drew Pember, Kao Kuo-Hao, Lu Kuan-Hsuan, TJ Holyfield, Tseng Po-Yu",-2
25/12/24,27,Q3 1:22,Q3 1:09,0.2,"Chuang Po-Yuan, Malcolm Miller, Tung Yung-Chuan","Drew Pember, Kao Kuo-Hao, Lu Kuan-Hsuan, TJ Holyfield, Tseng Po-Yu",0
25/12/24,28,Q3 1:09,Q4 12:00,1.1,"Chuang Po-Yuan, Gao Jin-Wei, Malcolm Miller, Tung Yung-Chuan","Drew Pember, Kao Kuo-Hao, Lu Kuan-Hsuan, TJ Holyfield, Tseng Po-Yu",2
25/12/24,29,Q4 12:00,Q4 11:42,0.3,"Chuang Po-Yuan, Gao Jin-Wei, Tung Yung-Chuan","Anzejs Pasecniks, Kao Kuo-Hao, Lu Kuan-Hsuan, TJ Holyfield, Tseng Po-Yu",0
25/12/24,30,Q4 11:42,Q4 11:29,0.2,"Chuang Po-Yuan, Gao Jin-Wei, Malcolm Miller, Tung Yung-Chuan","Anzejs Pasecniks, Kao Kuo-Hao, Lu Kuan-Hsuan, TJ Holyfield, Tseng Po-Yu",0
25/12/24,31,Q4 11:29,Q4 10:46,0.7,"Chuang Po-Yuan, Gao Jin-Wei, Lin Sin-Kuan, Malcolm Miller","Anzejs Pasecniks, Kao Kuo-Hao, Lu Kuan-Hsuan, TJ Holyfield, Tseng Po-Yu",1
25/12/24,32,Q4 10:46,Q4 6:59,3.8,"Chuang Po-Yuan, Gao Jin-Wei, Lin Sin-Kuan, Malcolm Miller","Drew Pember, Kao Kuo-Hao, Lu Kuan-Hsuan, TJ Holyfield, Tseng Po-Yu",-4
25/12/24,33,Q4 6:59,Q4 6:34,0.4,"Chuang Po-Yuan, Gao Jin-Wei, Lin Sin-Kuan, Malcolm Miller","Drew Pember, Kao Kuo-Hao, Liu Cheng-Hsun, Lu Kuan-Hsuan, TJ Holyfield",0
25/12/24,34,Q4 5:11,Q4 4:23,0.8,"Cheick Diallo, Chuang Po-Yuan, Gao Jin-Wei, Lin Sin-Kuan","Drew Pember, Kao Kuo-Hao, Liu Cheng-Hsun, Lu Kuan-Hsuan, TJ Holyfield",3
25/12/24,35,Q4 4:23,Q4 3:04,1.3,"Cheick Diallo, Chuang Po-Yuan, Gao Jin-Wei, Lin Sin-Kuan","Drew Pember, Kao Kuo-Hao, Lu Kuan-Hsuan, TJ Holyfield, Tseng Po-Yu",-5
25/12/24,36,Q4 3:04,Q4 3:01,0.1,"Chuang Po-Yuan, Gao Jin-Wei, Lin Sin-Kuan","Drew Pember, Kao Kuo-Hao, Lu Kuan-Hsuan, TJ Holyfield, Tseng Po-Yu",0
25/12/24,37,Q4 3:01,Q4 1:19,1.7,"Chuang Po-Yuan, Gao Jin-Wei, Lin Sin-Kuan, Malcolm Miller","Drew Pember, Kao Kuo-Hao, Lu Kuan-Hsuan, TJ Holyfield, Tseng Po-Yu",0
25/12/24,38,Q4 1:19,Q4 0:52,0.5,"Chuang Po-Yuan, Gao Jin-Wei, Malcolm Miller, Wang Jhe-Yu","Kao Kuo-Hao, Lee Chia-Jui, Lu Kuan-Hsuan, TJ Holyfield, Tseng Po-Yu",4
25/12/24,39,Q4 0:52,Q5 12:00,0.9,"Chuang Po-Yuan, Gao Jin-Wei, Malcolm Miller, Wang Jhe-Yu","Lee Chia-Jui, Lu Kuan-Hsuan, TJ Holyfield, Tien Hao, Tseng Po-Yu",2
26/01/09,1,Q1 4:55,Q1 3:08,1.8,"Gao Jin-Wei, Lasan Kromah, Lin Sin-Kuan, Tsao Xun-Xiang","Jason Washburn, Jayden Gardner, Lee Kai-Yan, Lin Yan-Ting, Ryder Hsiung",-5
26/01/09,2,Q1 3:08,Q1 2:56,0.2,"Cheick Diallo, Hsu Hong-Wei, Lin Sin-Kuan, Tsao Xun-Xiang","Jalen Harris, Jayden Gardner, Joseph Lin, Ryder Hsiung",2
26/01/09,3,Q1 2:56,Q1 1:30,1.4,"Cheick Diallo, Hsu Hong-Wei, Lin Sin-Kuan, Tsao Xun-Xiang","Jalen Harris, Jayden Gardner, Joseph Lin, Ryder Hsiung, Su Shih-Hsuan",1
26/01/09,4,Q1 1:30,Q1 0:10,1.3,"Cheick Diallo, Hsu Hong-Wei, Lin Sin-Kuan, Tsao Xun-Xiang","Jalen Harris, Jayden Gardner, Joseph Lin, Ryder Hsiung, Wang Po-Chih",1
26/01/09,5,Q1 0:10,Q1 0:04,0.1,"Cheick Diallo, Hsu Hong-Wei, Lin Sin-Kuan, Tsao Xun-Xiang","Jason Washburn, Jayden Gardner, Joseph Lin, Lee Kai-Yan, Ryder Hsiung",-2
26/01/09,6,Q1 0:04,Q1 0:03,0.0,"Cheick Diallo, Hsu Hong-Wei, Lin Sin-Kuan, Tsao Xun-Xiang","Jason Washburn, Joseph Lin, Lee Kai-Yan, Ryder Hsiung",0
26/01/09,7,Q1 0:03,Q2 12:00,0.1,"Cheick Diallo, Hsu Hong-Wei, Lin Sin-Kuan, Tsao Xun-Xiang","Jalen Harris, Jason Washburn, Joseph Lin, Lee Kai-Yan, Ryder Hsiung",0
26/01/09,8,Q2 12:00,Q2 9:11,2.8,"Cheick Diallo, Hsu Hong-Wei, Lin Sin-Kuan, Tsao Xun-Xiang","Jalen Harris, Jason Washburn, Joseph Lin, Lin Yan-Ting, Su Shih-Hsuan",-2
26/01/09,9,Q2 9:11,Q2 9:01,0.2,"Lasan Kromah, Lin Sin-Kuan, Tsao Xun-Xiang, Wang Hao-Chi","Jalen Harris, Jason Washburn, Joseph Lin, Lin Yan-Ting",1
26/01/09,10,Q2 9:01,Q2 8:05,0.9,"Lasan Kromah, Lin Sin-Kuan, Tsao Xun-Xiang, Wang Hao-Chi","Jalen Harris, Jason Washburn, Joseph Lin, Lin Yan-Ting, Ryder Hsiung",-2
26/01/09,11,Q2 8:05,Q2 5:46,2.3,"Chuang Po-Yuan, Gao Jin-Wei, Lasan Kromah, Wang Hao-Chi","Jalen Harris, Jason Washburn, Joseph Lin, Lin Yan-Ting, Ryder Hsiung",-5
26/01/09,12,Q2 2:16,Q2 2:14,0.0,"Chuang Po-Yuan, Gao Jin-Wei, Lasan Kromah, Tsao Xun-Xiang","Chien You-Che, Jalen Harris, Jason Washburn, Lee Kai-Yan",0
26/01/09,13,Q2 2:14,Q2 1:41,0.6,"Chuang Po-Yuan, Gao Jin-Wei, Lasan Kromah, Tsao Xun-Xiang","Chien You-Che, Jalen Harris, Jason Washburn, Lee Kai-Yan, Wang Po-Chih",2
26/01/09,14,Q2 1:41,Q2 1:26,0.2,"Chuang Po-Yuan, Gao Jin-Wei, Lasan Kromah, Tsao Xun-Xiang","Chien You-Che, Jalen Harris, Jason Washburn, Wang Po-Chih",0
26/01/09,15,Q2 1:26,Q2 1:11,0.2,"Chuang Po-Yuan, Gao Jin-Wei, Lasan Kromah, Tsao Xun-Xiang","Chien You-Che, Jalen Harris, Jason Washburn, Joseph Lin, Wang Po-Chih",0
26/01/09,16,Q2 1:11,Q2 0:57,0.2,"Chuang Po-Yuan, Gao Jin-Wei, Lasan Kromah, Tsao Xun-Xiang","Chien You-Che, Jalen Harris, Jason Washburn, Joseph Lin",-2
26/01/09,17,Q2 0:57,Q2 1:11,-0.2,"Chuang Po-Yuan, Gao Jin-Wei, Lasan Kromah, Tsao Xun-Xiang","Chien You-Che, Jalen Harris, Jason Washburn, Joseph Lin, Ryder Hsiung",0
26/01/09,18,Q2 1:11,Q2 0:01,1.2,"Chuang Po-Yuan, Gao Jin-Wei, Lasan Kromah, Tsao Xun-Xiang","Chien You-Che, Jalen Harris, Jason Washburn, Joseph Lin",0
26/01/09,19,Q2 0:01,Q2 1:11,-1.2,"Chuang Po-Yuan, Gao Jin-Wei, Lasan Kromah, Tsao Xun-Xiang","Chien You-Che, Jalen Harris, Jason Washburn, Joseph Lin, Wang Po-Chih",0
26/01/09,20,Q2 1:11,Q3 12:00,1.2,"Chuang Po-Yuan, Gao Jin-Wei, Lasan Kromah, Tsao Xun-Xiang","Chien You-Che, Jalen Harris, Jason Washburn, Joseph Lin",-1
26/01/09,21,Q3 4:38,Q3 4:28,0.2,"Lasan Kromah, Lin Sin-Kuan, Tsao Xun-Xiang, Wang Hao-Chi","Jalen Harris, Jayden Gardner, Lin Yan-Ting, Ryder Hsiung, Su Shih-Hsuan",1
26/01/09,22,Q3 4:28,Q3 4:14,0.2,"Lasan Kromah, Lin Sin-Kuan, Tsao Xun-Xiang, Wang Hao-Chi","Jayden Gardner, Lee Kai-Yan, Ryder Hsiung, Su Shih-Hsuan",0
26/01/09,23,Q3 4:14,Q3 3:26,0.8,"Lasan Kromah, Lin Sin-Kuan, Tsao Xun-Xiang, Wang Hao-Chi","Jayden Gardner, Joseph Lin, Lee Kai-Yan, Ryder Hsiung, Su Shih-Hsuan",-2
26/01/09,24,Q3 3:26,Q3 2:44,0.7,"Cheick Diallo, Hsu Hong-Wei, Lin Sin-Kuan, Tsao Xun-Xiang","Jayden Gardner, Joseph Lin, Lee Kai-Yan, Lu Cheng-Ju, Su Shih-Hsuan",0
26/01/09,25,Q3 2:44,Q3 2:34,0.2,"Cheick Diallo, Hsu Hong-Wei, Lin Sin-Kuan, Tsao Xun-Xiang","Jayden Gardner, Joseph Lin, Lu Cheng-Ju, Su Shih-Hsuan",0
26/01/09,26,Q3 2:34,Q3 1:52,0.7,"Cheick Diallo, Hsu Hong-Wei, Lin Sin-Kuan, Tsao Xun-Xiang","Chien You-Che, Jayden Gardner, Joseph Lin, Lu Cheng-Ju, Su Shih-Hsuan",3
26/01/09,27,Q3 1:52,Q3 1:11,0.7,"Cheick Diallo, Hsu Hong-Wei, Lin Sin-Kuan, Tsao Xun-Xiang","Chien You-Che, Jayden Gardner, Joseph Lin, Lu Cheng-Ju, Wang Po-Chih",1
26/01/09,28,Q3 1:11,Q4 12:00,1.2,"Cheick Diallo, Lin Sin-Kuan, Tsao Xun-Xiang, Wang Jhe-Yu","Chien You-Che, Jayden Gardner, Joseph Lin, Lu Cheng-Ju, Su Shih-Hsuan",0
26/01/09,29,Q4 12:00,Q4 10:36,1.4,"Cheick Diallo, Lin Sin-Kuan, Tsao Xun-Xiang, Wang Jhe-Yu","Jalen Harris, Jayden Gardner, Joseph Lin, Lee Kai-Yan, Su Shih-Hsuan",2
26/01/09,30,Q4 10:36,Q4 9:51,0.8,"Lasan Kromah, Lin Sin-Kuan, Tsao Xun-Xiang, Wang Jhe-Yu","Jalen Harris, Jayden Gardner, Joseph Lin, Lee Kai-Yan, Su Shih-Hsuan",-3
26/01/09,31,Q4 9:51,Q4 9:22,0.5,"Chuang Po-Yuan, Lasan Kromah, Lin Sin-Kuan, Tsao Xun-Xiang","Jalen Harris, Jayden Gardner, Joseph Lin, Lee Kai-Yan, Su Shih-Hsuan",-3
26/01/09,32,Q4 9:22,Q4 7:28,1.9,"Chuang Po-Yuan, Lasan Kromah, Lin Sin-Kuan, Tsao Xun-Xiang","Jalen Harris, Jayden Gardner, Lee Kai-Yan, Lin Yan-Ting, Su Shih-Hsuan",4
26/01/09,33,Q4 7:28,Q4 6:40,0.8,"Chuang Po-Yuan, Gao Jin-Wei, Lasan Kromah, Tsao Xun-Xiang","Jalen Harris, Jayden Gardner, Lee Kai-Yan, Lin Yan-Ting, Ryder Hsiung",2
26/01/09,34,Q4 6:40,Q4 6:33,0.1,"Chuang Po-Yuan, Gao Jin-Wei, Lasan Kromah, Tsao Xun-Xiang","Jalen Harris, Jayden Gardner, Lee Kai-Yan, Ryder Hsiung",0
26/01/09,35,Q4 6:33,Q4 4:55,1.6,"Chuang Po-Yuan, Gao Jin-Wei, Lasan Kromah, Tsao Xun-Xiang","Jalen Harris, Jayden Gardner, Jonathan Smith, Lee Kai-Yan, Ryder Hsiung",3
26/01/09,36,Q4 3:51,Q4 3:38,0.2,"Chuang Po-Yuan, Gao Jin-Wei, Lasan Kromah, Tsao Xun-Xiang","Chung Li-Hsiang, Jonathan Smith, Su Pei-Kai, Wang Po-Chih",-1
26/01/09,37,Q4 3:38,Q4 3:07,0.5,"Chuang Po-Yuan, Gao Jin-Wei, Lasan Kromah, Tsao Xun-Xiang","Chung Li-Hsiang, Jonathan Smith, Lin Yan-Ting, Su Pei-Kai, Wang Po-Chih",0
26/01/11,1,Q1 6:21,Q1 5:53,0.5,"Chuang Po-Yuan, Gao Jin-Wei, Lasan Kromah, Lin Sin-Kuan","Diamond Stone, Kenneth Chien, Samuel Manu, Stanton Kidd, Ting Sheng-Ju",-2
26/01/11,2,Q1 5:53,Q1 5:37,0.3,"Chuang Po-Yuan, Lasan Kromah, Lin Sin-Kuan","Diamond Stone, Kenneth Chien, Samuel Manu, Stanton Kidd, Ting Sheng-Ju",0
26/01/11,3,Q1 5:37,Q1 4:40,0.9,"Chuang Po-Yuan, Lasan Kromah, Lin Sin-Kuan, Tsao Xun-Xiang","Diamond Stone, Kenneth Chien, Samuel Manu, Stanton Kidd, Ting Sheng-Ju",3
26/01/11,4,Q1 4:40,Q1 4:00,0.7,"Chuang Po-Yuan, Lasan Kromah, Lin Sin-Kuan, Tsao Xun-Xiang","Diamond Stone, Samuel Manu, Stanton Kidd, Ting Sheng-Ju, Xie Ming-Jun",2
26/01/11,5,Q1 4:00,Q1 2:29,1.5,"Chuang Po-Yuan, Lasan Kromah, Lin Sin-Kuan, Tsao Xun-Xiang","Huang Tsung-Han, Samuel Manu, Stanton Kidd, Ting Sheng-Ju, Xie Ming-Jun",-3
26/01/11,6,Q1 2:29,Q1 0:34,1.9,"Cheick Diallo, Hsu Hong-Wei, Lin Sin-Kuan, Tsao Xun-Xiang","Huang Tsung-Han, Kenneth Chien, Samuel Manu, Stanton Kidd, Xie Ming-Jun",-5
26/01/11,7,Q1 0:34,Q2 12:00,0.6,"Cheick Diallo, Hsu Hong-Wei, Lin Sin-Kuan, Tsao Xun-Xiang","Diamond Stone, Huang Tsung-Han, Kenneth Chien, Su Yi-Chin, Xie Ming-Jun",0
26/01/11,8,Q2 11:50,Q2 11:21,0.5,"Cheick Diallo, Gao Jin-Wei, Lin Sin-Kuan, Tsao Xun-Xiang","Diamond Stone, Huang Tsung-Han, Kenneth Chien, Su Yi-Chin, Xie Ming-Jun",4
26/01/11,9,Q2 11:21,Q2 10:56,0.4,"Gao Jin-Wei, Lin Sin-Kuan, Tsao Xun-Xiang","Diamond Stone, Huang Tsung-Han, Kenneth Chien, Stanton Kidd, Ting Sheng-Ju",2
26/01/11,10,Q2 10:56,Q2 10:33,0.4,"Gao Jin-Wei, Lasan Kromah, Lin Sin-Kuan, Tsao Xun-Xiang","Diamond Stone, Huang Tsung-Han, Kenneth Chien, Stanton Kidd, Ting Sheng-Ju",0
26/01/11,11,Q2 10:33,Q2 9:41,0.9,"Gao Jin-Wei, Lasan Kromah, Lin Sin-Kuan, Tsao Xun-Xiang","Huang Tsung-Han, Kenneth Chien, Samuel Manu, Stanton Kidd, Ting Sheng-Ju",-3
26/01/11,12,Q2 9:41,Q2 8:40,1.0,"Gao Jin-Wei, Lasan Kromah, Lin Sin-Kuan, Tsao Xun-Xiang","Chang Chao-Chen, Kenneth Chien, Samuel Manu, Stanton Kidd, Ting Sheng-Ju",2
26/01/11,13,Q2 8:40,Q2 8:26,0.2,"Gao Jin-Wei, Lasan Kromah, Lin Sin-Kuan","Chang Chao-Chen, Kenneth Chien, Samuel Manu, Stanton Kidd, Ting Sheng-Ju",2
26/01/11,14,Q2 8:26,Q2 8:09,0.3,"Chuang Po-Yuan, Gao Jin-Wei, Lasan Kromah, Lin Sin-Kuan","Chang Chao-Chen, Kenneth Chien, Samuel Manu, Stanton Kidd, Ting Sheng-Ju",1
26/01/11,15,Q2 8:09,Q2 7:07,1.0,"Chuang Po-Yuan, Gao Jin-Wei, Lasan Kromah, Tsao Xun-Xiang","Kenneth Chien, Samuel Manu, Stanton Kidd, Ting Sheng-Ju, Xie Ming-Jun",0
26/01/11,16,Q2 1:25,Q2 0:37,0.8,"Chuang Po-Yuan, Gao Jin-Wei, Lasan Kromah, Lin Sin-Kuan","Diamond Stone, Samuel Manu, Stanton Kidd, Ting Sheng-Ju, Xie Ming-Jun",4
26/01/11,17,Q2 0:37,Q3 12:00,0.6,"Chuang Po-Yuan, Gao Jin-Wei, Lasan Kromah, Lin Sin-Kuan","Huang Tsung-Han, Samuel Manu, Stanton Kidd, Sun Szu-Yao, Ting Sheng-Ju",4
26/01/11,18,Q3 5:51,Q3 3:09,2.7,"Gao Jin-Wei, Lasan Kromah, Lin Sin-Kuan, Tsao Xun-Xiang","Huang Tsung-Han, Samuel Manu, Stanton Kidd, Ting Sheng-Ju, Xie Ming-Jun",3
26/01/11,19,Q3 3:09,Q3 2:48,0.3,"Lasan Kromah, Lin Sin-Kuan, Tsao Xun-Xiang","Huang Tsung-Han, Samuel Manu, Stanton Kidd, Ting Sheng-Ju, Xie Ming-Jun",3
26/01/11,20,Q3 2:48,Q3 2:39,0.1,"Chuang Po-Yuan, Lasan Kromah, Lin Sin-Kuan, Tsao Xun-Xiang","Huang Tsung-Han, Samuel Manu, Stanton Kidd, Ting Sheng-Ju, Xie Ming-Jun",1
26/01/11,21,Q3 2:39,Q3 2:01,0.6,"Chuang Po-Yuan, Lasan Kromah, Lin Sin-Kuan, Tsao Xun-Xiang","Kenneth Chien, Samuel Manu, Stanton Kidd, Ting Sheng-Ju, Xie Ming-Jun",1
26/01/11,22,Q3 2:01,Q3 1:56,0.1,"Chuang Po-Yuan, Lasan Kromah, Lin Sin-Kuan, Tsao Xun-Xiang","Diamond Stone, Kenneth Chien, Samuel Manu, Stanton Kidd, Xie Ming-Jun",-1
26/01/11,23,Q3 1:56,Q3 1:26,0.5,"Chuang Po-Yuan, Lasan Kromah, Lin Sin-Kuan, Tsao Xun-Xiang","Diamond Stone, Kenneth Chien, Stanton Kidd, Ting Sheng-Ju, Xie Ming-Jun",-3
26/01/11,24,Q3 1:26,Q3 0:27,1.0,"Chuang Po-Yuan, Gao Jin-Wei, Lasan Kromah, Tsao Xun-Xiang","Diamond Stone, Kenneth Chien, Samuel Manu, Stanton Kidd, Ting Sheng-Ju",-4
26/01/11,25,Q3 0:27,Q3 0:01,0.4,"Chuang Po-Yuan, Gao Jin-Wei, Tsao Xun-Xiang","Diamond Stone, Huang Tsung-Han, Kenneth Chien, Samuel Manu, Xie Ming-Jun",-2
26/01/11,26,Q3 0:01,Q3 0:03,-0.0,"Cheick Diallo, Chuang Po-Yuan, Gao Jin-Wei, Tsao Xun-Xiang","Diamond Stone, Huang Tsung-Han, Kenneth Chien, Samuel Manu, Xie Ming-Jun",0
26/01/11,27,Q3 0:03,Q4 12:00,0.1,"Cheick Diallo, Chuang Po-Yuan, Gao Jin-Wei, Tsao Xun-Xiang","Diamond Stone, Huang Tsung-Han, Kenneth Chien, Stanton Kidd, Ting Sheng-Ju",0
26/01/11,28,Q4 6:57,Q4 6:00,0.9,"Gao Jin-Wei, Lasan Kromah, Lin Sin-Kuan, Wang Hao-Chi","Diamond Stone, Huang Tsung-Han, Samuel Manu, Ting Sheng-Ju, Xie Ming-Jun",3
26/01/11,29,Q4 6:00,Q4 3:04,2.9,"Gao Jin-Wei, Lasan Kromah, Lin Sin-Kuan, Wang Hao-Chi","Diamond Stone, Huang Tsung-Han, Stanton Kidd, Ting Sheng-Ju, Xie Ming-Jun",8
26/01/11,30,Q4 3:04,Q4 3:02,0.0,"Gao Jin-Wei, Lasan Kromah, Lin Sin-Kuan","Huang Tsung-Han, Kenneth Chien, Samuel Manu, Stanton Kidd, Ting Sheng-Ju",2
26/01/11,31,Q4 3:02,Q4 2:50,0.2,"Chuang Po-Yuan, Gao Jin-Wei, Lasan Kromah, Lin Sin-Kuan","Huang Tsung-Han, Kenneth Chien, Samuel Manu, Stanton Kidd, Ting Sheng-Ju",0
26/01/11,32,Q4 2:50,Q4 1:15,1.6,"Chuang Po-Yuan, Gao Jin-Wei, Lasan Kromah, Lin Sin-Kuan","Diamond Stone, Huang Tsung-Han, Kenneth Chien, Samuel Manu, Stanton Kidd",-3
26/01/11,33,Q4 1:15,Q4 0:31,0.7,"Chuang Po-Yuan, Gao Jin-Wei, Lasan Kromah, Lin Sin-Kuan","Diamond Stone, Huang Tsung-Han, Samuel Manu, Stanton Kidd, Ting Sheng-Ju",2
26/01/11,34,Q4 0:31,Q4 0:14,0.3,"Chuang Po-Yuan, Gao Jin-Wei, Lasan Kromah, Lin Sin-Kuan","Diamond Stone, Huang Tsung-Han, Kenneth Chien, Samuel Manu, Stanton Kidd",-1
26/01/11,35,Q4 0:14,Q4 0:12,0.0,"Chuang Po-Yuan, Gao Jin-Wei, Lasan Kromah, Lin Sin-Kuan","Diamond Stone, Kenneth Chien, Samuel Manu, Stanton Kidd, Ting Sheng-Ju",-1
26/01/11,36,Q4 0:12,Q5 12:00,0.2,"Chuang Po-Yuan, Gao Jin-Wei, Lasan Kromah, Lin Sin-Kuan","Diamond Stone, Huang Tsung-Han, Kenneth Chien, Samuel Manu, Stanton Kidd",-2
26/01/18,1,Q1 5:07,Q1 4:42,0.4,"Chuang Po-Yuan, Gao Jin-Wei, Lasan Kromah, Lin Sin-Kuan","Ben Bentil, Julian Boyd, Lin Chun-Chi, Lu Kuan-Liang, Ma Chien-Hao",-1
26/01/18,2,Q1 4:42,Q1 1:37,3.1,"Gao Jin-Wei, Lasan Kromah, Lin Sin-Kuan, Tsao Xun-Xiang","Ben Bentil, Julian Boyd, Lin Chun-Chi, Lu Kuan-Liang, Ma Chien-Hao",-2
26/01/18,3,Q1 1:37,Q2 12:00,1.6,"Hsu Hong-Wei, Lin Sin-Kuan, Malcolm Miller, Tsao Xun-Xiang","Ben Bentil, Brandon Gilbeck, Lin Chun-Chi, Lu Kuan-Liang, Ma Chien-Hao",-2
26/01/18,4,Q2 11:47,Q2 10:42,1.1,"Hsu Hong-Wei, Lin Sin-Kuan, Malcolm Miller, Tsao Xun-Xiang","Ben Bentil, Brandon Gilbeck, Chang Tsung-Hsien, Chiang Yu-An, Randall Walko",0
26/01/18,5,Q2 10:42,Q2 10:38,0.1,"Lin Sin-Kuan, Malcolm Miller, Tsao Xun-Xiang","Ben Bentil, Brandon Gilbeck, Chang Tsung-Hsien, Chiang Yu-An, Randall Walko",0
26/01/18,6,Q2 10:38,Q2 9:37,1.0,"Lin Sin-Kuan, Malcolm Miller, Tsao Xun-Xiang, Wang Hao-Chi","Ben Bentil, Brandon Gilbeck, Chang Tsung-Hsien, Chiang Yu-An, Randall Walko",1
26/01/18,7,Q2 9:37,Q2 8:44,0.9,"Lin Sin-Kuan, Malcolm Miller, Tsao Xun-Xiang, Wang Hao-Chi","Brandon Gilbeck, Chang Tsung-Hsien, Chiang Yu-An, Julian Boyd, Randall Walko",-3
26/01/18,8,Q3 2:30,Q3 1:53,0.6,"Chuang Po-Yuan, Lasan Kromah, Lin Sin-Kuan, Tsao Xun-Xiang","Ben Bentil, Brandon Gilbeck, Chang Tsung-Hsien, Lin Chun-Chi, Randall Walko",1
26/01/18,9,Q3 1:53,Q3 1:08,0.8,"Chuang Po-Yuan, Lasan Kromah, Lin Sin-Kuan, Tsao Xun-Xiang","Ben Bentil, Chang Tsung-Hsien, Julian Boyd, Lin Chun-Chi, Randall Walko",0
26/01/18,10,Q3 1:08,Q3 0:54,0.2,"Lasan Kromah, Lin Sin-Kuan, Tsao Xun-Xiang","Ben Bentil, Chang Tsung-Hsien, Julian Boyd, Lin Chun-Chi, Randall Walko",0
26/01/18,11,Q3 0:54,Q4 12:00,0.9,"Gao Jin-Wei, Lasan Kromah, Lin Sin-Kuan, Tsao Xun-Xiang","Ben Bentil, Chang Tsung-Hsien, Julian Boyd, Lin Chun-Chi, Randall Walko",2
26/01/18,12,Q4 12:00,Q4 11:50,0.2,"Gao Jin-Wei, Malcolm Miller, Tsao Xun-Xiang","Ben Bentil, Chang Tsung-Hsien, Chiang Yu-An, Julian Boyd, Randall Walko",0
26/01/18,13,Q4 11:50,Q4 9:40,2.2,"Chuang Po-Yuan, Gao Jin-Wei, Malcolm Miller, Tsao Xun-Xiang","Ben Bentil, Chang Tsung-Hsien, Chiang Yu-An, Julian Boyd, Randall Walko",6
26/01/18,14,Q4 9:40,Q4 9:30,0.2,"Chuang Po-Yuan, Gao Jin-Wei, Malcolm Miller, Tsao Xun-Xiang","Brandon Gilbeck, Chiang Yu-An, Julian Boyd, Ma Chien-Hao, Randall Walko",3
26/01/18,15,Q4 9:30,Q4 9:11,0.3,"Chuang Po-Yuan, Gao Jin-Wei, Tsao Xun-Xiang","Brandon Gilbeck, Chiang Yu-An, Julian Boyd, Ma Chien-Hao, Randall Walko",3
26/01/18,16,Q4 9:11,Q4 8:09,1.0,"Chuang Po-Yuan, Gao Jin-Wei, Lasan Kromah, Tsao Xun-Xiang","Brandon Gilbeck, Chiang Yu-An, Julian Boyd, Ma Chien-Hao, Randall Walko",2
26/01/18,17,Q4 8:09,Q4 7:51,0.3,"Chuang Po-Yuan, Gao Jin-Wei, Lasan Kromah, Tsao Xun-Xiang","Ben Bentil, Brandon Gilbeck, Chiang Yu-An, Ma Chien-Hao, Randall Walko",-2
26/01/18,18,Q4 7:51,Q4 6:17,1.6,"Gao Jin-Wei, Lasan Kromah, Lin Sin-Kuan, Tsao Xun-Xiang","Ben Bentil, Brandon Gilbeck, Chiang Yu-An, Ma Chien-Hao, Randall Walko",-3
26/02/01,1,Q1 12:00,Q1 5:14,6.8,"Chuang Po-Yuan, Gao Jin-Wei, Lasan Kromah, Lin Sin-Kuan","Kenneth Chien, Makur Maker, Samuel Manu, Stanton Kidd, Ting Sheng-Ju",-6
26/02/01,2,Q1 2:44,Q1 2:16,0.5,"Gao Jin-Wei, Malcolm Miller, Tsao Xun-Xiang, Wang Hao-Chi","Makur Maker, Samuel Manu, Stanton Kidd, Ting Sheng-Ju, Xie Ming-Jun",-1
26/02/01,3,Q1 2:16,Q1 1:48,0.5,"Malcolm Miller, Tsao Xun-Xiang, Wang Hao-Chi, Wang Jhe-Yu","Makur Maker, Samuel Manu, Stanton Kidd, Ting Sheng-Ju, Xie Ming-Jun",0
26/02/01,4,Q1 1:48,Q1 1:12,0.6,"Malcolm Miller, Tsao Xun-Xiang, Wang Hao-Chi, Wang Jhe-Yu","Diamond Stone, Makur Maker, Samuel Manu, Ting Sheng-Ju, Xie Ming-Jun",-2
26/02/01,5,Q1 1:12,Q1 1:05,0.1,"Malcolm Miller, Tsao Xun-Xiang, Wang Hao-Chi, Wang Jhe-Yu","Diamond Stone, Makur Maker, Samuel Manu, Xie Ming-Jun",-2
26/02/01,6,Q1 1:05,Q1 1:00,0.1,"Malcolm Miller, Tsao Xun-Xiang, Wang Hao-Chi, Wang Jhe-Yu","Diamond Stone, Makur Maker, Wei Peng-Ho, Xie Ming-Jun",0
26/02/01,7,Q1 1:00,Q2 12:00,1.0,"Malcolm Miller, Tsao Xun-Xiang, Wang Hao-Chi, Wang Jhe-Yu","Diamond Stone, Huang Tsung-Han, Makur Maker, Wei Peng-Ho, Xie Ming-Jun",8
26/02/01,8,Q2 12:00,Q2 11:06,0.9,"Malcolm Miller, Tsao Xun-Xiang, Wang Hao-Chi, Wang Jhe-Yu","Diamond Stone, Huang Tsung-Han, Stanton Kidd, Wei Peng-Ho, Xie Ming-Jun",5
26/02/01,9,Q2 11:06,Q2 11:05,0.0,"Malcolm Miller, Tsao Xun-Xiang, Wang Hao-Chi, Wang Jhe-Yu","Huang Tsung-Han, Makur Maker, Stanton Kidd, Xie Ming-Jun",0
26/02/01,10,Q2 11:05,Q2 9:37,1.5,"Malcolm Miller, Tsao Xun-Xiang, Wang Hao-Chi, Wang Jhe-Yu","Huang Tsung-Han, Makur Maker, Stanton Kidd, Ting Sheng-Ju, Xie Ming-Jun",2
26/02/01,11,Q2 9:37,Q2 8:29,1.1,"Malcolm Miller, Tsao Xun-Xiang, Wang Hao-Chi, Wang Jhe-Yu","Kenneth Chien, Makur Maker, Samuel Manu, Stanton Kidd, Ting Sheng-Ju",3
26/02/01,12,Q2 8:29,Q2 7:37,0.9,"Gao Jin-Wei, Malcolm Miller, Wang Hao-Chi, Wang Jhe-Yu","Kenneth Chien, Makur Maker, Samuel Manu, Stanton Kidd, Ting Sheng-Ju",0
26/02/01,13,Q2 7:37,Q2 5:21,2.3,"Gao Jin-Wei, Lin Sin-Kuan, Malcolm Miller, Wang Hao-Chi","Kenneth Chien, Makur Maker, Samuel Manu, Stanton Kidd, Ting Sheng-Ju",1
26/02/01,14,Q2 5:21,Q2 5:11,0.2,"Chuang Po-Yuan, Gao Jin-Wei, Lasan Kromah, Lin Sin-Kuan","Chen Wen-Hung, Makur Maker, Samuel Manu, Stanton Kidd, Ting Sheng-Ju",3
26/02/01,15,Q2 5:11,Q2 2:07,3.1,"Chuang Po-Yuan, Gao Jin-Wei, Lasan Kromah, Lin Sin-Kuan","Chen Wen-Hung, Huang Tsung-Han, Makur Maker, Stanton Kidd, Ting Sheng-Ju",3
26/02/01,16,Q2 0:12,Q3 12:00,0.2,"Chuang Po-Yuan, Lasan Kromah, Lin Sin-Kuan, Tsao Xun-Xiang","Chen Wen-Hung, Huang Tsung-Han, Makur Maker, Stanton Kidd, Ting Sheng-Ju",-2
26/02/01,17,Q3 12:00,Q3 11:48,0.2,"Chuang Po-Yuan, Gao Jin-Wei, Lasan Kromah, Lin Sin-Kuan","Makur Maker, Samuel Manu, Stanton Kidd, Ting Sheng-Ju",-3
26/02/01,18,Q3 11:48,Q3 6:12,5.6,"Chuang Po-Yuan, Gao Jin-Wei, Lasan Kromah, Lin Sin-Kuan","Kenneth Chien, Makur Maker, Samuel Manu, Stanton Kidd, Ting Sheng-Ju",6
26/02/01,19,Q3 6:12,Q3 6:06,0.1,"Chuang Po-Yuan, Gao Jin-Wei, Lin Sin-Kuan, Malcolm Miller","Chen Wen-Hung, Kenneth Chien, Makur Maker, Stanton Kidd, Ting Sheng-Ju",-2
26/02/01,20,Q3 6:06,Q3 5:20,0.8,"Chuang Po-Yuan, Gao Jin-Wei, Malcolm Miller, Wang Hao-Chi","Chen Wen-Hung, Kenneth Chien, Makur Maker, Stanton Kidd, Ting Sheng-Ju",1
26/02/01,21,Q3 5:20,Q3 5:13,0.1,"Gao Jin-Wei, Malcolm Miller, Tsao Xun-Xiang, Wang Hao-Chi","Chen Wen-Hung, Kenneth Chien, Makur Maker, Stanton Kidd, Ting Sheng-Ju",0
26/02/01,22,Q3 5:13,Q3 4:52,0.3,"Gao Jin-Wei, Malcolm Miller, Tsao Xun-Xiang, Wang Hao-Chi","Chen Wen-Hung, Kenneth Chien, Stanton Kidd, Ting Sheng-Ju",0
26/02/01,23,Q3 4:52,Q3 4:44,0.1,"Gao Jin-Wei, Malcolm Miller, Tsao Xun-Xiang, Wang Hao-Chi","Chen Wen-Hung, Diamond Stone, Kenneth Chien, Stanton Kidd, Ting Sheng-Ju",0
26/02/01,24,Q3 4:44,Q3 4:29,0.2,"Gao Jin-Wei, Malcolm Miller, Tsao Xun-Xiang, Wang Hao-Chi","Chen Wen-Hung, Diamond Stone, Stanton Kidd, Ting Sheng-Ju",0
26/02/01,25,Q3 4:29,Q3 2:28,2.0,"Gao Jin-Wei, Malcolm Miller, Tsao Xun-Xiang, Wang Hao-Chi","Chen Wen-Hung, Diamond Stone, Huang Tsung-Han, Stanton Kidd, Ting Sheng-Ju",1
26/02/01,26,Q3 2:28,Q3 2:30,-0.0,"Gao Jin-Wei, Malcolm Miller, Tsao Xun-Xiang, Wang Hao-Chi","Chen Wen-Hung, Diamond Stone, Huang Tsung-Han, Makur Maker",0
26/02/01,27,Q3 2:30,Q3 0:30,2.0,"Malcolm Miller, Tsao Xun-Xiang, Wang Hao-Chi, Wang Jhe-Yu","Chen Wen-Hung, Diamond Stone, Huang Tsung-Han, Makur Maker, Xie Ming-Jun",-1
26/02/01,28,Q3 0:30,Q4 12:00,0.5,"Lasan Kromah, Tsao Xun-Xiang, Wang Hao-Chi, Wang Jhe-Yu","Diamond Stone, Huang Tsung-Han, Makur Maker, Samuel Manu, Xie Ming-Jun",0
26/02/01,29,Q4 12:00,Q4 10:04,1.9,"Lasan Kromah, Tsao Xun-Xiang, Wang Hao-Chi, Wang Jhe-Yu","Diamond Stone, Huang Tsung-Han, Makur Maker, Samuel Manu, Xie Ming-Jun",-4
26/02/01,30,Q4 6:29,Q4 5:22,1.1,"Chuang Po-Yuan, Gao Jin-Wei, Lasan Kromah, Lin Sin-Kuan","Makur Maker, Samuel Manu, Stanton Kidd, Ting Sheng-Ju, Xie Ming-Jun",0
26/02/01,31,Q4 5:22,Q4 5:13,0.1,"Chuang Po-Yuan, Gao Jin-Wei, Lasan Kromah, Lin Sin-Kuan","Kenneth Chien, Samuel Manu, Stanton Kidd, Ting Sheng-Ju",0
26/02/01,32,Q4 5:13,Q4 3:02,2.2,"Chuang Po-Yuan, Gao Jin-Wei, Lasan Kromah, Lin Sin-Kuan","Diamond Stone, Kenneth Chien, Samuel Manu, Stanton Kidd, Ting Sheng-Ju",1
26/02/01,33,Q4 3:02,Q4 2:48,0.2,"Chuang Po-Yuan, Gao Jin-Wei, Lasan Kromah, Lin Sin-Kuan","Diamond Stone, Kenneth Chien, Stanton Kidd, Ting Sheng-Ju",0
26/02/01,34,Q4 2:48,Q4 2:21,0.5,"Chuang Po-Yuan, Gao Jin-Wei, Lasan Kromah, Lin Sin-Kuan","Diamond Stone, Huang Tsung-Han, Kenneth Chien, Stanton Kidd, Ting Sheng-Ju",0
26/02/01,35,Q4 2:21,Q4 2:08,0.2,"Chuang Po-Yuan, Gao Jin-Wei, Lasan Kromah, Lin Sin-Kuan","Diamond Stone, Huang Tsung-Han, Kenneth Chien, Ting Sheng-Ju",0
26/02/01,36,Q4 2:08,Q4 2:05,0.1,"Chuang Po-Yuan, Gao Jin-Wei, Lasan Kromah, Lin Sin-Kuan","Diamond Stone, Huang Tsung-Han, Kenneth Chien, Makur Maker, Ting Sheng-Ju",0
26/02/01,37,Q4 2:05,Q4 1:50,0.2,"Chuang Po-Yuan, Gao Jin-Wei, Lasan Kromah, Lin Sin-Kuan","Diamond Stone, Kenneth Chien, Makur Maker, Ting Sheng-Ju",0
26/02/01,38,Q4 1:50,Q4 1:24,0.4,"Chuang Po-Yuan, Gao Jin-Wei, Lasan Kromah, Lin Sin-Kuan","Diamond Stone, Kenneth Chien, Makur Maker, Samuel Manu, Ting Sheng-Ju",-4
26/02/01,39,Q4 1:24,Q4 1:01,0.4,"Chuang Po-Yuan, Gao Jin-Wei, Lasan Kromah, Lin Sin-Kuan","Kenneth Chien, Makur Maker, Samuel Manu, Ting Sheng-Ju",-2
26/02/01,40,Q4 1:01,Q4 0:48,0.2,"Chuang Po-Yuan, Gao Jin-Wei, Lasan Kromah, Lin Sin-Kuan","Kenneth Chien, Makur Maker, Samuel Manu, Stanton Kidd, Ting Sheng-Ju",2
26/02/01,41,Q4 0:48,Q4 0:45,0.1,"Chuang Po-Yuan, Gao Jin-Wei, Lasan Kromah, Lin Sin-Kuan","Diamond Stone, Huang Tsung-Han, Makur Maker, Samuel Manu, Ting Sheng-Ju",0
26/02/01,42,Q4 0:45,Q4 0:32,0.2,"Chuang Po-Yuan, Gao Jin-Wei, Lasan Kromah, Lin Sin-Kuan","Diamond Stone, Makur Maker, Samuel Manu, Ting Sheng-Ju",0
26/02/01,43,Q4 0:32,Q5 12:00,0.5,"Chuang Po-Yuan, Gao Jin-Wei, Lasan Kromah, Lin Sin-Kuan","Diamond Stone, Huang Tsung-Han, Makur Maker, Samuel Manu, Ting Sheng-Ju",5
26/02/07,1,Q1 6:01,Q1 5:40,0.3,"Chuang Po-Yuan, Gao Jin-Wei, Lasan Kromah","Efe Odigie, Rade Zagorac, Tang Wei-Chieh, Wu Siao-Jin, Yu Huan-Ya",0
26/02/07,2,Q1 5:40,Q1 2:43,3.0,"Chuang Po-Yuan, Gao Jin-Wei, Lasan Kromah, Lin Sin-Kuan","Efe Odigie, Rade Zagorac, Tang Wei-Chieh, Wu Siao-Jin, Yu Huan-Ya",-1
26/02/07,3,Q1 2:43,Q1 2:31,0.2,"Cheick Diallo, Lin Sin-Kuan, Tsao Xun-Xiang, Wang Jhe-Yu","Efe Odigie, Rade Zagorac, Tang Wei-Chieh, Yu Chun-An, Yu Huan-Ya",-2
26/02/07,4,Q1 2:31,Q2 12:00,2.5,"Cheick Diallo, Lin Sin-Kuan, Tsao Xun-Xiang, Wang Jhe-Yu","Efe Odigie, Kristijan Krajina, Tang Wei-Chieh, Yu Chun-An, Yu Huan-Ya",3
26/02/07,5,Q2 12:00,Q2 11:13,0.8,"Cheick Diallo, Lin Sin-Kuan, Tsao Xun-Xiang, Wang Jhe-Yu","Kristijan Krajina, Rade Zagorac, Shih Chin-Yao, Wu Siao-Jin, Yu Chun-An",4
26/02/07,6,Q2 11:13,Q2 9:40,1.6,"Cheick Diallo, Lin Sin-Kuan, Tsao Xun-Xiang, Wang Jhe-Yu","Kristijan Krajina, Rade Zagorac, Wei Liang-Che, Wu Siao-Jin, Yu Chun-An",3
26/02/07,7,Q2 9:40,Q2 9:27,0.2,"Cheick Diallo, Lin Sin-Kuan, Tsao Xun-Xiang","Hu Long-Mao, Kristijan Krajina, Rade Zagorac, Wei Liang-Che, Wu Siao-Jin",0
26/02/07,8,Q3 7:30,Q3 6:32,1.0,"Chuang Po-Yuan, Gao Jin-Wei, Lasan Kromah, Wang Hao-Chi","Efe Odigie, Hu Long-Mao, Wei Liang-Che, Wu Siao-Jin, Yu Chun-An",2
26/02/07,9,Q3 6:32,Q3 6:14,0.3,"Chuang Po-Yuan, Gao Jin-Wei, Lasan Kromah, Lin Sin-Kuan","Efe Odigie, Hu Long-Mao, Wei Liang-Che, Wu Siao-Jin, Yu Chun-An",2
26/02/07,10,Q3 6:14,Q3 4:47,1.4,"Chuang Po-Yuan, Gao Jin-Wei, Lasan Kromah, Lin Sin-Kuan","Efe Odigie, Hu Long-Mao, Tang Wei-Chieh, Wei Liang-Che, Wu Siao-Jin",1
26/02/07,11,Q3 4:47,Q3 3:16,1.5,"Chuang Po-Yuan, Gao Jin-Wei, Lasan Kromah, Lin Sin-Kuan","Efe Odigie, Hu Long-Mao, Mayaw Fotol, Tang Wei-Chieh, Wei Liang-Che",1
26/02/07,12,Q3 3:16,Q3 2:58,0.3,"Lin Sin-Kuan, Tsao Xun-Xiang, Wang Jhe-Yu","Efe Odigie, Lu Wei-Ting, Mayaw Fotol, Tang Wei-Chieh, Wei Liang-Che",1
26/02/07,13,Q3 2:58,Q4 12:00,3.0,"Cheick Diallo, Lin Sin-Kuan, Tsao Xun-Xiang, Wang Jhe-Yu","Efe Odigie, Lu Wei-Ting, Mayaw Fotol, Tang Wei-Chieh, Wei Liang-Che",3
26/02/07,14,Q4 12:00,Q4 9:40,2.3,"Cheick Diallo, Lin Sin-Kuan, Tsao Xun-Xiang, Wang Jhe-Yu","Kristijan Krajina, Rade Zagorac, Wei Liang-Che, Wu Siao-Jin, Yu Chun-An",0
26/02/07,15,Q4 9:40,Q4 9:28,0.2,"Cheick Diallo, Lin Sin-Kuan, Tsao Xun-Xiang","Kristijan Krajina, Rade Zagorac, Wei Liang-Che, Wu Siao-Jin, Yu Chun-An",2
26/02/07,16,Q4 9:28,Q4 8:47,0.7,"Cheick Diallo, Hsu Hong-Wei, Lin Sin-Kuan, Tsao Xun-Xiang","Kristijan Krajina, Rade Zagorac, Wei Liang-Che, Wu Siao-Jin, Yu Chun-An",3
26/02/07,17,Q4 8:47,Q4 8:36,0.2,"Hsu Hong-Wei, Lin Sin-Kuan, Tsao Xun-Xiang","Efe Odigie, Hu Long-Mao, Mayaw Fotol, Wei Liang-Che, Wu Siao-Jin",3
26/02/07,18,Q4 8:36,Q4 7:35,1.0,"Hsu Hong-Wei, Lin Sin-Kuan, Liu Yuan-Kai, Tsao Xun-Xiang","Efe Odigie, Hu Long-Mao, Mayaw Fotol, Wei Liang-Che, Wu Siao-Jin",-2
26/02/07,19,Q4 7:35,Q4 6:21,1.2,"Hsu Hong-Wei, Lin Sin-Kuan, Liu Yuan-Kai, Tsao Xun-Xiang","Efe Odigie, Hu Long-Mao, Mayaw Fotol, Wei Liang-Che, Wu Yen-Lun",-2
26/02/07,20,Q4 6:21,Q4 5:07,1.2,"Hsu Hong-Wei, Lin Sin-Kuan, Liu Yuan-Kai, Tsao Xun-Xiang","Efe Odigie, Lu Wei-Ting, Mayaw Fotol, Wei Liang-Che, Wu Yen-Lun",2
26/02/15,1,Q1 12:00,Q1 7:30,4.5,"Chuang Po-Yuan, Gao Jin-Wei, Lin Sin-Kuan, Malcolm Miller","Hsieh Ya-Hsuan, Huang Hung-Han, Marko Todorovic, Nick King, Wei Chia-Hao",4
26/02/15,2,Q1 7:30,Q1 6:30,1.0,"Cheick Diallo, Chuang Po-Yuan, Gao Jin-Wei, Tung Yung-Chuan","Hsieh Ya-Hsuan, Lin Wei-Han, Marko Todorovic, Nick King, Tseng Wen-Ting",4
26/02/15,3,Q1 6:30,Q1 5:41,0.8,"Cheick Diallo, Gao Jin-Wei, Hsu Hong-Wei, Tung Yung-Chuan","Hsieh Ya-Hsuan, Lin Wei-Han, Marko Todorovic, Nick King, Tseng Wen-Ting",2
26/02/15,4,Q1 5:41,Q1 4:22,1.3,"Cheick Diallo, Gao Jin-Wei, Hsu Hong-Wei, Tung Yung-Chuan","Li Pei-Cheng, Lin Wei-Han, Marko Todorovic, Nick King, Tseng Wen-Ting",-2
26/02/15,5,Q1 4:22,Q1 3:28,0.9,"Cheick Diallo, Hsu Hong-Wei, Tsao Xun-Xiang, Tung Yung-Chuan","Li Pei-Cheng, Lin Wei-Han, Marko Todorovic, Nick King, Tseng Wen-Ting",0
26/02/15,6,Q1 3:28,Q1 2:08,1.3,"Cheick Diallo, Tsao Xun-Xiang, Tung Yung-Chuan, Wang Jhe-Yu","Li Pei-Cheng, Lin Wei-Han, Nemanja Radovic, Nick King, Tseng Wen-Ting",-1
26/02/15,7,Q2 10:03,Q2 9:06,0.9,"Gao Jin-Wei, Malcolm Miller, Tsao Xun-Xiang, Tung Yung-Chuan","Jian Ting-Jhao, Li Pei-Cheng, Lin Wei-Han, Marko Todorovic, Nemanja Radovic",-2
26/02/15,8,Q2 9:06,Q2 5:58,3.1,"Cheick Diallo, Chuang Po-Yuan, Gao Jin-Wei, Tung Yung-Chuan","Hsieh Ya-Hsuan, Jian Ting-Jhao, Lin Jen-Hung, Marko Todorovic, Nemanja Radovic",2
26/02/15,9,Q2 5:58,Q2 5:53,0.1,"Cheick Diallo, Chuang Po-Yuan, Gao Jin-Wei, Tsao Xun-Xiang","Hsieh Ya-Hsuan, Jian Ting-Jhao, Lin Jen-Hung, Marko Todorovic, Nemanja Radovic",0
26/02/15,10,Q2 5:53,Q2 5:44,0.1,"Cheick Diallo, Chuang Po-Yuan, Gao Jin-Wei, Tsao Xun-Xiang","Hsieh Ya-Hsuan, Jian Ting-Jhao, Nemanja Radovic, Nick King",3
26/02/15,11,Q2 5:44,Q2 4:12,1.5,"Cheick Diallo, Chuang Po-Yuan, Gao Jin-Wei, Tsao Xun-Xiang","Hsieh Ya-Hsuan, Jian Ting-Jhao, Nemanja Radovic, Nick King, Tseng Wen-Ting",3
26/02/15,12,Q2 4:12,Q2 3:41,0.5,"Cheick Diallo, Chuang Po-Yuan, Gao Jin-Wei, Tsao Xun-Xiang","Hsieh Ya-Hsuan, Lin Wei-Han, Nemanja Radovic, Nick King, Tseng Wen-Ting",0
26/02/15,13,Q2 3:41,Q3 12:00,3.7,"Chuang Po-Yuan, Gao Jin-Wei, Malcolm Miller, Tsao Xun-Xiang","Hsieh Ya-Hsuan, Lin Wei-Han, Nemanja Radovic, Nick King, Tseng Wen-Ting",-1
26/02/15,14,Q3 12:00,Q3 11:49,0.2,"Chuang Po-Yuan, Gao Jin-Wei, Lin Sin-Kuan, Malcolm Miller","Hsieh Ya-Hsuan, Lin Wei-Han, Nick King, Tseng Wen-Ting",-3
26/02/15,15,Q3 11:49,Q3 6:07,5.7,"Chuang Po-Yuan, Gao Jin-Wei, Lin Sin-Kuan, Malcolm Miller","Hsieh Ya-Hsuan, Lin Wei-Han, Marko Todorovic, Nick King, Tseng Wen-Ting",3
26/02/15,16,Q3 6:07,Q3 4:37,1.5,"Cheick Diallo, Gao Jin-Wei, Lin Sin-Kuan, Tung Yung-Chuan","Hsieh Ya-Hsuan, Lin Wei-Han, Marko Todorovic, Nick King, Tseng Wen-Ting",-3
26/02/15,17,Q3 4:37,Q3 3:32,1.1,"Cheick Diallo, Gao Jin-Wei, Lin Sin-Kuan, Tung Yung-Chuan","Hsieh Ya-Hsuan, Huang Hung-Han, Lin Wei-Han, Marko Todorovic, Nemanja Radovic",-7
26/02/15,18,Q3 3:32,Q3 1:52,1.7,"Cheick Diallo, Gao Jin-Wei, Lin Sin-Kuan, Tsao Xun-Xiang","Hsieh Ya-Hsuan, Huang Hung-Han, Lin Wei-Han, Marko Todorovic, Nemanja Radovic",-4
26/03/04,1,Q1 5:38,Q1 5:32,0.1,"Gao Jin-Wei, Lasan Kromah, Lin Sin-Kuan, Tsao Xun-Xiang","Jordan Tolbert, Joseph Lin, Lin Yan-Ting, Lu Cheng-Ju, Olufemi Olujobi",0
26/03/04,2,Q1 5:32,Q1 3:02,2.5,"Gao Jin-Wei, Lasan Kromah, Lin Sin-Kuan, Tsao Xun-Xiang","Jonathan Smith, Jordan Tolbert, Joseph Lin, Lin Yan-Ting, Olufemi Olujobi",-7
26/03/04,3,Q1 3:02,Q1 2:49,0.2,"Lin Sin-Kuan, Tsao Xun-Xiang, Wang Hao-Chi","Jonathan Smith, Jordan Tolbert, Lin Yan-Ting, Olufemi Olujobi, Ryder Hsiung",0
26/03/04,4,Q1 2:49,Q1 2:33,0.3,"Cheick Diallo, Lin Sin-Kuan, Tsao Xun-Xiang, Wang Hao-Chi","Jonathan Smith, Jordan Tolbert, Lin Yan-Ting, Olufemi Olujobi, Ryder Hsiung",0
26/03/04,5,Q1 2:33,Q2 12:00,2.5,"Cheick Diallo, Lin Sin-Kuan, Tsao Xun-Xiang, Wang Hao-Chi","Jayden Gardner, Jonathan Smith, Lin Yan-Ting, Olufemi Olujobi, Ryder Hsiung",-2
26/03/04,6,Q2 12:00,Q2 11:43,0.3,"Cheick Diallo, Lin Sin-Kuan, Tsao Xun-Xiang, Wang Hao-Chi","Jayden Gardner, Jonathan Smith, Lin Yan-Ting, Olufemi Olujobi, Ryder Hsiung",0
26/03/04,7,Q2 11:43,Q2 9:54,1.8,"Cheick Diallo, Lin Sin-Kuan, Tsao Xun-Xiang, Wang Hao-Chi","Jordan Tolbert, Joseph Lin, Lin Yan-Ting, Olufemi Olujobi, Ryder Hsiung",2
26/03/04,8,Q2 9:54,Q2 8:04,1.8,"Cheick Diallo, Lin Sin-Kuan, Tsao Xun-Xiang, Wang Hao-Chi","Jonathan Smith, Jordan Tolbert, Joseph Lin, Olufemi Olujobi, Ryder Hsiung",5
26/03/04,9,Q2 8:04,Q2 6:43,1.4,"Lasan Kromah, Lin Sin-Kuan, Tsao Xun-Xiang, Wang Hao-Chi","Jayden Gardner, Jonathan Smith, Jordan Tolbert, Joseph Lin, Lu Cheng-Ju",7
26/03/04,10,Q2 6:43,Q2 5:13,1.5,"Gao Jin-Wei, Lasan Kromah, Lin Sin-Kuan, Wang Hao-Chi","Jayden Gardner, Jordan Tolbert, Joseph Lin, Lin Yan-Ting, Lu Cheng-Ju",0
26/03/04,11,Q2 5:13,Q2 5:05,0.1,"Chuang Po-Yuan, Gao Jin-Wei, Lasan Kromah, Lin Sin-Kuan","Jayden Gardner, Jordan Tolbert, Joseph Lin, Lin Yan-Ting, Lu Cheng-Ju",0
26/03/04,12,Q3 12:00,Q3 11:44,0.3,"Gao Jin-Wei, Lasan Kromah, Tung Yung-Chuan","Jayden Gardner, Jonathan Smith, Jordan Tolbert, Joseph Lin, Lu Cheng-Ju",0
26/03/04,13,Q3 11:44,Q3 10:04,1.7,"Chuang Po-Yuan, Gao Jin-Wei, Lasan Kromah, Tung Yung-Chuan","Jayden Gardner, Jonathan Smith, Jordan Tolbert, Joseph Lin, Lu Cheng-Ju",1
26/03/04,14,Q3 10:04,Q3 8:24,1.7,"Chuang Po-Yuan, Gao Jin-Wei, Lasan Kromah, Tung Yung-Chuan","Jonathan Smith, Jordan Tolbert, Joseph Lin, Lin Yan-Ting, Olufemi Olujobi",6
26/03/04,15,Q3 8:24,Q3 7:51,0.6,"Chuang Po-Yuan, Gao Jin-Wei, Lasan Kromah, Tung Yung-Chuan","Jordan Tolbert, Joseph Lin, Lin Yan-Ting, Olufemi Olujobi, Ryder Hsiung",1
26/03/04,16,Q3 7:51,Q3 7:28,0.4,"Chuang Po-Yuan, Gao Jin-Wei, Lasan Kromah, Tung Yung-Chuan","Jordan Tolbert, Joseph Lin, Lin Chin-Pang, Olufemi Olujobi, Ryder Hsiung",0
26/03/04,17,Q3 7:28,Q3 6:51,0.6,"Chuang Po-Yuan, Gao Jin-Wei, Lasan Kromah, Tung Yung-Chuan","Jordan Tolbert, Joseph Lin, Lu Cheng-Ju, Olufemi Olujobi, Ryder Hsiung",3
26/03/04,18,Q3 6:51,Q3 6:37,0.2,"Chuang Po-Yuan, Gao Jin-Wei, Lasan Kromah","Jordan Tolbert, Joseph Lin, Lu Cheng-Ju, Olufemi Olujobi, Ryder Hsiung",1
26/03/04,19,Q3 6:37,Q3 5:51,0.8,"Chuang Po-Yuan, Gao Jin-Wei, Lasan Kromah, Wang Hao-Chi","Jordan Tolbert, Joseph Lin, Lu Cheng-Ju, Olufemi Olujobi, Ryder Hsiung",1
26/03/04,20,Q3 1:51,Q3 1:38,0.2,"Cheick Diallo, Tsao Xun-Xiang, Wang Hao-Chi","Jayden Gardner, Jordan Tolbert, Joseph Lin, Lin Yan-Ting, Su Shih-Hsuan",0
26/03/04,21,Q3 1:38,Q3 0:57,0.7,"Cheick Diallo, Lin Sin-Kuan, Tsao Xun-Xiang, Wang Hao-Chi","Jayden Gardner, Jordan Tolbert, Joseph Lin, Lin Yan-Ting, Su Shih-Hsuan",2
26/03/04,22,Q3 0:57,Q4 12:00,0.9,"Cheick Diallo, Lin Sin-Kuan, Tsao Xun-Xiang, Wang Hao-Chi","Jayden Gardner, Jonathan Smith, Lin Yan-Ting, Olufemi Olujobi, Ryder Hsiung",1
26/03/04,23,Q4 12:00,Q4 10:36,1.4,"Cheick Diallo, Lin Sin-Kuan, Tsao Xun-Xiang, Wang Hao-Chi","Jayden Gardner, Jonathan Smith, Jordan Tolbert, Lin Yan-Ting, Ryder Hsiung",0
26/03/04,24,Q4 10:36,Q4 9:20,1.3,"Cheick Diallo, Lin Sin-Kuan, Tsao Xun-Xiang, Wang Hao-Chi","Jayden Gardner, Jonathan Smith, Jordan Tolbert, Joseph Lin, Ryder Hsiung",-2
26/03/04,25,Q4 9:20,Q4 8:22,1.0,"Chuang Po-Yuan, Lasan Kromah, Tsao Xun-Xiang, Wang Hao-Chi","Jonathan Smith, Jordan Tolbert, Joseph Lin, Olufemi Olujobi, Ryder Hsiung",2
26/03/04,26,Q4 8:22,Q4 6:47,1.6,"Chuang Po-Yuan, Lasan Kromah, Tsao Xun-Xiang, Wang Hao-Chi","Jordan Tolbert, Joseph Lin, Lin Yan-Ting, Olufemi Olujobi, Ryder Hsiung",1
26/03/04,27,Q4 6:47,Q4 2:41,4.1,"Chuang Po-Yuan, Gao Jin-Wei, Lasan Kromah, Wang Hao-Chi","Jordan Tolbert, Joseph Lin, Lin Yan-Ting, Olufemi Olujobi, Ryder Hsiung",-5
26/03/04,28,Q4 2:41,Q4 2:15,0.4,"Chuang Po-Yuan, Gao Jin-Wei, Lasan Kromah, Tung Yung-Chuan","Jayden Gardner, Joseph Lin, Lin Yan-Ting, Olufemi Olujobi, Ryder Hsiung",2
26/03/04,29,Q4 2:15,Q4 0:51,1.4,"Chuang Po-Yuan, Gao Jin-Wei, Lasan Kromah, Tung Yung-Chuan","Jayden Gardner, Jonathan Smith, Jordan Tolbert, Lin Yan-Ting, Ryder Hsiung",3
26/03/08,1,Q1 12:00,Q1 11:36,0.4,"Chuang Po-Yuan, Gao Jin-Wei, Lasan Kromah, Tung Yung-Chuan","Jalen Harris, Jason Washburn, Joseph Lin, Su Shih-Hsuan",0
26/03/08,2,Q1 11:36,Q1 7:14,4.4,"Chuang Po-Yuan, Gao Jin-Wei, Lasan Kromah, Tung Yung-Chuan","Jalen Harris, Jason Washburn, Joseph Lin, Lin Yan-Ting, Su Shih-Hsuan",-1
26/03/08,3,Q1 7:14,Q1 7:02,0.2,"Chuang Po-Yuan, Gao Jin-Wei, Lasan Kromah, Tung Yung-Chuan","Jalen Harris, Lin Yan-Ting, Lu Cheng-Ju, Su Shih-Hsuan",0
26/03/08,4,Q1 7:02,Q1 5:49,1.2,"Chuang Po-Yuan, Gao Jin-Wei, Lasan Kromah, Tung Yung-Chuan","Jalen Harris, Lin Yan-Ting, Lu Cheng-Ju, Olufemi Olujobi, Su Shih-Hsuan",2
26/03/08,5,Q1 5:49,Q1 5:00,0.8,"Gao Jin-Wei, Lin Sin-Kuan, Malcolm Miller, Tsao Xun-Xiang","Jalen Harris, Lin Yan-Ting, Lu Cheng-Ju, Olufemi Olujobi, Su Shih-Hsuan",-2
26/03/08,6,Q1 5:00,Q1 4:50,0.2,"Gao Jin-Wei, Lin Sin-Kuan, Malcolm Miller, Tsao Xun-Xiang","Joseph Lin, Lin Yan-Ting, Lu Cheng-Ju, Olufemi Olujobi",0
26/03/08,7,Q1 4:50,Q1 3:11,1.6,"Gao Jin-Wei, Lin Sin-Kuan, Malcolm Miller, Tsao Xun-Xiang","Jason Washburn, Joseph Lin, Lin Yan-Ting, Lu Cheng-Ju, Olufemi Olujobi",-1
26/03/08,8,Q1 3:11,Q1 2:57,0.2,"Lin Sin-Kuan, Malcolm Miller, Tsao Xun-Xiang, Wang Hao-Chi","Jason Washburn, Joseph Lin, Lu Cheng-Ju, Olufemi Olujobi",0
26/03/08,9,Q1 2:57,Q1 2:29,0.5,"Lin Sin-Kuan, Malcolm Miller, Tsao Xun-Xiang, Wang Hao-Chi","Jason Washburn, Jonathan Smith, Joseph Lin, Lu Cheng-Ju, Olufemi Olujobi",0
26/03/08,10,Q1 2:29,Q1 2:16,0.2,"Lin Sin-Kuan, Malcolm Miller, Tsao Xun-Xiang, Wang Hao-Chi","Jalen Harris, Jason Washburn, Joseph Lin, Lu Cheng-Ju",2
26/03/08,11,Q1 2:16,Q1 1:41,0.6,"Lin Sin-Kuan, Malcolm Miller, Tsao Xun-Xiang, Wang Hao-Chi","Jalen Harris, Jason Washburn, Joseph Lin, Lin Chin-Pang, Lu Cheng-Ju",0
26/03/08,12,Q2 8:22,Q2 6:39,1.7,"Chuang Po-Yuan, Gao Jin-Wei, Lasan Kromah, Wang Hao-Chi","Jalen Harris, Lin Yan-Ting, Olufemi Olujobi, Ryder Hsiung, Su Shih-Hsuan",-6
26/03/08,13,Q2 6:39,Q2 5:14,1.4,"Chuang Po-Yuan, Gao Jin-Wei, Malcolm Miller, Tung Yung-Chuan","Jalen Harris, Joseph Lin, Lin Yan-Ting, Lu Cheng-Ju, Olufemi Olujobi",-6
26/03/08,14,Q2 5:14,Q2 4:32,0.7,"Chuang Po-Yuan, Gao Jin-Wei, Lin Sin-Kuan, Malcolm Miller","Jalen Harris, Joseph Lin, Lin Yan-Ting, Lu Cheng-Ju, Olufemi Olujobi",-3
26/03/08,15,Q2 4:32,Q2 4:18,0.2,"Chuang Po-Yuan, Gao Jin-Wei, Lasan Kromah, Lin Sin-Kuan","Jalen Harris, Joseph Lin, Lin Yan-Ting, Lu Cheng-Ju, Olufemi Olujobi",2
26/03/08,16,Q2 4:18,Q2 3:46,0.5,"Gao Jin-Wei, Lasan Kromah, Lin Sin-Kuan, Tsao Xun-Xiang","Jalen Harris, Joseph Lin, Lin Yan-Ting, Olufemi Olujobi, Su Shih-Hsuan",1
26/03/08,17,Q2 3:46,Q2 3:26,0.3,"Gao Jin-Wei, Lasan Kromah, Lin Sin-Kuan, Tsao Xun-Xiang","Jalen Harris, Joseph Lin, Lin Yan-Ting, Ryder Hsiung",0
26/03/08,18,Q2 3:26,Q2 1:44,1.7,"Gao Jin-Wei, Lasan Kromah, Lin Sin-Kuan, Tsao Xun-Xiang","Jalen Harris, Jason Washburn, Joseph Lin, Lin Yan-Ting, Ryder Hsiung",-3
26/03/08,19,Q2 1:44,Q2 1:32,0.2,"Gao Jin-Wei, Lasan Kromah, Lin Sin-Kuan, Tsao Xun-Xiang","Jason Washburn, Joseph Lin, Lin Yan-Ting, Olufemi Olujobi",0
26/03/08,20,Q2 1:32,Q2 0:56,0.6,"Gao Jin-Wei, Lasan Kromah, Lin Sin-Kuan, Tsao Xun-Xiang","Jason Washburn, Joseph Lin, Lin Chin-Pang, Lin Yan-Ting, Olufemi Olujobi",1
26/03/08,21,Q2 0:56,Q3 12:00,0.9,"Chuang Po-Yuan, Gao Jin-Wei, Lasan Kromah, Lin Sin-Kuan","Jason Washburn, Jonathan Smith, Joseph Lin, Lin Chin-Pang, Olufemi Olujobi",-2
26/03/08,22,Q3 12:00,Q3 11:47,0.2,"Chuang Po-Yuan, Gao Jin-Wei, Lasan Kromah, Tsao Xun-Xiang","Jason Washburn, Joseph Lin, Lin Yan-Ting, Su Shih-Hsuan",2
26/03/08,23,Q3 11:47,Q3 10:35,1.2,"Chuang Po-Yuan, Gao Jin-Wei, Lasan Kromah, Tsao Xun-Xiang","Jalen Harris, Jason Washburn, Joseph Lin, Lin Yan-Ting, Su Shih-Hsuan",5
26/03/08,24,Q3 10:35,Q3 7:04,3.5,"Chuang Po-Yuan, Gao Jin-Wei, Lasan Kromah, Tsao Xun-Xiang","Jalen Harris, Jason Washburn, Joseph Lin, Lin Yan-Ting, Ryder Hsiung",-2
26/03/08,25,Q3 3:47,Q3 3:34,0.2,"Chuang Po-Yuan, Lin Sin-Kuan, Malcolm Miller, Tsao Xun-Xiang","Jalen Harris, Lin Yan-Ting, Olufemi Olujobi, Ryder Hsiung",0
26/03/08,26,Q3 3:34,Q3 2:30,1.1,"Chuang Po-Yuan, Lin Sin-Kuan, Malcolm Miller, Tsao Xun-Xiang","Jalen Harris, Lin Yan-Ting, Olufemi Olujobi, Ryder Hsiung, Su Shih-Hsuan",0
26/03/08,27,Q3 2:30,Q3 2:16,0.2,"Chuang Po-Yuan, Gao Jin-Wei, Lin Sin-Kuan, Malcolm Miller","Jason Washburn, Joseph Lin, Olufemi Olujobi, Ryder Hsiung",-2
26/03/08,28,Q3 2:16,Q3 0:16,2.0,"Chuang Po-Yuan, Gao Jin-Wei, Lin Sin-Kuan, Malcolm Miller","Jason Washburn, Jonathan Smith, Joseph Lin, Olufemi Olujobi, Ryder Hsiung",0
26/03/08,29,Q3 0:16,Q3 0:02,0.2,"Chuang Po-Yuan, Gao Jin-Wei, Lin Sin-Kuan, Malcolm Miller","Joseph Lin, Lu Cheng-Ju, Olufemi Olujobi, Ryder Hsiung",0
26/03/08,30,Q3 0:02,Q3 0:05,-0.1,"Chuang Po-Yuan, Gao Jin-Wei, Lin Sin-Kuan, Malcolm Miller","Jalen Harris, Joseph Lin, Lu Cheng-Ju, Olufemi Olujobi, Ryder Hsiung",0
26/03/08,31,Q3 0:05,Q4 12:00,0.1,"Chuang Po-Yuan, Gao Jin-Wei, Lin Sin-Kuan, Malcolm Miller","Jason Washburn, Jonathan Smith, Lin Chin-Pang, Olufemi Olujobi",0
26/03/08,32,Q4 12:00,Q4 11:36,0.4,"Chuang Po-Yuan, Gao Jin-Wei, Lin Sin-Kuan, Malcolm Miller","Joseph Lin, Lin Yan-Ting, Olufemi Olujobi, Ryder Hsiung",-1
26/03/08,33,Q4 11:36,Q4 10:04,1.5,"Chuang Po-Yuan, Gao Jin-Wei, Lin Sin-Kuan, Malcolm Miller","Jason Washburn, Joseph Lin, Lin Yan-Ting, Olufemi Olujobi, Ryder Hsiung",1
26/03/08,34,Q4 10:04,Q4 9:29,0.6,"Chuang Po-Yuan, Gao Jin-Wei, Lin Sin-Kuan, Malcolm Miller","Jalen Harris, Jason Washburn, Joseph Lin, Lin Yan-Ting, Ryder Hsiung",3
26/03/08,35,Q4 9:29,Q4 9:25,0.1,"Chuang Po-Yuan, Gao Jin-Wei, Lin Sin-Kuan, Malcolm Miller","Jalen Harris, Jason Washburn, Joseph Lin, Lin Yan-Ting",0
26/03/08,36,Q4 9:25,Q4 8:58,0.5,"Chuang Po-Yuan, Gao Jin-Wei, Lin Sin-Kuan, Malcolm Miller","Jalen Harris, Jason Washburn, Joseph Lin, Lin Yan-Ting, Su Shih-Hsuan",-3
26/03/08,37,Q4 8:58,Q4 8:07,0.8,"Gao Jin-Wei, Lin Sin-Kuan, Malcolm Miller, Tsao Xun-Xiang","Jalen Harris, Jason Washburn, Joseph Lin, Lin Yan-Ting, Su Shih-Hsuan",0
26/03/08,38,Q4 8:07,Q4 6:09,2.0,"Gao Jin-Wei, Lasan Kromah, Lin Sin-Kuan, Tsao Xun-Xiang","Jalen Harris, Jason Washburn, Joseph Lin, Lin Yan-Ting, Su Shih-Hsuan",-1
26/03/08,39,Q4 6:09,Q4 6:02,0.1,"Gao Jin-Wei, Lasan Kromah, Lin Sin-Kuan, Tsao Xun-Xiang","Jalen Harris, Jason Washburn, Lin Yan-Ting, Lu Cheng-Ju",-2
26/03/08,40,Q4 6:02,Q4 4:30,1.5,"Gao Jin-Wei, Lasan Kromah, Lin Sin-Kuan, Tsao Xun-Xiang","Jalen Harris, Jason Washburn, Lin Yan-Ting, Lu Cheng-Ju, Ryder Hsiung",0
26/03/08,41,Q4 4:30,Q4 3:12,1.3,"Chuang Po-Yuan, Lasan Kromah, Tsao Xun-Xiang, Tung Yung-Chuan","Jalen Harris, Joseph Lin, Lu Cheng-Ju, Olufemi Olujobi, Ryder Hsiung",3
26/03/08,42,Q4 3:12,Q4 2:49,0.4,"Chuang Po-Yuan, Lasan Kromah, Tsao Xun-Xiang, Tung Yung-Chuan","Jalen Harris, Joseph Lin, Olufemi Olujobi, Ryder Hsiung",2
26/03/08,43,Q4 2:49,Q4 1:14,1.6,"Chuang Po-Yuan, Lasan Kromah, Tsao Xun-Xiang, Tung Yung-Chuan","Jalen Harris, Jason Washburn, Joseph Lin, Lin Yan-Ting, Ryder Hsiung",-7
26/03/15,1,Q1 6:43,Q1 6:26,0.3,"Chuang Po-Yuan, Gao Jin-Wei, Lasan Kromah","Aric Holman, Ben Bentil, Chang Tsung-Hsien, Lin Chun-Chi, Lu Kuan-Liang",2
26/03/15,2,Q1 6:26,Q1 5:44,0.7,"Chuang Po-Yuan, Gao Jin-Wei, Lasan Kromah, Lin Sin-Kuan","Aric Holman, Ben Bentil, Chang Tsung-Hsien, Lin Chun-Chi, Lu Kuan-Liang",2
26/03/15,3,Q1 5:44,Q1 5:10,0.6,"Chuang Po-Yuan, Gao Jin-Wei, Lasan Kromah, Lin Sin-Kuan","Aric Holman, Ben Bentil, Lin Chun-Chi, Lu Kuan-Liang, Randall Walko",0
26/03/15,4,Q1 5:10,Q1 3:37,1.6,"Chuang Po-Yuan, Gao Jin-Wei, Lasan Kromah, Lin Sin-Kuan","Aric Holman, Chiang Yu-An, Lin Chun-Chi, Randall Walko, Trey Thompkins",-5
26/03/15,5,Q1 3:37,Q1 3:34,0.1,"Cheick Diallo, Chuang Po-Yuan, Lin Sin-Kuan","Aric Holman, Chiang Yu-An, Lin Chun-Chi, Randall Walko, Trey Thompkins",0
26/03/15,6,Q1 3:34,Q1 1:34,2.0,"Cheick Diallo, Chuang Po-Yuan, Lin Sin-Kuan, Tsao Xun-Xiang","Aric Holman, Chiang Yu-An, Lin Chun-Chi, Randall Walko, Trey Thompkins",-5
26/03/15,7,Q1 1:34,Q1 0:10,1.4,"Cheick Diallo, Lin Sin-Kuan, Tsao Xun-Xiang, Wang Hao-Chi","Aric Holman, Chiang Yu-An, Lin Chun-Chi, Randall Walko, Trey Thompkins",0
26/03/15,8,Q1 0:10,Q2 12:00,0.2,"Cheick Diallo, Lin Sin-Kuan, Tsao Xun-Xiang, Wang Hao-Chi","Aric Holman, Chang Tsung-Hsien, Chiang Yu-An, Lin Chun-Chi, Trey Thompkins",0
26/03/15,9,Q2 11:44,Q2 9:11,2.5,"Cheick Diallo, Lin Sin-Kuan, Tsao Xun-Xiang, Wang Hao-Chi","Ben Bentil, Chang Tsung-Hsien, Chiang Yu-An, Randall Walko, Trey Thompkins",-1
26/03/15,10,Q2 9:11,Q2 8:57,0.2,"Lin Sin-Kuan, Tsao Xun-Xiang, Wang Hao-Chi","Ben Bentil, Chiang Yu-An, Chien Wei-Ju, Randall Walko, Trey Thompkins",0
26/03/15,11,Q2 8:57,Q2 8:32,0.4,"Lasan Kromah, Lin Sin-Kuan, Tsao Xun-Xiang, Wang Hao-Chi","Ben Bentil, Chiang Yu-An, Chien Wei-Ju, Randall Walko, Trey Thompkins",2
26/03/15,12,Q2 8:32,Q2 8:29,0.1,"Lasan Kromah, Lin Sin-Kuan, Tsao Xun-Xiang","Ben Bentil, Chiang Yu-An, Chien Wei-Ju, Randall Walko, Trey Thompkins",0
26/03/15,13,Q2 8:29,Q2 8:09,0.3,"Gao Jin-Wei, Lasan Kromah, Lin Sin-Kuan, Tsao Xun-Xiang","Ben Bentil, Chiang Yu-An, Chien Wei-Ju, Randall Walko, Trey Thompkins",0
26/03/15,14,Q2 8:09,Q2 7:49,0.3,"Gao Jin-Wei, Lasan Kromah, Lin Sin-Kuan, Tsao Xun-Xiang","Aric Holman, Ben Bentil, Chiang Yu-An, Chien Wei-Ju, Lin Chun-Chi",-2
26/03/15,15,Q2 7:49,Q2 6:54,0.9,"Chuang Po-Yuan, Gao Jin-Wei, Lasan Kromah, Tsao Xun-Xiang","Aric Holman, Ben Bentil, Chiang Yu-An, Chien Wei-Ju, Lin Chun-Chi",-2
26/03/15,16,Q2 4:32,Q2 3:38,0.9,"Cheick Diallo, Chuang Po-Yuan, Gao Jin-Wei, Tung Yung-Chuan","Aric Holman, Ben Bentil, Chang Tsung-Hsien, Lin Chun-Chi, Randall Walko",-4
26/03/15,17,Q2 3:38,Q2 1:38,2.0,"Cheick Diallo, Chuang Po-Yuan, Gao Jin-Wei, Lin Sin-Kuan","Aric Holman, Chang Tsung-Hsien, Lin Chun-Chi, Randall Walko, Trey Thompkins",-1
26/03/15,18,Q2 1:38,Q2 1:18,0.3,"Cheick Diallo, Chuang Po-Yuan, Gao Jin-Wei, Lin Sin-Kuan","Aric Holman, Chiang Yu-An, Lin Chun-Chi, Randall Walko, Trey Thompkins",3
26/03/15,19,Q2 1:18,Q3 12:00,1.3,"Cheick Diallo, Chuang Po-Yuan, Gao Jin-Wei, Lin Sin-Kuan","Ben Bentil, Chiang Yu-An, Lin Chun-Chi, Randall Walko, Trey Thompkins",1
26/03/15,20,Q3 5:06,Q3 3:10,1.9,"Gao Jin-Wei, Lasan Kromah, Lin Sin-Kuan, Tung Yung-Chuan","Ben Bentil, Chang Tsung-Hsien, Chiang Yu-An, Lin Chun-Chi, Trey Thompkins",-5
26/03/15,21,Q3 3:10,Q3 2:24,0.8,"Cheick Diallo, Gao Jin-Wei, Lin Sin-Kuan, Tsao Xun-Xiang","Aric Holman, Chang Tsung-Hsien, Chiang Yu-An, Lin Chun-Chi, Trey Thompkins",1
26/03/15,22,Q3 2:24,Q4 12:00,2.4,"Cheick Diallo, Gao Jin-Wei, Lin Sin-Kuan, Tsao Xun-Xiang","Aric Holman, Chang Tsung-Hsien, Lin Chun-Chi, Randall Walko, Trey Thompkins",1
26/03/15,23,Q4 12:00,Q4 10:34,1.4,"Cheick Diallo, Gao Jin-Wei, Lin Sin-Kuan, Tsao Xun-Xiang","Ben Bentil, Chang Tsung-Hsien, Chiang Yu-An, Randall Walko, Trey Thompkins",0
26/03/15,24,Q4 10:34,Q4 9:57,0.6,"Cheick Diallo, Gao Jin-Wei, Lin Sin-Kuan, Tsao Xun-Xiang","Aric Holman, Ben Bentil, Chang Tsung-Hsien, Lin Chun-Chi, Randall Walko",0
26/03/15,25,Q4 6:46,Q4 6:09,0.6,"Chuang Po-Yuan, Gao Jin-Wei, Lasan Kromah, Lin Sin-Kuan","Ben Bentil, Chang Tsung-Hsien, Chiang Yu-An, Lin Chun-Chi, Trey Thompkins",3
26/03/15,26,Q4 6:09,Q4 5:56,0.2,"Chuang Po-Yuan, Gao Jin-Wei, Lasan Kromah","Ben Bentil, Chang Tsung-Hsien, Chiang Yu-An, Lin Chun-Chi, Trey Thompkins",3
26/03/15,27,Q4 5:56,Q4 4:59,0.9,"Chuang Po-Yuan, Gao Jin-Wei, Lasan Kromah, Tung Yung-Chuan","Ben Bentil, Chang Tsung-Hsien, Chiang Yu-An, Lin Chun-Chi, Trey Thompkins",0
26/03/15,28,Q4 4:59,Q4 3:09,1.8,"Chuang Po-Yuan, Gao Jin-Wei, Lasan Kromah, Tung Yung-Chuan","Ben Bentil, Chang Tsung-Hsien, Chiang Yu-An, Randall Walko, Trey Thompkins",-2
26/03/15,29,Q4 3:09,Q4 3:00,0.1,"Lasan Kromah, Ting Kuang-Hao, Wang Jhe-Yu","Ben Bentil, Chang Tsung-Hsien, Chiang Yu-An, Randall Walko, Trey Thompkins",0
26/03/15,30,Q4 3:00,Q4 1:59,1.0,"Hsu Hong-Wei, Lasan Kromah, Ting Kuang-Hao, Wang Jhe-Yu","Ben Bentil, Chang Tsung-Hsien, Chiang Yu-An, Randall Walko, Trey Thompkins",-1
26/04/05,1,Q1 4:54,Q1 3:36,1.3,"Gao Jin-Wei, Hsu Hong-Wei, Lasan Kromah, Lin Sin-Kuan","Darral Willis, Huang Tsung-Han, Samuel Manu, Ting Sheng-Ju, Youssou Ndoye",-4
26/04/05,2,Q1 3:36,Q1 3:22,0.2,"Lasan Kromah, Lin Sin-Kuan, Tsao Xun-Xiang, Wang Jhe-Yu","Huang Tsung-Han, Samuel Manu, Ting Sheng-Ju, Youssou Ndoye",-2
26/04/05,3,Q1 3:22,Q1 0:06,3.3,"Lasan Kromah, Lin Sin-Kuan, Tsao Xun-Xiang, Wang Jhe-Yu","Huang Tsung-Han, Makur Maker, Samuel Manu, Ting Sheng-Ju, Youssou Ndoye",4
26/04/05,4,Q1 0:06,Q1 0:01,0.1,"Lasan Kromah, Lin Sin-Kuan, Tsao Xun-Xiang, Wang Jhe-Yu","Darral Willis, Huang Tsung-Han, Makur Maker, Samuel Manu",-2
26/04/05,5,Q1 0:01,Q2 12:00,0.0,"Lasan Kromah, Lin Sin-Kuan, Tsao Xun-Xiang, Wang Jhe-Yu","Darral Willis, Huang Tsung-Han, Kenneth Chien, Makur Maker, Samuel Manu",0
26/04/05,6,Q2 12:00,Q2 11:45,0.2,"Lin Sin-Kuan, Malcolm Miller, Tsao Xun-Xiang, Wang Jhe-Yu","Huang Tsung-Han, Makur Maker, Samuel Manu, Ting Sheng-Ju",0
26/04/05,7,Q2 11:45,Q2 9:02,2.7,"Lin Sin-Kuan, Malcolm Miller, Tsao Xun-Xiang, Wang Jhe-Yu","Huang Tsung-Han, Makur Maker, Samuel Manu, Ting Sheng-Ju, Youssou Ndoye",0
26/04/05,8,Q2 9:02,Q2 8:53,0.1,"Chuang Po-Yuan, Lin Sin-Kuan, Malcolm Miller, Tsao Xun-Xiang","Makur Maker, Samuel Manu, Ting Sheng-Ju, Youssou Ndoye",1
26/04/05,9,Q2 8:53,Q2 8:54,-0.0,"Chuang Po-Yuan, Lin Sin-Kuan, Malcolm Miller, Tsao Xun-Xiang","Kenneth Chien, Makur Maker, Samuel Manu, Ting Sheng-Ju, Youssou Ndoye",0
26/04/05,10,Q2 8:54,Q2 8:53,0.0,"Chuang Po-Yuan, Lin Sin-Kuan, Malcolm Miller, Tsao Xun-Xiang","Kenneth Chien, Makur Maker, Ting Sheng-Ju, Youssou Ndoye",3
26/04/05,11,Q2 8:53,Q2 6:43,2.2,"Chuang Po-Yuan, Lin Sin-Kuan, Malcolm Miller, Tsao Xun-Xiang","Chen Wen-Hung, Kenneth Chien, Makur Maker, Ting Sheng-Ju, Youssou Ndoye",7
26/04/05,12,Q2 6:43,Q2 8:15,-1.5,"Chuang Po-Yuan, Lasan Kromah, Lin Sin-Kuan, Tsao Xun-Xiang","Chen Wen-Hung, Kenneth Chien, Makur Maker, Ting Sheng-Ju, Youssou Ndoye",0
26/04/05,13,Q2 8:15,Q2 6:43,1.5,"Chuang Po-Yuan, Lasan Kromah, Lin Sin-Kuan, Tsao Xun-Xiang","Chen Wen-Hung, Kenneth Chien, Makur Maker, Ting Sheng-Ju",4
26/04/05,14,Q2 6:43,Q2 6:33,0.2,"Chuang Po-Yuan, Lasan Kromah, Lin Sin-Kuan, Tsao Xun-Xiang","Chen Wen-Hung, Kenneth Chien, Makur Maker, Ting Sheng-Ju",0
26/04/05,15,Q2 6:33,Q2 4:33,2.0,"Chuang Po-Yuan, Lasan Kromah, Lin Sin-Kuan, Tsao Xun-Xiang","Chen Wen-Hung, Kenneth Chien, Makur Maker, Ting Sheng-Ju, Youssou Ndoye",3
26/04/05,16,Q2 4:33,Q2 3:40,0.9,"Chuang Po-Yuan, Gao Jin-Wei, Malcolm Miller, Tsao Xun-Xiang","Chen Wen-Hung, Kenneth Chien, Makur Maker, Samuel Manu, Youssou Ndoye",-4
26/04/05,17,Q3 4:48,Q3 4:30,0.3,"Chuang Po-Yuan, Gao Jin-Wei, Malcolm Miller, Wang Hao-Chi","Huang Tsung-Han, Makur Maker, Ting Sheng-Ju, Youssou Ndoye",-3
26/04/05,18,Q3 4:30,Q3 3:23,1.1,"Chuang Po-Yuan, Gao Jin-Wei, Malcolm Miller, Wang Hao-Chi","Huang Tsung-Han, Makur Maker, Samuel Manu, Ting Sheng-Ju, Youssou Ndoye",8
26/04/05,19,Q3 3:23,Q3 2:20,1.1,"Chuang Po-Yuan, Malcolm Miller, Tsao Xun-Xiang, Wang Hao-Chi","Huang Tsung-Han, Makur Maker, Samuel Manu, Ting Sheng-Ju, Youssou Ndoye",-2
26/04/05,20,Q3 2:20,Q3 1:36,0.7,"Chuang Po-Yuan, Lin Sin-Kuan, Malcolm Miller, Tsao Xun-Xiang","Huang Tsung-Han, Makur Maker, Samuel Manu, Ting Sheng-Ju, Youssou Ndoye",0
26/04/05,21,Q3 1:36,Q3 1:23,0.2,"Chuang Po-Yuan, Lin Sin-Kuan, Malcolm Miller, Tsao Xun-Xiang","Huang Tsung-Han, Makur Maker, Samuel Manu, Ting Sheng-Ju",-2
26/04/05,22,Q3 1:23,Q3 0:04,1.3,"Chuang Po-Yuan, Lin Sin-Kuan, Malcolm Miller, Tsao Xun-Xiang","Chen Kuan-Chuan, Huang Tsung-Han, Makur Maker, Samuel Manu, Ting Sheng-Ju",0
26/04/05,23,Q3 0:04,Q4 12:00,0.1,"Chuang Po-Yuan, Lasan Kromah, Lin Sin-Kuan, Tsao Xun-Xiang","Chen Kuan-Chuan, Huang Tsung-Han, Kenneth Chien, Makur Maker, Samuel Manu",0
26/04/05,24,Q4 12:00,Q4 11:51,0.1,"Lasan Kromah, Lin Sin-Kuan, Tsao Xun-Xiang, Wang Jhe-Yu","Chen Wen-Hung, Kenneth Chien, Makur Maker, Samuel Manu",0
26/04/05,25,Q4 11:51,Q4 10:48,1.1,"Lasan Kromah, Lin Sin-Kuan, Tsao Xun-Xiang, Wang Jhe-Yu","Chen Kuan-Chuan, Chen Wen-Hung, Kenneth Chien, Makur Maker, Samuel Manu",-1
26/04/05,26,Q4 10:48,Q4 10:29,0.3,"Lasan Kromah, Lin Sin-Kuan, Tsao Xun-Xiang, Wang Jhe-Yu","Chen Kuan-Chuan, Chen Wen-Hung, Kenneth Chien, Makur Maker",2
26/04/05,27,Q4 10:29,Q4 10:05,0.4,"Lasan Kromah, Lin Sin-Kuan, Tsao Xun-Xiang, Wang Jhe-Yu","Chen Kuan-Chuan, Chen Wen-Hung, Kenneth Chien, Makur Maker, Ting Sheng-Ju",2
26/04/05,28,Q4 10:05,Q4 8:19,1.8,"Chuang Po-Yuan, Lasan Kromah, Lin Sin-Kuan, Tsao Xun-Xiang","Chen Wen-Hung, Kenneth Chien, Makur Maker, Ting Sheng-Ju, Youssou Ndoye",0
26/04/05,29,Q4 8:19,Q4 4:38,3.7,"Chuang Po-Yuan, Gao Jin-Wei, Lasan Kromah, Lin Sin-Kuan","Chen Wen-Hung, Kenneth Chien, Makur Maker, Ting Sheng-Ju, Youssou Ndoye",5
26/04/05,30,Q4 4:38,Q4 2:09,2.5,"Chuang Po-Yuan, Gao Jin-Wei, Lasan Kromah, Tung Yung-Chuan","Huang Tsung-Han, Kenneth Chien, Makur Maker, Ting Sheng-Ju, Youssou Ndoye",-5
26/04/05,31,Q4 2:09,Q5 12:00,2.1,"Chuang Po-Yuan, Gao Jin-Wei, Malcolm Miller, Tung Yung-Chuan","Huang Tsung-Han, Kenneth Chien, Makur Maker, Ting Sheng-Ju, Youssou Ndoye",-3
26/04/11,1,Q1 5:14,Q1 4:52,0.4,"Gao Jin-Wei, Hsu Hong-Wei, Lasan Kromah","Drew Pember, Kao Kuo-Hao, TJ Holyfield, Tsai Cheng-Kang, Tseng Po-Yu",-2
26/04/11,2,Q1 4:52,Q1 4:02,0.8,"Gao Jin-Wei, Hsu Hong-Wei, Lasan Kromah, Lin Sin-Kuan","Drew Pember, Kao Kuo-Hao, TJ Holyfield, Tsai Cheng-Kang, Tseng Po-Yu",2
26/04/11,3,Q1 4:02,Q1 3:44,0.3,"Hsu Hong-Wei, Lasan Kromah, Lin Sin-Kuan, Tsao Xun-Xiang","Drew Pember, Lu Kuan-Hsuan, TJ Holyfield, Tsai Cheng-Kang, Tseng Po-Yu",0
26/04/11,4,Q1 3:44,Q1 3:24,0.3,"Lasan Kromah, Lin Sin-Kuan, Tsao Xun-Xiang","Drew Pember, Lu Kuan-Hsuan, TJ Holyfield, Tsai Cheng-Kang, Tseng Po-Yu",-2
26/04/11,5,Q1 3:24,Q1 2:28,0.9,"Lasan Kromah, Lin Sin-Kuan, Tsao Xun-Xiang, Tung Yung-Chuan","Drew Pember, Lu Kuan-Hsuan, TJ Holyfield, Tsai Cheng-Kang, Tseng Po-Yu",-1
26/04/11,6,Q1 2:28,Q1 0:27,2.0,"Lasan Kromah, Lin Sin-Kuan, Tsao Xun-Xiang, Tung Yung-Chuan","Drew Pember, Jade Tse, Lu Kuan-Hsuan, TJ Holyfield, Tsai Cheng-Kang",1
26/04/11,7,Q1 0:27,Q2 12:00,0.5,"Lin Sin-Kuan, Malcolm Miller, Tsao Xun-Xiang, Tung Yung-Chuan","Jade Tse, Lu Kuan-Hsuan, Marin Maric, TJ Holyfield, Tsai Cheng-Kang",0
26/04/11,8,Q2 12:00,Q2 11:53,0.1,"Lin Sin-Kuan, Malcolm Miller, Tsao Xun-Xiang","Jade Tse, Lu Kuan-Hsuan, Marin Maric, TJ Holyfield, Tsai Cheng-Kang",0
26/04/11,9,Q2 11:53,Q2 10:00,1.9,"Lin Sin-Kuan, Malcolm Miller, Tsao Xun-Xiang, Tung Yung-Chuan","Jade Tse, Lu Kuan-Hsuan, Marin Maric, TJ Holyfield, Tsai Cheng-Kang",-4
26/04/11,10,Q2 10:00,Q2 9:00,1.0,"Gao Jin-Wei, Malcolm Miller, Tsao Xun-Xiang, Tung Yung-Chuan","Jade Tse, Lu Kuan-Hsuan, Marin Maric, TJ Holyfield, Tsai Cheng-Kang",2
26/04/11,11,Q2 3:23,Q2 2:14,1.1,"Chuang Po-Yuan, Gao Jin-Wei, Lasan Kromah, Tung Yung-Chuan","Drew Pember, Kao Kuo-Hao, Lee Chi-Wei, Lu Kuan-Hsuan, TJ Holyfield",-1
26/04/11,12,Q2 2:14,Q2 1:37,0.6,"Chuang Po-Yuan, Gao Jin-Wei, Lasan Kromah, Tung Yung-Chuan","Drew Pember, Kao Kuo-Hao, Lee Chi-Wei, TJ Holyfield, Tseng Po-Yu",0
26/04/11,13,Q2 1:37,Q2 1:20,0.3,"Chuang Po-Yuan, Gao Jin-Wei, Lasan Kromah","Drew Pember, Kao Kuo-Hao, Lee Chi-Wei, TJ Holyfield, Tseng Po-Yu",3
26/04/11,14,Q2 1:20,Q2 1:06,0.2,"Chuang Po-Yuan, Gao Jin-Wei, Lasan Kromah, Wang Hao-Chi","Drew Pember, Kao Kuo-Hao, Lee Chi-Wei, TJ Holyfield, Tseng Po-Yu",0
26/04/11,15,Q2 1:06,Q3 12:00,1.1,"Chuang Po-Yuan, Gao Jin-Wei, Lasan Kromah, Wang Hao-Chi","Drew Pember, Kao Kuo-Hao, TJ Holyfield, Tsai Cheng-Kang, Tseng Po-Yu",4
26/04/11,16,Q3 5:15,Q3 4:16,1.0,"Chuang Po-Yuan, Gao Jin-Wei, Lasan Kromah, Wang Hao-Chi","Kao Kuo-Hao, Liu Cheng-Hsun, Marin Maric, TJ Holyfield, Tseng Po-Yu",2
26/04/11,17,Q3 4:16,Q3 2:10,2.1,"Chuang Po-Yuan, Gao Jin-Wei, Lasan Kromah, Wang Hao-Chi","Drew Pember, Kao Kuo-Hao, TJ Holyfield, Tsai Cheng-Kang, Tseng Po-Yu",1
26/04/11,18,Q3 2:10,Q3 2:01,0.1,"Chuang Po-Yuan, Tsao Xun-Xiang, Wang Hao-Chi","Drew Pember, Kao Kuo-Hao, Lu Kuan-Hsuan, TJ Holyfield, Tsai Cheng-Kang",0
26/04/11,19,Q3 2:01,Q3 0:08,1.9,"Chuang Po-Yuan, Malcolm Miller, Tsao Xun-Xiang, Wang Hao-Chi","Drew Pember, Kao Kuo-Hao, Lu Kuan-Hsuan, TJ Holyfield, Tsai Cheng-Kang",-6
26/04/11,20,Q3 0:08,Q4 12:00,0.1,"Chuang Po-Yuan, Malcolm Miller, Tsao Xun-Xiang","Drew Pember, Kao Kuo-Hao, Lu Kuan-Hsuan, TJ Holyfield, Tsai Cheng-Kang",-3
26/04/11,21,Q4 12:00,Q4 11:54,0.1,"Lin Sin-Kuan, Malcolm Miller, Tsao Xun-Xiang","Drew Pember, Kao Kuo-Hao, Lu Kuan-Hsuan, TJ Holyfield, Tsai Cheng-Kang",-3
26/04/11,22,Q4 11:54,Q4 10:42,1.2,"Chuang Po-Yuan, Lin Sin-Kuan, Malcolm Miller, Tsao Xun-Xiang","Drew Pember, Kao Kuo-Hao, Lu Kuan-Hsuan, TJ Holyfield, Tsai Cheng-Kang",0
26/04/11,23,Q4 10:42,Q4 7:56,2.8,"Lin Sin-Kuan, Malcolm Miller, Tsao Xun-Xiang, Tung Yung-Chuan","Drew Pember, Kao Kuo-Hao, Lu Kuan-Hsuan, TJ Holyfield, Tsai Cheng-Kang",5
26/04/11,24,Q4 7:56,Q4 7:40,0.3,"Malcolm Miller, Tsao Xun-Xiang, Tung Yung-Chuan","Drew Pember, Kao Kuo-Hao, Liu Cheng-Hsun, TJ Holyfield, Tseng Po-Yu",3
26/04/11,25,Q4 7:40,Q4 7:18,0.4,"Gao Jin-Wei, Malcolm Miller, Tsao Xun-Xiang, Tung Yung-Chuan","Drew Pember, Kao Kuo-Hao, Liu Cheng-Hsun, TJ Holyfield, Tseng Po-Yu",2
26/05/02,1,Q1 12:00,Q1 11:42,0.3,"Chuang Po-Yuan, Gao Jin-Wei, Malcolm Miller","Jalen Harris, Jason Washburn, Joseph Lin, Lee Kai-Yan, Su Shih-Hsuan",1
26/05/02,2,Q1 11:42,Q1 7:23,4.3,"Chuang Po-Yuan, Gao Jin-Wei, Lin Sin-Kuan, Malcolm Miller","Jalen Harris, Jason Washburn, Joseph Lin, Lee Kai-Yan, Su Shih-Hsuan",-3
26/05/02,3,Q1 7:23,Q1 6:29,0.9,"Chuang Po-Yuan, Gao Jin-Wei, Lin Sin-Kuan, Malcolm Miller","Chien You-Che, Jalen Harris, Jason Washburn, Lee Kai-Yan, Su Shih-Hsuan",-1
26/05/02,4,Q1 4:49,Q1 4:09,0.7,"Cheick Diallo, Hsu Hong-Wei, Lin Sin-Kuan, Tsao Xun-Xiang","Chien You-Che, Jason Washburn, Joseph Lin, Olufemi Olujobi, Ryder Hsiung",2
26/05/02,5,Q1 4:09,Q1 4:10,-0.0,"Cheick Diallo, Hsu Hong-Wei, Tsao Xun-Xiang","Chien You-Che, Jason Washburn, Joseph Lin, Olufemi Olujobi, Ryder Hsiung",0
26/05/02,6,Q1 4:10,Q1 1:39,2.5,"Cheick Diallo, Hsu Hong-Wei, Tsao Xun-Xiang, Wang Hao-Chi","Chien You-Che, Jason Washburn, Joseph Lin, Olufemi Olujobi, Ryder Hsiung",2
26/05/02,7,Q1 1:39,Q1 1:40,-0.0,"Cheick Diallo, Hsu Hong-Wei, Tsao Xun-Xiang, Wang Hao-Chi","Jalen Harris, Joseph Lin, Olufemi Olujobi, Ryder Hsiung, Su Shih-Hsuan",0
26/05/02,8,Q2 8:07,Q2 8:03,0.1,"Cheick Diallo, Gao Jin-Wei, Hsu Hong-Wei, Wang Hao-Chi","Jalen Harris, Jason Washburn, Jonathan Smith, Lee Kai-Yan, Lu Cheng-Ju",2
26/05/02,9,Q2 8:03,Q2 8:03,0.0,"Cheick Diallo, Gao Jin-Wei, Hsu Hong-Wei, Wang Hao-Chi","Jalen Harris, Lee Kai-Yan, Lu Cheng-Ju, Olufemi Olujobi, Wang Po-Chih",2
26/05/02,10,Q2 8:03,Q2 6:12,1.9,"Cheick Diallo, Gao Jin-Wei, Hsu Hong-Wei","Jalen Harris, Lee Kai-Yan, Lu Cheng-Ju, Olufemi Olujobi, Wang Po-Chih",1
26/05/02,11,Q2 6:12,Q2 5:01,1.2,"Gao Jin-Wei, Hsu Hong-Wei, Lin Sin-Kuan, Malcolm Miller","Jalen Harris, Jonathan Smith, Lee Kai-Yan, Olufemi Olujobi, Su Shih-Hsuan",2
26/05/02,12,Q2 5:01,Q2 2:47,2.2,"Gao Jin-Wei, Lin Sin-Kuan, Malcolm Miller, Wang Hao-Chi","Jalen Harris, Jason Washburn, Joseph Lin, Lee Kai-Yan, Lu Cheng-Ju",3
26/05/02,13,Q2 2:47,Q2 2:32,0.2,"Gao Jin-Wei, Lin Sin-Kuan, Malcolm Miller, Wang Hao-Chi","Jalen Harris, Jason Washburn, Joseph Lin, Lee Kai-Yan, Su Shih-Hsuan",2
26/05/02,14,Q2 2:32,Q2 1:35,0.9,"Gao Jin-Wei, Lin Sin-Kuan, Malcolm Miller, Wang Hao-Chi","Chien You-Che, Jason Washburn, Joseph Lin, Lee Kai-Yan, Olufemi Olujobi",1
26/05/02,15,Q2 1:35,Q2 1:18,0.3,"Lin Sin-Kuan, Malcolm Miller, Wang Hao-Chi","Chien You-Che, Jason Washburn, Joseph Lin, Lee Kai-Yan, Olufemi Olujobi",2
26/05/02,16,Q2 1:18,Q2 1:10,0.1,"Lin Sin-Kuan, Malcolm Miller, Tsao Xun-Xiang, Wang Hao-Chi","Chien You-Che, Jason Washburn, Joseph Lin, Lee Kai-Yan, Olufemi Olujobi",0
26/05/02,17,Q3 12:00,Q3 11:41,0.3,"Chuang Po-Yuan, Gao Jin-Wei, Lin Sin-Kuan","Jalen Harris, Jason Washburn, Joseph Lin, Lee Kai-Yan, Su Shih-Hsuan",2
26/05/02,18,Q3 11:41,Q3 10:03,1.6,"Chuang Po-Yuan, Gao Jin-Wei, Lin Sin-Kuan, Malcolm Miller","Jalen Harris, Jason Washburn, Joseph Lin, Lee Kai-Yan, Su Shih-Hsuan",3
26/05/02,19,Q3 10:03,Q3 7:18,2.8,"Chuang Po-Yuan, Gao Jin-Wei, Lin Sin-Kuan, Malcolm Miller","Chien You-Che, Jalen Harris, Jason Washburn, Joseph Lin, Su Shih-Hsuan",-2
26/05/02,20,Q3 3:28,Q3 3:13,0.2,"Cheick Diallo, Gao Jin-Wei, Wang Hao-Chi","Chien You-Che, Jalen Harris, Joseph Lin, Olufemi Olujobi, Su Shih-Hsuan",0
26/05/02,21,Q3 3:13,Q3 3:06,0.1,"Cheick Diallo, Gao Jin-Wei, Lin Sin-Kuan, Wang Hao-Chi","Chien You-Che, Jalen Harris, Joseph Lin, Olufemi Olujobi, Su Shih-Hsuan",0
26/05/02,22,Q3 3:06,Q3 1:42,1.4,"Cheick Diallo, Gao Jin-Wei, Hsu Hong-Wei, Lin Sin-Kuan","Chien You-Che, Jalen Harris, Joseph Lin, Olufemi Olujobi, Su Shih-Hsuan",-2
26/05/02,23,Q3 1:42,Q3 0:34,1.1,"Cheick Diallo, Gao Jin-Wei, Hsu Hong-Wei, Lin Sin-Kuan","Chien You-Che, Jalen Harris, Lee Kai-Yan, Olufemi Olujobi, Su Shih-Hsuan",5
26/05/02,24,Q3 0:34,Q3 0:15,0.3,"Hsu Hong-Wei, Lin Sin-Kuan, Malcolm Miller","Chien You-Che, Jason Washburn, Lee Kai-Yan, Olufemi Olujobi, Ryder Hsiung",2
26/05/02,25,Q3 0:15,Q4 12:00,0.2,"Hsu Hong-Wei, Lin Sin-Kuan, Malcolm Miller, Tsao Xun-Xiang","Chien You-Che, Jason Washburn, Lee Kai-Yan, Olufemi Olujobi, Ryder Hsiung",2
26/05/02,26,Q4 9:54,Q4 8:23,1.5,"Gao Jin-Wei, Lin Sin-Kuan, Malcolm Miller, Tsao Xun-Xiang","Jalen Harris, Joseph Lin, Olufemi Olujobi, Ryder Hsiung, Su Shih-Hsuan",0
26/05/02,27,Q4 8:23,Q4 6:53,1.5,"Chuang Po-Yuan, Lin Sin-Kuan, Malcolm Miller, Tsao Xun-Xiang","Chien You-Che, Jalen Harris, Jason Washburn, Joseph Lin, Su Shih-Hsuan",-4
26/05/02,28,Q4 6:53,Q4 6:38,0.2,"Chuang Po-Yuan, Malcolm Miller, Wang Hao-Chi","Chien You-Che, Jalen Harris, Jason Washburn, Joseph Lin, Su Shih-Hsuan",0
26/05/02,29,Q4 6:38,Q4 4:39,2.0,"Chuang Po-Yuan, Gao Jin-Wei, Malcolm Miller, Wang Hao-Chi","Chien You-Che, Jalen Harris, Jason Washburn, Joseph Lin, Su Shih-Hsuan",0
26/05/02,30,Q4 4:39,Q4 2:36,2.0,"Chuang Po-Yuan, Gao Jin-Wei, Malcolm Miller, Wang Hao-Chi","Jalen Harris, Jason Washburn, Joseph Lin, Lu Cheng-Ju, Su Shih-Hsuan",1
26/05/02,31,Q4 2:36,Q4 1:37,1.0,"Chuang Po-Yuan, Gao Jin-Wei, Malcolm Miller, Wang Hao-Chi","Jalen Harris, Jason Washburn, Joseph Lin, Lee Kai-Yan, Su Shih-Hsuan",1
26/05/02,32,Q4 1:37,Q4 1:21,0.3,"Chuang Po-Yuan, Gao Jin-Wei, Malcolm Miller","Chien You-Che, Jason Washburn, Joseph Lin, Lee Kai-Yan, Olufemi Olujobi",0
26/05/02,33,Q4 1:21,Q4 1:09,0.2,"Chuang Po-Yuan, Gao Jin-Wei, Lin Sin-Kuan, Malcolm Miller","Chien You-Che, Jason Washburn, Joseph Lin, Lee Kai-Yan, Olufemi Olujobi",2
26/05/02,34,Q4 1:09,Q5 12:00,1.1,"Chuang Po-Yuan, Gao Jin-Wei, Lin Sin-Kuan, Malcolm Miller","Jalen Harris, Jason Washburn, Joseph Lin, Lee Kai-Yan, Su Shih-Hsuan",2
26/04/25,1,Q1 6:15,Q1 3:09,3.1,"Chuang Po-Yuan, Gao Jin-Wei, Malcolm Miller, Wang Hao-Chi","Edgaras Zelionis, Hunter Maldonado, Lu Wei-Ting, Su Wen-Ju, Wu Siao-Jin",-2
26/04/25,2,Q1 3:09,Q1 2:50,0.3,"Gao Jin-Wei, Lin Sin-Kuan, Malcolm Miller, Wang Hao-Chi","Hu Long-Mao, Lu Wei-Ting, Shih Chin-Yao, Wu Siao-Jin",-2
26/04/25,3,Q1 2:50,Q1 2:42,0.1,"Gao Jin-Wei, Lin Sin-Kuan, Malcolm Miller, Wang Hao-Chi","Hu Long-Mao, Lu Wei-Ting, Mayaw Fotol, Shih Chin-Yao, Wu Siao-Jin",0
26/04/25,4,Q1 2:42,Q1 1:48,0.9,"Cheick Diallo, Lin Sin-Kuan, Tsao Xun-Xiang, Wang Hao-Chi","Hu Long-Mao, Lu Wei-Ting, Mayaw Fotol, Shih Chin-Yao, Wu Siao-Jin",2
26/04/25,5,Q1 1:48,Q2 12:00,1.8,"Cheick Diallo, Lin Sin-Kuan, Tsao Xun-Xiang, Tung Yung-Chuan","Hu Long-Mao, Lu Wei-Ting, Mayaw Fotol, Shih Chin-Yao, Wu Siao-Jin",4
26/04/25,6,Q2 12:00,Q2 11:54,0.1,"Cheick Diallo, Lin Sin-Kuan, Tsao Xun-Xiang, Tung Yung-Chuan","Edgaras Zelionis, Hu Long-Mao, Shih Chin-Yao, Wu Siao-Jin",0
26/04/25,7,Q2 11:54,Q2 10:06,1.8,"Cheick Diallo, Lin Sin-Kuan, Tsao Xun-Xiang, Tung Yung-Chuan","Edgaras Zelionis, Hu Long-Mao, Hunter Maldonado, Shih Chin-Yao, Wu Siao-Jin",-5
26/04/25,8,Q2 6:45,Q2 6:01,0.7,"Chuang Po-Yuan, Gao Jin-Wei, Malcolm Miller, Wang Hao-Chi","Edgaras Zelionis, Hu Long-Mao, Hunter Maldonado, Su Wen-Ju, Wu Siao-Jin",0
26/04/25,9,Q2 6:01,Q2 5:58,0.1,"Chuang Po-Yuan, Gao Jin-Wei, Malcolm Miller, Wang Hao-Chi","Edgaras Zelionis, Hunter Maldonado, Su Wen-Ju, Wu Siao-Jin",2
26/04/25,10,Q2 5:58,Q2 5:13,0.8,"Chuang Po-Yuan, Gao Jin-Wei, Malcolm Miller, Wang Hao-Chi","Edgaras Zelionis, Hunter Maldonado, Lu Wei-Ting, Su Wen-Ju, Wu Siao-Jin",4
26/04/25,11,Q2 5:13,Q2 2:43,2.5,"Chuang Po-Yuan, Gao Jin-Wei, Malcolm Miller, Tung Yung-Chuan","Edgaras Zelionis, Hunter Maldonado, Lu Wei-Ting, Su Wen-Ju, Wu Siao-Jin",1
26/04/25,12,Q2 2:43,Q2 2:28,0.2,"Chuang Po-Yuan, Gao Jin-Wei, Malcolm Miller, Tung Yung-Chuan","Edgaras Zelionis, Hunter Maldonado, Lu Wei-Ting, Su Wen-Ju",-4
26/04/25,13,Q2 2:28,Q2 1:49,0.7,"Chuang Po-Yuan, Gao Jin-Wei, Malcolm Miller, Tung Yung-Chuan","Edgaras Zelionis, Hunter Maldonado, Lu Wei-Ting, Shih Chin-Yao, Su Wen-Ju",-1
26/04/25,14,Q2 1:49,Q3 12:00,1.8,"Chuang Po-Yuan, Gao Jin-Wei, Malcolm Miller, Wang Hao-Chi","Edgaras Zelionis, Hu Long-Mao, Hunter Maldonado, Shih Chin-Yao, Su Wen-Ju",2
26/04/25,15,Q3 3:40,Q3 1:53,1.8,"Chuang Po-Yuan, Lin Sin-Kuan, Malcolm Miller, Tsao Xun-Xiang","Edgaras Zelionis, Hunter Maldonado, Mayaw Fotol, Shih Chin-Yao, Wu Siao-Jin",-2
26/04/25,16,Q3 1:53,Q4 12:00,1.9,"Cheick Diallo, Lin Sin-Kuan, Tsao Xun-Xiang, Tung Yung-Chuan","Edgaras Zelionis, Mayaw Fotol, Shih Chin-Yao, Su Wen-Ju, Wu Siao-Jin",6
26/04/25,17,Q4 12:00,Q4 10:30,1.5,"Cheick Diallo, Lin Sin-Kuan, Tsao Xun-Xiang, Tung Yung-Chuan","Hunter Maldonado, Lu Wei-Ting, Mayaw Fotol, Shih Chin-Yao, Su Wen-Ju",3
26/04/25,18,Q4 10:30,Q4 8:54,1.6,"Lin Sin-Kuan, Malcolm Miller, Tsao Xun-Xiang, Tung Yung-Chuan","Hunter Maldonado, Lu Wei-Ting, Mayaw Fotol, Shih Chin-Yao, Su Wen-Ju",-3
26/04/25,19,Q4 8:54,Q4 10:30,-1.6,"Lin Sin-Kuan, Malcolm Miller, Tsao Xun-Xiang, Tung Yung-Chuan","Edgaras Zelionis, Hunter Maldonado, Lu Wei-Ting, Mayaw Fotol, Shih Chin-Yao",0
26/04/25,20,Q4 10:30,Q4 10:18,0.2,"Cheick Diallo, Lin Sin-Kuan, Tsao Xun-Xiang, Tung Yung-Chuan","Edgaras Zelionis, Hunter Maldonado, Lu Wei-Ting, Mayaw Fotol, Shih Chin-Yao",-3
26/04/25,21,Q4 10:18,Q4 8:18,2.0,"Lin Sin-Kuan, Malcolm Miller, Tsao Xun-Xiang, Tung Yung-Chuan","Edgaras Zelionis, Hunter Maldonado, Lu Wei-Ting, Mayaw Fotol, Shih Chin-Yao",-3
26/04/25,22,Q4 8:18,Q4 6:57,1.4,"Lin Sin-Kuan, Malcolm Miller, Tsao Xun-Xiang, Wang Hao-Chi","Edgaras Zelionis, Hunter Maldonado, Lu Wei-Ting, Mayaw Fotol, Shih Chin-Yao",1
26/04/25,23,Q4 6:57,Q4 6:45,0.2,"Lin Sin-Kuan, Malcolm Miller, Tsao Xun-Xiang, Wang Hao-Chi","Edgaras Zelionis, Hunter Maldonado, Lu Wei-Ting, Wu Siao-Jin",-2
26/04/25,24,Q4 6:45,Q4 5:01,1.7,"Lin Sin-Kuan, Malcolm Miller, Tsao Xun-Xiang, Wang Hao-Chi","Edgaras Zelionis, Hunter Maldonado, Lu Wei-Ting, Su Wen-Ju, Wu Siao-Jin",-2
