src,dst,shared_sec,n_stints,overlap,jaccard,log_shared_min,edge_type,src_idx,dst_idx,same_team
10875,10892,3315.0,45.0,0.40895632864544784,0.0898447028213676,4.029806041084529,opponent,22,39,False
10875,10894,4980.0,73.0,0.24191197901486447,0.10437625754527163,4.430816798843313,opponent,22,41,False
10875,110,4246.0,49.0,0.13224942378371643,0.050993814928241156,4.273420115702208,opponent,22,44,False
10875,118,4512.0,63.0,0.14053447953653522,0.0555070306445065,4.333361462692601,opponent,22,48,False
10875,121,3292.0,47.0,0.1025353516476671,0.04853238194925624,4.022967899379873,opponent,22,51,False
10876,10892,1516.0,23.0,0.18702195904268443,0.08530272338510016,3.268300708195724,opponent,23,39,False
10876,10894,2380.0,35.0,0.21284206760865676,0.08098543623247584,3.7054087560651467,opponent,23,41,False
10876,110,1672.0,22.0,0.14952602396708997,0.02575675883848109,3.3626875269002796,opponent,23,44,False
10876,118,2353.0,37.0,0.21042747272402074,0.037634752567096384,3.694281503402931,opponent,23,48,False
10876,121,1895.0,28.0,0.16946878912538008,0.03923070553163299,3.4838009101973655,opponent,23,51,False
10892,21,3726.0,54.0,0.45965951147298295,0.07434158020750199,4.144720769547168,opponent,39,78,False
10894,21,7337.0,96.0,0.356407267074711,0.12437912153113292,4.814485229365767,opponent,41,78,False
110,21,8610.0,99.0,0.18823786620026237,0.09304587453396013,4.973279507552487,opponent,44,78,False
118,21,7271.0,99.0,0.1589637079142982,0.07889368720296869,4.805522649001486,opponent,48,78,False
121,21,4430.0,53.0,0.11354025168516288,0.05514957610765994,4.315263418514199,opponent,51,78,False
10892,25,603.0,4.0,0.07438934122871947,0.03539563277764733,2.402430427963762,opponent,39,82,False
10894,25,1839.0,22.0,0.1929088429665373,0.06502828854314002,3.4547381485901854,opponent,41,82,False
110,25,1712.0,19.0,0.17958669883562361,0.0270774681301996,3.3855195689429256,opponent,44,82,False
118,25,2137.0,27.0,0.22416867722647646,0.03498174794152793,3.6005035101625094,opponent,48,82,False
121,25,1311.0,13.0,0.13752229098919544,0.027752492643790087,3.128951117340214,opponent,51,82,False
10892,29,1954.0,27.0,0.24105600789538614,0.02662633199792876,3.513533511056407,opponent,39,85,False
10894,29,3291.0,36.0,0.15986592830078694,0.038933383809106936,4.02266952551521,opponent,41,85,False
110,29,5220.0,53.0,0.09421532352675752,0.04445617830163773,4.477336814478207,opponent,44,85,False
118,29,4502.0,58.0,0.08384705641331272,0.03866867081812325,4.331171840622233,opponent,48,85,False
121,29,2717.0,36.0,0.06963631237665632,0.026242586976259006,3.8347819250846986,opponent,51,85,False
10875,109,3086.0,54.0,0.09902451546656399,0.05127608666755284,3.959542521396122,opponent,22,42,False
10876,109,1553.0,30.0,0.13888392058665713,0.03807025715196235,3.2915065159031083,opponent,23,42,False
109,21,4119.0,71.0,0.13217173661917597,0.056591330631311394,4.243482700225814,opponent,42,78,False
10892,24,706.0,11.0,0.08709597828768813,0.01903632000431418,2.5468376075184906,opponent,39,81,False
10894,24,2652.0,33.0,0.12882541533080735,0.055689716721614414,3.8110970868381857,opponent,41,81,False
109,24,1479.0,24.0,0.049819786438508436,0.024910732331738867,3.2445435716167785,opponent,42,81,False
110,24,4942.0,50.0,0.1664701721292148,0.06165938864628821,4.423248549215463,opponent,44,81,False
118,24,3692.0,49.0,0.1243641998181022,0.046330689689790185,4.135699747904015,opponent,48,81,False
109,29,1985.0,29.0,0.06369528943652933,0.020588509848256976,3.5288085062548014,opponent,42,85,False
10892,867,1428.0,20.0,0.17616580310880828,0.07842706502636204,3.2108436531709366,opponent,39,126,False
10894,867,3689.0,49.0,0.3199479618386817,0.1297709923664122,4.134899854513812,opponent,41,126,False
109,867,2296.0,37.0,0.19913269731136166,0.056834496757265214,3.6703759825493765,opponent,42,126,False
110,867,2502.0,30.0,0.21699913269731136,0.03883103378703459,3.754198920234579,opponent,44,126,False
118,867,2999.0,41.0,0.2601040763226366,0.048196837233221906,3.931498781928803,opponent,48,126,False
10872,10892,2114.0,30.0,0.2607944732297064,0.03488794270059742,3.589979505459054,opponent,19,39,False
10872,10894,4423.0,67.0,0.21485475565918585,0.06250264961492263,4.313703181933339,opponent,19,41,False
10872,109,2662.0,47.0,0.08541907328969324,0.03203215248363497,3.8147776209893105,opponent,19,42,False
10872,110,4220.0,55.0,0.07728654628035603,0.039891480049533495,4.267363726353742,opponent,19,44,False
10872,118,5099.0,79.0,0.09496582422289684,0.04941082987712702,4.454153479022549,opponent,19,48,False
10872,121,2151.0,32.0,0.05512981520875516,0.023516421043425023,3.6068556186353455,opponent,19,51,False
10892,22,1842.0,29.0,0.22723908216136196,0.06167135395741261,3.456316680883235,opponent,39,79,False
10894,22,2982.0,46.0,0.1448557271932381,0.07236458940011649,3.9259259105971376,opponent,41,79,False
109,22,1875.0,35.0,0.07943568886629385,0.03544892518858828,3.4735180432417816,opponent,42,79,False
110,22,2526.0,37.0,0.10701576004067108,0.03302694716472942,3.763522997109702,opponent,44,79,False
121,22,1830.0,27.0,0.0775292323335028,0.030103140267473804,3.449987545831587,opponent,51,79,False
121,867,2273.0,32.0,0.1971379011274935,0.0470853875792352,3.660565709799329,opponent,51,126,False
10872,116,3013.0,53.0,0.115,0.038732982812479916,3.936064999908384,opponent,19,47,False
10872,122,2436.0,39.0,0.12003547846654183,0.033618548164504554,3.728100167267218,opponent,19,52,False
10875,116,1115.0,27.0,0.042557251908396945,0.01949607455718557,2.9746788643561586,opponent,22,47,False
10875,122,2615.0,43.0,0.12885581945402583,0.052525861203173645,3.7973600971080064,opponent,22,52,False
116,21,1808.0,36.0,0.06900763358778626,0.02577995779387441,3.4382790565666874,opponent,47,78,False
122,21,3222.0,48.0,0.15876613777471174,0.05129593071387633,4.001863709427935,opponent,52,78,False
116,22,572.0,13.0,0.02423318081681071,0.011618459538511537,2.354544831924757,opponent,47,79,False
122,22,1372.0,22.0,0.06760618902138563,0.03226261581150355,3.1724827852984903,opponent,52,79,False
116,867,789.0,16.0,0.06843018213356461,0.021358382285265695,2.649714624089247,opponent,47,126,False
122,867,1645.0,22.0,0.14267129228100608,0.05450810166009477,3.3469758274955166,opponent,52,126,False
10872,123,512.0,10.0,0.05304050554231845,0.008032254522065168,2.2547944291576973,opponent,19,53,False
10875,123,563.0,12.0,0.05832383714907283,0.013666375376250121,2.3402019565653522,opponent,22,53,False
123,22,243.0,6.0,0.025173521185123796,0.007360513721451505,1.6193882432872684,opponent,53,79,False
116,29,3243.0,54.0,0.12377862595419847,0.03595702453681631,4.008241863168689,opponent,47,85,False
122,29,1129.0,19.0,0.055632206563516313,0.01306728087130638,2.9865233344686812,opponent,52,85,False
123,29,1144.0,20.0,0.11851237957111779,0.015103705953025362,2.9990600636466658,opponent,53,85,False
123,867,450.0,9.0,0.04661763182430333,0.021704529011720444,2.1400661634962708,opponent,53,126,False
10876,116,1102.0,24.0,0.09855124306921839,0.030374862183020948,2.963553375189756,opponent,23,47,False
10876,122,1077.0,22.0,0.09631550706492577,0.03542879699990131,2.9418039315284354,opponent,23,52,False
10876,123,823.0,17.0,0.08525846886978142,0.04112532480511693,2.6889806383818593,opponent,23,53,False
109,19,11.0,1.0,0.003985507246376811,0.0003243593902043464,0.16833531481921474,opponent,42,76,False
116,19,44.0,2.0,0.015942028985507246,0.0015216489140960022,0.550046336919272,opponent,47,76,False
121,19,44.0,2.0,0.015942028985507246,0.0010543215201399372,0.550046336919272,opponent,51,76,False
122,19,44.0,2.0,0.015942028985507246,0.0019122120817036071,0.550046336919272,opponent,52,76,False
123,19,44.0,2.0,0.015942028985507246,0.0035572802975179884,0.550046336919272,opponent,53,76,False
10892,19,33.0,1.0,0.011956521739130435,0.0030462475768485184,0.4382549309311553,opponent,39,76,False
123,21,575.0,8.0,0.059566973997720915,0.010489255354080776,2.359280436670591,opponent,53,78,False
116,25,485.0,12.0,0.050875904751914405,0.013759645937358149,2.2064412324411435,opponent,47,82,False
122,25,259.0,5.0,0.027168782125249133,0.008759469696969696,1.6708465405627437,opponent,52,82,False
123,25,95.0,1.0,0.00996538340501416,0.0049761667801581895,0.9490805546971459,opponent,53,82,False
10874,10892,1296.0,21.0,0.15988156920799407,0.031015172545828747,3.1179499062782403,opponent,21,39,False
10874,116,2723.0,46.0,0.10393129770992367,0.046584435358322074,3.83694019930379,opponent,21,47,False
10874,121,1527.0,26.0,0.04365850869167429,0.021071950983909696,3.2752561583043085,opponent,21,51,False
10874,122,1304.0,20.0,0.06425544495910121,0.024163362116888413,3.123832276181307,opponent,21,52,False
10874,123,587.0,9.0,0.060810110846369,0.013328186730847827,2.3780017322788,opponent,21,53,False
10874,10894,2780.0,43.0,0.13504323326532594,0.052669470652874084,3.8572147689331513,opponent,21,41,False
10874,109,1772.0,28.0,0.05686048004107303,0.027529207059408402,3.418818983011975,opponent,21,42,False
10874,110,2102.0,28.0,0.06009835315645014,0.023810872347897007,3.5844444359770526,opponent,21,44,False
10874,118,2521.0,38.0,0.07207799634034767,0.029263592886660167,3.7615876374965134,opponent,21,48,False
116,24,1791.0,28.0,0.0683587786259542,0.033107808340727594,3.4291367503513968,opponent,47,81,False
122,24,1715.0,25.0,0.08450773627673204,0.035532258732855426,3.3872111396874156,opponent,52,81,False
123,24,343.0,4.0,0.03553299492385787,0.008795548375516065,1.9045919997245824,opponent,53,81,False
121,24,1620.0,17.0,0.05456934011520194,0.024148828334625245,3.332204510175204,opponent,51,81,False
116,28,788.0,12.0,0.035772652987107315,0.01661045531197302,2.6485360735698023,opponent,47,84,False
118,28,734.0,9.0,0.033321227528599964,0.00978836331630816,2.582738899025035,opponent,48,84,False
121,28,497.0,8.0,0.022562193571817688,0.008208363612340622,2.2282206777051834,opponent,51,84,False
122,28,37.0,1.0,0.0018231989750665221,0.0008750147806550786,0.4803664162812822,opponent,52,84,False
123,28,159.0,3.0,0.016471563244587175,0.0050440961867901785,1.2947271675944,opponent,53,84,False
10892,28,182.0,3.0,0.022452504317789293,0.006076388888888889,1.3945931639345857,opponent,39,84,False
118,22,2726.0,43.0,0.11548890018640909,0.03655576564616272,3.8380175921176503,opponent,48,79,False
10894,28,238.0,2.0,0.01156125522199553,0.005616386633943741,1.6027489242833037,opponent,41,84,False
109,25,646.0,11.0,0.0677646071540963,0.016129434970412724,2.4652706752711415,opponent,42,82,False
106,10874,3512.0,45.0,0.10041171088746569,0.048889816941602285,4.086536379774289,opponent,5,21,False
107,10874,1876.0,27.0,0.05363677950594693,0.022357287570015493,3.4740347056144216,opponent,6,21,False
10874,79,3341.0,44.0,0.09552264409881062,0.040338549212788566,4.037480222785095,opponent,21,120,False
10874,89,4171.0,62.0,0.1192532021957914,0.042502674886635755,4.255849088497967,opponent,21,130,False
10874,99,2737.0,45.0,0.09902315484804632,0.04570884617311578,3.841958130979859,opponent,21,136,False
106,10875,3733.0,52.0,0.11627110197470877,0.05430292098219481,4.1465679794667984,opponent,5,22,False
107,10875,1611.0,20.0,0.050177536908988976,0.019814279564602424,3.326832966373293,opponent,6,22,False
10875,79,3067.0,38.0,0.09552731576652339,0.0382285486363863,3.953484795235741,opponent,22,120,False
10875,89,3994.0,53.0,0.12440042359683548,0.04184740470652333,4.213114764789845,opponent,22,130,False
10875,99,2573.0,32.0,0.09308972503617945,0.04500376051632764,3.7815345972742085,opponent,22,136,False
106,10876,1567.0,23.0,0.140135932749061,0.031348777657744166,3.300148544996937,opponent,5,23,False
107,10876,977.0,12.0,0.08737256304775533,0.016012455953454068,2.8497426460074267,opponent,6,23,False
10876,79,540.0,7.0,0.048291897692720444,0.008733483204217948,2.302585092994046,opponent,23,120,False
10876,89,2025.0,25.0,0.18109461634770166,0.026475087269732113,3.548179572010801,opponent,23,130,False
10876,99,1549.0,22.0,0.1385262028259703,0.0415582325007378,3.2890235847702827,opponent,23,136,False
106,21,3101.0,47.0,0.07681256347378068,0.037356944946392,3.964299149993517,opponent,5,78,False
107,21,2363.0,33.0,0.05166156536947967,0.02508838799409685,3.698417158594425,opponent,6,78,False
21,79,2394.0,40.0,0.052339309138609534,0.025323954091077377,3.711130063048756,opponent,78,120,False
21,89,5015.0,77.0,0.10964145168342807,0.046411549673777246,4.437737241687888,opponent,78,130,False
21,99,3829.0,54.0,0.13853111432706222,0.05505312648272491,4.1715627719336466,opponent,78,136,False
106,29,6910.0,90.0,0.17116246810829555,0.06862306966582253,4.755025941532469,opponent,5,85,False
107,29,2700.0,37.0,0.05313914583743357,0.023408239700374533,3.828641396489095,opponent,6,85,False
29,79,7208.0,85.0,0.14081150247123406,0.06481140133974733,4.7968918672939616,opponent,85,120,False
29,89,10040.0,128.0,0.14932920843620787,0.08062702772156372,5.12594614060725,opponent,85,130,False
29,99,4356.0,67.0,0.15759768451519537,0.048123025254645485,4.298645025734831,opponent,85,136,False
101,10874,658.0,12.0,0.1101255230125523,0.016330379966743604,2.4821250068261236,opponent,2,21,False
103,10874,3147.0,40.0,0.0899759835315645,0.03454180249596628,3.9787466374710543,opponent,3,21,False
101,10876,1167.0,16.0,0.19531380753138075,0.07298311444652908,3.017982882488811,opponent,2,23,False
103,10876,596.0,9.0,0.0532999463423359,0.008530859956486888,2.3918162267219882,opponent,3,23,False
101,21,1333.0,18.0,0.22309623430962344,0.02645786193481799,3.144870411557705,opponent,2,78,False
103,21,2115.0,37.0,0.04623961521644075,0.02055333663741582,3.590439381300684,opponent,3,78,False
101,29,1288.0,17.0,0.21556485355648536,0.017908538535337384,3.1120327292501515,opponent,2,85,False
103,29,7322.0,84.0,0.12351968689901818,0.06143132813155466,4.812455321367843,opponent,3,85,False
101,34,568.0,7.0,0.09506276150627616,0.01024272369892163,2.348195604246098,opponent,2,89,False
103,34,3909.0,53.0,0.07810657981497393,0.037081657433406696,4.191924890560965,opponent,3,89,False
107,34,2153.0,31.0,0.04301956161208464,0.021812692494731722,3.607759777828949,opponent,6,89,False
34,79,3777.0,47.0,0.07546905908446061,0.038754758411229336,4.158101528024852,opponent,89,120,False
34,89,4224.0,63.0,0.08440066337642615,0.03732998683198854,4.268297869345539,opponent,89,130,False
101,10872,1518.0,24.0,0.25405857740585774,0.025703110448873162,3.269568939183719,opponent,2,19,False
103,10872,4788.0,64.0,0.08768909563752243,0.043889561104388956,4.39197696552705,opponent,3,19,False
107,10872,1846.0,25.0,0.036331430820704586,0.017824382519359635,3.4584175219920468,opponent,6,19,False
10872,79,4919.0,55.0,0.09609486413096564,0.048764771195178046,4.418639784420082,opponent,19,120,False
10872,89,6927.0,100.0,0.12686348485403465,0.060232163818964395,4.75746199633035,opponent,19,130,False
101,10875,1332.0,17.0,0.22292887029288702,0.03624588424174807,3.1441522786722644,opponent,2,22,False
103,10875,1599.0,20.0,0.049803774995327975,0.01780921089268809,3.3196257279683437,opponent,3,22,False
10872,86,3005.0,51.0,0.08322716446020052,0.03426336613342759,3.9334582861482112,opponent,19,125,False
10872,99,3332.0,53.0,0.12054992764109985,0.0422253199847928,4.034830434689693,opponent,19,136,False
10874,86,2729.0,38.0,0.07802493138151875,0.03992509472883414,3.839093825405388,opponent,21,125,False
10875,86,2144.0,28.0,0.06677879524076497,0.032451413694980925,3.6036846080507043,opponent,22,125,False
29,86,4040.0,68.0,0.11189276020605994,0.04068479355488419,4.2243976904702984,opponent,85,125,False
34,86,2371.0,40.0,0.06566775605162577,0.028299634766417607,3.7017134120940227,opponent,89,125,False
34,99,2017.0,30.0,0.0729739507959479,0.02665521342672129,3.5443352616540116,opponent,89,136,False
106,10872,4713.0,71.0,0.11674221594709074,0.0522158209616663,4.376385754783795,opponent,5,19,False
10872,97,756.0,13.0,0.4079870480302213,0.01357295463114239,2.6100697927420065,opponent,19,135,False
10875,97,514.0,9.0,0.27738801942795466,0.015368515473164897,2.2582848340974655,opponent,22,135,False
10876,86,649.0,12.0,0.058039706671436236,0.013915392697098995,2.4695109643100266,opponent,23,125,False
10876,97,488.0,9.0,0.2633567188343227,0.038893759464413806,2.211930724725915,opponent,23,135,False
21,86,3274.0,54.0,0.09067744973134659,0.04166878786336099,4.017583501088638,opponent,78,125,False
21,97,514.0,9.0,0.27738801942795466,0.010917818985110133,2.2582848340974655,opponent,78,135,False
101,22,844.0,13.0,0.14125523012552302,0.029371846180615974,2.7124847981700757,opponent,2,79,False
106,22,3475.0,47.0,0.14722081003219795,0.05743801652892562,4.076124016108572,opponent,5,79,False
22,86,1270.0,25.0,0.05380443992543637,0.021731690622861052,3.0985896589936988,opponent,79,125,False
22,97,707.0,13.0,0.3815434430652995,0.028565656565656565,2.5481422391451556,opponent,79,135,False
22,99,1067.0,19.0,0.04520420267751229,0.021264722881001254,2.9329699518176757,opponent,79,136,False
103,22,3234.0,42.0,0.13701067615658363,0.04060365608678184,4.005513348515485,opponent,3,79,False
10876,91,539.0,9.0,0.04844943820224719,0.02476111723631018,2.3009170358933484,opponent,23,133,False
21,91,436.0,8.0,0.03919101123595506,0.007726523596023322,2.112231364502827,opponent,78,133,False
22,91,443.0,9.0,0.03982022471910112,0.012920725660619494,2.1262456078776384,opponent,79,133,False
29,91,749.0,11.0,0.06732584269662921,0.009650818193531762,2.601454354836391,opponent,85,133,False
29,97,324.0,7.0,0.17485159201295197,0.004711836307316435,1.8562979903656263,opponent,85,135,False
106,34,2580.0,40.0,0.06390726016199748,0.029372253466608985,3.784189633918261,opponent,5,89,False
34,91,264.0,6.0,0.023730337078651687,0.004334405989361003,1.6863989535702288,opponent,89,133,False
34,97,349.0,6.0,0.18834322719913654,0.006769994762468235,1.919370593820701,opponent,89,135,False
107,22,1005.0,15.0,0.0425775292323335,0.013690419430859977,2.8763855159214247,opponent,6,79,False
10875,91,645.0,11.0,0.05797752808988764,0.015145822570797916,2.463853240590168,opponent,22,133,False
22,79,2610.0,29.0,0.11057447890188103,0.036158098167158474,3.7954891891721947,opponent,79,120,False
22,89,3831.0,49.0,0.1623029994916116,0.04398241162761329,4.172076910762453,opponent,79,130,False
101,24,744.0,12.0,0.12451882845188285,0.021307062260152356,2.5952547069568657,opponent,2,81,False
107,24,964.0,14.0,0.032472125846330045,0.01212075490676826,2.8371272433773522,opponent,6,81,False
24,79,2781.0,27.0,0.09367736719776333,0.035610474422178115,3.8575668196320874,opponent,81,120,False
24,89,3476.0,37.0,0.11708828780274194,0.03716017575180937,4.076406861535434,opponent,81,130,False
24,99,1701.0,24.0,0.061541244573082486,0.030579225542012728,3.3792925462741055,opponent,81,136,False
10872,91,736.0,13.0,0.06615730337078651,0.011324644950839347,2.585254623622282,opponent,19,133,False
10874,91,376.0,8.0,0.033797752808988765,0.008223072717331876,1.9832976811269336,opponent,21,133,False
24,91,244.0,3.0,0.021932584269662922,0.006014592782488661,1.622683139184121,opponent,81,133,False
10874,83,893.0,14.0,0.1074221099482738,0.021063307859232,2.7652703414321014,opponent,21,123,False
10875,83,482.0,6.0,0.05798147479850836,0.012069008688684678,2.2009214392175456,opponent,22,123,False
10876,83,301.0,3.0,0.036208348370022854,0.015681983953318747,1.7945333961107803,opponent,23,123,False
21,83,322.0,3.0,0.03873451220979189,0.00599281606521375,1.8510760463844744,opponent,78,123,False
29,83,1188.0,15.0,0.14290869722121977,0.015976546214984063,3.0349529867072724,opponent,85,123,False
10872,83,1276.0,20.0,0.15349452664501384,0.020701179448076704,3.1030907918744903,opponent,19,123,False
22,83,713.0,13.0,0.08576927703596776,0.02284963466222279,2.555934486365321,opponent,79,123,False
34,83,369.0,6.0,0.04438830747022735,0.006363056336328051,1.9671123567059163,opponent,89,123,False
103,19,219.0,2.0,0.07934782608695652,0.0035426001714683186,1.536867219599265,opponent,3,76,False
106,19,273.0,3.0,0.09891304347826087,0.006369872602547949,1.713797927758343,opponent,5,76,False
19,79,65.0,1.0,0.02355072463768116,0.0012062950040828445,0.7339691750802004,opponent,76,120,False
19,83,248.0,4.0,0.08985507246376812,0.022909930715935334,1.6357552207514738,opponent,76,123,False
19,86,65.0,1.0,0.02355072463768116,0.001675214556325868,0.7339691750802004,opponent,76,125,False
107,19,54.0,1.0,0.01956521739130435,0.0010090440242170565,0.6418538861723948,opponent,6,76,False
19,97,208.0,2.0,0.11225040474905558,0.04721906923950057,1.496642418288756,opponent,76,135,False
19,99,54.0,1.0,0.01956521739130435,0.0017794767020365121,0.6418538861723948,opponent,76,136,False
106,23,736.0,8.0,0.14533965244865718,0.016465692744804136,2.585254623622282,opponent,5,80,False
107,23,218.0,3.0,0.043048973143759876,0.003916918211872933,1.5332765514685365,opponent,6,80,False
23,83,199.0,4.0,0.03929699842022117,0.01510092578539991,1.4624834994774372,opponent,80,123,False
23,97,239.0,4.0,0.12898003237992445,0.035789158430667864,1.6060990111685858,opponent,80,135,False
23,99,526.0,6.0,0.10387045813586097,0.016346572192180994,2.278975227354912,opponent,80,136,False
101,23,380.0,7.0,0.0750394944707741,0.035650623885918005,1.992430164690206,opponent,2,80,False
23,89,828.0,12.0,0.16350710900473933,0.011569739820585194,2.6946271807700692,opponent,80,130,False
23,91,474.0,7.0,0.09360189573459715,0.03016226535157493,2.186051276738094,opponent,80,133,False
101,28,406.0,5.0,0.06794979079497908,0.014711744030148204,2.049841071903545,opponent,2,84,False
107,28,395.0,4.0,0.017931723261303795,0.0054525627044711015,2.02595285672885,opponent,6,84,False
28,89,2759.0,30.0,0.12524968222262575,0.0318594902943452,3.849792928892012,opponent,84,130,False
28,91,387.0,5.0,0.03478651685393258,0.011811023622047244,2.0082140323914683,opponent,84,133,False
28,99,882.0,11.0,0.04003994915562012,0.0180789570778502,2.7536607123542622,opponent,84,136,False
103,24,1748.0,17.0,0.05888099167985987,0.020041964295951478,3.405631978730021,opponent,3,81,False
103,28,2093.0,19.0,0.09501543490103505,0.026422430661633824,3.580272935142262,opponent,3,84,False
28,79,2359.0,26.0,0.10709097512257128,0.033291935984645346,3.696764948387927,opponent,84,120,False
103,10873,692.0,9.0,0.08284448701065486,0.01033777020869747,2.528391761727739,opponent,3,20,False
106,10873,564.0,8.0,0.06752065126301927,0.011710963455149501,2.341805806147327,opponent,5,20,False
10873,79,512.0,7.0,0.06129534299054232,0.008673555819075047,2.2547944291576973,opponent,20,120,False
10873,89,614.0,9.0,0.07350652460193942,0.008179141856159,2.418885548690206,opponent,20,130,False
10873,91,311.0,6.0,0.037232132168083326,0.01622580476861272,1.8218575003853346,opponent,20,133,False
103,25,196.0,3.0,0.02056015944613448,0.0028565182540260877,1.4508328822574619,opponent,3,82,False
106,25,247.0,5.0,0.02590999685303682,0.0049741224802142695,1.6325031853650964,opponent,5,82,False
25,79,15.0,1.0,0.001573481590265394,0.0002470884741463093,0.22314355131420976,opponent,82,120,False
25,89,538.0,8.0,0.05643553970418546,0.007048804454634785,2.299246191728531,opponent,82,130,False
25,91,196.0,3.0,0.02056015944613448,0.009578731306812627,1.4508328822574619,opponent,82,133,False
10873,97,227.0,5.0,0.12250404749055585,0.0227477703176671,1.5651376535375203,opponent,20,135,False
10874,97,102.0,5.0,0.05504587155963303,0.002777248345903559,0.9932517730102833,opponent,21,135,False
25,97,181.0,2.0,0.09767943874797626,0.016153502900490852,1.3904523712685544,opponent,82,135,False
19,89,154.0,1.0,0.05579710144927536,0.0022020132692747653,1.2716314527997508,opponent,76,130,False
19,91,283.0,3.0,0.10253623188405797,0.020805763858256138,1.7433858849438393,opponent,76,133,False
103,23,383.0,4.0,0.07563191153238547,0.005988211197798589,1.999225207823035,opponent,3,80,False
101,10893,945.0,12.0,0.1581589958158996,0.07975356570174698,2.8183982582710754,opponent,2,40,False
101,110,767.0,10.0,0.12836820083682007,0.012654051111147773,2.6234601328015907,opponent,2,44,False
101,118,618.0,5.0,0.10343096234309623,0.010465707027942422,2.424802725718295,opponent,2,48,False
101,121,311.0,2.0,0.052050209205020924,0.006960452988966227,1.8218575003853346,opponent,2,51,False
101,45,578.0,5.0,0.09673640167364017,0.013880217088516401,2.3639937211226894,opponent,2,98,False
106,10893,1619.0,20.0,0.23742484235225106,0.03552697987755371,3.33160909485544,opponent,5,40,False
106,110,3639.0,43.0,0.09013896113546853,0.03949553382463071,4.121473229610353,opponent,5,44,False
106,118,2790.0,33.0,0.06910901389611354,0.030567302846374652,3.8607297110405954,opponent,5,48,False
106,121,2823.0,28.0,0.07235307686393111,0.03687063279566381,3.8722421354163012,opponent,5,51,False
106,45,2044.0,24.0,0.05639398537729342,0.027409751649412648,3.5572510116355,opponent,5,98,False
107,10893,2272.0,32.0,0.33318668426455494,0.04104268656177177,3.660136985248282,opponent,6,40,False
107,110,5371.0,65.0,0.10570753788624286,0.05326048153583753,4.505533995812745,opponent,6,44,False
107,118,5448.0,78.0,0.10722298760086597,0.05499974761496138,4.519612297626445,opponent,6,48,False
107,121,3514.0,47.0,0.09006330573852424,0.040712291311853374,4.087096133497273,opponent,6,51,False
107,45,2934.0,36.0,0.08094909642709339,0.03487833002460741,3.910021002757473,opponent,6,98,False
10893,89,1471.0,20.0,0.2157207801730459,0.020239962574644322,3.239331833435583,opponent,40,130,False
110,89,6070.0,72.0,0.10955689919682339,0.05202931470449578,4.626605466708156,opponent,44,130,False
118,89,6779.0,83.0,0.12625481906393757,0.05933790833654284,4.736052238875995,opponent,48,130,False
121,89,4354.0,51.0,0.11159238280749417,0.042689204161069874,4.298192024594581,opponent,51,130,False
45,89,2679.0,35.0,0.07391364326113947,0.02655209324452902,3.8210036070409776,opponent,98,130,False
10893,99,897.0,9.0,0.1315442146942367,0.026726655145700495,2.7694588292308535,opponent,40,136,False
110,99,3637.0,44.0,0.1315846599131693,0.045801430586338905,4.120932396714531,opponent,44,136,False
118,99,3453.0,49.0,0.12492764109985528,0.04433744221879815,4.069881090043726,opponent,48,136,False
121,99,2129.0,30.0,0.0770260492040521,0.03299342920902554,3.596855535300762,opponent,51,136,False
45,99,1524.0,18.0,0.05513748191027496,0.024438350892384664,3.2733640101522705,opponent,98,136,False
106,10894,1486.0,18.0,0.07218498008355193,0.02498696843839855,3.2490816669252665,opponent,5,41,False
106,109,2787.0,31.0,0.08943011166730844,0.040539361145051495,3.859676525055937,opponent,5,42,False
107,10894,2591.0,33.0,0.12586223647138833,0.03765714700966499,3.7883476440669246,opponent,6,41,False
107,109,4033.0,59.0,0.12941214221537672,0.05174426810022966,4.222688914270302,opponent,6,42,False
10894,79,2102.0,25.0,0.10210822889342272,0.030169506121453072,3.5844444359770526,opponent,41,120,False
109,79,4851.0,59.0,0.15566037735849056,0.06259193311140358,4.404888303817144,opponent,42,120,False
110,79,5303.0,58.0,0.10359647580534881,0.052354108459784186,4.492934236760824,opponent,44,120,False
118,79,4768.0,57.0,0.09314501162359101,0.04762570669436842,4.387843019995321,opponent,48,120,False
45,79,2425.0,28.0,0.06690578010760105,0.028526391323271654,3.7236833763086286,opponent,98,120,False
10894,89,2021.0,27.0,0.09817351598173515,0.023528726934047384,3.5462592641715336,opponent,41,130,False
109,89,5252.0,71.0,0.1685277884738801,0.056326548122090904,4.483379128934169,opponent,42,130,False
10894,99,1034.0,14.0,0.0502283105022831,0.021910493303949823,2.9032514207598257,opponent,41,136,False
109,99,1968.0,29.0,0.07120115774240232,0.03462594130480681,3.520460802488973,opponent,42,136,False
106,123,707.0,12.0,0.07324147933284988,0.014335827402315631,2.5481422391451556,opponent,5,53,False
107,123,1060.0,18.0,0.10981042163058116,0.017844216622056125,2.9267394020670396,opponent,6,53,False
123,79,928.0,14.0,0.09613591629545219,0.015488867376573089,2.801338135525767,opponent,53,120,False
123,89,970.0,17.0,0.10048689526572051,0.012760975096365096,2.842969519001581,opponent,53,130,False
123,99,306.0,6.0,0.03169998964052626,0.008273177062211047,1.8082887711792655,opponent,53,136,False
103,10894,2232.0,29.0,0.10842320023316818,0.028751030502885407,3.6428355156125294,opponent,3,41,False
103,109,6091.0,87.0,0.1954498780644333,0.07221016941115102,4.630025386986268,opponent,3,42,False
103,118,6496.0,84.0,0.1209841133853575,0.06100962667292792,4.693791377641619,opponent,3,48,False
103,123,761.0,16.0,0.07883559515176629,0.011163268299838639,2.6161785472303274,opponent,3,53,False
103,45,2629.0,39.0,0.07253414264036419,0.02830107434279932,3.802580094046764,opponent,3,98,False
10889,10894,2379.0,31.0,0.15436023877498053,0.07076355632231773,3.7049988359938197,opponent,36,41,False
10889,109,1721.0,30.0,0.11166623410329614,0.03836807490803701,3.390585721067561,opponent,36,42,False
10889,118,1885.0,27.0,0.1223072930184272,0.028042249330556383,3.478672693830446,opponent,36,48,False
10889,123,434.0,9.0,0.044960116026105876,0.01762007226665584,2.108190954965822,opponent,36,53,False
10889,45,2074.0,30.0,0.13457046457305996,0.041828852630942055,3.571408869639598,opponent,36,98,False
103,122,1906.0,29.0,0.09391938503991328,0.024540983184405018,3.489411738485011,opponent,3,52,False
107,122,2099.0,29.0,0.10342958509904406,0.030418085645967683,3.5830558682927065,opponent,6,52,False
10889,122,1468.0,22.0,0.09525045419153906,0.042876336234593145,3.237370407504365,opponent,36,52,False
122,79,2045.0,26.0,0.10076870010840643,0.029450733028025002,3.5577261838943812,opponent,52,120,False
122,89,1187.0,17.0,0.05849019414605302,0.013732545090644054,3.0341513834579357,opponent,52,130,False
10894,86,1231.0,15.0,0.05979792091712815,0.022195777212816212,3.0688278286245416,opponent,41,125,False
109,86,3443.0,48.0,0.11048004107303298,0.05394268883074561,4.067030460975386,opponent,42,125,False
118,86,2479.0,38.0,0.06865894865119371,0.028389830508474576,3.745181019482578,opponent,48,125,False
122,86,1753.0,26.0,0.08638021089977334,0.03207861364759273,3.4083936485327504,opponent,52,125,False
123,86,328.0,6.0,0.03397907386304776,0.007219739825229469,1.8666607774011728,opponent,53,125,False
103,10893,1433.0,27.0,0.2101481155594662,0.022160707658047753,3.2141982353170895,opponent,3,40,False
103,119,2457.0,33.0,0.18927663508204298,0.03519956448239305,3.7364784329132155,opponent,3,49,False
106,119,1486.0,20.0,0.11447500192589169,0.028650753865730922,3.2490816669252665,opponent,5,49,False
106,122,1592.0,23.0,0.07844683157583522,0.02694970629560036,3.3153973918588227,opponent,5,52,False
10889,10893,1811.0,31.0,0.2655814635577064,0.08868756121449559,3.439883764051989,opponent,36,40,False
10889,119,967.0,14.0,0.07449349048609506,0.03525851381900386,2.8400526477064574,opponent,36,49,False
10893,79,1779.0,26.0,0.2608886933567972,0.031638478365256364,3.4226326623822203,opponent,40,120,False
119,79,1984.0,26.0,0.15283876434789306,0.031904287138584245,3.5283193891014943,opponent,49,120,False
10893,86,1535.0,24.0,0.22510632057486435,0.03708625271804784,3.280284452996844,opponent,40,125,False
119,86,1439.0,18.0,0.11085432555273092,0.03020063801208865,3.2182089358804973,opponent,49,125,False
103,121,4134.0,53.0,0.10595381500371633,0.043903526937904225,4.247065649239764,opponent,3,51,False
10889,121,576.0,9.0,0.03737347521411887,0.010695782964737341,2.3608540011180215,opponent,36,51,False
121,79,3901.0,43.0,0.09998205910244252,0.045200162215398874,4.189907235399816,opponent,51,120,False
121,86,2718.0,40.0,0.07527834708912647,0.03753884400248601,3.835141961092188,opponent,51,125,False
122,99,688.0,9.0,0.03390164580664236,0.014562079329467044,2.5230584157523768,opponent,52,136,False
10893,95,300.0,4.0,0.08782201405152225,0.03019627579265224,1.791759469228055,opponent,40,134,False
10894,95,300.0,4.0,0.08782201405152225,0.012657159733355836,1.791759469228055,opponent,41,134,False
118,95,202.0,3.0,0.05913348946135832,0.0035496511852671905,1.4739999415389962,opponent,48,134,False
121,95,112.0,2.0,0.03278688524590164,0.0026464403015051628,1.0531499145913523,opponent,51,134,False
122,95,309.0,4.0,0.09045667447306792,0.01320456390752532,1.8164520818184267,opponent,52,134,False
45,95,188.0,2.0,0.05503512880562061,0.0047627492209864975,1.4190841839428814,opponent,98,134,False
103,110,6894.0,89.0,0.12442920314051079,0.06395828887919917,4.752727750345706,opponent,3,44,False
10889,110,1809.0,23.0,0.11737607059434207,0.02621435195919314,3.4388142452334622,opponent,36,44,False
119,89,1557.0,22.0,0.11994453431938988,0.019770424359397618,3.2939832973550063,opponent,49,130,False
119,99,517.0,7.0,0.039827440104768505,0.01289148214641931,2.263497704285999,opponent,49,136,False
107,119,1443.0,17.0,0.11116246822278715,0.023144286905754794,3.2208738275308737,opponent,6,49,False
110,86,3769.0,49.0,0.10438708247936632,0.042955483120968294,4.156014389255194,opponent,44,125,False
45,86,1211.0,17.0,0.0335401318340442,0.017022771998875457,3.0532147089673534,opponent,98,125,False
101,109,505.0,9.0,0.08451882845188284,0.013785008462084402,2.24248116892434,opponent,2,42,False
101,119,73.0,2.0,0.012217573221757322,0.0038659111370015356,0.7960045659996531,opponent,2,49,False
101,10894,199.0,2.0,0.03330543933054393,0.007548744404825127,1.4624834994774372,opponent,2,41,False
10874,10877,4049.0,51.0,0.11576509606587375,0.03856704703484274,4.226590406661309,opponent,21,24,False
10874,10880,2198.0,34.0,0.0628430924062214,0.026114437791084497,3.6278901824875067,opponent,21,27,False
10874,10881,4461.0,59.0,0.1275446020128088,0.05220780132713846,4.3221439250725044,opponent,21,28,False
10874,39,2146.0,30.0,0.0835214446952596,0.03666871710751145,3.604591637591347,opponent,21,92,False
10874,40,4138.0,54.0,0.11830969807868252,0.04451951628867754,4.248018938158477,opponent,21,94,False
10875,10877,4892.0,67.0,0.15237027346913348,0.04830507637771173,4.413202252142331,opponent,22,24,False
10875,10880,2496.0,39.0,0.07774247804148757,0.030814814814814816,3.751854253275325,opponent,22,27,False
10875,10881,4441.0,60.0,0.13832305488070765,0.05376708597164546,4.317710311070832,opponent,22,28,False
10875,39,2506.0,31.0,0.09753249785942243,0.045321373024197927,3.755758982953481,opponent,22,92,False
10875,40,4795.0,62.0,0.14934903133370708,0.05362275080797575,4.393419818503324,opponent,22,94,False
10876,10877,1146.0,17.0,0.10248613843677339,0.013627445151316963,3.0007198150650303,opponent,23,24,False
10876,10880,942.0,14.0,0.08424253264174567,0.015284763913678404,2.8154087194227095,opponent,23,27,False
10876,10881,1526.0,23.0,0.1364693257020211,0.023626679878615223,3.2746258399726926,opponent,23,28,False
10876,39,998.0,13.0,0.08925058129136111,0.027816489213445567,2.869791050196144,opponent,23,92,False
10876,40,1056.0,16.0,0.09443748882131998,0.014618749653912176,2.9231615807191558,opponent,23,94,False
10877,21,7216.0,89.0,0.15776125929164844,0.06409493440395087,4.797991977415912,opponent,24,78,False
10880,21,3746.0,58.0,0.08189768255356362,0.04011393814786259,4.149989485633994,opponent,27,78,False
10881,21,6546.0,86.0,0.14311324879755138,0.06954507787433865,4.701389043728634,opponent,28,78,False
21,39,3276.0,39.0,0.12750058379388185,0.048064790633527976,4.018183201256536,opponent,78,92,False
21,40,6555.0,83.0,0.14331001311762134,0.06471197986080261,4.702750514326955,opponent,78,94,False
10877,29,8732.0,109.0,0.12987476574352264,0.06587156101719209,4.987252933861357,opponent,24,85,False
10880,29,4485.0,72.0,0.08727378867483947,0.03929419392144666,4.327438444389479,opponent,27,85,False
10881,29,8240.0,103.0,0.15000364086506954,0.07232765128241139,4.929666231562589,opponent,28,85,False
29,39,4764.0,55.0,0.18541293687242158,0.05403566081393766,4.387014176184921,opponent,85,92,False
29,40,8140.0,105.0,0.1310578006762196,0.067159499686479,4.917544871030244,opponent,85,94,False
10877,34,9837.0,119.0,0.19655523807620837,0.08608634012724362,5.105642397674591,opponent,24,89,False
10880,34,5332.0,83.0,0.1065398525386137,0.05548098434004474,4.498327090370042,opponent,27,89,False
10881,34,8129.0,101.0,0.16242731832077847,0.08393391843056272,4.916202507048087,opponent,28,89,False
34,39,4644.0,54.0,0.18074258581770064,0.06531921178108781,4.361823927356363,opponent,89,92,False
34,40,9427.0,123.0,0.18836293883749275,0.09176482040299815,5.063333157170776,opponent,89,94,False
10877,22,1934.0,23.0,0.08193526520928657,0.020202864335781216,3.5035533882996828,opponent,24,79,False
10880,22,905.0,18.0,0.0383409591594645,0.012215038669708054,2.7777835391168852,opponent,27,79,False
10881,22,1939.0,22.0,0.08214709371293001,0.025314307348851782,3.5060577722782993,opponent,28,79,False
22,39,979.0,15.0,0.041476021013387564,0.020261180901922637,2.8516694288771265,opponent,79,92,False
22,40,1948.0,25.0,0.08252838501948823,0.023255258696845974,3.5105499185895193,opponent,79,94,False
10877,26,203.0,4.0,0.06359649122807018,0.002634721212750493,1.4778094699556639,opponent,24,83,False
10880,26,236.0,4.0,0.07393483709273183,0.004342545909542561,1.5960148921019597,opponent,27,83,False
10881,26,203.0,4.0,0.06359649122807018,0.0035047737435472456,1.4778094699556639,opponent,28,83,False
26,39,272.0,5.0,0.08521303258145363,0.009505836303907179,1.7107904066943878,opponent,83,92,False
26,40,236.0,4.0,0.07393483709273183,0.0036270863430977775,1.5960148921019597,opponent,83,94,False
10872,10877,5770.0,90.0,0.10567378484304604,0.0469521771325809,4.576427717122438,opponent,19,24,False
10872,10880,3879.0,63.0,0.07548161120840631,0.03798732776433951,4.184337600748806,opponent,19,27,False
10872,10881,4636.0,78.0,0.08490531482363284,0.044195313542679554,4.360121799285832,opponent,19,28,False
10872,39,2472.0,35.0,0.0962092317272515,0.031763980263157895,3.742420221041966,opponent,19,92,False
10872,40,5880.0,93.0,0.10768836306362405,0.053053269813772196,4.59511985013459,opponent,19,94,False
10872,10879,2131.0,33.0,0.06371654955897743,0.024803296242841846,3.597768777373366,opponent,19,26,False
10872,47,793.0,12.0,0.03880407124681934,0.010680853929557546,2.6544149852695784,opponent,19,99,False
10875,10879,1482.0,26.0,0.04615959633713325,0.023131311554730055,3.246490991901174,opponent,22,26,False
10875,47,864.0,13.0,0.042278332354668234,0.01671891327063741,2.7343675094195836,opponent,22,99,False
10879,22,878.0,16.0,0.037197085239789866,0.015630841537448148,2.749405386784124,opponent,26,79,False
22,47,573.0,7.0,0.02803875513799178,0.01318241424528953,2.3561258599220753,opponent,79,99,False
10879,26,36.0,1.0,0.011278195488721804,0.0009835796836152018,0.4700036292457355,opponent,26,83,False
26,47,36.0,1.0,0.011278195488721804,0.001525940996948118,0.4700036292457355,opponent,83,99,False
10879,34,3103.0,43.0,0.09277918971445658,0.03859980843150182,3.9649316610835483,opponent,26,89,False
34,47,1432.0,22.0,0.07007242121745938,0.020738294883491912,3.2135282185416054,opponent,89,99,False
10876,10879,684.0,12.0,0.06116973707744589,0.015565619097467174,2.517696472610991,opponent,23,26,False
10876,47,476.0,6.0,0.04256841352173135,0.015284824352963843,2.1897895988487015,opponent,23,99,False
10879,29,3311.0,49.0,0.0989983555090447,0.03400501191356503,4.02862015301196,opponent,26,85,False
29,47,1038.0,15.0,0.05079271873165003,0.011981715763228368,2.9069010598473755,opponent,85,99,False
10874,10879,2074.0,30.0,0.06201225893257587,0.03125989117819947,3.571408869639598,opponent,21,26,False
10874,47,861.0,14.0,0.042131532589547854,0.015783395354805593,2.731115474033206,opponent,21,99,False
10874,48,387.0,5.0,0.0531082750102923,0.009241570350558793,2.0082140323914683,opponent,21,100,False
10875,48,374.0,4.0,0.05132427610813778,0.009585073938337733,1.9786999718783043,opponent,22,100,False
10876,48,267.0,3.0,0.03664059283655825,0.014668717723327106,1.6956156086751528,opponent,23,100,False
10879,21,2736.0,38.0,0.08180595006727463,0.0357885649256367,3.8416005411316,opponent,26,78,False
21,47,1158.0,18.0,0.056664709336465065,0.01781045249007967,3.0106208860477417,opponent,78,99,False
21,48,429.0,6.0,0.05887196377109922,0.008156203657933762,2.0980179272527715,opponent,78,100,False
29,48,267.0,3.0,0.03664059283655825,0.003595765884666146,1.6956156086751528,opponent,85,100,False
10875,10882,878.0,14.0,0.2222222222222222,0.024958071576792973,2.749405386784124,opponent,22,29,False
10875,44,1196.0,17.0,0.06315011352236126,0.023992457220806836,3.0413427848060435,opponent,22,97,False
10876,10882,394.0,7.0,0.09972158947102,0.02673179998643056,2.0237526358192475,opponent,23,29,False
10876,44,388.0,5.0,0.03469862278662136,0.013049473648807722,2.0104486701928845,opponent,23,97,False
10882,21,557.0,11.0,0.14097696785623892,0.011336345504131559,2.330524461683287,opponent,29,78,False
21,44,813.0,11.0,0.042927292887692065,0.012729777972630195,2.6775909936175015,opponent,78,97,False
10879,24,1138.0,15.0,0.03833327719203692,0.018356615156305447,2.994064216453294,opponent,26,81,False
10881,24,3525.0,36.0,0.11873884191733755,0.04346807408686216,4.09016919081162,opponent,28,81,False
10882,24,798.0,12.0,0.20197418375094914,0.024299634591961022,2.6602595372658615,opponent,29,81,False
24,44,1177.0,15.0,0.062146892655367235,0.024805580728782483,3.026099810170387,opponent,81,97,False
24,48,261.0,5.0,0.03581720872787155,0.0071091983765968455,1.6770965609079151,opponent,81,100,False
10882,29,543.0,9.0,0.13743356112376615,0.007686645338467201,2.307572634505085,opponent,29,85,False
29,44,1410.0,23.0,0.07444954855060985,0.016634616519000035,3.1986731175506815,opponent,85,97,False
10880,24,1745.0,28.0,0.0587799373463132,0.021996168002823578,3.4039713085448806,opponent,27,81,False
24,39,2158.0,20.0,0.0839884798007317,0.04054638032429589,3.610016605688212,opponent,81,92,False
24,40,3115.0,40.0,0.10492808299929261,0.035125504611984396,3.9687183491046913,opponent,81,94,False
10882,34,515.0,8.0,0.13034674765882054,0.009629227978983976,2.26002547857525,opponent,29,89,False
34,44,1343.0,20.0,0.07091187496699931,0.01985423473234481,3.15202351788036,opponent,89,97,False
10872,10882,423.0,5.0,0.1070615034168565,0.007276793394116635,2.085672091430472,opponent,19,29,False
10872,44,1252.0,20.0,0.06610697502508052,0.01731937085863686,3.0849634072819336,opponent,19,97,False
10882,26,69.0,1.0,0.021616541353383457,0.009754028837998304,0.7654678421395714,opponent,29,83,False
26,44,69.0,1.0,0.021616541353383457,0.0031275496328528694,0.7654678421395714,opponent,83,97,False
10874,10882,42.0,2.0,0.010630220197418374,0.00108010801080108,0.5306282510621704,opponent,21,29,False
10874,113,521.0,12.0,0.04770188610144662,0.011481587588425855,2.2704061946298104,opponent,21,46,False
10875,113,383.0,10.0,0.035066837575535616,0.008981123226638528,1.999225207823035,opponent,22,46,False
10876,113,98.0,4.0,0.008972715619849844,0.004453330909751886,0.9682504708048661,opponent,23,46,False
113,21,564.0,12.0,0.05163889397546237,0.010053834361296303,2.341805806147327,opponent,46,78,False
113,29,801.0,18.0,0.07333821644387475,0.010354857475276324,2.66374994220563,opponent,46,85,False
10877,24,3682.0,38.0,0.12402735203961329,0.03679645027182603,4.133030944611934,opponent,24,81,False
113,24,308.0,10.0,0.02819996337667094,0.007642490260787574,1.8137383759468304,opponent,46,81,False
10882,22,221.0,2.0,0.05593520627689193,0.008085168654423063,1.544010107111645,opponent,29,79,False
24,47,510.0,6.0,0.024955960070463887,0.010279563823997742,2.2512917986064953,opponent,81,99,False
10877,19,146.0,3.0,0.05289855072463768,0.0019041905233915459,1.2335316065674804,opponent,24,76,False
10881,19,81.0,2.0,0.029347826086956522,0.001405981496589193,0.8544153281560676,opponent,28,76,False
10882,19,81.0,2.0,0.029347826086956522,0.012217194570135747,0.8544153281560676,opponent,29,76,False
19,39,132.0,2.0,0.04782608695652174,0.004660687804533578,1.1631508098056809,opponent,76,92,False
19,47,114.0,3.0,0.041304347826086954,0.004938913439043411,1.0647107369924282,opponent,76,99,False
19,40,160.0,4.0,0.057971014492753624,0.0024725699273682586,1.2992829841302609,opponent,76,94,False
10877,23,656.0,11.0,0.12954186413902052,0.008360202378069762,2.479335604738545,opponent,24,80,False
10879,23,528.0,6.0,0.10426540284360189,0.013901687685948237,2.2823823856765264,opponent,26,80,False
10880,23,917.0,13.0,0.18108214849921012,0.01651151484595855,2.790142089820682,opponent,27,80,False
10881,23,573.0,8.0,0.11315165876777251,0.009642730929101527,2.3561258599220753,opponent,28,80,False
23,40,759.0,12.0,0.14988151658767773,0.011428141233155161,2.613739521630969,opponent,80,94,False
10877,25,281.0,8.0,0.029476555124305047,0.0033729039382554525,1.737537915061416,opponent,24,82,False
10879,25,175.0,4.0,0.018357285219762928,0.0040884984697334295,1.3652409519220583,opponent,26,82,False
10880,25,248.0,6.0,0.02601489562572118,0.004087350638648538,1.6357552207514738,opponent,27,82,False
10881,25,275.0,7.0,0.028847162488198887,0.004284156410655865,1.7197859696029656,opponent,28,82,False
25,40,243.0,7.0,0.025490401762299383,0.003403361344537815,1.6193882432872684,opponent,82,94,False
22,44,977.0,11.0,0.051586673002798455,0.023504787566761297,2.8497426460074267,opponent,79,97,False
23,44,943.0,10.0,0.18621642969984203,0.04089332176929748,2.816406225739835,opponent,80,97,False
10871,10879,91.0,2.0,0.07724957555178268,0.0026352368817328855,0.9229352745928237,opponent,18,26,False
10871,10880,198.0,3.0,0.16808149405772496,0.0037807905289287762,1.4586150226995167,opponent,18,27,False
10871,10881,91.0,2.0,0.07724957555178268,0.0016244488477123833,0.9229352745928237,opponent,18,28,False
10871,40,91.0,2.0,0.07724957555178268,0.0014399417693877873,0.9229352745928237,opponent,18,94,False
10871,44,198.0,3.0,0.16808149405772496,0.009940258045082584,1.4586150226995167,opponent,18,97,False
10871,10882,107.0,1.0,0.09083191850594227,0.02130625248904819,1.0236492501946544,opponent,18,29,False
10871,113,107.0,1.0,0.09083191850594227,0.008921871091470024,1.0236492501946544,opponent,18,46,False
10871,48,107.0,1.0,0.09083191850594227,0.012802105766929887,1.0236492501946544,opponent,18,100,False
10872,113,536.0,13.0,0.049075260941219556,0.008247676494121992,2.295896104843249,opponent,19,46,False
10872,48,107.0,1.0,0.014683683271579526,0.0017318960214949338,1.0236492501946544,opponent,19,100,False
113,22,413.0,6.0,0.037813587255081486,0.012106821446369419,2.064750826269832,opponent,46,79,False
22,48,562.0,8.0,0.07712364484698779,0.018530119687427873,2.338595530517079,opponent,79,100,False
10882,23,107.0,1.0,0.027081751455327766,0.01201167489896722,1.0236492501946544,opponent,29,80,False
113,23,429.0,5.0,0.08471563981042654,0.027576010798997234,2.0980179272527715,opponent,46,80,False
23,48,396.0,4.0,0.07819905213270142,0.03312421580928482,2.028148247292285,opponent,80,100,False
101,10860,682.0,9.0,0.11414225941422594,0.015236137795451498,2.51500468094528,opponent,2,8,False
101,54,794.0,10.0,0.13288702928870294,0.010383971542163632,2.655586631566469,opponent,2,103,False
101,57,629.0,8.0,0.10527196652719666,0.009727355674806303,2.440896708791558,opponent,2,106,False
101,62,602.0,7.0,0.1007531380753138,0.015067704552849599,2.4009209937149074,opponent,2,110,False
101,68,602.0,7.0,0.1007531380753138,0.008877353899694749,2.4009209937149074,opponent,2,112,False
103,10860,4491.0,58.0,0.11378550254630217,0.04764683415379392,4.328757705794541,opponent,3,8,False
103,54,7766.0,92.0,0.13100981814501164,0.06324361741113238,4.870862240548258,opponent,3,103,False
103,57,6892.0,76.0,0.11626573096258308,0.061699327681440964,4.752440104723127,opponent,3,106,False
103,62,4028.0,48.0,0.11648351648351649,0.04484025381275743,4.22146656966144,opponent,3,110,False
103,68,8105.0,98.0,0.13672863456931744,0.07133866722998249,4.913267443182465,opponent,3,112,False
107,10860,3442.0,45.0,0.08720768197826143,0.03963748171862225,4.066744950623696,opponent,6,8,False
107,54,6589.0,92.0,0.1296791970084629,0.057045643440919794,4.707877184180354,opponent,6,103,False
107,57,5288.0,68.0,0.1040740011808699,0.05043924493747556,4.490133375999733,opponent,6,106,False
107,62,3313.0,47.0,0.09580682475419318,0.04036453574082873,4.0292132728395496,opponent,6,110,False
107,68,6957.0,95.0,0.13692186577445384,0.06545115858993537,4.761746493030188,opponent,6,112,False
10860,10889,2361.0,26.0,0.1531923176745393,0.04495430312261996,3.6975913947159578,opponent,8,36,False
10889,54,2295.0,22.0,0.14890994030625487,0.027191943127962085,3.6699514442284173,opponent,36,103,False
10889,57,2181.0,22.0,0.14151310667012718,0.03006285493742074,3.6203329115788265,opponent,36,106,False
10889,62,1543.0,14.0,0.10011679211004412,0.03184792255774113,3.285287590387452,opponent,36,110,False
10889,68,2635.0,26.0,0.1709706722034778,0.03503197415477884,3.804808921120997,opponent,36,112,False
10860,89,4007.0,50.0,0.1015227140287314,0.03898163281189198,4.216316343685124,opponent,8,130,False
54,89,9726.0,105.0,0.14445269567800387,0.07546145072815723,5.094363509626968,opponent,103,130,False
57,89,8141.0,81.0,0.13724564627341235,0.0686969436146693,4.917666814814311,opponent,106,130,False
62,89,4121.0,41.0,0.11917293233082707,0.042141754185031036,4.243961169134464,opponent,110,130,False
68,89,9735.0,105.0,0.1559096732863549,0.08110134544091306,5.09528276815654,opponent,112,130,False
106,10860,1338.0,24.0,0.033900022802705924,0.017044151741356907,3.1484533605716547,opponent,5,8,False
106,54,2948.0,31.0,0.07302271432463897,0.027119018269460747,3.91468612284763,opponent,5,103,False
106,57,2777.0,30.0,0.06878700056971589,0.02865515782522108,3.8561578725867505,opponent,5,106,False
106,62,1763.0,24.0,0.050983227299016776,0.02408864841230803,3.4138942124565625,opponent,5,110,False
106,68,3150.0,36.0,0.0780263060117411,0.0316071482325082,3.979681653901961,opponent,5,112,False
10860,99,1392.0,19.0,0.05036179450072359,0.021181733797951824,3.186352633162641,opponent,8,136,False
54,99,2201.0,26.0,0.07963096960926194,0.022755939703480076,3.629217910055869,opponent,103,136,False
57,99,1264.0,17.0,0.04573082489146165,0.014750329665200191,3.094068174274853,opponent,106,136,False
62,99,928.0,11.0,0.03357452966714906,0.015140638256216145,2.801338135525767,opponent,110,136,False
68,99,2200.0,26.0,0.07959479015918958,0.025034137460172964,3.628775530044231,opponent,112,136,False
103,16,4902.0,61.0,0.0871544137256645,0.04431346670162085,4.415219602029645,opponent,3,75,False
103,58,6409.0,89.0,0.11770863943579195,0.05972026799109181,4.680432253821885,opponent,3,107,False
106,16,3128.0,31.0,0.07748136038245275,0.03345883963717269,3.972804477688005,opponent,5,75,False
106,58,2632.0,31.0,0.06519531346758813,0.028550663325631595,3.803695128542518,opponent,5,107,False
107,16,4052.0,62.0,0.07974808108640032,0.03933866003902799,4.2273202449129,opponent,6,75,False
107,58,5806.0,90.0,0.11426884471560717,0.0583799219724088,4.582583687315296,opponent,6,107,False
16,89,5686.0,59.0,0.10109343052715797,0.04823181128010247,4.561914677317134,opponent,75,130,False
58,89,5869.0,76.0,0.10779091977666765,0.05063454951729374,4.593266281485267,opponent,107,130,False
16,99,1536.0,18.0,0.05557163531114327,0.01865232121822973,3.2809112157876537,opponent,75,136,False
58,99,1707.0,24.0,0.061758321273516645,0.021236361826799867,3.3826939100975957,opponent,107,136,False
10860,86,2941.0,44.0,0.08145460588267878,0.040490679296197374,3.9123562832182666,opponent,8,125,False
16,86,3916.0,54.0,0.10845842796211157,0.044281110420082544,4.193687005554364,opponent,75,125,False
54,86,5139.0,74.0,0.14233091452944108,0.050259168704156476,4.4618770161616155,opponent,103,125,False
57,86,4140.0,59.0,0.11466238298343766,0.04535346121402671,4.248495242049359,opponent,106,125,False
58,86,6004.0,86.0,0.16628815155375837,0.07101123595505618,4.615780365100107,opponent,107,125,False
62,86,1998.0,36.0,0.057779063042220934,0.02908805031446541,3.535145354171894,opponent,110,125,False
68,86,5292.0,77.0,0.146568437378829,0.05674823600060051,4.490881039585964,opponent,112,125,False
16,79,4426.0,47.0,0.0864638887260935,0.04296753650201926,4.314372152858053,opponent,75,120,False
54,79,6729.0,72.0,0.1314540233253238,0.058137425157460926,4.728714372079547,opponent,103,120,False
58,79,4755.0,63.0,0.09289105081169782,0.04713427568842807,4.385146762010125,opponent,107,120,False
62,79,2989.0,34.0,0.08643724696356275,0.03610775549649674,3.928224384766154,opponent,110,120,False
68,79,6836.0,76.0,0.13354431616167536,0.06401168615920519,4.744352250121429,opponent,112,120,False
101,16,304.0,4.0,0.05087866108786611,0.004909877899089089,1.80280930541464,opponent,2,75,False
101,58,357.0,5.0,0.059748953974895394,0.0059434621915892515,1.9387416595767009,opponent,2,107,False
106,12,1135.0,20.0,0.028284489633173843,0.014301194496245149,2.99155690214351,opponent,5,50,False
107,12,3955.0,59.0,0.09855960925039872,0.04546865479461504,4.203448064158762,opponent,6,50,False
12,79,3281.0,44.0,0.08176335725677832,0.03726884456358762,4.019680880134656,opponent,50,120,False
12,86,3834.0,57.0,0.10618733728466183,0.052955801104972375,4.1728476237100445,opponent,50,125,False
12,99,846.0,9.0,0.03060781476121563,0.012641582738113027,2.714694743820879,opponent,50,136,False
103,12,4826.0,69.0,0.12026515151515152,0.05102558680482132,4.399784689595585,opponent,3,50,False
10860,79,2388.0,30.0,0.060503179710659,0.0270533590121219,3.708682081410116,opponent,8,120,False
103,56,208.0,3.0,0.11892510005717553,0.0034199838866143806,1.496642418288756,opponent,3,105,False
106,56,4.0,1.0,0.002287021154945683,9.497578117580017e-05,0.06453852113757116,opponent,5,105,False
107,56,138.0,2.0,0.07890222984562607,0.002632532763587112,1.1939224684724346,opponent,6,105,False
56,79,208.0,3.0,0.11892510005717553,0.003944623553954106,1.496642418288756,opponent,105,120,False
56,86,123.0,2.0,0.07032590051457976,0.0032598325029152973,1.1151415906193203,opponent,105,125,False
10889,12,1341.0,15.0,0.08701012198287049,0.02474215391427886,3.150596984114906,opponent,36,50,False
10889,56,134.0,1.0,0.07661520869068039,0.007869853761672638,1.1735135968412274,opponent,36,105,False
12,89,3806.0,53.0,0.09484649122807018,0.03671902134063983,4.165631097546176,opponent,50,130,False
56,89,204.0,2.0,0.11663807890222985,0.0029618874773139747,1.4816045409242156,opponent,105,130,False
10889,58,1473.0,19.0,0.0955748767194394,0.021539181423369937,3.2406373166497136,opponent,36,107,False
10860,83,296.0,5.0,0.03560688078912547,0.006233416164764352,1.7805861686299298,opponent,8,123,False
12,83,40.0,1.0,0.004811740647179117,0.0008264292060081403,0.5108256237659906,opponent,50,123,False
57,83,378.0,6.0,0.04547094911584266,0.0056206506869684175,1.9878743481543455,opponent,106,123,False
58,83,349.0,4.0,0.0419824371466378,0.005591873357687624,1.919370593820701,opponent,107,123,False
68,83,302.0,6.0,0.036328641886202336,0.004286667329065592,1.7972996496036704,opponent,112,123,False
54,83,444.0,6.0,0.0534103211836882,0.005609460278956944,2.128231705849268,opponent,103,123,False
10889,16,1582.0,16.0,0.10264728782766676,0.022575811630396004,3.309325727790273,opponent,36,75,False
16,83,370.0,3.0,0.044508600986406834,0.005764317317878731,1.9694406464655074,opponent,75,123,False
57,79,5912.0,58.0,0.11549356307019086,0.05652331873721246,4.600492596436981,opponent,106,120,False
62,83,241.0,4.0,0.02899073739925418,0.0056503798180624586,1.612765702526775,opponent,110,123,False
10860,91,403.0,10.0,0.0362247191011236,0.008029327967165429,2.0433824918641332,opponent,8,133,False
12,91,675.0,15.0,0.060674157303370786,0.0133457234370675,2.505525936990736,opponent,50,133,False
16,91,671.0,13.0,0.06031460674157303,0.010060120841391925,2.5000688975276777,opponent,75,133,False
57,91,959.0,18.0,0.08620224719101123,0.013801937164486277,2.832232471000624,opponent,106,133,False
58,91,729.0,17.0,0.06552808988764044,0.011242366294491395,2.5764217586237734,opponent,107,133,False
62,91,996.0,17.0,0.08952808988764045,0.022277393813326177,2.8678989020441064,opponent,110,133,False
68,91,1132.0,22.0,0.10175280898876404,0.015628235748898982,2.9890432854031945,opponent,112,133,False
54,91,828.0,16.0,0.07442696629213483,0.010149546457465065,2.6946271807700692,opponent,103,133,False
10860,95,53.0,2.0,0.015515222482435597,0.0012373926036608144,0.6330432564902398,opponent,8,134,False
54,95,53.0,2.0,0.015515222482435597,0.0007100179513972617,0.6330432564902398,opponent,103,134,False
57,95,53.0,2.0,0.015515222482435597,0.000845564773452457,0.6330432564902398,opponent,106,134,False
62,95,53.0,2.0,0.015515222482435597,0.0013968320902406242,0.6330432564902398,opponent,110,134,False
68,95,53.0,2.0,0.015515222482435597,0.0008054344026868076,0.6330432564902398,opponent,112,134,False
10860,97,41.0,1.0,0.022126281705342688,0.000993192994355757,0.5207759546191588,opponent,8,135,False
54,97,41.0,1.0,0.022126281705342688,0.0005609138791983036,0.5207759546191588,opponent,103,135,False
57,97,41.0,1.0,0.022126281705342688,0.0006707127549935382,0.5207759546191588,opponent,106,135,False
62,97,41.0,1.0,0.022126281705342688,0.0011266212354363596,0.5207759546191588,opponent,110,135,False
68,97,41.0,1.0,0.022126281705342688,0.0006381124322978273,0.5207759546191588,opponent,112,135,False
101,10884,192.0,2.0,0.032133891213389124,0.013224051243198568,1.4350845252893227,opponent,2,31,False
101,3129,73.0,1.0,0.012217573221757322,0.002421709129511677,0.7960045659996531,opponent,2,87,False
101,55,192.0,2.0,0.032133891213389124,0.015674748959098702,1.4350845252893227,opponent,2,104,False
101,56,192.0,2.0,0.1097770154373928,0.025491237387148168,1.4350845252893227,opponent,2,105,False
101,64,192.0,2.0,0.09968847352024922,0.024905954079647165,1.4350845252893227,opponent,2,111,False
10884,83,192.0,2.0,0.02309635510645976,0.011389927033279942,1.4350845252893227,opponent,31,123,False
3129,83,73.0,1.0,0.008781426681101889,0.0022473985592020196,0.7960045659996531,opponent,87,123,False
55,83,192.0,2.0,0.029693782864212804,0.013162404881058477,1.4350845252893227,opponent,104,123,False
56,83,192.0,2.0,0.1097770154373928,0.019452887537993922,1.4350845252893227,opponent,105,123,False
64,83,192.0,2.0,0.09968847352024922,0.01911018214392356,1.4350845252893227,opponent,111,123,False
10884,91,73.0,1.0,0.008356227106227106,0.0036891045077824943,0.7960045659996531,opponent,31,133,False
3129,91,73.0,1.0,0.006561797752808989,0.0020683402278007593,0.7960045659996531,opponent,87,133,False
55,91,101.0,2.0,0.01562016702752861,0.00577472841623785,0.9870598027623623,opponent,104,133,False
56,91,73.0,1.0,0.04173813607775872,0.005702679478165769,0.7960045659996531,opponent,105,133,False
64,91,73.0,1.0,0.03790238836967809,0.00562490368315611,0.7960045659996531,opponent,111,133,False
10884,95,192.0,2.0,0.05620608899297424,0.016053511705685617,1.4350845252893227,opponent,31,134,False
3129,95,73.0,1.0,0.021370023419203747,0.0026463657785028094,0.7960045659996531,opponent,87,134,False
55,95,192.0,2.0,0.05620608899297424,0.019814241486068113,1.4350845252893227,opponent,104,134,False
56,95,192.0,2.0,0.1097770154373928,0.038608485823446614,1.4350845252893227,opponent,105,134,False
64,95,192.0,2.0,0.09968847352024922,0.037281553398058255,1.4350845252893227,opponent,111,134,False
10884,97,192.0,2.0,0.10361575822989746,0.01846686544195441,1.4350845252893227,opponent,31,135,False
3129,97,73.0,1.0,0.03939557474365893,0.00280531857658904,0.7960045659996531,opponent,87,135,False
55,97,192.0,2.0,0.10361575822989746,0.023624953857511996,1.4350845252893227,opponent,104,135,False
56,97,192.0,2.0,0.1097770154373928,0.0563049853372434,1.4350845252893227,opponent,105,135,False
64,97,192.0,2.0,0.10361575822989746,0.05352662391971007,1.4350845252893227,opponent,111,135,False
10,10875,1623.0,23.0,0.05055129882264997,0.018902204674889067,3.3339886319687055,opponent,1,22,False
10868,10875,938.0,13.0,0.07364371516055586,0.021364309304179478,2.8114087140893633,opponent,15,22,False
10870,10875,1693.0,22.0,0.0950696316262354,0.035109184795006326,3.3747393226991336,opponent,17,22,False
10875,4,587.0,8.0,0.031710874615093726,0.01173296022386568,2.3780017322788,opponent,22,93,False
10875,5,578.0,8.0,0.018002865508004735,0.007845692334840032,2.3639937211226894,opponent,22,101,False
10,21,2585.0,35.0,0.056515085264538696,0.026234332978129597,3.786081782070299,opponent,1,78,False
10868,21,1548.0,18.0,0.12153568344194081,0.027191765181190607,3.288401887516811,opponent,15,78,False
10870,21,1978.0,23.0,0.11107367475292003,0.032126035406853985,3.5253796515605695,opponent,17,78,False
21,4,1054.0,11.0,0.05693911728161634,0.016678006867414594,2.921367858265129,opponent,78,93,False
21,5,1886.0,22.0,0.044752390669862134,0.02193099759293929,3.4791867005238495,opponent,78,101,False
10,22,2735.0,29.0,0.11587019149296729,0.03586932287636559,3.8412428233670988,opponent,1,79,False
10868,22,1526.0,14.0,0.11980843212687446,0.04383168174637369,3.2746258399726926,opponent,15,79,False
10870,22,1354.0,11.0,0.07603324348607368,0.03380098856657846,3.1598332842344172,opponent,17,79,False
22,4,1188.0,10.0,0.06417805629085409,0.02902729249639602,3.0349529867072724,opponent,79,93,False
22,5,1437.0,19.0,0.0608795119471276,0.022344891929715442,3.2168738221975275,opponent,79,101,False
10,29,8893.0,126.0,0.16058143734200073,0.07820015652342135,5.005399388412055,opponent,1,85,False
10868,29,3510.0,40.0,0.2755750961764937,0.04590575587554439,4.085976312551584,opponent,15,85,False
10870,29,3767.0,47.0,0.21153414195867026,0.04634881574900031,4.155491923203601,opponent,17,85,False
29,4,2852.0,34.0,0.1540705526443736,0.03440580024851314,3.882250847094476,opponent,85,93,False
29,5,6045.0,97.0,0.14344019172816364,0.05850075484844966,4.622518824322705,opponent,85,101,False
10,34,5078.0,73.0,0.1014646232541411,0.05060339415440114,4.450074615447728,opponent,1,89,False
10868,34,3093.0,33.0,0.24283583261364527,0.05181685681258481,3.96176509732296,opponent,15,89,False
10870,34,2603.0,30.0,0.146170260557053,0.03989149757861828,3.7928640235918314,opponent,17,89,False
34,4,2110.0,19.0,0.11398627842904219,0.031754153623886346,3.5881378843124043,opponent,89,93,False
34,5,3036.0,49.0,0.07204043376124149,0.03405343562823878,3.9435216724875173,opponent,89,101,False
10875,14,967.0,15.0,0.03011898087584875,0.010906466056867013,2.8400526477064574,opponent,22,65,False
14,21,2322.0,31.0,0.050765194578049844,0.023003308830813734,3.681351187693145,opponent,65,78,False
14,22,1514.0,12.0,0.06414167090323673,0.01901675584696159,3.2670308667552477,opponent,65,79,False
14,29,6730.0,86.0,0.11699464571309366,0.05702036804825974,4.728861658330641,opponent,65,85,False
10868,867,1440.0,17.0,0.12489158716392021,0.06308319095807596,3.2188758248682006,opponent,15,126,False
10870,867,2218.0,27.0,0.19236773633998266,0.08178466076696166,3.636708581785027,opponent,17,126,False
14,867,1194.0,17.0,0.10355594102341717,0.017595048629531387,3.039749158970765,opponent,65,126,False
4,867,926.0,9.0,0.08031222896790981,0.03180491155761635,2.799311792380535,opponent,93,126,False
5,867,1229.0,15.0,0.10659150043365134,0.023434520631530776,3.0672774407170866,opponent,101,126,False
14,34,4821.0,59.0,0.0963294503167023,0.04691970802919708,4.3987608336650466,opponent,65,89,False
10868,10872,1681.0,21.0,0.13197770275575096,0.02560236376374547,3.3678703775460885,opponent,15,19,False
10870,10872,1828.0,25.0,0.10265049415992812,0.02589895440763934,3.4489287844833454,opponent,17,19,False
10872,14,4903.0,68.0,0.08979524559539943,0.045727129440511834,4.4154211133653405,opponent,19,65,False
10872,4,1787.0,28.0,0.09653719410080493,0.02505397751170681,3.4269734179771394,opponent,19,93,False
10872,5,4613.0,84.0,0.10946064589611561,0.05006946554942908,4.355211980478326,opponent,19,101,False
10,10874,3768.0,63.0,0.10773101555352242,0.04351642259897445,4.155753190350744,opponent,1,21,False
10869,10874,432.0,7.0,0.012970635921455594,0.0063669859985261605,2.1041341542702074,opponent,16,21,False
10870,10874,1017.0,16.0,0.05710916442048518,0.019645720246489078,2.8875901149342877,opponent,17,21,False
10874,13,793.0,15.0,0.07360995080293325,0.017639469703710293,2.6544149852695784,opponent,21,56,False
10874,14,2427.0,38.0,0.06939043915827996,0.02694481143072841,3.724487881581304,opponent,21,65,False
10869,10875,1515.0,21.0,0.047187441599700994,0.02371003333489835,3.2676659890376327,opponent,16,22,False
10875,13,773.0,7.0,0.07175345771837,0.01835842872749727,2.6306890799447418,opponent,22,56,False
10,24,3972.0,50.0,0.13379593761579142,0.04897959183673469,4.207673247529104,opponent,1,81,False
10869,24,1211.0,15.0,0.0407922659750059,0.019601178336732382,3.0532147089673534,opponent,16,81,False
10870,24,2155.0,28.0,0.1210130278526505,0.04752977503308337,3.6086631202571353,opponent,17,81,False
13,24,786.0,9.0,0.07296017822333611,0.019811463426929476,2.6461747973841225,opponent,56,81,False
14,24,2328.0,22.0,0.07841816283221612,0.027425986357692354,3.6838669122903918,opponent,65,81,False
10869,29,1449.0,23.0,0.043505674653215635,0.01462292236429141,3.224857896545748,opponent,16,85,False
13,29,1886.0,22.0,0.1750672978743154,0.024776342927707203,3.4791867005238495,opponent,56,85,False
10,867,2049.0,29.0,0.1777103209019948,0.031590632275173065,3.5596246182566738,opponent,1,126,False
10869,867,1742.0,26.0,0.15108412836079793,0.0404232607787627,3.4023078759461827,opponent,16,126,False
13,867,896.0,10.0,0.08317089018843404,0.04185546783762321,2.7684133508293005,opponent,56,126,False
10874,3,1336.0,21.0,0.06524074616661783,0.024686795520898776,3.147021721100217,opponent,21,86,False
10875,3,566.0,7.0,0.02763941791190546,0.010880848936906455,2.345005808877998,opponent,22,86,False
24,3,1429.0,19.0,0.0697822052934857,0.02932124097176625,3.2115154704619084,opponent,81,86,False
29,3,3017.0,47.0,0.1473288407071003,0.03562193754058681,3.937365813099941,opponent,85,86,False
3,867,551.0,6.0,0.04778837814397224,0.01751597418698541,2.3207523969494948,opponent,86,126,False
1,10875,1125.0,16.0,0.03504017940571856,0.012133304572907679,2.9831534913471307,opponent,0,22,False
1,21,2125.0,30.0,0.04645824223874071,0.02017009320956015,3.5950265453075896,opponent,0,78,False
10869,21,1458.0,21.0,0.043775896234912626,0.018791565706037017,3.2308043957334744,opponent,16,78,False
21,3,534.0,7.0,0.026076765309112217,0.008129833749467146,2.2925347571405443,opponent,78,86,False
1,24,2208.0,23.0,0.0743759894903493,0.02474836916317335,3.632309102625542,opponent,0,81,False
10868,24,1684.0,19.0,0.13221323702598728,0.0413352970054001,3.369592042246824,opponent,15,81,False
1,29,7009.0,99.0,0.11352629618231588,0.0574677773769309,4.769129743948853,opponent,0,85,False
1,34,4033.0,56.0,0.08058425080424401,0.037428192254508,4.222688914270302,opponent,0,89,False
10869,34,637.0,11.0,0.01912568306010929,0.00770104937376082,2.4524408485384233,opponent,16,89,False
3,34,522.0,7.0,0.025490770583064752,0.007456823279002329,2.272125885509337,opponent,86,89,False
1,22,815.0,9.0,0.034528046093882395,0.009641775506341094,2.6798793241355137,opponent,0,79,False
10869,22,143.0,2.0,0.006058295204202677,0.0025190691775151056,1.2188614168196867,opponent,16,79,False
22,3,1139.0,19.0,0.05562066608067194,0.026523531192511003,2.9948985928054137,opponent,79,86,False
1,867,1192.0,18.0,0.1033824804856895,0.016537869223191864,3.0381529894379433,opponent,0,126,False
1,10872,5438.0,81.0,0.09959342148639244,0.04903384038303743,4.51779510650309,opponent,0,19,False
10,10872,6344.0,101.0,0.11618622028497125,0.061213068565584054,4.670333511894505,opponent,1,19,False
10869,10872,220.0,3.0,0.006605416441482015,0.0025088951737980113,1.5404450409471488,opponent,16,19,False
10872,3,2329.0,39.0,0.11373180974704561,0.03201330565902874,3.684285585103709,opponent,19,86,False
1,10874,3119.0,47.0,0.08917543458371455,0.03332407367836232,3.969977398688702,opponent,0,21,False
10868,10874,265.0,6.0,0.020805527204208214,0.005585061541055471,1.6894806201076369,opponent,15,21,False
10874,5,2916.0,49.0,0.08337145471180238,0.039297602522809054,3.903990833730882,opponent,21,101,False
10874,4,1045.0,18.0,0.056452919885473504,0.01992677624804546,2.9132560517297525,opponent,21,93,False
10,26,1209.0,20.0,0.37875939849624063,0.0210763035406098,3.0516399054922867,opponent,1,83,False
10868,26,474.0,8.0,0.14849624060150377,0.030669686185700422,2.186051276738094,opponent,15,83,False
10870,26,1206.0,18.0,0.37781954887218044,0.060927553804183084,3.0492730404820207,opponent,17,83,False
26,4,489.0,7.0,0.15319548872180452,0.023050815499198643,2.21375387928743,opponent,83,93,False
26,5,458.0,8.0,0.14348370927318296,0.010205673284756111,2.1556306800373823,opponent,83,101,False
10869,26,928.0,16.0,0.2907268170426065,0.026089401180770314,2.801338135525767,opponent,16,83,False
13,26,478.0,6.0,0.14974937343358397,0.035441536294209236,2.1935139979396836,opponent,56,83,False
13,22,871.0,10.0,0.08085027383272997,0.025995344117471498,2.7419147150549663,opponent,56,79,False
13,34,639.0,12.0,0.059314954051796154,0.010617969126468486,2.4553061800117097,opponent,56,89,False
24,5,1737.0,22.0,0.05851045912352208,0.02478136190489778,3.3995293245614584,opponent,81,101,False
21,7,63.0,1.0,0.06745182012847965,0.0013516122803630044,0.7178397931503169,opponent,78,113,False
24,7,108.0,2.0,0.11563169164882227,0.0035394749778782813,1.0296194171811583,opponent,81,113,False
29,7,63.0,1.0,0.06745182012847965,0.0009250422142280302,0.7178397931503169,opponent,85,113,False
34,7,63.0,1.0,0.06745182012847965,0.0012372834753918065,0.7178397931503169,opponent,89,113,False
7,867,63.0,1.0,0.06745182012847965,0.0050802354648818646,0.7178397931503169,opponent,113,126,False
24,4,2064.0,26.0,0.11150126951542326,0.044739237872285086,3.5667118201397288,opponent,81,93,False
1,26,694.0,11.0,0.2174185463659148,0.010803742391456638,2.5310478057858554,opponent,0,83,False
10872,13,1358.0,23.0,0.12605588044184535,0.0212131152662574,3.162658144869972,opponent,19,56,False
13,21,730.0,9.0,0.06776199758655899,0.013086424179409497,2.5776883832389665,opponent,56,78,False
26,3,282.0,4.0,0.08834586466165413,0.012057465366854798,1.7404661748405046,opponent,83,86,False
14,26,302.0,7.0,0.09461152882205513,0.004998841328168967,1.7972996496036704,opponent,65,83,False
10892,32,1115.0,16.0,0.13755243029854428,0.03416158583289929,2.9746788643561586,opponent,39,88,False
10872,10893,896.0,12.0,0.1313975656254583,0.014803800082610492,2.7684133508293005,opponent,19,40,False
10875,10893,1273.0,17.0,0.18668426455492007,0.03380962498672049,3.100842757956608,opponent,22,40,False
10893,21,1292.0,20.0,0.18947059686170992,0.025201396609905006,3.114995694380809,opponent,40,78,False
10893,24,643.0,8.0,0.09429535122451972,0.017929342219000083,2.461012329588564,opponent,40,81,False
10893,32,923.0,12.0,0.13535709048247543,0.02926071519147857,2.796264557925066,opponent,40,88,False
110,32,2417.0,34.0,0.09423736743605739,0.03073655831934483,3.7204588672672587,opponent,44,88,False
118,32,2150.0,32.0,0.0838271990018715,0.02785298804264746,3.606403232289698,opponent,48,88,False
10872,45,3512.0,47.0,0.09689612360325563,0.04021297303486575,4.086536379774289,opponent,19,98,False
10875,45,1860.0,21.0,0.05793309661745468,0.027973710727767668,3.4657359027997265,opponent,22,98,False
21,45,4164.0,56.0,0.11488481169816527,0.0535074080261112,4.254193263163997,opponent,78,98,False
24,45,2888.0,32.0,0.09728163842759457,0.04580927606116363,3.8945376910871263,opponent,81,98,False
32,45,1743.0,28.0,0.0679585152838428,0.028977556109725685,3.4028626609812167,opponent,88,98,False
10892,34,1295.0,24.0,0.15975820379965458,0.02277603855218263,3.1172121710917007,opponent,39,89,False
10893,22,882.0,14.0,0.1293444786625605,0.029856809180461054,2.7536607123542622,opponent,40,79,False
10893,34,964.0,17.0,0.14136970230239038,0.01724446352545526,2.8371272433773522,opponent,40,89,False
110,34,5274.0,60.0,0.10538094191460028,0.05264628960450398,4.487512142519859,opponent,44,89,False
118,34,4751.0,66.0,0.09493076508082403,0.04799523179343159,4.3843156794773535,opponent,48,89,False
22,45,1563.0,20.0,0.06621759023894255,0.02681604501938716,3.2976870052924907,opponent,79,98,False
34,45,2402.0,40.0,0.06627120982204442,0.028632733341280248,3.714384744522298,opponent,89,98,False
10894,32,2098.0,29.0,0.10191392208296901,0.04753489215153163,3.5825925835959795,opponent,41,88,False
10894,34,3109.0,42.0,0.1510249684251433,0.04604288845447545,3.96682679746882,opponent,41,89,False
10874,45,1651.0,27.0,0.04720379688929552,0.023731493459824636,3.3504887116700925,opponent,21,98,False
109,34,1609.0,28.0,0.051630085996662814,0.020213059973367503,3.3256353614397343,opponent,42,89,False
116,34,2335.0,41.0,0.08912213740458015,0.03159162246996428,3.686793947622915,opponent,47,89,False
122,34,1220.0,21.0,0.06011629052922046,0.01765020760695013,3.060270794691562,opponent,52,89,False
10892,26,780.0,15.0,0.24436090225563908,0.07415858528237307,2.6390573296152584,opponent,39,83,False
10894,26,972.0,18.0,0.30451127819548873,0.042620363062352014,2.8449093838194073,opponent,41,83,False
109,26,1320.0,22.0,0.41353383458646614,0.03995641118779513,3.1354942159291497,opponent,42,83,False
116,26,26.0,1.0,0.008145363408521303,0.0008853776476196963,0.36000273403140703,opponent,47,83,False
122,26,964.0,15.0,0.30200501253132833,0.04280259302015807,2.8371272433773522,opponent,52,83,False
10893,26,1257.0,19.0,0.39379699248120303,0.14359150102810145,3.08876713952118,opponent,40,83,False
109,32,1173.0,20.0,0.0457345601996257,0.021082334333830586,3.022860940942244,opponent,42,88,False
118,26,1222.0,22.0,0.38283208020050125,0.02195354185006198,3.061832075258515,opponent,48,83,False
122,32,1027.0,13.0,0.05060609047008968,0.022865412445730825,2.896832324899109,opponent,52,88,False
10893,23,10.0,1.0,0.0019747235387045812,0.0008422471153036301,0.1541506798272583,opponent,40,80,False
10894,23,10.0,1.0,0.0019747235387045812,0.000390015600624025,0.1541506798272583,opponent,41,80,False
109,23,10.0,1.0,0.0019747235387045812,0.0002761058037439947,0.1541506798272583,opponent,42,80,False
118,23,10.0,1.0,0.0019747235387045812,0.00017022145811701022,0.1541506798272583,opponent,48,80,False
122,23,10.0,1.0,0.0019747235387045812,0.0003945084424806691,0.1541506798272583,opponent,52,80,False
110,26,977.0,16.0,0.30607769423558895,0.01695591808399861,2.8497426460074267,opponent,44,83,False
121,26,228.0,3.0,0.07142857142857142,0.005431028322336295,1.5686159179138452,opponent,51,83,False
121,34,1285.0,12.0,0.032934361944793294,0.01463903667164128,3.1098047298138387,opponent,51,89,False
26,45,194.0,3.0,0.06077694235588972,0.0049435568126799685,1.442989704796436,opponent,83,98,False
121,32,894.0,12.0,0.034856519026824705,0.01401891141741544,2.766319109226186,opponent,51,88,False
10874,10893,225.0,3.0,0.032996040475142985,0.00541255713254751,1.55814461804655,opponent,21,40,False
10872,119,623.0,6.0,0.04799322086125876,0.009304062126642771,2.4321502973486893,opponent,19,49,False
10875,119,140.0,1.0,0.010784993451968261,0.003114779629341224,1.2039728043259361,opponent,22,49,False
119,22,140.0,1.0,0.010784993451968261,0.003841404856633283,1.2039728043259361,opponent,49,79,False
119,26,140.0,1.0,0.043859649122807015,0.008731990270067986,1.2039728043259361,opponent,49,83,False
119,32,393.0,4.0,0.030275017333025192,0.010278271785751648,2.0215475632609334,opponent,49,88,False
10871,10892,80.0,1.0,0.06791171477079797,0.008691873098652759,0.8472978603872036,opponent,18,39,False
10873,10892,80.0,1.0,0.009869232667160128,0.004884303071005556,0.8472978603872036,opponent,20,39,False
10871,10893,80.0,1.0,0.06791171477079797,0.010104837691044588,0.8472978603872036,opponent,18,40,False
10873,10893,80.0,1.0,0.01173192550227306,0.005300821627352239,0.8472978603872036,opponent,20,40,False
10871,109,80.0,1.0,0.06791171477079797,0.0024796974769078174,0.8472978603872036,opponent,18,42,False
10873,109,80.0,1.0,0.009577397342272238,0.002028551867535563,0.8472978603872036,opponent,20,42,False
10871,110,80.0,1.0,0.06791171477079797,0.0014158540254499761,0.8472978603872036,opponent,18,44,False
10873,110,211.0,2.0,0.025260385490243027,0.003320377043762884,1.5077742586576002,opponent,20,44,False
10871,118,80.0,1.0,0.06791171477079797,0.0014600938110273585,0.8472978603872036,opponent,18,48,False
10873,118,230.0,3.0,0.027535017359032684,0.003720719554807817,1.575536360758419,opponent,20,48,False
10,10877,6917.0,80.0,0.12490068616829181,0.05645516723527203,4.7560297417171356,opponent,1,24,False
10868,10877,2531.0,29.0,0.19871241265604145,0.030036195336141932,3.765454618340009,opponent,15,24,False
10870,10877,2048.0,19.0,0.11500449236298294,0.022801411728030817,3.5591503474391524,opponent,17,24,False
10877,4,2486.0,33.0,0.1342985252012317,0.027596465521069223,3.747934216895251,opponent,24,93,False
10877,5,7479.0,93.0,0.17746719502645752,0.06878949256367098,4.833500263989602,opponent,24,101,False
10,10880,4126.0,56.0,0.08028799377310761,0.04019718639180079,4.245156340783844,opponent,1,27,False
10868,10880,2247.0,27.0,0.17641516840700322,0.03631221719457014,3.649358695951653,opponent,15,27,False
10870,10880,1631.0,17.0,0.0915880503144654,0.02413900276762325,3.3387307866764795,opponent,17,27,False
10880,4,2312.0,34.0,0.12489870887580358,0.03420674961902085,3.6771441978955153,opponent,27,93,False
10880,5,3241.0,40.0,0.07690482405144389,0.03589465290391175,4.007636169631092,opponent,27,101,False
10,10881,4815.0,56.0,0.08765382654918809,0.04564110827796051,4.3975308212098465,opponent,1,28,False
10868,10881,2146.0,33.0,0.16848551464238046,0.03275185812615417,3.604591637591347,opponent,15,28,False
10870,10881,1906.0,19.0,0.10703054806828392,0.02690798204252195,3.489411738485011,opponent,17,28,False
10881,4,2014.0,23.0,0.1088001728701853,0.02819583082501505,3.542889826567372,opponent,28,93,False
10881,5,5834.0,66.0,0.1384334290392236,0.06394055304084786,4.58734560107554,opponent,28,101,False
10,39,3315.0,34.0,0.12901844788666614,0.042631721086948134,4.029806041084529,opponent,1,92,False
10868,39,2194.0,24.0,0.17225406296616158,0.06054585092584927,3.626117132377621,opponent,15,92,False
10870,39,1695.0,16.0,0.09518194070080863,0.040543449661539936,3.3758795736778655,opponent,17,92,False
39,4,1251.0,14.0,0.06758143806385393,0.029124179354658473,3.084200921541599,opponent,92,93,False
39,5,1130.0,10.0,0.04397913909862225,0.016939751450372523,2.987364023883474,opponent,92,101,False
10,40,6150.0,67.0,0.11105092091007585,0.05523621340039519,4.639571612705423,opponent,1,94,False
10868,40,2081.0,28.0,0.16338227212059356,0.02859852128741445,3.574683726367582,opponent,15,94,False
10870,40,1430.0,15.0,0.08030098831985624,0.01821934563245337,3.2121868367174042,opponent,17,94,False
4,40,1379.0,20.0,0.07449624547566312,0.01740238762272532,3.1773591446652674,opponent,93,94,False
40,5,4787.0,57.0,0.11358944545950692,0.04812699817022902,4.391770673623276,opponent,94,101,False
10869,10877,6841.0,91.0,0.20539842670990213,0.06805340018304086,4.745077045398501,opponent,16,24,False
10877,13,713.0,6.0,0.06618397846468022,0.00847608744754455,2.555934486365321,opponent,24,56,False
10869,10880,3943.0,58.0,0.11838707740347085,0.048827907322328584,4.200454796770473,opponent,16,27,False
10880,13,487.0,4.0,0.04520560660911538,0.00789610221155717,2.2101042401998807,opponent,27,56,False
10869,10881,4659.0,61.0,0.13988470545847595,0.055743667667715574,4.365007629504287,opponent,16,28,False
10881,13,657.0,5.0,0.06098579782790309,0.010100233673594883,2.4807312783775197,opponent,28,56,False
10869,39,2093.0,27.0,0.08145870631275784,0.03677930658794173,3.580272935142262,opponent,16,92,False
13,39,237.0,2.0,0.02199944305207463,0.006541540160088325,1.599387576580599,opponent,56,92,False
10869,40,6681.0,83.0,0.20059448747973338,0.0752915985800417,4.721618998631338,opponent,16,94,False
13,40,431.0,3.0,0.04000742597233825,0.005948766079611329,2.10209956557242,opponent,56,94,False
10865,10877,4296.0,69.0,0.1305775075987842,0.04184565033166769,4.28496492183075,opponent,13,24,False
10877,14,9400.0,106.0,0.16341005493359292,0.07693377965838127,5.0604830998238235,opponent,24,65,False
10865,10881,2854.0,46.0,0.08674772036474164,0.03358516321871543,3.8829374245330497,opponent,13,28,False
10881,14,6160.0,69.0,0.1121386441418481,0.05795138104914578,4.641180623511125,opponent,28,65,False
10865,39,1498.0,24.0,0.05830154899976648,0.026236513941431974,3.2568136642085928,opponent,13,92,False
14,39,2355.0,25.0,0.09165563944889858,0.029123332055451815,3.6951100038645723,opponent,65,92,False
10865,48,964.0,23.0,0.13229038012899685,0.02457741631185784,2.8371272433773522,opponent,13,100,False
10869,48,1251.0,29.0,0.17167558666117744,0.0317980783895074,3.084200921541599,opponent,16,100,False
10870,48,275.0,5.0,0.03773843831480719,0.011079774375503625,1.7197859696029656,opponent,17,100,False
13,48,122.0,2.0,0.01674214354329628,0.006801204147619579,1.1096621248546947,opponent,56,100,False
14,48,658.0,19.0,0.09029779058597502,0.010256730004832198,2.4821250068261236,opponent,65,100,False
10865,8889,3626.0,61.0,0.1102127659574468,0.04338566095529817,4.117952576007668,opponent,13,129,False
10869,8889,5967.0,84.0,0.1791569086651054,0.073088276723705,4.609660091260944,opponent,16,129,False
10870,8889,870.0,9.0,0.0488544474393531,0.012212240314430096,2.740840023925201,opponent,17,129,False
13,8889,122.0,2.0,0.011324607815835885,0.0018782812187273874,1.1096621248546947,opponent,56,129,False
14,8889,7877.0,90.0,0.14505911384479392,0.07577754475752532,4.884946086868775,opponent,65,129,False
10865,10879,1789.0,26.0,0.054376899696048635,0.027712373753020634,3.4280556691650244,opponent,13,26,False
10869,10879,2036.0,33.0,0.0611301267038972,0.03146102140152979,3.553441483218832,opponent,16,26,False
10870,10879,794.0,9.0,0.04458670260557053,0.015735547672367664,2.655586631566469,opponent,17,26,False
10879,13,216.0,2.0,0.020050125313283207,0.00490886777873733,1.5260563034950494,opponent,26,56,False
10879,14,2888.0,41.0,0.08635072507101212,0.03278800195274804,3.8945376910871263,opponent,26,65,False
10865,10880,3450.0,59.0,0.10486322188449848,0.04267689262741217,4.069026754237811,opponent,13,27,False
10880,14,4673.0,58.0,0.09093208795485504,0.044828810161069065,4.3679699676841475,opponent,27,65,False
10868,10879,1337.0,18.0,0.10496977310198634,0.02981380309956517,3.147737797034861,opponent,15,26,False
10879,4,1820.0,27.0,0.09831991788666199,0.03630126057124621,3.4446824936018943,opponent,26,93,False
10868,48,482.0,10.0,0.06614519006449843,0.024664824480605873,2.2009214392175456,opponent,15,100,False
4,48,228.0,6.0,0.03128859613009469,0.008916699256941728,1.5686159179138452,opponent,93,100,False
10868,8889,1965.0,26.0,0.1542749470047892,0.030196391800104496,3.518980417318539,opponent,15,129,False
4,8889,1587.0,26.0,0.08573280751985306,0.02228118945328953,3.3123661679555396,opponent,93,129,False
10865,40,3369.0,61.0,0.10240121580547112,0.03676302091858448,4.04567939024082,opponent,13,94,False
14,40,6806.0,76.0,0.11831583339128016,0.06032190590988053,4.739992411795536,opponent,65,94,False
10,10879,2625.0,38.0,0.07848706832112423,0.030452436194895592,3.8010914447208646,opponent,1,26,False
10,48,733.0,18.0,0.1005900919445588,0.011835179384506088,2.5814786594127472,opponent,1,100,False
10,8889,5494.0,62.0,0.10117491068468933,0.05273160056820363,4.5279291056446445,opponent,1,129,False
10,44,795.0,16.0,0.041976873118960874,0.010812795821772482,2.6567569067146595,opponent,1,97,False
10865,44,1025.0,20.0,0.054121125719414964,0.020171606250245996,2.8949907037524594,opponent,13,97,False
10869,44,1126.0,23.0,0.0594540366439622,0.02202703495764784,2.98399701733557,opponent,16,97,False
10870,44,441.0,6.0,0.024764150943396228,0.012146752602875557,2.122261538862764,opponent,17,97,False
14,44,2248.0,23.0,0.11869686889487302,0.030290372566192818,3.6497920654058897,opponent,65,97,False
10868,44,749.0,15.0,0.05880505613566774,0.024218320561321824,2.601454354836391,opponent,15,97,False
4,44,293.0,6.0,0.015828426341094486,0.007885458998304493,1.7721234947111961,opponent,93,97,False
10877,3,1614.0,23.0,0.07881629065338412,0.017369219676506356,3.32862668882732,opponent,24,86,False
10880,3,956.0,13.0,0.04668424650844809,0.01348149819494585,2.8292840659163265,opponent,27,86,False
10881,3,1651.0,25.0,0.08062310772536381,0.022383709106685287,3.3504887116700925,opponent,28,86,False
3,40,1535.0,19.0,0.0749584920402383,0.018938225605468026,3.280284452996844,opponent,86,94,False
3,44,978.0,15.0,0.0516394741010613,0.025442909544993366,2.8507065015037334,opponent,86,97,False
13,44,260.0,2.0,0.02413441009932238,0.008827923400787722,1.6739764335716716,opponent,56,97,False
10879,5,3336.0,48.0,0.09974585139781732,0.04617173227038698,4.036008985209137,opponent,26,101,False
5,8889,6412.0,84.0,0.1521486367842821,0.07121833105639043,4.680895896516227,opponent,101,129,False
48,5,728.0,18.0,0.09990393852065321,0.014948051414726295,2.5751535276357784,opponent,100,101,False
10863,10877,895.0,17.0,0.08166058394160584,0.010639056630688032,2.7673667782586295,opponent,11,24,False
10863,10880,822.0,16.0,0.075,0.013359771161097387,2.6878474937846906,opponent,11,27,False
10863,10881,426.0,7.0,0.03886861313868613,0.006507194574282834,2.0918640616783932,opponent,11,28,False
10863,40,768.0,12.0,0.07007299270072993,0.010622112804625045,2.624668592163159,opponent,11,94,False
10863,48,467.0,10.0,0.06408672979278167,0.02626546681664792,2.1728559863192616,opponent,11,100,False
10863,8889,758.0,15.0,0.06916058394160583,0.011751209227334738,2.6125177743806463,opponent,11,129,False
10879,7,242.0,3.0,0.25910064239828695,0.007089082227495093,1.6160824551527688,opponent,26,113,False
10880,7,242.0,3.0,0.25910064239828695,0.004646518950885143,1.6160824551527688,opponent,27,113,False
40,7,270.0,3.0,0.2890792291220557,0.004301143785643738,1.7047480922384253,opponent,94,113,False
48,7,50.0,1.0,0.05353319057815846,0.006119202056051891,0.6061358035703156,opponent,100,113,False
7,8889,270.0,3.0,0.2890792291220557,0.0049121274969981445,1.7047480922384253,opponent,113,129,False
39,7,345.0,3.0,0.3693790149892934,0.01312635543887684,1.9095425048844386,opponent,92,113,False
10877,7,278.0,2.0,0.29764453961456105,0.0037208057284347186,1.7287013332609182,opponent,24,113,False
10881,7,278.0,2.0,0.29764453961456105,0.005001079369648126,1.7287013332609182,opponent,28,113,False
10877,2,11.0,1.0,0.0017454776261504284,0.00013690105787181081,0.16833531481921474,opponent,24,77,False
10880,2,91.0,3.0,0.014439860361789908,0.0015798336834429959,0.9229352745928237,opponent,27,77,False
10881,2,11.0,1.0,0.0017454776261504284,0.00017967103866194076,0.16833531481921474,opponent,28,77,False
2,39,69.0,2.0,0.010948905109489052,0.0021611801923137157,0.7654678421395714,opponent,77,92,False
2,40,33.0,2.0,0.005236432878451286,0.00048260430834027993,0.4382549309311553,opponent,77,94,False
10887,10892,1996.0,19.0,0.2462373550456452,0.02605846181965351,3.534173064352955,opponent,34,39,False
10888,10892,688.0,4.0,0.0848754009375771,0.016658999007239883,2.5230584157523768,opponent,35,39,False
10892,75,888.0,7.0,0.10954848260547742,0.013199750274994797,2.760009940032921,opponent,39,116,False
10892,76,1603.0,14.0,0.19775474956822106,0.023382685435052147,3.322033916970827,opponent,39,117,False
10892,90,672.0,5.0,0.08290155440414508,0.027646357016497307,2.501435951739211,opponent,39,132,False
10887,10894,1712.0,19.0,0.08316331487418634,0.019158245767169124,3.3855195689429256,opponent,34,41,False
10888,10894,985.0,6.0,0.047848052074225204,0.018417411465539806,2.8574276021768106,opponent,35,41,False
10894,75,1071.0,11.0,0.052025648498979886,0.01345967752070478,2.93651291389402,opponent,41,116,False
10894,76,1597.0,17.0,0.07757699407364228,0.019706074702928147,3.318419455204462,opponent,41,117,False
10894,90,846.0,7.0,0.05013927576601671,0.023106546854942234,2.714694743820879,opponent,41,132,False
10887,110,4496.0,48.0,0.08114791083837199,0.0370358166661175,4.329855762344972,opponent,34,44,False
10888,110,3234.0,26.0,0.09545172810719872,0.037581927206805185,4.005513348515485,opponent,35,44,False
110,75,1781.0,19.0,0.03214511325692627,0.015666783954961294,3.4237196190109773,opponent,44,116,False
110,76,4657.0,49.0,0.084053785759408,0.0412854609929078,4.364583721062161,opponent,44,117,False
110,90,1367.0,9.0,0.08101700942333906,0.019277686113578992,3.1689850552547356,opponent,44,132,False
10887,118,8877.0,92.0,0.1653288138118563,0.07698845650156544,5.003610679159292,opponent,34,48,False
10888,118,5608.0,54.0,0.16552049821433842,0.06841861259546642,4.54824703858847,opponent,35,48,False
118,75,3769.0,38.0,0.0701953699737396,0.03426986724859065,4.156014389255194,opponent,48,116,False
118,76,8573.0,85.0,0.15966699569776321,0.07999290859552868,4.969002786013422,opponent,48,117,False
118,90,2754.0,23.0,0.16321934451490547,0.040612281012210226,3.8480176754522337,opponent,48,132,False
10887,122,2543.0,32.0,0.12530797279984232,0.028819782859992295,3.7700753427724645,opponent,34,52,False
10888,122,1449.0,18.0,0.07140041391544298,0.02748169783408565,3.224857896545748,opponent,35,52,False
122,75,1148.0,14.0,0.056568443875036956,0.01449458347011439,3.0023768162726596,opponent,52,116,False
122,76,2195.0,25.0,0.10816004730462206,0.02738580928497461,3.6265606897146783,opponent,52,117,False
122,90,451.0,5.0,0.02672909381852664,0.012283473145222792,2.1420250279816035,opponent,52,132,False
10862,10892,1355.0,16.0,0.16716012830002466,0.02165609167479103,3.1605402478552374,opponent,10,39,False
10862,10894,1359.0,19.0,0.06601573885164674,0.018109134519288427,3.1633631149379418,opponent,10,41,False
10862,110,3326.0,45.0,0.06003068315134013,0.030825694875668462,4.03306000047098,opponent,10,44,False
10862,118,3606.0,46.0,0.067159592498091,0.03404938388178084,4.11251186617755,opponent,10,48,False
10862,122,1770.0,20.0,0.08721789691534444,0.023808883269215247,3.417726683613366,opponent,10,52,False
10862,123,1378.0,15.0,0.14275354811975552,0.021500007801163935,3.176663976058891,opponent,10,53,False
10887,123,2307.0,28.0,0.23899305915259506,0.02964038389886038,3.6750340472918834,opponent,34,53,False
123,75,601.0,8.0,0.06226043716979177,0.008696532962898651,2.399409277629586,opponent,53,116,False
123,76,2015.0,23.0,0.20874339583549156,0.028913760941311522,3.543371870442698,opponent,53,117,False
123,90,326.0,5.0,0.033771884388273075,0.012442748091603053,1.8614928072427301,opponent,53,132,False
10862,12668,4096.0,52.0,0.22682467604385867,0.0586987675551734,4.237963789997018,opponent,10,54,False
10887,12668,4295.0,56.0,0.23784472256063793,0.050979228486646884,4.284735327064502,opponent,34,54,False
12668,75,2509.0,34.0,0.13894118950049839,0.03318563587064348,3.756927434887783,opponent,54,116,False
12668,76,4578.0,55.0,0.2535164470040979,0.06061007255203093,4.3476939555933765,opponent,54,117,False
12668,90,1385.0,16.0,0.08208380252474368,0.041286591545936925,3.181520038324432,opponent,54,132,False
10892,82,284.0,3.0,0.035035775968418455,0.01432679211017505,1.7462970951512977,opponent,39,122,False
118,82,2877.0,27.0,0.23973002249812517,0.04579970390181002,3.8907993689765195,opponent,48,122,False
122,82,1403.0,16.0,0.11690692442296476,0.04541628900686262,3.1938998387980235,opponent,52,122,False
123,82,1393.0,18.0,0.14430746918056564,0.06875277626968067,3.187041101348182,opponent,53,122,False
12668,82,1785.0,24.0,0.1487376051995667,0.06313220626724199,3.4258899942525267,opponent,54,122,False
10892,71,454.0,6.0,0.10783847980997625,0.03827347833417636,2.147878703233064,opponent,39,114,False
10892,88,145.0,3.0,0.01788798420922773,0.003083335105365003,1.2286654169163074,opponent,39,128,False
10862,109,2165.0,26.0,0.06947118470029522,0.02552554322836224,3.61316763237824,opponent,10,42,False
10888,109,2417.0,27.0,0.07755743806956746,0.03859296161461327,3.7204588672672587,opponent,35,42,False
109,71,469.0,5.0,0.11140142517814727,0.013436470419710644,2.1766438696361985,opponent,42,114,False
109,82,261.0,2.0,0.02174818765102908,0.006083348871900056,1.6770965609079151,opponent,42,122,False
109,88,1766.0,21.0,0.056667950198947506,0.025794578172470203,3.415538498932813,opponent,42,128,False
10888,123,1116.0,17.0,0.11561172692427224,0.026309585553302844,2.975529566236472,opponent,35,53,False
123,71,61.0,1.0,0.014489311163895487,0.004419649326184611,0.7014459833746404,opponent,53,114,False
123,88,1417.0,20.0,0.14679374287786182,0.029956450044395587,3.2034237203092792,opponent,53,128,False
10888,12668,3234.0,42.0,0.17908960017720676,0.06639975361872498,4.005513348515485,opponent,35,54,False
12668,71,687.0,7.0,0.16318289786223278,0.03183355729576943,2.5217206229107165,opponent,54,114,False
12668,88,2613.0,36.0,0.1447004097906745,0.04793527911797619,3.796612153916818,opponent,54,128,False
10862,45,1973.0,24.0,0.05443509449579252,0.0219003219003219,3.522923251406246,opponent,10,98,False
10888,45,2124.0,21.0,0.06269000324665742,0.031234375459545306,3.594568774642695,opponent,35,98,False
45,71,687.0,7.0,0.16318289786223278,0.017275196137598068,2.5217206229107165,opponent,98,114,False
45,82,1489.0,17.0,0.12407299391717357,0.03184549906965802,3.251020278194768,opponent,98,122,False
45,88,1984.0,26.0,0.054738584632363085,0.027056882185279636,3.5283193891014943,opponent,98,128,False
10894,71,551.0,7.0,0.13087885985748218,0.02272633532687152,2.3207523969494948,opponent,41,114,False
10894,82,282.0,2.0,0.023498041829847514,0.008729298870143941,1.7404661748405046,opponent,41,122,False
10894,88,284.0,3.0,0.013795783542213155,0.004783721870367875,1.7462970951512977,opponent,41,128,False
110,71,735.0,7.0,0.17458432304038005,0.012483016304347826,2.583997552432231,opponent,44,114,False
110,82,1170.0,11.0,0.09749187567702691,0.0176641101515792,3.0204248861443626,opponent,44,122,False
110,88,2704.0,35.0,0.06921619822863871,0.029465930018416207,3.8300896226654597,opponent,44,128,False
118,71,427.0,7.0,0.10142517814726841,0.007429187834922402,2.0939195608604892,opponent,48,114,False
118,88,4479.0,53.0,0.11465212716940562,0.05073629361123697,4.326117440234365,opponent,48,128,False
122,71,159.0,3.0,0.03776722090261283,0.006531115218730746,1.2947271675944,opponent,52,114,False
122,88,1613.0,20.0,0.07948162018330542,0.02793218695343481,3.328029138764723,opponent,52,128,False
10892,87,1101.0,12.0,0.13582531458179126,0.025963919349133356,2.962692419475791,opponent,39,127,False
10894,87,1035.0,15.0,0.05027688720489653,0.01883496205710542,2.9041650800285006,opponent,41,127,False
110,87,1923.0,23.0,0.05432203389830508,0.021635426745572783,3.498021566297695,opponent,44,127,False
118,87,4557.0,56.0,0.12872881355932203,0.053906028201003126,4.343155860284888,opponent,48,127,False
122,87,1350.0,16.0,0.06652212476594067,0.024841748859119682,3.1570004211501135,opponent,52,127,False
10885,10892,1099.0,11.0,0.13557858376511225,0.018257936969415047,2.960968281117651,opponent,32,39,False
10885,10894,1018.0,14.0,0.04945108326046828,0.013992357808505374,2.8885181892468417,opponent,32,41,False
10885,110,3582.0,39.0,0.06734855037039822,0.03411136188326715,4.1059436980654525,opponent,32,44,False
10885,118,5177.0,52.0,0.09733764524498928,0.05090362038111345,4.469159532057387,opponent,32,48,False
10885,122,1888.0,23.0,0.0930324233763674,0.026371661638171864,3.4802139219803796,opponent,32,52,False
10885,109,2702.0,32.0,0.0867026055705301,0.03309327846364883,3.8293657717471365,opponent,32,42,False
10887,109,3701.0,42.0,0.11875882428443076,0.03778458397141399,4.1380955962482355,opponent,34,42,False
109,76,3518.0,42.0,0.1128866640996021,0.039220495440255077,4.088214701846564,opponent,42,117,False
109,87,1890.0,22.0,0.06064690026954178,0.02922349011967715,3.481240089335692,opponent,42,127,False
10885,123,1701.0,19.0,0.17621464829586658,0.02782230364094344,3.3792925462741055,opponent,32,53,False
123,87,1226.0,14.0,0.12700714803687974,0.02797362356538207,3.064947342575464,opponent,53,127,False
109,75,2881.0,35.0,0.09244641252727506,0.032613002184765504,3.892160376331894,opponent,42,116,False
10885,12668,3102.0,42.0,0.17177982057813712,0.04552258518975082,3.9646154555473165,opponent,32,54,False
12668,87,1928.0,25.0,0.10676708384095691,0.03741509800116437,3.500539824994419,opponent,54,127,False
10885,45,2502.0,29.0,0.06903021106359498,0.028782109537668674,3.754198920234579,opponent,32,98,False
10887,45,4293.0,48.0,0.11844392329976548,0.04190786712092074,4.2842759793301965,opponent,34,98,False
45,75,1946.0,21.0,0.05369016416057387,0.020624238249165386,3.50955340629978,opponent,98,116,False
45,76,3596.0,36.0,0.0992136846461581,0.03797214390555538,4.10978037035194,opponent,98,117,False
45,87,2265.0,29.0,0.06398305084745763,0.03264629576246757,3.657130755799356,opponent,98,127,False
10887,121,5081.0,59.0,0.13022528641361458,0.0486578627313906,4.450658329833404,opponent,34,51,False
10888,121,4617.0,51.0,0.13627106637938668,0.06761763887465035,4.356067595503785,opponent,35,51,False
121,75,4050.0,40.0,0.10380090729681933,0.04262126011597192,4.22683374526818,opponent,51,116,False
121,76,4938.0,49.0,0.126560217341159,0.051367404895403146,4.422448549172797,opponent,51,117,False
121,90,1189.0,11.0,0.07046761097611569,0.02173634851282426,3.035753947903477,opponent,51,132,False
109,90,415.0,4.0,0.024595507615717417,0.008714459703498384,2.0689702418125404,opponent,42,132,False
45,90,2234.0,22.0,0.1324008771409945,0.043903781149280716,3.643707735467215,opponent,98,132,False
10877,16,5485.0,58.0,0.09751977953595875,0.043943630376785586,4.526307337562367,opponent,24,75,False
10877,54,7641.0,86.0,0.10719245822987249,0.0554897931024466,4.854760907317149,opponent,24,103,False
10877,57,5083.0,58.0,0.08569212873206669,0.039620244284567355,4.451047283552816,opponent,24,106,False
10877,62,4461.0,43.0,0.1290052053209948,0.042820941081610324,4.3221439250725044,opponent,24,110,False
10877,68,7094.0,75.0,0.11361306854580397,0.054820138325412465,4.781082357596862,opponent,24,112,False
10880,16,7722.0,94.0,0.15026269702276707,0.07728723989871188,4.865224091322398,opponent,27,75,False
10880,54,8876.0,101.0,0.17271842770967114,0.07799854126207194,5.003498778526936,opponent,27,103,False
10880,57,6359.0,72.0,0.12374002724265422,0.06094031509947483,4.672673059089678,opponent,27,106,False
10880,62,3927.0,41.0,0.11356275303643724,0.04786514388796119,4.196449785159254,opponent,27,110,False
10880,68,5910.0,64.0,0.11500291885580852,0.054762787249814676,4.600157644164547,opponent,27,112,False
10881,16,6741.0,72.0,0.12271535716886332,0.0645467080317132,4.730480376953538,opponent,28,75,False
10881,54,7432.0,82.0,0.13529454598412582,0.06256787587449382,4.827246501341879,opponent,28,103,False
10881,57,5797.0,63.0,0.10553047404063205,0.05345221849297385,4.581048243867682,opponent,28,106,False
10881,62,4317.0,41.0,0.12484094852515905,0.05067198779271084,4.289774274968795,opponent,28,110,False
10881,68,5739.0,58.0,0.1044746231704653,0.05140952944021929,4.57109620565434,opponent,28,112,False
16,39,3576.0,43.0,0.1391764614306842,0.04563378124880364,4.104294893075269,opponent,75,92,False
39,54,3266.0,36.0,0.1271113878726551,0.03485183169531859,4.015181097530772,opponent,92,103,False
39,57,2732.0,29.0,0.10632832567914688,0.03320409825107257,3.8401689016601623,opponent,92,106,False
39,62,1870.0,20.0,0.07277963726940141,0.032018354907198135,3.4709307196768306,opponent,92,110,False
39,68,2618.0,32.0,0.10189149217716198,0.03061415407643014,3.798480964029017,opponent,92,112,False
16,44,2779.0,28.0,0.14673425207244312,0.038381327256404946,3.8568625942508707,opponent,75,97,False
44,54,3720.0,37.0,0.19642008553777918,0.04300478601650829,4.143134726391533,opponent,97,103,False
44,57,3145.0,30.0,0.16605945403664396,0.04187136371503508,3.9781228071326695,opponent,97,106,False
44,62,1935.0,15.0,0.10217012513860288,0.03751163151364764,3.5040547671018634,opponent,97,110,False
44,68,2832.0,26.0,0.14953271028037382,0.036054846143073575,3.8753590210565547,opponent,97,112,False
113,16,2841.0,39.0,0.26011719465299393,0.04416565618878836,3.8784662218993033,opponent,46,75,False
113,54,3287.0,44.0,0.3009522065555759,0.04165082744114144,4.021475138989226,opponent,46,103,False
113,57,2093.0,26.0,0.19163156930965025,0.030713468141930562,3.580272935142262,opponent,46,106,False
113,62,1461.0,18.0,0.1337667093938839,0.03317363365954452,3.232778730037192,opponent,46,110,False
113,68,2856.0,38.0,0.2614905694927669,0.04050719087737214,3.883623530906448,opponent,46,112,False
10877,58,3355.0,43.0,0.06161842491918895,0.026807402198926106,4.041588209782789,opponent,24,107,False
10880,58,6352.0,83.0,0.1236038139715898,0.0638481796433669,4.671581951507343,opponent,27,107,False
113,58,2633.0,39.0,0.24107306354147592,0.041968854105232954,3.8040665305894983,opponent,46,107,False
16,43,4663.0,53.0,0.09480532682728474,0.04627507021147796,4.3658549076740165,opponent,75,96,False
43,54,4606.0,49.0,0.09364643692182575,0.0397541903298752,4.353712890359275,opponent,96,103,False
43,58,4668.0,50.0,0.09490698383653554,0.04716819077451624,4.366912996863833,opponent,96,107,False
43,62,864.0,15.0,0.02498554077501446,0.010422069697591102,2.7343675094195836,opponent,96,110,False
43,68,1511.0,17.0,0.030720748195588087,0.01372214250685653,3.2651230760335204,opponent,96,112,False
44,58,1821.0,25.0,0.09615079993663868,0.02544504373585222,3.4452142670789296,opponent,97,107,False
10860,10877,3250.0,48.0,0.08234310471509286,0.029470973358240084,4.0103589061490075,opponent,8,24,False
10860,10880,6474.0,86.0,0.16402746459246498,0.07671979617230551,4.690430029938915,opponent,8,27,False
10860,10882,1893.0,27.0,0.4791192103264996,0.045584800250439476,3.4827773686545784,opponent,8,29,False
10882,54,1624.0,25.0,0.4110351809668438,0.02206221980709143,3.3345826325801715,opponent,29,103,False
10882,58,1957.0,29.0,0.4953176411035181,0.0346727614188016,3.515021975732111,opponent,29,107,False
10882,62,921.0,12.0,0.2331055429005315,0.024488168040414784,2.794227897343262,opponent,29,110,False
10882,68,813.0,9.0,0.20577069096431283,0.012397450364451492,2.6775909936175015,opponent,29,112,False
10860,113,2624.0,35.0,0.24024903863761216,0.05493332216802395,3.800718935869472,opponent,8,46,False
10860,43,4568.0,47.0,0.11573640071955206,0.054325333587041835,4.345535526091466,opponent,8,96,False
10877,12,2085.0,26.0,0.05195873205741627,0.018599132932507895,3.5765502691400166,opponent,24,50,False
10882,12,1982.0,31.0,0.5016451531257909,0.04708173979143407,3.5273404365025103,opponent,29,50,False
113,12,2195.0,33.0,0.2009705182201062,0.04492887114931941,3.6265606897146783,opponent,46,50,False
12,43,3280.0,43.0,0.0817384370015949,0.03812490555949461,4.019381523748645,opponent,50,96,False
10860,47,2618.0,31.0,0.12810726169504796,0.04569972245011957,3.798480964029017,opponent,8,99,False
12,47,2920.0,38.0,0.14288510471716578,0.05065574908056346,3.905334017277349,opponent,50,99,False
47,54,2901.0,36.0,0.14195537287140342,0.03266229818280078,3.8989377658794906,opponent,99,103,False
47,58,2139.0,20.0,0.10466823253082795,0.02940408275482851,3.6014134283326604,opponent,99,107,False
47,68,1188.0,17.0,0.05813270698766882,0.014543139751248654,3.0349529867072724,opponent,99,112,False
10882,56,264.0,2.0,0.1509433962264151,0.04856512141280353,1.6863989535702288,opponent,29,105,False
113,56,369.0,4.0,0.2109777015437393,0.029995122744269225,1.9671123567059163,opponent,46,105,False
10860,40,7334.0,93.0,0.18581671691707416,0.07781845190726298,4.814079577274477,opponent,8,94,False
12,40,4723.0,66.0,0.11769836523125997,0.048433574321899195,4.378478681458196,opponent,50,94,False
40,56,264.0,2.0,0.1509433962264151,0.004151269753911471,1.6863989535702288,opponent,94,105,False
40,58,6945.0,81.0,0.12755289450484866,0.06335927307892313,4.760034896549007,opponent,94,107,False
40,68,5343.0,60.0,0.08602479471904685,0.04482119338629443,4.500365071621965,opponent,94,112,False
43,56,264.0,2.0,0.1509433962264151,0.005210183540556542,1.6863989535702288,opponent,96,105,False
47,56,264.0,2.0,0.1509433962264151,0.012043246202271794,1.6863989535702288,opponent,99,105,False
10882,16,1960.0,30.0,0.49607694254619084,0.03365615770313895,3.5165082281731497,opponent,29,75,False
16,40,7486.0,81.0,0.1330962752244644,0.06752112853908666,4.834428338302155,opponent,75,94,False
16,47,3316.0,35.0,0.1622626737130554,0.045198664213180674,4.030102293493747,opponent,75,99,False
10877,10884,951.0,10.0,0.10885989010989011,0.011619666682957823,2.8243506567983707,opponent,24,31,False
10880,10884,1121.0,16.0,0.12831959706959706,0.018998389966951953,2.979772253975262,opponent,27,31,False
10880,12,5011.0,74.0,0.12487539872408293,0.057925948189163884,4.436948753572918,opponent,27,50,False
10882,10884,712.0,10.0,0.18020754239433054,0.05945720250521921,2.5546399878026755,opponent,29,31,False
10884,40,1204.0,17.0,0.13782051282051283,0.017288417908733235,3.0476920124847022,opponent,31,94,False
10884,43,638.0,7.0,0.07303113553113554,0.01113768482795943,2.4538745405402715,opponent,31,96,False
10860,10881,3811.0,51.0,0.0965567914059135,0.042068661000110384,4.166923588355547,opponent,8,28,False
10881,10884,1041.0,12.0,0.11916208791208792,0.01662222364156035,2.9096295745005794,opponent,28,31,False
10881,12,2915.0,40.0,0.07264254385964912,0.03163492321883987,3.9036547557576293,opponent,28,50,False
10881,58,3973.0,51.0,0.07296870408463121,0.037691993890348836,4.207921232651268,opponent,28,107,False
10884,47,935.0,13.0,0.10702838827838827,0.033112582781456956,2.808398174936492,opponent,31,99,False
40,54,8911.0,100.0,0.14347126066655932,0.07158464677624074,5.007407869337183,opponent,94,103,False
40,62,3406.0,38.0,0.09849624060150376,0.03651215642553921,4.056411908053451,opponent,94,110,False
47,62,1258.0,19.0,0.06155803484047759,0.02340116819822166,3.0895261528403517,opponent,99,110,False
40,57,7407.0,85.0,0.12487145337761518,0.06496228731801439,4.823904028813601,opponent,94,106,False
47,57,2314.0,28.0,0.11323155216284987,0.029881584214672192,3.6779870129475127,opponent,99,106,False
10860,10879,1713.0,28.0,0.05121841829869936,0.0240586508616452,3.386083743852107,opponent,8,26,False
10879,54,3352.0,43.0,0.10022424876663179,0.033065025252525256,4.040709346389469,opponent,26,103,False
10879,57,2750.0,33.0,0.08222454776498729,0.03055148202461894,3.846595200105691,opponent,26,106,False
10879,62,1571.0,15.0,0.04697264165047092,0.023640412917205887,3.302604040398913,opponent,26,110,False
10879,68,1980.0,23.0,0.059201674390790854,0.021085139236462384,3.5263605246161616,opponent,26,112,False
10882,57,989.0,18.0,0.25031637560111364,0.01588015221824371,2.8612480461741967,opponent,29,106,False
10860,39,2237.0,29.0,0.08706312757842298,0.03554969329053174,3.6450146404669974,opponent,8,92,False
10879,58,1615.0,30.0,0.048288234414710716,0.018718560930944157,3.3292238820370663,opponent,26,107,False
39,58,2405.0,30.0,0.09360161905503231,0.03093764873869586,3.71560252425469,opponent,92,107,False
43,57,2916.0,32.0,0.05928636779505947,0.027617297747807475,3.903990833730882,opponent,96,106,False
10860,44,1659.0,21.0,0.08759702201805798,0.029233995312692735,3.3551534431607486,opponent,8,97,False
12,44,1027.0,13.0,0.05422672791594065,0.0176946933149552,2.896832324899109,opponent,50,97,False
10860,48,290.0,5.0,0.039796898586523945,0.0062411225412129295,1.7635885922613586,opponent,8,100,False
12,48,456.0,8.0,0.06257719226018937,0.009710598607295727,2.151762203259462,opponent,50,100,False
16,48,801.0,11.0,0.10992177850967476,0.012768806491208493,2.66374994220563,opponent,75,100,False
48,54,698.0,9.0,0.09578701797721971,0.008963427162523114,2.536338823420271,opponent,100,103,False
48,58,612.0,8.0,0.08398517908604364,0.010012597549204064,2.4159137783010487,opponent,100,107,False
48,62,285.0,3.0,0.03911074516261836,0.006853927180029821,1.749199854809259,opponent,100,110,False
48,68,285.0,3.0,0.03911074516261836,0.004104144465885199,1.749199854809259,opponent,100,112,False
16,35,370.0,5.0,0.28072837632776937,0.0064693231689192734,1.9694406464655074,opponent,75,90,False
35,54,370.0,5.0,0.28072837632776937,0.005122454347856183,1.9694406464655074,opponent,90,103,False
35,58,370.0,5.0,0.28072837632776937,0.006679182612462994,1.9694406464655074,opponent,90,107,False
35,62,260.0,2.0,0.19726858877086495,0.007295583366069926,1.6739764335716716,opponent,90,110,False
35,68,260.0,2.0,0.19726858877086495,0.004094617153296167,1.6739764335716716,opponent,90,112,False
103,12668,1806.0,25.0,0.10001107542363495,0.023911028730305837,3.4372078191851885,opponent,3,54,False
106,12668,1339.0,20.0,0.07414996123601728,0.02345419513049571,3.1491684124433803,opponent,5,54,False
10889,12668,1346.0,19.0,0.08733454451077083,0.041900136969244176,3.1541595101485096,opponent,36,54,False
12668,79,2105.0,26.0,0.11656883375789123,0.03135146406124333,3.5858310782144898,opponent,54,120,False
12668,89,1975.0,23.0,0.10936980839517112,0.023677364439595748,3.5239065356545947,opponent,54,130,False
107,12668,1994.0,24.0,0.11042197364049175,0.02981726829560068,3.5331998282664028,opponent,6,54,False
10893,77,878.0,15.0,0.12875788238744684,0.02206972827589674,2.749405386784124,opponent,40,118,False
110,77,946.0,18.0,0.027953430648306837,0.010713355454638113,2.819392788437584,opponent,44,118,False
118,77,271.0,5.0,0.008007800957390225,0.0031055188852218557,1.7077738131549622,opponent,48,118,False
12668,77,477.0,10.0,0.026414885369365378,0.00927600490053089,2.191653532286764,opponent,54,118,False
45,77,428.0,9.0,0.012647006678092312,0.006144216827689172,2.0959708436310467,opponent,98,118,False
10894,77,565.0,7.0,0.02744583697658603,0.01048957540426638,2.3434070875143007,opponent,41,118,False
109,77,2033.0,32.0,0.06523552817353356,0.03228367713146904,3.552009160223899,opponent,42,118,False
109,95,130.0,2.0,0.038056206088992975,0.0037735849056603774,1.1526795099383853,opponent,42,134,False
121,77,1521.0,25.0,0.04494415223686543,0.021321035072471895,3.2714682749873716,opponent,51,118,False
122,77,609.0,11.0,0.03000886961663546,0.011377435686662806,2.411439497906128,opponent,52,118,False
12668,86,580.0,12.0,0.03211872854136671,0.010824126604956703,2.367123614131617,opponent,54,125,False
101,122,387.0,7.0,0.06476987447698745,0.014952476624681245,2.0082140323914683,opponent,2,52,False
101,12668,474.0,8.0,0.07933054393305439,0.02011969947790653,2.186051276738094,opponent,2,54,False
119,77,394.0,8.0,0.03035205300053925,0.00848607551314911,2.0237526358192475,opponent,49,118,False
10,10894,2265.0,23.0,0.11002623141941124,0.030732283144055034,3.657130755799356,opponent,1,41,False
10868,10894,2295.0,25.0,0.18018371673078432,0.07396545056078381,3.6699514442284173,opponent,15,41,False
10870,10894,1189.0,12.0,0.06676774483378257,0.031958070151861306,3.035753947903477,opponent,17,41,False
10894,14,1923.0,23.0,0.09341299912561936,0.02524052659902608,3.498021566297695,opponent,41,65,False
10894,4,1080.0,11.0,0.05834368753714008,0.028408343635741906,2.9444389791664403,opponent,41,93,False
10,110,6161.0,76.0,0.11124954857349223,0.05888706224193302,4.641341382292919,opponent,1,44,False
10868,110,2666.0,31.0,0.20931145481667582,0.0407172093591545,3.816246050034377,opponent,15,44,False
10870,110,1463.0,15.0,0.08215408805031446,0.020390243902439025,3.234092790673061,opponent,17,44,False
110,14,6492.0,72.0,0.11717354029419727,0.06099382733447955,4.693181063310805,opponent,44,65,False
110,4,2643.0,30.0,0.1427799686672789,0.03708276626492501,3.807772984054347,opponent,44,93,False
10,118,4549.0,52.0,0.08472240329279422,0.04352110520071945,4.341421630498408,opponent,1,48,False
10868,118,1901.0,19.0,0.14925021590641438,0.029459622805250354,3.4868652639742455,opponent,15,48,False
10870,118,1307.0,12.0,0.07339398023360287,0.018619825056272615,3.1260292745018488,opponent,17,48,False
118,14,5420.0,56.0,0.10094425716573856,0.05123018611113737,4.5145158177199605,opponent,48,65,False
118,4,1333.0,14.0,0.0720112365620442,0.018808821661892735,3.144870411557705,opponent,48,93,False
10,12668,1552.0,16.0,0.08594528740724333,0.021589739309462203,3.290886360844473,opponent,1,54,False
10868,12668,1199.0,13.0,0.09413519667111565,0.04051223138261927,3.0437284718222464,opponent,15,54,False
10870,12668,1598.0,14.0,0.08973495058400718,0.04663242675382281,3.3190227734731397,opponent,17,54,False
12668,14,1045.0,12.0,0.05786908849263484,0.014019882742798879,2.9132560517297525,opponent,54,65,False
12668,4,920.0,7.0,0.050946948720788574,0.02580717551684479,2.793208009442517,opponent,54,93,False
10,45,4243.0,59.0,0.1170644226789902,0.048556911034309126,4.272723170616499,opponent,1,98,False
10868,45,1816.0,17.0,0.14257674491638533,0.038502310986727725,3.442552567344069,opponent,15,98,False
10870,45,752.0,4.0,0.042228212039532795,0.014108553310444458,2.605155777939577,opponent,17,98,False
14,45,5475.0,66.0,0.15105531797489308,0.0620087435159807,4.524502282920636,opponent,65,98,False
4,45,1949.0,19.0,0.10528874723137593,0.03690798568371617,3.5110478025928336,opponent,93,98,False
10865,10894,1950.0,26.0,0.09472457009618188,0.03783762806581807,3.5115454388310208,opponent,13,41,False
10865,110,4856.0,66.0,0.14759878419452888,0.05819123057196611,4.405905908463825,opponent,13,44,False
10865,118,3288.0,41.0,0.09993920972644377,0.0394694196026649,4.021773869387265,opponent,13,48,False
10865,12668,1340.0,13.0,0.07420533835419205,0.027006328348583176,3.1498829533812494,opponent,13,54,False
10865,45,4603.0,66.0,0.13990881458966564,0.07131790152148988,4.35306973458622,opponent,13,98,False
10,10892,1412.0,21.0,0.17419195657537626,0.02274704385088765,3.2000327370667208,opponent,1,39,False
10865,10892,1445.0,19.0,0.17826301505057982,0.036525871439043504,3.2222036149608755,opponent,13,39,False
10868,10892,796.0,13.0,0.09819886503824328,0.03970668928019155,2.6579258139196416,opponent,15,39,False
10870,10892,978.0,14.0,0.12065136935603257,0.039220404234841195,2.8507065015037334,opponent,17,39,False
10892,4,496.0,10.0,0.061189242536392796,0.018988553271314268,2.226423732028482,opponent,39,93,False
10,122,2616.0,48.0,0.1289050951020006,0.03580716690848367,3.7977338590260183,opponent,1,52,False
10865,122,1773.0,29.0,0.08736572385926875,0.03448007623344548,3.4193646856176043,opponent,13,52,False
10868,122,1220.0,17.0,0.09578393656276989,0.038351513627361604,3.060270794691562,opponent,15,52,False
10870,122,427.0,7.0,0.02397798742138365,0.011333775713337758,2.0939195608604892,opponent,17,52,False
122,4,607.0,10.0,0.03279131327318891,0.015890884339494215,2.408445483693523,opponent,52,93,False
10,109,2869.0,43.0,0.092061352843024,0.03428742157155662,3.888071784605633,opponent,1,42,False
10865,109,2204.0,35.0,0.07072262867411115,0.035628839314581315,3.630543877100973,opponent,13,42,False
10868,109,591.0,10.0,0.04640025123655492,0.013645809281921035,2.3841650799864684,opponent,15,42,False
10870,109,1105.0,15.0,0.0620507637017071,0.02308479745962772,2.9661318037777002,opponent,17,42,False
109,4,366.0,6.0,0.019772027443141917,0.00742258005637916,1.9600947840472698,opponent,42,93,False
10869,10892,1498.0,21.0,0.1848013816925734,0.03753069098561908,3.2568136642085928,opponent,16,39,False
10892,13,194.0,3.0,0.02393288921786331,0.010382659887610383,1.442989704796436,opponent,39,56,False
10892,14,934.0,11.0,0.1152232913890945,0.014436750340051934,2.8073926444344734,opponent,39,65,False
10869,109,2696.0,44.0,0.08651007572840456,0.04364295658367598,3.8271910699114486,opponent,16,42,False
109,13,194.0,3.0,0.01800798292026362,0.004647485806003402,1.442989704796436,opponent,42,56,False
109,14,2525.0,37.0,0.08102297522782698,0.02930492206631617,3.7631362247204287,opponent,42,65,False
10869,110,3528.0,51.0,0.10592686002522068,0.041416714602678935,4.091005660956586,opponent,16,44,False
110,13,888.0,11.0,0.08242829295460874,0.013600857711747587,2.760009940032921,opponent,44,56,False
10869,122,1514.0,25.0,0.0746033310338031,0.029067311753638213,3.2670308667552477,opponent,16,52,False
122,13,942.0,11.0,0.08744082428292954,0.03126970954356847,2.8154087194227095,opponent,52,56,False
122,14,1784.0,26.0,0.08790775598699123,0.02346318752137202,3.4253478418944385,opponent,52,65,False
10865,123,518.0,7.0,0.05366207396664249,0.012323064113238967,2.265229306450277,opponent,13,53,False
10869,123,721.0,11.0,0.07469180565627266,0.01706993702353331,2.5662305876175853,opponent,16,53,False
10870,123,583.0,8.0,0.06039573189681964,0.021690601979313936,2.3718001620155187,opponent,17,53,False
123,13,194.0,3.0,0.0200973790531441,0.009588770264926848,1.442989704796436,opponent,53,56,False
123,14,637.0,11.0,0.06598984771573604,0.009573189059212504,2.4524408485384233,opponent,53,65,False
10869,12668,1195.0,17.0,0.06617565621885037,0.023819490123382966,3.0405462893437836,opponent,16,54,False
12668,13,161.0,2.0,0.014944769330734242,0.005615626089989536,1.303818139295652,opponent,54,56,False
10,121,4387.0,61.0,0.11243816797806085,0.048739028996778136,4.305640428288596,opponent,1,51,False
10869,121,2111.0,35.0,0.06338197321803879,0.030066085569418335,3.588598607656191,opponent,16,51,False
10870,121,283.0,4.0,0.01589173405211141,0.005005128930706378,1.7433858849438393,opponent,17,51,False
121,13,808.0,8.0,0.0750023206163557,0.016495855620431994,2.6718471524382497,opponent,51,56,False
121,14,3374.0,44.0,0.08647512622702924,0.03621453948286411,4.04713647923532,opponent,51,65,False
10,123,478.0,8.0,0.049518284471148866,0.00740453876539385,2.1935139979396836,opponent,1,53,False
10863,10892,106.0,3.0,0.01307673328398717,0.005590717299578059,1.0176432261344426,opponent,11,39,False
10863,109,142.0,5.0,0.012956204379562044,0.0033824019818017247,1.213923135179104,opponent,11,42,False
10863,121,555.0,11.0,0.05063868613138686,0.011229816680830399,2.327277705584417,opponent,11,51,False
10868,121,690.0,13.0,0.05417288215435346,0.013512454958483472,2.5257286443082556,opponent,15,51,False
10863,123,99.0,2.0,0.01025587900134673,0.004825972506580871,0.9745596399981308,opponent,11,53,False
10868,123,99.0,2.0,0.01025587900134673,0.004441254317886142,0.9745596399981308,opponent,15,53,False
10863,12668,279.0,5.0,0.025456204379562045,0.00970806221510839,1.7316555451583497,opponent,11,54,False
10892,5,321.0,5.0,0.03960029607698001,0.006429258131709662,1.8484548129046001,opponent,39,101,False
109,5,403.0,7.0,0.012931587729431395,0.005527817403708987,2.0433824918641332,opponent,42,101,False
121,5,1804.0,25.0,0.04623625599097829,0.022733000655274962,3.436135433023436,opponent,51,101,False
123,5,137.0,3.0,0.014192479022065678,0.0026520064267601,1.1888591665158879,opponent,53,101,False
12668,5,691.0,11.0,0.0382655886587662,0.011611493866577047,2.527061089542034,opponent,54,101,False
10863,110,677.0,11.0,0.06177007299270073,0.010306296431616124,2.508243329967236,opponent,11,44,False
110,5,3289.0,36.0,0.07804380324134494,0.03489321974559458,4.022072510572104,opponent,44,101,False
10863,10894,390.0,7.0,0.035583941605839414,0.012517653100526384,2.0149030205422647,opponent,11,41,False
10869,10894,1717.0,21.0,0.08340619838725348,0.03290848107331097,3.3883372659325506,opponent,16,41,False
10894,5,724.0,8.0,0.03516953269212086,0.011676477703411015,2.570064458128307,opponent,41,101,False
10863,118,247.0,4.0,0.022536496350364962,0.003835046424246188,1.6325031853650964,opponent,11,48,False
10869,118,2204.0,34.0,0.06617426289557438,0.02599209859071879,3.630543877100973,opponent,16,48,False
118,5,3174.0,30.0,0.07531499893220701,0.03425352355874037,3.9871304779149512,opponent,48,101,False
10863,45,760.0,14.0,0.06934306569343066,0.016363440628700612,2.614959778036198,opponent,11,98,False
10869,45,2996.0,46.0,0.08995376208490963,0.04501540079633386,3.93051758806431,opponent,16,98,False
45,5,2715.0,29.0,0.07490688370809767,0.03587805425977561,3.834061463958434,opponent,98,101,False
10865,121,1663.0,24.0,0.05054711246200608,0.02367125003558516,3.3574776743058288,opponent,13,51,False
121,4,645.0,6.0,0.034844146723569766,0.011339064395337798,2.463853240590168,opponent,51,93,False
123,4,161.0,2.0,0.016678752719361856,0.00574938399457201,1.303818139295652,opponent,53,93,False
103,10877,9646.0,116.0,0.16272478828570464,0.07798465531041061,5.086154967743061,opponent,3,24,False
106,10877,8053.0,99.0,0.19947487057541305,0.07570245447794166,4.906878430172965,opponent,5,24,False
10877,10889,1826.0,28.0,0.11847910718920322,0.020834046437332422,3.447868900971302,opponent,24,36,False
10877,79,8718.0,108.0,0.17031002754498037,0.07481335278469063,4.9856593080260785,opponent,24,120,False
10877,89,10287.0,129.0,0.1527847913263033,0.07846562218730455,5.15010733938285,opponent,24,130,False
103,10881,5841.0,72.0,0.10633146435593097,0.053899177809152064,4.5885325448350684,opponent,3,28,False
106,10881,5545.0,67.0,0.13735106883654108,0.06177722320016043,4.53706977328416,opponent,5,28,False
10881,10889,1407.0,24.0,0.09129249935115494,0.02040993950998738,3.196630215920881,opponent,28,36,False
10881,79,6043.0,69.0,0.11805270663619137,0.06038290133695717,4.622191170322394,opponent,28,120,False
10881,89,5856.0,79.0,0.10660452923614651,0.05030668522241122,4.591071261608589,opponent,28,130,False
103,39,1992.0,20.0,0.07752782750836772,0.0240057845263919,3.5322256440685598,opponent,3,92,False
106,39,2688.0,28.0,0.1046158636257492,0.04241286271044701,3.824284091120139,opponent,5,92,False
10889,39,926.0,13.0,0.060083052167142485,0.02304629168740667,2.799311792380535,opponent,36,92,False
39,79,2606.0,33.0,0.10142445707168989,0.0350848849576585,3.793989938516553,opponent,92,120,False
39,89,2640.0,31.0,0.10274772320386083,0.029208709506107277,3.8066624897703196,opponent,92,130,False
103,40,7084.0,88.0,0.1195047066365262,0.06197508398656215,4.7796835603342345,opponent,3,94,False
106,40,5279.0,70.0,0.13076218077332738,0.05430958210736404,4.488449086278085,opponent,5,94,False
10889,40,1602.0,21.0,0.1039449779392681,0.021101159114857746,3.3214324131932926,opponent,36,94,False
40,79,5615.0,70.0,0.10969153529078512,0.05214330819806099,4.549481280127503,opponent,94,120,False
40,89,6998.0,88.0,0.11267106746095637,0.05715359108802535,4.7675724420131145,opponent,94,130,False
103,8889,5985.0,72.0,0.11021693491952414,0.05562526139690506,4.612642200826793,opponent,3,129,False
106,8889,5139.0,63.0,0.12729434495058334,0.05739718989434182,4.4618770161616155,opponent,5,129,False
10889,8889,1495.0,20.0,0.09700233584220089,0.0219147158416277,3.254886262391234,opponent,36,129,False
79,8889,5097.0,63.0,0.09957217370919534,0.05076996633264936,4.453765731828859,opponent,120,129,False
8889,89,6714.0,82.0,0.12364185481197745,0.05842426773873544,4.726502471155617,opponent,129,130,False
10877,77,5305.0,84.0,0.1567578748300928,0.05170766891496745,4.493307092842699,opponent,24,118,False
10881,77,3528.0,57.0,0.10424915785119082,0.04138610609295451,4.091005660956586,opponent,28,118,False
39,77,1264.0,20.0,0.049194364443060634,0.021691378363536518,3.094068174274853,opponent,92,118,False
40,77,3464.0,53.0,0.1023580166656817,0.03745350748205173,4.073007424833969,opponent,94,118,False
77,8889,3464.0,55.0,0.1023580166656817,0.04090694378837978,4.073007424833969,opponent,118,129,False
107,10877,9650.0,137.0,0.1899232434560126,0.08375354759197702,5.08656699906327,opponent,6,24,False
107,10881,6429.0,89.0,0.12653021058846683,0.06473472757846405,4.683519152399068,opponent,6,28,False
107,39,1965.0,29.0,0.0764769985210555,0.026362038664323375,3.518980417318539,opponent,6,92,False
107,40,6742.0,91.0,0.13269041527258413,0.06349714630149372,4.73062740334504,opponent,6,94,False
107,8889,5508.0,79.0,0.1084038575083645,0.055298983976547124,4.530446639792155,opponent,6,129,False
107,10879,4339.0,72.0,0.1297353864553745,0.054294509234696434,4.294787959126619,opponent,6,26,False
10879,10889,844.0,16.0,0.054762522709576954,0.017578572469956054,2.7124847981700757,opponent,26,36,False
10879,77,2337.0,39.0,0.06987591568246375,0.035981524249422636,3.6876286722122837,opponent,26,118,False
10879,79,3424.0,53.0,0.1023770369262969,0.042162295283832044,4.061591775750292,opponent,26,120,False
10879,89,3022.0,50.0,0.0903573030348333,0.03091465223573701,3.9389894536579604,opponent,26,130,False
107,10880,6574.0,89.0,0.12938397953158828,0.06874699349549286,4.705618657284897,opponent,6,27,False
10880,10889,1323.0,17.0,0.08584220088242928,0.02020495120573008,3.1376657694426577,opponent,27,36,False
10880,77,3337.0,47.0,0.09860528337568701,0.04074729836986385,4.036303405938483,opponent,27,118,False
10880,79,5647.0,71.0,0.11031666959698373,0.05825733503899641,4.555104208314607,opponent,27,120,False
10880,89,5638.0,67.0,0.10971006032302004,0.049857625439946235,4.553525952835753,opponent,27,130,False
10877,99,3502.0,62.0,0.12670043415340088,0.03566300396142448,4.083732901627506,opponent,24,136,False
10879,99,2034.0,32.0,0.073589001447178,0.03444480195085604,3.5524868292083815,opponent,26,136,False
10880,99,2639.0,44.0,0.09547756874095514,0.03454595436635206,3.806292050795904,opponent,27,136,False
10881,99,2007.0,35.0,0.07261215629522431,0.024911562092720163,3.539508997459668,opponent,28,136,False
39,99,380.0,8.0,0.01478944500661633,0.007176039581523587,1.992430164690206,opponent,92,136,False
107,48,654.0,9.0,0.08974886784685056,0.011385199240986717,2.4765384001174837,opponent,6,100,False
10889,48,127.0,2.0,0.017428296967201867,0.005626439836966153,1.136764054632486,opponent,36,100,False
48,77,293.0,4.0,0.0402085906408673,0.007175041629934371,1.7721234947111961,opponent,100,118,False
48,89,602.0,8.0,0.08261287223823247,0.00813348645544822,2.4009209937149074,opponent,100,130,False
48,99,238.0,4.0,0.03266090297790586,0.006860964570901439,1.6027489242833037,opponent,100,136,False
10877,86,4403.0,64.0,0.12194649088794106,0.04163120969724476,4.309231902407169,opponent,24,125,False
103,10879,3397.0,50.0,0.10156974136642248,0.038029241206367685,4.053811877699524,opponent,3,26,False
10879,86,3052.0,47.0,0.09125429810136045,0.04589542699890224,3.9486763230761817,opponent,26,125,False
103,10880,5597.0,69.0,0.10891223973535707,0.05326874208868289,4.546304433121055,opponent,3,27,False
10880,86,4317.0,59.0,0.11956461529939623,0.05190011902042583,4.289774274968795,opponent,27,125,False
10881,86,3106.0,44.0,0.08602448346535202,0.03532274939726152,3.965879678218857,opponent,28,125,False
103,48,634.0,8.0,0.08700425415122821,0.009616113815959108,2.448127398284704,opponent,3,100,False
48,86,484.0,6.0,0.06641965143406066,0.011279684914586684,2.204604684633842,opponent,100,125,False
106,10879,3109.0,43.0,0.092958588727762,0.043970186827329685,3.96682679746882,opponent,5,26,False
106,10880,4220.0,56.0,0.10453047979985633,0.048205983482025566,4.267363726353742,opponent,5,27,False
106,48,546.0,7.0,0.07492795389048991,0.011589403973509934,2.312535423847214,opponent,5,100,False
40,86,3250.0,42.0,0.09001274026477593,0.03422277446665122,4.0103589061490075,opponent,94,125,False
103,44,1147.0,19.0,0.06056285970748192,0.014882574283119242,3.0015486588754308,opponent,3,97,False
106,44,768.0,10.0,0.04055124346586409,0.013118786512247618,2.624668592163159,opponent,5,97,False
107,44,1458.0,22.0,0.07698400126722636,0.021349811834648784,3.2308043957334744,opponent,6,97,False
44,79,1263.0,18.0,0.0666877871059718,0.0183402308865171,3.093312601892855,opponent,97,120,False
44,86,445.0,8.0,0.023496488726965522,0.00815018315018315,2.1302138670532593,opponent,97,125,False
103,47,2027.0,31.0,0.09918770796633392,0.0260918815245794,3.5491383448551,opponent,3,99,False
106,47,2028.0,28.0,0.09923664122137404,0.034502118103404276,3.5496173867804286,opponent,5,99,False
107,47,2177.0,37.0,0.10652769622235271,0.03151920543224891,3.6185463992680287,opponent,6,99,False
47,79,2301.0,33.0,0.11259541984732824,0.0331919681495586,3.6724959748634123,opponent,99,120,False
47,86,1908.0,33.0,0.09336465061655902,0.03492330783028883,3.4904285153900982,opponent,99,125,False
101,10880,497.0,6.0,0.08317991631799163,0.008739537173806006,2.2282206777051834,opponent,2,27,False
101,39,184.0,1.0,0.03079497907949791,0.005844052723519136,1.4028236630711013,opponent,2,92,False
101,40,292.0,2.0,0.048870292887029286,0.004307229359963418,1.7692866133759964,opponent,2,94,False
101,44,282.0,2.0,0.04719665271966527,0.011448522247482948,1.7404661748405046,opponent,2,97,False
10889,44,271.0,5.0,0.017583701012198288,0.0079518779342723,1.7077738131549622,opponent,36,97,False
44,77,899.0,12.0,0.047468187338296636,0.017327782275162868,2.7715465126613377,opponent,97,118,False
44,89,1465.0,21.0,0.07735360895506627,0.017275128531673033,3.2354051268194115,opponent,97,130,False
101,8889,184.0,1.0,0.03079497907949791,0.00306192068959779,1.4028236630711013,opponent,2,129,False
10877,95,247.0,3.0,0.07230679156908665,0.0031983218521779667,1.6325031853650964,opponent,24,134,False
10881,95,247.0,3.0,0.07230679156908665,0.004251217707096263,1.6325031853650964,opponent,28,134,False
39,95,49.0,1.0,0.014344262295081968,0.0016861085303327484,0.597003320007043,opponent,92,134,False
40,95,247.0,3.0,0.07230679156908665,0.0037837589423857596,1.6325031853650964,opponent,94,134,False
8889,95,175.0,2.0,0.05122950819672131,0.0030412039692056373,1.3652409519220583,opponent,129,134,False
10879,95,198.0,2.0,0.057962529274004686,0.0054005400540054005,1.4586150226995167,opponent,26,134,False
10880,95,170.0,2.0,0.049765807962529274,0.0031115015740537373,1.3437347467010947,opponent,27,134,False
101,10877,215.0,4.0,0.03598326359832636,0.002693594257006477,1.5224265354444706,opponent,2,24,False
101,10879,108.0,1.0,0.01807531380753138,0.0027472527472527475,1.0296194171811583,opponent,2,26,False
101,10881,108.0,1.0,0.01807531380753138,0.0017763450056744355,1.0296194171811583,opponent,2,28,False
106,43,4246.0,57.0,0.10517450645265165,0.049771421873168444,4.273420115702208,opponent,5,96,False
107,43,6696.0,90.0,0.1361390667886551,0.07176925797704155,4.72384171570559,opponent,6,96,False
43,77,3789.0,56.0,0.11196146799834525,0.04781796612736313,4.161224091061645,opponent,96,118,False
43,79,5366.0,65.0,0.10909830232794551,0.05647945436173796,4.504612930996776,opponent,96,120,False
43,89,5981.0,75.0,0.12160211446579242,0.054110047587167746,4.611980277916641,opponent,96,130,False
10889,43,499.0,5.0,0.03237736828445367,0.0077849542887453585,2.2318049109329983,opponent,36,96,False
43,86,3668.0,47.0,0.1015897634742148,0.04493831395562525,4.129282613583381,opponent,96,125,False
86,8889,2052.0,31.0,0.05683265939179084,0.02322422925438001,3.5610460826040513,opponent,125,129,False
103,43,5878.0,72.0,0.11950798007522619,0.05729882536433202,4.594783093101604,opponent,3,96,False
103,113,853.0,10.0,0.07809924922175426,0.012300460005479689,2.7223913183728676,opponent,3,46,False
106,113,971.0,9.0,0.08890313129463469,0.019295735463614325,2.8439399217948593,opponent,5,46,False
10889,113,218.0,1.0,0.019959714338033327,0.008347373257773013,1.5332765514685365,opponent,36,46,False
113,79,1096.0,13.0,0.10034792162607581,0.01796279603376219,2.9583764870102223,opponent,46,120,False
113,89,687.0,8.0,0.06290056766160045,0.008857087603945078,2.5217206229107165,opponent,46,130,False
107,113,857.0,11.0,0.07846548251236038,0.014078028747433266,2.726762910034364,opponent,6,46,False
113,86,574.0,6.0,0.05255447720197766,0.012356309467430146,2.3577043922151253,opponent,46,125,False
39,86,583.0,10.0,0.022690122207519266,0.009523498374634497,2.3718001620155187,opponent,92,125,False
10889,47,27.0,3.0,0.001751881650661822,0.0007537478015689121,0.37156355643248307,opponent,36,99,False
47,77,1056.0,20.0,0.051673517322372284,0.01984141896208335,2.9231615807191558,opponent,99,118,False
47,89,1424.0,23.0,0.06968095517713839,0.016492552871140348,3.208151861505225,opponent,99,130,False
10860,10894,1674.0,17.0,0.08131740017487613,0.02867371233791816,3.3638415951183864,opponent,8,41,False
10894,16,2596.0,23.0,0.12610511998445545,0.0349700276150064,3.790231948374224,opponent,41,75,False
10894,54,2431.0,20.0,0.11808996405324007,0.02718084035868423,3.7260949530400795,opponent,41,103,False
10894,57,1040.0,6.0,0.050519770717963666,0.013187426296235243,2.908720896564361,opponent,41,106,False
10894,58,2412.0,25.0,0.11716700670358496,0.03321307592740492,3.7184382563554808,opponent,41,107,False
10860,110,2290.0,28.0,0.05802021839925004,0.024734295342607793,3.667826044916104,opponent,8,44,False
110,16,6083.0,60.0,0.10979153506001263,0.05762217359591539,4.628723938941826,opponent,44,75,False
110,54,6686.0,61.0,0.1206750293294829,0.055715738071032146,4.722360453399495,opponent,44,103,False
110,57,4713.0,42.0,0.08506452486237705,0.04284194929505768,4.376385754783795,opponent,44,106,False
110,58,3955.0,45.0,0.07263811342932706,0.03734725868288353,4.203448064158762,opponent,44,107,False
10860,118,2568.0,26.0,0.06506372089487952,0.02834624809590039,3.7796338173824005,opponent,8,48,False
118,16,6048.0,58.0,0.11264038142774663,0.05821542015593416,4.623010104116422,opponent,48,75,False
118,54,6328.0,56.0,0.11785521390125342,0.05333423235115636,4.667831947112802,opponent,48,103,False
118,57,4297.0,38.0,0.08002905406663811,0.03952609163577493,4.285194463895341,opponent,48,106,False
118,58,4076.0,44.0,0.07591306129290597,0.03916782779993273,4.233139853966164,opponent,48,107,False
10860,12668,1806.0,22.0,0.10001107542363495,0.03241147861667953,3.4372078191851885,opponent,8,54,False
12668,16,1935.0,24.0,0.10715472366818031,0.02673833738669025,3.5040547671018634,opponent,54,75,False
12668,54,1779.0,21.0,0.09851589323291617,0.020317032502683813,3.4226326623822203,opponent,54,103,False
12668,57,1106.0,13.0,0.06124709270129582,0.014501304592953887,2.966989804688337,opponent,54,106,False
12668,58,1877.0,22.0,0.10394285081404364,0.026575485990174008,3.474551101184895,opponent,54,107,False
10860,45,1995.0,23.0,0.05504207476893365,0.02706222276482318,3.5336865647082343,opponent,8,98,False
16,45,4632.0,51.0,0.12779693750862187,0.052721436864030594,4.359269647551265,opponent,75,98,False
45,54,5181.0,52.0,0.14294385432473444,0.050621903915112315,4.469923036580066,opponent,98,103,False
45,57,3572.0,34.0,0.09855152434818595,0.03883030764213501,4.103194177499083,opponent,98,106,False
45,58,3504.0,39.0,0.09667540350393157,0.04018855589581254,4.084294226368599,opponent,98,107,False
10894,62,1270.0,11.0,0.06169241231905178,0.02356390084607392,3.0985896589936988,opponent,41,110,False
110,62,3965.0,37.0,0.11466165413533834,0.046093931643803765,4.205935627630563,opponent,44,110,False
118,62,3452.0,32.0,0.09982648930017352,0.040697468787210714,4.069596392532906,opponent,48,110,False
12668,62,998.0,16.0,0.055266363938420646,0.01932610379550736,2.869791050196144,opponent,54,110,False
45,62,3462.0,37.0,0.10011567379988433,0.0513931980464053,4.072439726834051,opponent,98,110,False
10861,10894,842.0,8.0,0.0409015836005052,0.014573525339241207,2.710269957840523,opponent,9,41,False
10861,110,4278.0,46.0,0.11248422381152713,0.04798169562242735,4.280824129164719,opponent,9,44,False
10861,118,3214.0,30.0,0.08450778291964661,0.036311870840912426,3.9994231957089794,opponent,9,48,False
10861,12668,742.0,8.0,0.04108982168567948,0.01340608513406085,2.592764045644414,opponent,9,54,False
10861,45,3197.0,39.0,0.08820526969237136,0.044977490151941475,3.9942172430541327,opponent,9,98,False
10861,109,2772.0,37.0,0.0889487870619946,0.04173190413103697,3.8543938925915096,opponent,9,42,False
109,16,1420.0,22.0,0.04556539596970864,0.016513740129551455,3.20545280453606,opponent,42,75,False
109,3129,718.0,10.0,0.02961801831532052,0.013129022820362785,2.562381961956291,opponent,42,87,False
109,54,2917.0,36.0,0.09360159158002823,0.029307746408118156,3.904326798793676,opponent,42,103,False
109,62,2494.0,32.0,0.0800282377101784,0.03943083003952569,3.751071474370384,opponent,42,110,False
110,3129,2266.0,23.0,0.09347413579737646,0.02928367428696967,3.657560770856509,opponent,44,87,False
10861,123,697.0,11.0,0.07220553195897648,0.014833574529667149,2.535018691215348,opponent,9,53,False
123,16,1032.0,17.0,0.10690976898373562,0.015909721579872353,2.9014215940827497,opponent,53,75,False
123,3129,544.0,8.0,0.05635553713871335,0.016311354981859615,2.3092296357127142,opponent,53,87,False
123,54,1073.0,18.0,0.1111571532166166,0.013435508307977411,2.9382796988059057,opponent,53,103,False
123,62,859.0,16.0,0.08898787941572568,0.01980449116982524,2.7289415601335865,opponent,53,110,False
12668,3129,736.0,10.0,0.04075755897663086,0.01770763160427293,2.585254623622282,opponent,54,87,False
3129,45,1934.0,22.0,0.07977889613068229,0.033029904530937786,3.5035533882996828,opponent,87,98,False
109,12,1449.0,23.0,0.04649595687331536,0.02074653150637859,3.224857896545748,opponent,42,50,False
110,12,2753.0,38.0,0.0686054625199362,0.029672343177408925,3.847662246267756,opponent,44,50,False
10861,122,1119.0,18.0,0.0551394500837686,0.019560543290156798,2.9780773383152703,opponent,9,52,False
12,122,1312.0,22.0,0.06464965014289938,0.02219590593808154,3.12968024606373,opponent,50,52,False
122,16,1562.0,22.0,0.0769685621365921,0.02083305547034424,3.2970706724532577,opponent,52,75,False
122,3129,706.0,8.0,0.034788607470188235,0.016107688797627195,2.5468376075184906,opponent,52,87,False
122,62,804.0,12.0,0.039617620971715777,0.014869613464028111,2.667228206581955,opponent,52,110,False
12,123,957.0,15.0,0.09914016367968508,0.01960101589382271,2.830267833826459,opponent,50,53,False
12,12668,1134.0,17.0,0.06279765201018939,0.019876603800042067,2.990719731730447,opponent,50,54,False
10861,121,4172.0,44.0,0.109697097181321,0.05724714244549035,4.256085411316034,opponent,9,51,False
12,121,2935.0,43.0,0.0752236204731271,0.03851200629838604,3.910354948327449,opponent,50,51,False
121,16,4074.0,46.0,0.1044160237845042,0.04467693117515462,4.232656178019613,opponent,51,75,False
121,3129,2227.0,22.0,0.09186535764375876,0.03648905492200813,3.6406516318006803,opponent,51,87,False
121,62,3379.0,35.0,0.09771544245228456,0.04812156427126948,4.048591448210166,opponent,51,110,False
10860,109,1198.0,13.0,0.038441791811064045,0.017253546482321597,3.042933875038285,opponent,8,42,False
10884,109,497.0,5.0,0.05689102564102564,0.012613252798010304,2.2282206777051834,opponent,31,42,False
10860,121,2999.0,39.0,0.07686393110695337,0.03972869500708731,3.931498781928803,opponent,8,51,False
10884,121,1026.0,13.0,0.11744505494505494,0.021957326599182484,2.89591193827178,opponent,31,51,False
10860,122,1107.0,14.0,0.054548142308071354,0.0188727495908347,2.9678470700644555,opponent,8,52,False
10884,122,546.0,7.0,0.0625,0.019168656087628144,2.312535423847214,opponent,31,52,False
10860,123,1292.0,18.0,0.13384440070444423,0.027012335354380097,3.114995694380809,opponent,8,53,False
10884,123,673.0,9.0,0.07703754578754579,0.03798825920072251,2.502801139664551,opponent,31,53,False
10884,12668,641.0,9.0,0.07337454212454213,0.024509616487592246,2.4581633248124892,opponent,31,54,False
108,10860,1333.0,18.0,0.16000480134437642,0.028687025200680054,3.144870411557705,opponent,7,8,False
108,10861,1639.0,20.0,0.19673508582403074,0.03664699043019408,3.343450559449831,opponent,7,9,False
108,10884,1219.0,20.0,0.14632096987156404,0.07691822311963654,3.059489239356742,opponent,7,31,False
108,12,1618.0,23.0,0.1942143800264074,0.03454238807881984,3.331013324805051,opponent,7,50,False
108,3129,635.0,11.0,0.07622134197575321,0.019882271901809755,2.4495672833426916,opponent,7,87,False
10884,10894,838.0,9.0,0.09592490842490843,0.029420025277348688,2.705825506080099,opponent,31,41,False
10894,12,1264.0,14.0,0.06140095210337122,0.021261564339781328,3.094068174274853,opponent,41,50,False
10894,3129,315.0,2.0,0.015301661323229378,0.007076584368611417,1.8325814637483102,opponent,41,87,False
108,58,1646.0,23.0,0.19757532108990516,0.026924901444391736,3.347562165829524,opponent,7,107,False
109,58,1017.0,12.0,0.03263380824027724,0.012021987115077723,2.8875901149342877,opponent,42,107,False
121,58,3123.0,44.0,0.0800420329599918,0.034568639171149634,3.971234865059992,opponent,51,107,False
123,58,1158.0,17.0,0.11996270589454056,0.018397597826605022,3.0106208860477417,opponent,53,107,False
10884,110,1143.0,14.0,0.1308379120879121,0.018143433124861108,2.998229153752578,opponent,31,44,False
10884,45,880.0,10.0,0.10073260073260074,0.01995419604997619,2.751535313041949,opponent,31,98,False
12,45,2674.0,36.0,0.07377569319906194,0.03628271754026513,3.819176455061794,opponent,50,98,False
10860,119,1265.0,20.0,0.09745011940528464,0.024714271759304483,3.0948231761982217,opponent,8,49,False
10861,119,1235.0,15.0,0.09513904937986288,0.02481015709751296,3.0719214119115374,opponent,9,49,False
10884,119,316.0,5.0,0.036172161172161175,0.01476566515583384,1.8352445811677938,opponent,31,49,False
119,12,970.0,16.0,0.07472459748863725,0.01860411592090374,2.842969519001581,opponent,49,50,False
119,58,1207.0,19.0,0.09298205068946923,0.0182265712301048,3.0500626180990382,opponent,49,107,False
119,16,635.0,12.0,0.04891764887142747,0.009257774343572773,2.4495672833426916,opponent,49,75,False
119,54,961.0,12.0,0.07403127648101071,0.011536199176500245,2.834193255942565,opponent,49,103,False
119,62,1009.0,14.0,0.07772898852168554,0.021674686372228906,2.8801343488029447,opponent,49,110,False
121,54,4558.0,42.0,0.11682087295281544,0.043104915738306444,4.34337242769234,opponent,51,103,False
122,54,1063.0,12.0,0.052380013797181435,0.011744039596084584,2.9294143925163425,opponent,52,103,False
122,58,1220.0,15.0,0.06011629052922046,0.016593672642202333,3.060270794691562,opponent,52,107,False
109,57,2077.0,25.0,0.06664741368245411,0.023494412017555765,3.572813693097047,opponent,42,106,False
122,57,931.0,15.0,0.04587562826451168,0.011832740213523131,2.8043699721078874,opponent,52,106,False
123,57,699.0,14.0,0.07241272143375116,0.010238607900865667,2.5376572151735295,opponent,53,106,False
118,3129,2517.0,26.0,0.10382806699117235,0.033373995597867884,3.7600366484302645,opponent,48,87,False
10860,10891,1337.0,17.0,0.07493134562573558,0.023885663242518982,3.147737797034861,opponent,8,38,False
10891,12,1650.0,22.0,0.09247323880513367,0.029296354823245326,3.349904087274605,opponent,38,50,False
10891,16,1126.0,13.0,0.0631059799361094,0.015432690989830323,2.98399701733557,opponent,38,75,False
10891,58,1979.0,24.0,0.11091184217900578,0.028145977926954148,3.5258702083523543,opponent,38,107,False
10891,62,473.0,8.0,0.026508995124138318,0.009104908565928778,2.184176861943744,opponent,38,110,False
10891,60,585.0,5.0,0.5347349177330896,0.031876634699215346,2.3749057545736716,opponent,38,109,False
119,60,107.0,1.0,0.09780621572212066,0.007660366552119129,1.0236492501946544,opponent,49,109,False
121,60,107.0,1.0,0.09780621572212066,0.0026747325267473254,1.0236492501946544,opponent,51,109,False
123,60,327.0,3.0,0.29890310786106034,0.03138195777351248,1.864080130807681,opponent,53,109,False
12668,60,107.0,1.0,0.09780621572212066,0.005618272512470465,1.0236492501946544,opponent,54,109,False
10877,10887,9533.0,109.0,0.13524479691290592,0.07060801552443098,5.074444382595847,opponent,24,34,False
10877,10888,6486.0,66.0,0.19143472742835219,0.06393045123898515,4.692264892839025,opponent,24,35,False
10877,75,9797.0,106.0,0.16313107766084986,0.07880596534693286,5.101592579443338,opponent,24,116,False
10877,76,8564.0,93.0,0.1380132791851995,0.06714387637498334,4.967959730926678,opponent,24,117,False
10877,90,2458.0,19.0,0.14567652462514075,0.02778217329384904,3.7368756523821918,opponent,24,132,False
10881,10887,6385.0,74.0,0.1162346173450812,0.053640136431607775,4.676715353151187,opponent,28,34,False
10881,10888,5017.0,46.0,0.14807709335615832,0.059871592916129646,4.438131252725293,opponent,28,35,False
10881,75,6175.0,64.0,0.11241170902206364,0.05674873406670159,4.643589295892037,opponent,28,116,False
10881,76,5721.0,62.0,0.10414694531420665,0.05141871062257893,4.567987394860375,opponent,28,117,False
10881,90,1685.0,15.0,0.09986368754815386,0.024030233884768968,3.3701652724144266,opponent,28,132,False
10887,39,2428.0,23.0,0.09449676967385381,0.025897837935852718,3.7248898916369693,opponent,34,92,False
10888,39,1479.0,13.0,0.05756207674943566,0.02545786284770036,3.2445435716167785,opponent,35,92,False
39,75,2021.0,18.0,0.07865649567992528,0.024137395645475283,3.5462592641715336,opponent,92,116,False
39,76,1932.0,19.0,0.07519265198100723,0.022513808935604913,3.502549875922443,opponent,92,117,False
39,90,587.0,3.0,0.03478930836247259,0.013982848975702716,2.3780017322788,opponent,92,132,False
10887,40,4554.0,54.0,0.0733215263242634,0.03556617698741829,4.3425058765115985,opponent,34,94,False
10888,40,1808.0,18.0,0.05336324193500782,0.019196670312052067,3.4382790565666874,opponent,35,94,False
40,75,4172.0,49.0,0.06946849607033435,0.035357730054070544,4.256085411316034,opponent,94,116,False
40,76,3815.0,42.0,0.06148069361180945,0.03170000083093056,4.1679563795653465,opponent,94,117,False
40,90,1525.0,11.0,0.0903810822023351,0.019688089028893078,3.2739951240892804,opponent,94,132,False
10887,8889,6776.0,77.0,0.12478361754631505,0.05741740316744765,4.735613482013381,opponent,34,129,False
10888,8889,5937.0,58.0,0.1752309554027331,0.07218588138024949,4.604670060946409,opponent,35,129,False
75,8889,7447.0,83.0,0.1371404368163235,0.06965606906679388,4.829246635350902,opponent,116,129,False
76,8889,6280.0,66.0,0.1156495156716143,0.057052528299144215,4.660289485209171,opponent,117,129,False
8889,90,2049.0,17.0,0.12143661470989155,0.029641524173248848,3.5596246182566738,opponent,129,132,False
10877,10885,6813.0,75.0,0.1280976196743504,0.056571343164607414,4.741011408899505,opponent,24,32,False
10881,10885,6011.0,63.0,0.11301846350543376,0.05886961716630593,4.616934052908333,opponent,28,32,False
10885,39,1468.0,15.0,0.057133961236086245,0.018963468196145302,3.237370407504365,opponent,32,92,False
10885,40,3349.0,45.0,0.0629676982664611,0.029915942365583714,4.039829709915803,opponent,32,94,False
10885,8889,5455.0,62.0,0.10256458466513745,0.05346309527309792,4.520882369465502,opponent,32,129,False
10877,82,978.0,15.0,0.0814932088992584,0.011494793258268493,2.8507065015037334,opponent,24,122,False
10879,10885,2974.0,38.0,0.08892211092838989,0.035549924094815735,3.923292597686377,opponent,26,32,False
10879,10887,4517.0,52.0,0.13505755718343548,0.04543579942664588,4.3344544784315415,opponent,26,34,False
10879,10888,3508.0,36.0,0.10488862311257288,0.054968817574978845,4.085415931477799,opponent,26,35,False
10879,76,3871.0,42.0,0.1157422634175512,0.042247833584353786,4.18230456319976,opponent,26,117,False
10879,82,1090.0,18.0,0.09082576451962336,0.02457390206510957,2.953172659135195,opponent,26,122,False
10880,10885,2665.0,38.0,0.05185833819809301,0.026150268371422123,3.8158791448752436,opponent,27,32,False
10880,10887,5138.0,59.0,0.09998054096127651,0.044012712118486536,4.461684652979335,opponent,27,34,False
10880,10888,1353.0,14.0,0.03993388624893008,0.016122881860864177,3.159125820462427,opponent,27,35,False
10880,76,3773.0,40.0,0.07341895310371668,0.034403523329290864,4.157058503158455,opponent,27,117,False
10880,82,949.0,17.0,0.07907674360469961,0.015198103840363858,2.822370458131508,opponent,27,122,False
40,82,795.0,15.0,0.06624447962669777,0.010843472093403896,2.6567569067146595,opponent,94,122,False
82,8889,957.0,18.0,0.07974335472043996,0.014645119823707649,2.830267833826459,opponent,122,129,False
10862,10877,6411.0,76.0,0.11485542298183382,0.05192522637811219,4.680741372835166,opponent,10,24,False
10877,71,651.0,8.0,0.15463182897862232,0.008387229766291323,2.47232786758114,opponent,24,114,False
10862,10879,3435.0,45.0,0.10270593511735686,0.04002190427366361,4.06474409244581,opponent,10,26,False
10879,71,215.0,4.0,0.0510688836104513,0.005742521367521368,1.5224265354444706,opponent,26,114,False
10862,10880,3889.0,44.0,0.07567620159564117,0.03764070500101627,4.186873099064549,opponent,10,27,False
10880,71,624.0,9.0,0.14821852731591448,0.011350407450523865,2.4336133554004498,opponent,27,114,False
10862,10881,4823.0,59.0,0.08779946115196971,0.04553135650023129,4.39917050183956,opponent,10,28,False
10881,71,832.0,11.0,0.197624703087886,0.014268564568684616,2.699121570357909,opponent,28,114,False
10881,82,896.0,14.0,0.07466044496291975,0.013568151187970381,2.7684133508293005,opponent,28,122,False
10862,113,628.0,10.0,0.057498626625160226,0.009499031945788964,2.439444275711243,opponent,10,46,False
10885,113,994.0,15.0,0.09100897271561985,0.01574927908229553,2.866003166879207,opponent,32,46,False
10887,113,973.0,15.0,0.08908624793993775,0.012096573673479537,2.8458779068975377,opponent,34,46,False
113,71,532.0,7.0,0.12636579572446555,0.03643835616438356,2.289162072661905,opponent,46,114,False
113,82,436.0,8.0,0.039919428676066654,0.01938898029972873,2.112231364502827,opponent,46,122,False
10862,43,5363.0,68.0,0.10903730812239504,0.05382376555600161,4.50405988461896,opponent,10,96,False
10885,43,5681.0,70.0,0.11550269391074515,0.05875478332816217,4.561044127945536,opponent,32,96,False
10887,43,6610.0,83.0,0.1343905662295415,0.05846349790380499,4.711030576687569,opponent,34,96,False
43,71,798.0,10.0,0.18954869358669835,0.015171967982964808,2.6602595372658615,opponent,96,114,False
43,82,882.0,16.0,0.07349387551037413,0.01462589546298753,2.7536607123542622,opponent,96,122,False
10879,87,2712.0,38.0,0.08108835401405293,0.04100827121104441,3.832979798087693,opponent,26,127,False
10880,87,2537.0,34.0,0.07166666666666667,0.030111687417658718,3.7677676494406476,opponent,27,127,False
10881,87,3180.0,46.0,0.08983050847457627,0.03648797503212778,3.9889840465642745,opponent,28,127,False
113,87,317.0,6.0,0.0290239882805347,0.006890555374415824,1.83790062522591,opponent,46,127,False
43,87,3490.0,48.0,0.09858757062146893,0.04303594549602318,4.080358320247361,opponent,96,127,False
10877,87,3930.0,53.0,0.11101694915254237,0.03724094798586171,4.197201947661808,opponent,24,127,False
10888,113,345.0,5.0,0.03158762131477751,0.0077601331593863876,1.9095425048844386,opponent,35,46,False
10888,43,4354.0,42.0,0.12850860364215932,0.05531558085171257,4.298192024594581,opponent,35,96,False
71,8889,208.0,2.0,0.0494061757719715,0.0035675082327113064,1.496642418288756,opponent,114,129,False
87,8889,2984.0,45.0,0.08429378531073446,0.034410387693443116,3.926583156759476,opponent,127,129,False
10877,88,3270.0,38.0,0.08370450007679311,0.02976651040007282,4.0163830207523885,opponent,24,128,False
10881,88,2113.0,25.0,0.05408795371934675,0.022996136474941503,3.589519418034329,opponent,28,128,False
113,88,378.0,6.0,0.03460904596227797,0.007619431566216489,1.9878743481543455,opponent,46,128,False
43,88,2550.0,31.0,0.06527415143603134,0.029754611964854554,3.7727609380946383,opponent,96,128,False
88,8889,2693.0,33.0,0.06893462345773818,0.029699476151089053,3.8261019429205065,opponent,128,129,False
10880,75,4038.0,43.0,0.07857559836544074,0.037594964993296585,4.223909766576744,opponent,27,116,False
10880,88,2005.0,22.0,0.05132340142323248,0.022667917830211076,3.5385409431730324,opponent,27,128,False
113,75,462.0,8.0,0.04229994506500641,0.006551704577684497,2.1633230256605382,opponent,46,116,False
113,76,379.0,7.0,0.0347006042849295,0.005220745230387768,1.9901548508530706,opponent,46,117,False
39,88,923.0,8.0,0.03592278352922861,0.014458699500289801,2.796264557925066,opponent,92,128,False
40,88,1980.0,24.0,0.050683458762094916,0.01996048227751119,3.5263605246161616,opponent,94,128,False
10879,75,4418.0,53.0,0.13209747346389594,0.04959419866865732,4.3125872349366,opponent,26,116,False
10879,88,2001.0,24.0,0.05982957093735984,0.02837895333995178,3.536602018668358,opponent,26,128,False
43,75,6730.0,75.0,0.13683033445156043,0.06565149105949605,4.728861658330641,opponent,96,116,False
43,76,5505.0,61.0,0.11192436718511742,0.05206559981840881,4.529907701487544,opponent,96,117,False
10879,90,1381.0,12.0,0.0818467373910982,0.028219956270306722,3.1787480337774214,opponent,26,132,False
10880,90,1271.0,7.0,0.0753274462158478,0.01897241461667065,3.099341256173011,opponent,27,132,False
10887,47,1229.0,15.0,0.060138970444313954,0.01370214284121569,3.0672774407170866,opponent,34,99,False
10888,47,1378.0,15.0,0.06743002544529263,0.026029959009425944,3.176663976058891,opponent,35,99,False
47,75,1392.0,17.0,0.06811509101585438,0.017597977243994943,3.186352633162641,opponent,99,116,False
47,76,847.0,10.0,0.041446467018986105,0.010374689188030525,2.715797887893036,opponent,99,117,False
47,90,546.0,4.0,0.032359390742606534,0.014851889127655523,2.312535423847214,opponent,99,132,False
43,90,1388.0,13.0,0.08226160137497777,0.021462811195299213,3.183594010723561,opponent,96,132,False
10862,8889,4257.0,57.0,0.07839490258185702,0.04021234992395832,4.2759714333333765,opponent,10,129,False
10862,40,4591.0,58.0,0.08224945358128202,0.04050751299222672,4.350492967001997,opponent,10,94,False
40,71,300.0,4.0,0.07125890736342043,0.004544077552256892,1.791759469228055,opponent,94,114,False
10887,44,955.0,12.0,0.050425048841015896,0.010794497631992405,2.828299329253787,opponent,34,97,False
10888,44,1375.0,12.0,0.07260151011141032,0.02672757313635922,3.174575565971621,opponent,35,97,False
44,75,1938.0,15.0,0.10232852843339141,0.02515021347833422,3.505557396986398,opponent,97,116,False
44,76,1006.0,11.0,0.05311790485242093,0.012577358254672752,2.8773240425036892,opponent,97,117,False
44,88,952.0,12.0,0.05026664554622736,0.01668623911100205,2.8253392876253103,opponent,97,128,False
47,88,861.0,14.0,0.042131532589547854,0.014682559983629202,2.731115474033206,opponent,99,128,False
10887,10889,2895.0,32.0,0.18784064365429534,0.03487783721266445,3.8969093676180977,opponent,34,36,False
10888,10889,1146.0,13.0,0.07435764339475733,0.0238021060502212,3.0007198150650303,opponent,35,36,False
10889,75,2265.0,23.0,0.14696340513885284,0.030941354862505634,3.657130755799356,opponent,36,116,False
10889,76,2102.0,23.0,0.13638723072930184,0.027892041081712268,3.5844444359770526,opponent,36,117,False
10889,87,759.0,7.0,0.04924733973527122,0.015163926238187521,2.613739521630969,opponent,36,127,False
10887,10890,3841.0,39.0,0.09827550915975847,0.03632838361865128,4.174643647284555,opponent,34,37,False
10888,10890,3337.0,35.0,0.09849178005371742,0.047926121675188144,4.036303405938483,opponent,35,37,False
10890,75,5075.0,51.0,0.12984853136833488,0.05395205443044703,4.449490560140558,opponent,37,116,False
10890,76,5256.0,47.0,0.13447958243782623,0.05481852315394243,4.484131857611035,opponent,37,117,False
10890,87,2489.0,29.0,0.07031073446327683,0.034571845267032435,3.7491118421540146,opponent,37,127,False
10887,79,3558.0,41.0,0.06950712067045654,0.030122419952928428,4.09933210373314,opponent,34,120,False
10888,79,2909.0,35.0,0.08585933118857177,0.03540609291513005,3.9016359125416593,opponent,35,120,False
75,79,4958.0,55.0,0.09685674656664518,0.046647285180690015,4.426442164704267,opponent,116,120,False
76,79,5280.0,51.0,0.10314716052276857,0.04890654958735099,4.48863636973214,opponent,117,120,False
79,87,2988.0,38.0,0.08440677966101695,0.03574119926795134,3.927896354584436,opponent,120,127,False
10887,89,6715.0,73.0,0.09973266003267489,0.051219661027291724,4.726650083525801,opponent,34,130,False
10888,89,4349.0,43.0,0.12836102830494966,0.04489892837232351,4.297058623135837,opponent,35,130,False
75,89,8359.0,94.0,0.1391867590249101,0.0702277634486293,4.943901773115563,opponent,116,130,False
76,89,7734.0,81.0,0.12463740088957648,0.06357687754833619,4.866764923676554,opponent,117,130,False
87,89,3718.0,42.0,0.10502824858757062,0.03755100391871692,4.142605485839354,opponent,127,130,False
10887,95,841.0,8.0,0.2461943793911007,0.0115107716733733,2.7091606953862373,opponent,34,134,False
10888,95,902.0,9.0,0.2640515222482436,0.024783624124192882,2.7746698884436056,opponent,35,134,False
75,95,584.0,4.0,0.17096018735362997,0.009286350337107238,2.373354163882253,opponent,116,134,False
76,95,842.0,9.0,0.2464871194379391,0.013028811933277628,2.710269957840523,opponent,117,134,False
87,95,637.0,4.0,0.1864754098360656,0.01668456481311716,2.4524408485384233,opponent,127,134,False
103,10887,6660.0,91.0,0.11235196868990181,0.05410015840136469,4.718498871295094,opponent,3,34,False
103,10888,3804.0,51.0,0.11227531654909831,0.042571764310894745,4.165113633110308,opponent,3,35,False
103,75,7753.0,97.0,0.13079051250042173,0.06948315573439923,4.869199729774643,opponent,3,116,False
103,76,7027.0,86.0,0.11854313573332434,0.06147695161106882,4.771672836588155,opponent,3,117,False
103,87,2781.0,44.0,0.0785593220338983,0.0302621413103801,3.8575668196320874,opponent,3,127,False
107,10887,5041.0,67.0,0.09921275339500099,0.04336120286264795,4.442847315700826,opponent,6,34,False
107,10888,2827.0,40.0,0.08343909565833357,0.03453288380729014,3.8736286174408345,opponent,6,35,False
107,75,5263.0,66.0,0.10358197205274552,0.049837599310625647,4.485447770950657,opponent,6,116,False
107,76,5812.0,70.0,0.11438693170635701,0.05429238673517048,4.583606008072251,opponent,6,117,False
107,87,3390.0,45.0,0.09576271186440678,0.040932141994687275,4.051784947803305,opponent,6,127,False
103,10862,6107.0,90.0,0.10940915116987351,0.05603317766013084,4.632623212769392,opponent,3,10,False
103,90,2500.0,29.0,0.14816570852841818,0.0339438704158803,3.7534179752515073,opponent,3,132,False
107,10862,6087.0,78.0,0.11979925211572526,0.060542465262927565,4.629374874684909,opponent,6,10,False
107,90,1686.0,21.0,0.09992295383156523,0.0255466157552616,3.370738174177447,opponent,6,132,False
10862,10889,1780.0,22.0,0.11549441993252012,0.025629949604031678,3.4231762883809305,opponent,10,36,False
10889,90,1032.0,12.0,0.06696080975862964,0.03302083000031997,2.9014215940827497,opponent,36,132,False
10862,77,3829.0,55.0,0.11314343123928845,0.044610921461942656,4.1715627719336466,opponent,10,118,False
10887,77,4525.0,66.0,0.13370959163170026,0.04533886417378061,4.336200822468465,opponent,34,118,False
75,77,3879.0,57.0,0.11462088529046746,0.04309090303158222,4.184337600748806,opponent,116,118,False
76,77,3682.0,52.0,0.10879971632882217,0.03992972715047933,4.133030944611934,opponent,117,118,False
77,90,607.0,9.0,0.035974634030699934,0.012113834118304462,2.408445483693523,opponent,118,132,False
10862,86,5478.0,78.0,0.15171993574475157,0.06336903963167757,4.525044141508807,opponent,10,125,False
10887,86,3202.0,56.0,0.08868332133163463,0.030969813620141017,3.9957512209588586,opponent,34,125,False
75,86,3448.0,56.0,0.09549659336398382,0.03718963694803374,4.068456791269973,opponent,116,125,False
76,86,3639.0,56.0,0.10078657286877528,0.03850019572784308,4.121473229610353,opponent,117,125,False
86,90,1000.0,13.0,0.059266283411367277,0.01923853864060486,2.8716796248840124,opponent,125,132,False
103,71,801.0,10.0,0.19026128266033254,0.012777768915405108,2.66374994220563,opponent,3,114,False
103,88,4006.0,56.0,0.10254441202068294,0.042464330386482646,4.216070431966191,opponent,3,128,False
107,71,1343.0,14.0,0.3190023752969121,0.025020027199731728,3.15202351788036,opponent,6,114,False
107,88,4060.0,50.0,0.10392668816874008,0.04731052484385196,4.229263880121471,opponent,6,128,False
10889,71,804.0,10.0,0.19097387173396674,0.04272505048357955,2.667228206581955,opponent,36,114,False
10889,88,834.0,12.0,0.054113677653776275,0.015546939079859816,2.7013612129514133,opponent,36,128,False
71,77,1002.0,12.0,0.23800475059382423,0.027044534412955467,2.8735646395797834,opponent,114,118,False
77,88,2310.0,30.0,0.06825837716447018,0.03272047366780929,3.676300671907076,opponent,118,128,False
71,86,991.0,13.0,0.23539192399049882,0.025200254291163383,2.8631528086548506,opponent,114,125,False
86,88,3567.0,44.0,0.09879244446906331,0.0498149570560715,4.101816577060802,opponent,125,128,False
10862,10890,5060.0,60.0,0.12946474260566984,0.05632109703702055,4.446565155811452,opponent,10,37,False
10890,71,1121.0,14.0,0.266270783847981,0.026580987835819126,2.979772253975262,opponent,37,114,False
10890,88,3157.0,42.0,0.08081195924845135,0.042097262411158375,3.9818599650169255,opponent,37,128,False
10890,90,2561.0,28.0,0.15178095181651158,0.04796239418683047,3.7769666411013056,opponent,37,132,False
10888,77,2770.0,36.0,0.08185095443531706,0.042646221113728386,3.8536874284151827,opponent,35,118,False
10888,86,1653.0,30.0,0.04878840648150881,0.024190007902361928,3.351656936102019,opponent,35,125,False
10862,79,3849.0,52.0,0.07519193576745004,0.03731169662071773,4.176692303570854,opponent,10,120,False
71,79,603.0,7.0,0.14323040380047505,0.011004452879772246,2.402430427963762,opponent,114,120,False
79,88,3316.0,43.0,0.08488199457328624,0.03814168554963825,4.030102293493747,opponent,120,128,False
79,90,1478.0,18.0,0.08759556688200083,0.022197524930914335,3.2438935878434885,opponent,120,132,False
10862,89,5102.0,69.0,0.09140420652836002,0.04322043948969046,4.454734818056458,opponent,10,130,False
71,89,643.0,6.0,0.15273159144893111,0.009069495183153024,2.461012329588564,opponent,114,130,False
88,89,3795.0,45.0,0.09714329596068193,0.03698794358729447,4.162781723775329,opponent,128,130,False
89,90,2288.0,24.0,0.13560125644520832,0.02793139229689312,3.6669746187258863,opponent,130,132,False
107,10885,4976.0,60.0,0.09793347766187759,0.050252474247626744,4.430022832942137,opponent,6,32,False
10885,10890,3768.0,41.0,0.09640773718145533,0.042575309032564235,4.155753190350744,opponent,32,37,False
10885,77,3541.0,52.0,0.10463329590449737,0.04241378897313354,4.094622301426774,opponent,32,118,False
10885,79,2947.0,32.0,0.05757096251147707,0.029055093268131087,3.9143536207664282,opponent,32,120,False
10885,89,5416.0,57.0,0.10183130899108787,0.047054735013032145,4.513785624186239,opponent,32,130,False
10885,10889,1509.0,18.0,0.09791071892032183,0.022492509949470108,3.263849190510932,opponent,32,36,False
10885,95,397.0,7.0,0.11621779859484778,0.0070634285205942535,2.030338828672104,opponent,32,134,False
88,95,233.0,4.0,0.06820843091334895,0.005514923430140358,1.5858280467949666,opponent,128,134,False
103,10885,5419.0,71.0,0.10188771481216861,0.05062356952683451,4.514333319316315,opponent,3,32,False
103,78,846.0,15.0,0.10421286031042129,0.012712246431254695,2.714694743820879,opponent,3,119,False
107,78,357.0,7.0,0.043976348854397634,0.006095166549999146,1.9387416595767009,opponent,6,119,False
10889,78,247.0,6.0,0.03042621335304262,0.01060859854829704,1.6325031853650964,opponent,36,119,False
10885,86,3750.0,60.0,0.10386085415166454,0.04383811461036684,4.151039905898646,opponent,32,125,False
78,86,532.0,10.0,0.06553338260655334,0.012176142085507645,2.289162072661905,opponent,119,125,False
78,95,247.0,6.0,0.07230679156908665,0.0218835828829627,1.6325031853650964,opponent,119,134,False
10862,95,147.0,4.0,0.0430327868852459,0.002487856888994195,1.2383742310432684,opponent,10,134,False
10890,78,483.0,7.0,0.05949741315594974,0.01033840621588647,2.2027647577118348,opponent,37,119,False
77,78,210.0,3.0,0.025868440502586843,0.005029940119760479,1.5040773967762742,opponent,118,119,False
77,87,2121.0,30.0,0.06267360085101353,0.031599648396180034,3.5931942039795284,opponent,118,127,False
86,87,2738.0,38.0,0.07734463276836158,0.03981503024662634,3.8423155930033257,opponent,125,127,False
78,89,83.0,2.0,0.01022419315102242,0.0011013069727327008,0.8685000680378065,opponent,119,130,False
103,82,1300.0,12.0,0.10832430630780768,0.01857700167193015,3.120895416507997,opponent,3,122,False
107,82,1615.0,19.0,0.13457211899008417,0.026390613765605597,3.3292238820370663,opponent,6,122,False
10890,82,1689.0,17.0,0.14073827181068244,0.03419305206899344,3.3724549127965013,opponent,37,122,False
77,82,984.0,13.0,0.08199316723606366,0.021935397579081122,2.856470206220483,opponent,118,122,False
82,89,1460.0,11.0,0.12165652862261478,0.01874895660772303,3.2321210516182215,opponent,122,130,False
79,82,964.0,8.0,0.08032663944671277,0.015491916562208724,2.8371272433773522,opponent,120,122,False
82,86,1284.0,15.0,0.10699108407632697,0.0274224206052581,3.109060958860994,opponent,122,125,False
10877,10890,5887.0,77.0,0.15062429638726846,0.0548873722682181,4.596297607484493,opponent,24,37,False
10881,10890,4117.0,53.0,0.105337222392795,0.04579583755102949,4.243004002275074,opponent,28,37,False
10890,39,872.0,11.0,0.03393788433097221,0.013645041154195224,2.7429882524634905,opponent,37,92,False
10890,40,3901.0,49.0,0.09981066421041858,0.040095381990482355,4.189907235399816,opponent,37,94,False
10890,8889,2594.0,33.0,0.06636987002353904,0.02857079918935589,3.789478652670052,opponent,37,129,False
40,99,2793.0,47.0,0.10104920405209841,0.03211932334372161,3.8617817889913995,opponent,94,136,False
8889,99,2193.0,34.0,0.07934153400868307,0.027498777414136855,3.6256733782101436,opponent,129,136,False
10879,10890,2508.0,37.0,0.07498878756166841,0.035817826080747205,3.756538102587751,opponent,26,37,False
10880,10890,5233.0,67.0,0.13389110633507317,0.06139064534672282,4.479795909635887,opponent,27,37,False
10890,43,5339.0,69.0,0.1366032135912394,0.06437959725069335,4.4996244679961865,opponent,37,96,False
43,99,2715.0,45.0,0.09822720694645441,0.03663473215490487,3.834061463958434,opponent,96,136,False
10890,113,458.0,6.0,0.04193371177440029,0.009243561798659886,2.1556306800373823,opponent,37,46,False
113,77,408.0,4.0,0.03735579564182384,0.00919830462620615,2.0541237336955462,opponent,46,118,False
113,99,165.0,1.0,0.015107123237502289,0.004297210719587468,1.3217558399823195,opponent,46,136,False
10881,83,481.0,6.0,0.05786118128232888,0.0076636288318144155,2.199074716624381,opponent,28,123,False
39,83,86.0,2.0,0.010345242391435102,0.0025353026148993247,0.8892620594862357,opponent,92,123,False
40,83,811.0,12.0,0.0975580416215566,0.011650290179854049,2.675297414630402,opponent,94,123,False
44,83,51.0,1.0,0.006134969325153374,0.0018749310687107093,0.6151856390902335,opponent,97,123,False
83,8889,424.0,8.0,0.05100445086009864,0.0068177067421331065,2.087740344494531,opponent,123,129,False
44,99,149.0,2.0,0.007867363641163735,0.0032091320267068706,1.2479896897427103,opponent,97,136,False
10877,83,554.0,10.0,0.06664260796343077,0.006771126158058129,2.325650365925042,opponent,24,123,False
10880,83,181.0,3.0,0.021773126428485504,0.003040892443130271,1.3904523712685544,opponent,27,123,False
43,83,768.0,11.0,0.09238542042583904,0.013537810682178741,2.624668592163159,opponent,96,123,False
10862,10872,7766.0,104.0,0.14222922237280686,0.07565219085471585,4.870862240548258,opponent,10,19,False
10872,10887,7618.0,99.0,0.13951869894875646,0.06485004809697713,4.851769813338643,opponent,19,34,False
10872,75,7140.0,91.0,0.13076444086297206,0.06640748525828233,4.787491742782046,opponent,19,116,False
10872,76,5967.0,67.0,0.10928171129262665,0.05390876977422823,4.609660091260944,opponent,19,117,False
10872,88,4537.0,61.0,0.11613679414324476,0.05090260403226711,4.3388146335841276,opponent,19,128,False
10862,10875,3372.0,52.0,0.10502709773874042,0.039880783423218845,4.046553898385752,opponent,10,22,False
10875,10887,4336.0,64.0,0.13505263813617394,0.04412917145852204,4.2941057533014115,opponent,22,34,False
10875,75,4214.0,59.0,0.1312527253472871,0.047914676854504935,4.265960873656992,opponent,22,116,False
10875,76,3240.0,41.0,0.10091571668846945,0.03563650762225302,4.007333185232471,opponent,22,117,False
10875,88,1618.0,22.0,0.05039556469195789,0.023262501078298876,3.331013324805051,opponent,22,128,False
10862,10876,946.0,11.0,0.08460025040243248,0.014321615647803312,2.819392788437584,opponent,10,23,False
10876,10887,1369.0,21.0,0.12242890359506349,0.017048567870485677,3.1703856157077666,opponent,23,34,False
10876,75,1036.0,12.0,0.0926489000178859,0.014757414318680379,2.90507790528586,opponent,23,116,False
10876,76,740.0,9.0,0.06617778572706134,0.010207741330316992,2.5902671654458267,opponent,23,117,False
10876,88,196.0,1.0,0.017528170273654088,0.003915927435467114,1.4508328822574619,opponent,23,128,False
10862,21,4705.0,56.0,0.10286401399212942,0.048578774018357716,4.374708253866202,opponent,10,78,False
10887,21,5681.0,65.0,0.12420201136860516,0.051390371429088345,4.561044127945536,opponent,34,78,False
21,75,5602.0,59.0,0.1224748578924355,0.05591153162864044,4.547187903449744,opponent,78,116,False
21,76,4747.0,47.0,0.10378224748578925,0.04606725217138143,4.38348390567186,opponent,78,117,False
21,88,2724.0,28.0,0.06972815235754877,0.0331863258692527,3.8372994592322094,opponent,78,128,False
10862,25,998.0,13.0,0.10468897513899088,0.01550821251534505,2.869791050196144,opponent,10,82,False
10887,25,1581.0,24.0,0.16584495961397253,0.020155789849437142,3.3087165288679903,opponent,34,82,False
25,75,1377.0,16.0,0.14444560998636316,0.020187063859731427,3.175968323856924,opponent,82,116,False
25,76,885.0,12.0,0.09283541382565824,0.012517680339462517,2.7568403652716422,opponent,82,117,False
25,88,204.0,2.0,0.02139934962760936,0.00421531149912181,1.4816045409242156,opponent,82,128,False
10872,90,1073.0,15.0,0.06359272210039708,0.01524104428851453,2.9382796988059057,opponent,19,132,False
10875,90,998.0,14.0,0.05914775084454454,0.02079989996040099,2.869791050196144,opponent,22,132,False
21,90,1059.0,14.0,0.06276299413263794,0.017204405887513402,2.9258461460898246,opponent,78,132,False
25,90,631.0,8.0,0.0661911255638309,0.024481086323957322,2.4437952615455694,opponent,82,132,False
10862,34,5748.0,73.0,0.11485203908326173,0.05741282699241887,4.572646994282532,opponent,10,89,False
10887,34,7284.0,70.0,0.14554318940196215,0.06431788079470199,4.807294370078226,opponent,34,89,False
34,75,7360.0,72.0,0.14706176194377285,0.07163505056305539,4.817589773939326,opponent,89,116,False
34,76,5931.0,51.0,0.11850860191420065,0.055864290558360334,4.603669059861824,opponent,89,117,False
34,90,673.0,9.0,0.03988620873585017,0.010158950593989162,2.502801139664551,opponent,89,132,False
10875,5948,1435.0,23.0,0.17222755640902546,0.03679204163782273,3.215536923602686,opponent,22,108,False
10875,87,1259.0,18.0,0.03921385410826637,0.019004634172113455,3.090284590495214,opponent,22,127,False
21,5948,1527.0,24.0,0.18326932309169466,0.029060805024264915,3.2752561583043085,opponent,78,108,False
21,87,1897.0,21.0,0.053587570621468926,0.023939023005186577,3.4848234051739757,opponent,78,127,False
10862,22,2766.0,35.0,0.11718352821555668,0.0360832811521603,3.8522730010223722,opponent,10,79,False
22,5948,803.0,11.0,0.09637542006721075,0.025792567372241674,2.6660701288613273,opponent,79,108,False
22,75,4628.0,41.0,0.19606846297237757,0.05855855855855856,4.358416769034748,opponent,79,116,False
22,87,552.0,8.0,0.02338586680223691,0.009443646068569083,2.322387720290225,opponent,79,127,False
22,90,534.0,5.0,0.03164819534167013,0.013369050897528979,2.2925347571405443,opponent,79,132,False
25,5948,1149.0,18.0,0.13790206433029284,0.06873653984206748,3.0032042883926917,opponent,82,108,False
25,87,373.0,7.0,0.03912724221126613,0.008370736086175943,1.9763931657803893,opponent,82,127,False
34,5948,894.0,12.0,0.10729716754680749,0.015551883099939115,2.766319109226186,opponent,89,108,False
34,87,1829.0,20.0,0.051666666666666666,0.021873280872539404,3.4494583052794088,opponent,89,127,False
10872,5948,1040.0,17.0,0.12481997119539126,0.016802921123210652,2.908720896564361,opponent,19,108,False
10872,87,2657.0,35.0,0.07505649717514125,0.030419600435056385,3.812939047204247,opponent,19,127,False
10876,5948,1183.0,20.0,0.14198271723475756,0.0645354863346244,3.03093852928861,opponent,23,108,False
10876,87,409.0,8.0,0.036576641030227154,0.00885799060056743,2.0562582062241788,opponent,23,127,False
10876,90,702.0,10.0,0.06277946700053658,0.02566446093664315,2.5416019934645457,opponent,23,132,False
10862,28,2296.0,30.0,0.1042309787543127,0.030390469887491726,3.6703759825493765,opponent,10,84,False
28,5948,329.0,6.0,0.039486317810849735,0.010955346142319604,1.8692347813963457,opponent,84,108,False
28,75,2636.0,26.0,0.119665879789359,0.033178934649078645,3.805179909810097,opponent,84,116,False
28,87,920.0,13.0,0.04176502633012529,0.016280880583280245,2.793208009442517,opponent,84,127,False
28,90,155.0,3.0,0.009186273928761927,0.004000412945852475,1.2762934659055623,opponent,84,132,False
10874,10887,4449.0,53.0,0.12720150960658738,0.0440433999247629,4.319486116198983,opponent,21,34,False
10874,5948,304.0,4.0,0.03648583773403745,0.007069109850246488,1.80280930541464,opponent,21,108,False
10874,75,4679.0,59.0,0.13377744739249772,0.051785773576970326,4.369236859745488,opponent,21,116,False
10874,87,1714.0,18.0,0.04900503202195791,0.024962861553697823,3.386647600647424,opponent,21,127,False
10874,90,344.0,6.0,0.020387601493510342,0.006678963207455587,1.9070703157390494,opponent,21,132,False
10872,10885,5581.0,72.0,0.10493362915052834,0.05460487050789085,4.543472071517876,opponent,19,32,False
10874,10885,2953.0,36.0,0.08442932296431839,0.03465596357192315,3.9163469769082004,opponent,21,32,False
10875,10885,3367.0,54.0,0.10487136360804834,0.041098565761367105,4.0450959596525085,opponent,22,32,False
10876,10885,1019.0,18.0,0.09112859953496691,0.01608549464079938,2.889445403036034,opponent,23,32,False
10885,21,5082.0,61.0,0.11110625273283778,0.054153701888240056,4.450852825603734,opponent,32,78,False
10885,25,1128.0,20.0,0.11832581558795761,0.018314364111639687,2.9856819377004897,opponent,32,82,False
10885,24,1061.0,14.0,0.03573954929767238,0.012968757639466094,2.927631860850059,opponent,32,81,False
10887,24,715.0,10.0,0.024084616161956413,0.007188891905207171,2.5585184671312464,opponent,34,81,False
24,5948,120.0,3.0,0.014402304368698993,0.0031663104567402835,1.0986122886681098,opponent,81,108,False
24,87,309.0,5.0,0.010408596355307036,0.004770138009818148,1.8164520818184267,opponent,81,127,False
24,90,72.0,2.0,0.004267172405618444,0.0015487867836861124,0.7884573603642702,opponent,81,132,False
10885,34,6365.0,62.0,0.12718045037664596,0.06570797373745715,4.67360734754132,opponent,32,89,False
10872,82,732.0,14.0,0.06099491709024248,0.01111262922985836,2.580216829592325,opponent,19,122,False
10875,82,1009.0,19.0,0.08407632697275227,0.023411759246368742,2.8801343488029447,opponent,22,122,False
10876,82,851.0,15.0,0.07610445358612056,0.03810675264194877,2.720198335037858,opponent,23,122,False
21,82,967.0,17.0,0.0805766186151154,0.017032444428787825,2.8400526477064574,opponent,78,122,False
25,82,828.0,15.0,0.08685618378264974,0.03998840915676616,2.6946271807700692,opponent,82,122,False
10862,10874,4986.0,63.0,0.14255489478499542,0.05810647025918329,4.432006566978902,opponent,10,21,False
10874,76,3745.0,39.0,0.10707342177493138,0.04014665051509921,4.149726708073685,opponent,21,117,False
10874,82,338.0,4.0,0.028164319640029998,0.007247153669675594,1.892107443062337,opponent,21,122,False
10885,22,3836.0,34.0,0.16251482799525505,0.05258107848781424,4.1733611025403246,opponent,32,79,False
10887,22,4277.0,38.0,0.18119810201660735,0.047620638207851784,4.280593581613266,opponent,34,79,False
22,76,3693.0,30.0,0.15645653279105237,0.04505691592547857,4.13596623691292,opponent,79,117,False
22,82,395.0,8.0,0.032913923839680025,0.01121840386253905,2.02595285672885,opponent,79,122,False
10862,24,584.0,11.0,0.01967191026375181,0.0068769797812084175,2.373354163882253,opponent,10,81,False
24,76,885.0,11.0,0.029811028396267727,0.00974090298721025,2.7568403652716422,opponent,81,117,False
24,82,80.0,2.0,0.00666611115740355,0.0019227071716977505,0.8472978603872036,opponent,81,122,False
24,75,938.0,11.0,0.0315963216222589,0.010562468329485953,2.8114087140893633,opponent,81,116,False
34,82,503.0,9.0,0.04191317390217482,0.008172881631326671,2.2389350659175897,opponent,89,122,False
10875,84,147.0,1.0,0.09286165508528112,0.004382565142209767,1.2383742310432684,opponent,22,124,False
21,84,147.0,1.0,0.09286165508528112,0.003115991181956927,1.2383742310432684,opponent,78,124,False
22,84,147.0,1.0,0.09286165508528112,0.005870607028753994,1.2383742310432684,opponent,79,124,False
25,84,147.0,1.0,0.09286165508528112,0.013401403956604978,1.2383742310432684,opponent,82,124,False
34,84,147.0,1.0,0.09286165508528112,0.002855311462036012,1.2383742310432684,opponent,89,124,False
10872,71,532.0,7.0,0.12636579572446555,0.0091283459162663,2.289162072661905,opponent,19,114,False
10874,71,130.0,2.0,0.030878859857482184,0.003328553871364195,1.1526795099383853,opponent,21,114,False
10875,71,397.0,6.0,0.09429928741092637,0.011052646231799326,2.030338828672104,opponent,22,114,False
21,71,483.0,7.0,0.11472684085510688,0.009764085147674207,2.2027647577118348,opponent,78,114,False
34,71,403.0,5.0,0.09572446555819478,0.007483195305826865,2.0433824918641332,opponent,89,114,False
22,71,356.0,4.0,0.0845605700712589,0.012965256027387283,1.9363406980391626,opponent,79,114,False
10876,71,294.0,5.0,0.06983372921615202,0.019472777851371043,1.7749523509116738,opponent,23,114,False
10885,28,2516.0,28.0,0.11421826765934265,0.03460893009436298,3.7596485250021434,opponent,32,84,False
10887,28,3566.0,39.0,0.16188487379698566,0.040090388874523604,4.101540829092696,opponent,34,84,False
28,71,125.0,3.0,0.029691211401425176,0.004786887757055873,1.1260112628562242,opponent,84,114,False
28,82,182.0,4.0,0.015165402883093076,0.005377138298815257,1.3945931639345857,opponent,84,122,False
25,71,15.0,1.0,0.0035629453681710215,0.0010926573426573427,0.22314355131420976,opponent,82,114,False
10871,10885,155.0,4.0,0.13157894736842105,0.00285930380564113,1.2762934659055623,opponent,18,32,False
10871,10887,103.0,3.0,0.08743633276740238,0.0014393113663676252,0.9994056385846616,opponent,18,34,False
10871,5948,58.0,1.0,0.04923599320882852,0.006136267456622937,0.6763400622435641,opponent,18,108,False
10871,75,87.0,2.0,0.07385398981324279,0.001422800791535153,0.8960880245566356,opponent,18,116,False
10871,82,155.0,4.0,0.13157894736842105,0.01190110565110565,1.2762934659055623,opponent,18,122,False
10873,10885,490.0,9.0,0.058661558721417456,0.008026339497780472,2.2155737160044158,opponent,20,32,False
10873,10887,831.0,14.0,0.09948521489285286,0.010652617005730109,2.6979998652487085,opponent,20,34,False
10873,5948,58.0,1.0,0.006961113778204513,0.0034883021591387503,0.6763400622435641,opponent,20,108,False
10873,75,1008.0,17.0,0.1206752065126302,0.014955267725998131,2.8791984572980396,opponent,20,116,False
10873,82,155.0,4.0,0.01855620735065246,0.007673647210257934,1.2762934659055623,opponent,20,122,False
10862,10871,97.0,3.0,0.08234295415959253,0.0017047751278581346,0.9619012431262074,opponent,10,18,False
10862,10873,1207.0,22.0,0.1444989824015324,0.019169684264023885,3.0500626180990382,opponent,10,20,False
10871,10886,68.0,2.0,0.13793103448275862,0.042420461634435434,0.7576857016975165,opponent,18,33,False
10872,10886,68.0,2.0,0.13793103448275862,0.0012357569920220983,0.7576857016975165,opponent,19,33,False
10873,10886,68.0,2.0,0.13793103448275862,0.007746639325586694,0.7576857016975165,opponent,20,33,False
10875,10886,68.0,2.0,0.13793103448275862,0.002090313854477268,0.7576857016975165,opponent,22,33,False
10886,34,68.0,2.0,0.13793103448275862,0.0013472816611190363,0.7576857016975165,opponent,33,89,False
10871,80,52.0,1.0,0.044142614601018676,0.0073821692220329355,0.6241543090729939,opponent,18,121,False
10872,80,883.0,14.0,0.149205812774586,0.01480624444556232,2.7547217204113568,opponent,19,121,False
10873,80,382.0,8.0,0.0645488340655627,0.027503779969760243,1.9969653198555974,opponent,20,121,False
10875,80,150.0,3.0,0.025346400811084826,0.00396050060727676,1.252762968495368,opponent,22,121,False
34,80,623.0,8.0,0.10527205136870564,0.01125727295724766,2.4321502973486893,opponent,89,121,False
10,16,4229.0,53.0,0.0763633080534489,0.03937763045178591,4.2694643222947795,opponent,1,75,False
10867,16,2915.0,27.0,0.08403724738374607,0.03311860208823295,3.9036547557576293,opponent,14,75,False
10870,16,1585.0,18.0,0.08900494159928123,0.021871722691394823,3.3111511009773715,opponent,17,75,False
14,16,3562.0,37.0,0.06333007378433639,0.032320995943996296,4.100437076221258,opponent,65,75,False
16,4,766.0,3.0,0.04138080060504565,0.010352750371671847,2.6222502112988773,opponent,75,93,False
10,54,7897.0,89.0,0.1425966052726616,0.06649209369684926,4.887462761155434,opponent,1,103,False
10867,54,3259.0,25.0,0.09395450745235967,0.03172980498680764,4.013074249497874,opponent,14,103,False
10870,54,2954.0,33.0,0.16588050314465408,0.034294205742015624,3.9166788169643403,opponent,17,103,False
14,54,8501.0,88.0,0.14778179542451847,0.07066147989293967,4.960627722520385,opponent,65,103,False
4,54,1720.0,11.0,0.09291772459618605,0.019529032404568884,3.39002408106403,opponent,93,103,False
10,57,6693.0,76.0,0.12085590465872156,0.06196992703973927,4.723397567352741,opponent,1,106,False
10867,57,2615.0,17.0,0.07538847406809468,0.02861394697392465,3.7973600971080064,opponent,14,106,False
10870,57,2560.0,26.0,0.14375561545372867,0.03433246161067525,3.7765850345330416,opponent,17,106,False
14,57,7822.0,79.0,0.13597802656282595,0.07174896119025125,4.877992395532848,opponent,65,106,False
4,57,1769.0,12.0,0.09556479930851926,0.02325826003497285,3.417180086168765,opponent,93,106,False
10,62,3341.0,34.0,0.09661654135338346,0.038571214167792287,4.037480222785095,opponent,1,110,False
10867,62,1526.0,11.0,0.04412955465587044,0.02252697775350231,3.2746258399726926,opponent,14,110,False
10870,62,2049.0,18.0,0.11506064690026954,0.04070402669898091,3.5596246182566738,opponent,17,110,False
14,62,3501.0,29.0,0.1012434933487565,0.03951333476293128,4.083452121055677,opponent,65,110,False
4,62,1461.0,6.0,0.07892604397385339,0.02829750145264381,3.232778730037192,opponent,93,110,False
10,68,8552.0,101.0,0.15442397977609246,0.07826628107039572,4.966567296262153,opponent,1,112,False
10867,68,3411.0,30.0,0.09833655259895638,0.036397200051218576,4.0578534536396855,opponent,14,112,False
10870,68,3204.0,39.0,0.17991913746630728,0.04158662582420435,3.996364153861897,opponent,17,112,False
14,68,8703.0,93.0,0.15129337320075098,0.07822147922452612,4.9839490288337505,opponent,65,112,False
4,68,1830.0,13.0,0.09886013721570958,0.0231291313304938,3.449987545831587,opponent,93,112,False
10869,16,2396.0,38.0,0.07193898997177686,0.027491251219092423,3.711944727044932,opponent,16,75,False
16,2,69.0,2.0,0.010948905109489052,0.001104388744838183,0.7654678421395714,opponent,75,77,False
10869,54,5734.0,71.0,0.17216117216117216,0.05800414748874615,4.570233616107195,opponent,16,103,False
2,54,122.0,5.0,0.019358933671850206,0.0015749454578314807,1.1096621248546947,opponent,77,103,False
10,58,5959.0,85.0,0.10944387305318837,0.05737034148783564,4.60833184932567,opponent,1,107,False
10869,58,5662.0,80.0,0.16999939950759624,0.0689713979437704,4.557729111387955,opponent,16,107,False
10870,58,1796.0,32.0,0.10085354896675651,0.025489639511779735,3.4318343511240452,opponent,17,107,False
14,58,5194.0,77.0,0.09539377020276227,0.04864297889078274,4.472400408023384,opponent,65,107,False
2,58,157.0,7.0,0.02491272611869248,0.002591058373079399,1.2855527913183589,opponent,77,107,False
10869,62,2628.0,33.0,0.07890470185552152,0.040270924637592326,3.8022081394209395,opponent,16,110,False
2,62,101.0,2.0,0.016026658203744843,0.002476643534979525,0.9870598027623623,opponent,77,110,False
10869,68,5862.0,76.0,0.17600432354530715,0.06521739130434782,4.592084946439436,opponent,16,112,False
2,68,144.0,6.0,0.022849888924151063,0.0020991865652059826,1.2237754316221157,opponent,77,112,False
10,10861,4024.0,42.0,0.1058056373580143,0.04501722826330156,4.220487617062456,opponent,1,9,False
10861,10869,3148.0,39.0,0.09451750435356993,0.04616512685144449,3.9790584067643047,opponent,9,16,False
10861,10870,1645.0,21.0,0.09237421383647798,0.03035335363040871,3.3469758274955166,opponent,9,17,False
10861,14,3706.0,42.0,0.09744425746739588,0.04034839412084921,4.139424146994997,opponent,9,65,False
10861,2,88.0,5.0,0.013963821009203427,0.001988880350766171,0.9028677115420143,opponent,9,77,False
10,10884,419.0,6.0,0.047962454212454216,0.00657801780303625,2.0773560351888145,opponent,1,31,False
10869,10884,430.0,7.0,0.04922161172161172,0.010333557627607421,2.1000608288825715,opponent,16,31,False
10870,10884,140.0,4.0,0.016025641025641024,0.005302226935312832,1.2039728043259361,opponent,17,31,False
10884,14,289.0,6.0,0.03308150183150183,0.004380712737414924,1.7607273599803264,opponent,31,65,False
10884,2,156.0,4.0,0.024754046334496984,0.01048246203467276,1.2809338454620642,opponent,31,77,False
10861,7,127.0,4.0,0.13597430406852248,0.0032699091119750764,1.136764054632486,opponent,9,113,False
10884,7,42.0,2.0,0.044967880085653104,0.0043622766929788115,0.5306282510621704,opponent,31,113,False
54,7,79.0,3.0,0.08458244111349036,0.001095123236019851,0.8401293709085911,opponent,103,113,False
58,7,164.0,5.0,0.17558886509635974,0.002970045999492919,1.3173014896329391,opponent,107,113,False
68,7,79.0,3.0,0.08458244111349036,0.0012481238644442688,0.8401293709085911,opponent,112,113,False
10861,10865,1903.0,27.0,0.0578419452887538,0.027568123542279332,3.48788463205436,opponent,9,13,False
10865,10884,331.0,5.0,0.037889194139194136,0.0080135576806682,1.874362997763265,opponent,13,31,False
10865,54,2266.0,32.0,0.06887537993920972,0.022233778466791605,3.657560770856509,opponent,13,103,False
10865,58,3188.0,49.0,0.09689969604863222,0.03788022813688213,3.991450139059468,opponent,13,107,False
10865,68,2970.0,47.0,0.09027355623100304,0.03215329652484573,3.9219733362813143,opponent,13,112,False
10861,13,392.0,6.0,0.036387264457439894,0.00809699874000785,2.0193376176101303,opponent,9,56,False
10884,13,223.0,3.0,0.025526556776556776,0.011562791662345744,1.551102335421137,opponent,31,56,False
10865,12,3070.0,48.0,0.09331306990881459,0.0438834729409074,3.954443721312098,opponent,13,50,False
10869,12,3138.0,51.0,0.09421725815168439,0.04463980880846705,3.975936331171799,opponent,16,50,False
10870,12,810.0,12.0,0.045485175202156336,0.014179182858943389,2.6741486494265287,opponent,17,50,False
12,13,525.0,10.0,0.04873294346978557,0.010421629347308241,2.277267285009756,opponent,50,56,False
12,14,2411.0,44.0,0.06008273524720893,0.025314727900799024,3.718033643766509,opponent,50,65,False
13,58,650.0,12.0,0.06033602524830595,0.010066438494060801,2.4709204078132605,opponent,56,107,False
13,68,524.0,9.0,0.04864011881555741,0.007208793627646549,2.2755564206061263,opponent,56,112,False
10861,10863,615.0,9.0,0.05611313868613139,0.012712652706864832,2.4203681286504293,opponent,9,11,False
10861,10867,2018.0,18.0,0.0581774151699484,0.028542736312074792,3.544816609437072,opponent,9,14,False
10,12,3818.0,56.0,0.09514553429027113,0.041640309739339076,4.168730273580496,opponent,1,50,False
10863,12,935.0,16.0,0.08531021897810219,0.01864295256515064,2.808398174936492,opponent,11,50,False
10867,12,1391.0,19.0,0.040101478940236975,0.018944759206798868,3.185663690662087,opponent,14,50,False
10863,16,859.0,13.0,0.07837591240875913,0.012947276399481506,2.7289415601335865,opponent,11,75,False
10865,16,1648.0,25.0,0.050091185410334346,0.018834931483365142,3.3487338121264143,opponent,13,75,False
10,3129,1731.0,18.0,0.07140499958749279,0.02222336341810992,3.396184839838611,opponent,1,87,False
10863,3129,345.0,6.0,0.031478102189781025,0.009897581547465359,1.9095425048844386,opponent,11,87,False
10865,3129,543.0,9.0,0.022399141984984737,0.009593809077898903,2.307572634505085,opponent,13,87,False
10867,3129,1137.0,8.0,0.04690207078623876,0.019674003322259135,2.9932291433358724,opponent,14,87,False
10869,3129,543.0,9.0,0.022399141984984737,0.009525480221033243,2.307572634505085,opponent,16,87,False
10863,58,613.0,9.0,0.05593065693430657,0.009460606528281503,2.417400767422627,opponent,11,107,False
10867,58,1972.0,25.0,0.05685126992821518,0.022624278650344755,3.522431246476272,opponent,14,107,False
10861,3,1035.0,14.0,0.0505420451215939,0.01800782949108308,2.9041650800285006,opponent,9,86,False
12,3,1767.0,27.0,0.0862877234104893,0.03003110182022128,3.416085994155906,opponent,50,86,False
16,3,1965.0,31.0,0.09595663639027249,0.02628481232777763,3.518980417318539,opponent,75,86,False
3,3129,206.0,4.0,0.010059576130481493,0.004627757559419509,1.4891517465595983,opponent,86,87,False
3,58,2445.0,33.0,0.1193964254321711,0.03373297829776079,3.7316994512968646,opponent,86,107,False
13,16,294.0,5.0,0.02729044834307992,0.0044062106588334034,1.7749523509116738,opponent,56,75,False
10865,62,1592.0,23.0,0.04838905775075988,0.02416221466731423,3.3153973918588227,opponent,13,110,False
13,62,36.0,1.0,0.003341687552213868,0.000794403866098815,0.4700036292457355,opponent,56,110,False
3,62,771.0,14.0,0.03765016114854966,0.014202295208797686,2.6282852326333477,opponent,86,110,False
3,68,1811.0,25.0,0.08843637073933001,0.022328528980235983,3.439883764051989,opponent,86,112,False
16,5,3677.0,46.0,0.0872505516930451,0.03882336792980752,4.131693867263383,opponent,75,101,False
5,54,4772.0,61.0,0.11323351446266283,0.04391922984887809,4.38867117739255,opponent,101,103,False
5,57,4097.0,55.0,0.09721661960467931,0.0420796401096926,4.238204377030537,opponent,101,106,False
5,62,1781.0,22.0,0.05150375939849624,0.023765044968108672,3.4237196190109773,opponent,101,110,False
5,68,5139.0,70.0,0.1219419595187813,0.05167732593218294,4.4618770161616155,opponent,101,112,False
10869,57,4798.0,61.0,0.14405812766468504,0.05463136920011386,4.394037547340017,opponent,16,106,False
3,54,1704.0,24.0,0.08321125109874011,0.018921349811785868,3.380994674344636,opponent,86,103,False
3,57,1696.0,24.0,0.0828205879480418,0.02171602709381682,3.3764492119729614,opponent,86,106,False
10865,57,1618.0,29.0,0.049179331306990884,0.01785891676508571,3.331013324805051,opponent,13,106,False
2,57,24.0,2.0,0.003808314820691844,0.00036588154584953124,0.33647223662121295,opponent,77,106,False
13,54,360.0,5.0,0.03341687552213868,0.004406580493537015,1.9459101490553132,opponent,56,103,False
12,7,85.0,2.0,0.09100642398286937,0.002074334382702492,0.8823891801984738,opponent,50,113,False
16,7,85.0,2.0,0.09100642398286937,0.0014887729008302099,0.8823891801984738,opponent,75,113,False
62,7,59.0,1.0,0.06316916488222699,0.001664081229727824,0.6847789308894286,opponent,110,113,False
57,7,63.0,2.0,0.06745182012847965,0.0010467202764670698,0.7178397931503169,opponent,106,113,False
10861,5,2595.0,31.0,0.06823201514514093,0.03344934261407579,3.7898553714539385,opponent,9,101,False
12,5,3245.0,45.0,0.08086622807017543,0.041062435147926,4.008847190063686,opponent,50,101,False
10863,57,342.0,6.0,0.031204379562043794,0.004890255237005791,1.9021075263969205,opponent,11,106,False
5,58,4427.0,63.0,0.10504710153524903,0.04803393949915368,4.314595043753883,opponent,101,107,False
10863,62,148.0,4.0,0.013503649635036497,0.0032604864293267538,1.2431935174792172,opponent,11,110,False
13,57,299.0,5.0,0.027754571614220735,0.004284220028370421,1.7889778262661782,opponent,56,106,False
4,58,347.0,6.0,0.01874561071795149,0.004778824436732221,1.9144686232204944,opponent,93,107,False
12,2,96.0,4.0,0.015233259282767376,0.002071912634350585,0.9555114450274363,opponent,50,77,False
12,4,210.0,4.0,0.01134460590999946,0.003594105666706601,1.5040773967762742,opponent,50,93,False
10863,60,185.0,3.0,0.16910420475319926,0.015586822815738479,1.4069136483226263,opponent,11,109,False
10865,60,61.0,2.0,0.055758683729433274,0.0017976600948928772,0.7014459833746404,opponent,13,109,False
14,60,22.0,1.0,0.02010968921389397,0.00037545224930029354,0.31237468504215243,opponent,65,109,False
2,60,185.0,3.0,0.16910420475319926,0.025655248925253085,1.4069136483226263,opponent,77,109,False
4,60,61.0,2.0,0.055758683729433274,0.0031211625051166597,0.7014459833746404,opponent,93,109,False
10863,64,185.0,3.0,0.0960539979231568,0.014565782221872294,1.4069136483226263,opponent,11,111,False
10865,64,124.0,3.0,0.06438213914849429,0.0035732810789003517,1.120591195386885,opponent,13,111,False
14,64,22.0,1.0,0.01142263759086189,0.0003701958672679545,0.31237468504215243,opponent,65,111,False
2,64,185.0,3.0,0.0960539979231568,0.02300136764888723,1.4069136483226263,opponent,77,111,False
4,64,61.0,2.0,0.03167185877466251,0.0029937180997251667,0.7014459833746404,opponent,93,111,False
10863,68,305.0,6.0,0.027828467153284672,0.004172652028182502,1.8055527913603908,opponent,11,112,False
10864,12,74.0,3.0,0.005638524839987808,0.001391552897814886,0.8034952377288107,opponent,12,50,False
10863,55,677.0,11.0,0.10470151562016702,0.04042032360140904,2.508243329967236,opponent,11,104,False
10864,55,198.0,4.0,0.030621713578719456,0.01021039603960396,1.4586150226995167,opponent,12,104,False
10865,55,810.0,13.0,0.12527064645839778,0.02100840336134454,2.6741486494265287,opponent,13,104,False
2,55,198.0,4.0,0.03141859727070771,0.015751789976133652,1.4586150226995167,opponent,77,104,False
4,55,39.0,1.0,0.006031549644293226,0.001563878418477825,0.5007752879124893,opponent,93,104,False
10863,56,163.0,2.0,0.0931961120640366,0.012992188745416865,1.3128272092380182,opponent,11,105,False
10864,56,163.0,2.0,0.0931961120640366,0.011080897348742352,1.3128272092380182,opponent,12,105,False
10865,56,39.0,1.0,0.022298456260720412,0.001126841953192719,0.5007752879124893,opponent,13,105,False
2,56,163.0,2.0,0.0931961120640366,0.020664300202839755,1.3128272092380182,opponent,77,105,False
4,56,39.0,1.0,0.022298456260720412,0.0019286879976262302,0.5007752879124893,opponent,93,105,False
10864,60,163.0,2.0,0.1489945155393053,0.01159729633582355,1.3128272092380182,opponent,12,109,False
10864,64,163.0,2.0,0.08463136033229492,0.010949150265332169,1.3128272092380182,opponent,12,111,False
10876,45,909.0,11.0,0.08129136111607942,0.019540822907261706,2.7819200496686656,opponent,23,98,False
25,45,1326.0,18.0,0.13909577257946082,0.029829928912084944,3.139832617527748,opponent,82,98,False
45,867,1321.0,14.0,0.11457068516912403,0.02843673311232617,3.1362185911871916,opponent,98,126,False
10872,12668,777.0,13.0,0.04302802082179644,0.010809231668127374,2.6354795082673745,opponent,19,54,False
10874,12668,640.0,10.0,0.03544135563185292,0.012215139138069245,2.456735772821304,opponent,21,54,False
10876,12668,735.0,11.0,0.06573063852620283,0.02578495000877039,2.583997552432231,opponent,23,54,False
12668,24,295.0,5.0,0.016336249861557205,0.006217070600632244,1.777773227253315,opponent,54,81,False
12668,867,1250.0,19.0,0.10841283607979185,0.04411038181946503,3.0834378539730967,opponent,54,126,False
12668,21,1026.0,17.0,0.05681692324731421,0.01634486713821449,2.89591193827178,opponent,54,78,False
12668,22,727.0,11.0,0.04025916491305792,0.017759863197752534,2.5738836861953027,opponent,54,79,False
10875,12668,615.0,12.0,0.03405692767748367,0.012411955841692062,2.4203681286504293,opponent,22,54,False
12668,25,435.0,7.0,0.045630966117696424,0.016018559434379142,2.1102132003465894,opponent,54,82,False
10872,10891,1436.0,23.0,0.0804797399540436,0.02022278866059232,3.2162055963123217,opponent,19,38,False
10874,10891,1641.0,27.0,0.09196883932074203,0.032064558990191096,3.3446270301737613,opponent,21,38,False
10875,10891,53.0,1.0,0.0029703525191952028,0.001062209395542729,0.6330432564902398,opponent,22,38,False
10891,25,180.0,5.0,0.018881779083184728,0.006618620385350787,1.3862943611198906,opponent,38,82,False
10891,867,53.0,1.0,0.004596704249783174,0.0018076398362892223,0.6330432564902398,opponent,38,126,False
16,8889,3434.0,32.0,0.06323892305992412,0.03205960060870296,4.064457928471901,opponent,75,129,False
54,8889,4727.0,48.0,0.08705020072925491,0.039112015754025384,4.379314627170408,opponent,103,129,False
57,8889,3418.0,35.0,0.06294427461235313,0.031016052485912105,4.059868132692127,opponent,106,129,False
62,8889,1516.0,15.0,0.04384037015615963,0.017352288075452693,3.268300708195724,opponent,110,129,False
68,8889,2976.0,33.0,0.05480461124820449,0.026158957860872318,3.92395157629342,opponent,112,129,False
10877,3129,2503.0,33.0,0.10325055688474548,0.026127894110524227,3.7545891641419704,opponent,24,87,False
10880,3129,3522.0,47.0,0.14528504248824353,0.048842046872833174,4.089332020398556,opponent,27,87,False
10881,3129,1774.0,25.0,0.073178780628661,0.022919896640826873,3.4199100905943096,opponent,28,87,False
113,3129,1210.0,16.0,0.11078557040835012,0.03563644931377746,3.0524276172305362,opponent,46,87,False
3129,40,2772.0,39.0,0.11434700107251877,0.033165829145728645,3.8543938925915096,opponent,87,94,False
10860,8889,3285.0,43.0,0.08322987661202463,0.03630395862343346,4.020877410340228,opponent,8,129,False
12,39,1905.0,32.0,0.07414182299369503,0.029804277422282022,3.488902962081261,opponent,50,92,False
12,8889,1545.0,24.0,0.038501794258373204,0.016633471497012435,3.2865344733420154,opponent,50,129,False
3129,39,1360.0,21.0,0.056100981767180924,0.027997364953886692,3.164067588373206,opponent,87,92,False
3129,8889,1729.0,23.0,0.07132249814371751,0.02250862461758771,3.3950675212866184,opponent,87,129,False
58,8889,3468.0,38.0,0.06386505101101249,0.03294010372143386,4.074141854904581,opponent,107,129,False
10884,113,620.0,9.0,0.07097069597069597,0.03256644605525791,2.4277482359480516,opponent,31,46,False
10884,39,439.0,7.0,0.050251831501831504,0.012915183430908181,2.118261533529418,opponent,31,92,False
10884,8889,206.0,4.0,0.02358058608058608,0.003278584160937102,1.4891517465595983,opponent,31,129,False
10879,16,3056.0,43.0,0.09137389744356406,0.035274834360643624,3.949960844768538,opponent,26,75,False
10879,12,1841.0,34.0,0.05504559724921513,0.02566497518541237,3.4557907802663284,opponent,26,50,False
10876,10889,1045.0,15.0,0.09345376497943123,0.04090179654781009,2.9132560517297525,opponent,23,36,False
10876,10890,972.0,12.0,0.0869254158468968,0.01971842414898365,2.8449093838194073,opponent,23,37,False
10876,77,1157.0,15.0,0.10346986227866213,0.026375179519912462,3.0097995307654264,opponent,23,118,False
10876,95,233.0,1.0,0.06820843091334895,0.016219979115906717,1.5858280467949666,opponent,23,134,False
10889,21,1454.0,19.0,0.09434207111341812,0.024355924821602065,3.2281658717752935,opponent,36,78,False
10890,21,4109.0,57.0,0.10513253505270699,0.05090751409279564,4.2410869156586966,opponent,37,78,False
21,77,1613.0,21.0,0.04766266769103481,0.020687709217766036,3.328029138764723,opponent,78,118,False
21,95,427.0,2.0,0.125,0.008762749081655688,2.0939195608604892,opponent,78,134,False
10889,24,861.0,11.0,0.0558655593044381,0.01946290519462905,2.731115474033206,opponent,36,81,False
10890,24,1916.0,17.0,0.0645400343584734,0.028659038217036872,3.4944853160857123,opponent,37,81,False
24,77,2039.0,24.0,0.06868326203388689,0.03315986339242153,3.5548717575985322,opponent,81,118,False
24,95,233.0,1.0,0.06820843091334895,0.007088530574992394,1.5858280467949666,opponent,81,134,False
10889,29,1210.0,16.0,0.07851025175188166,0.014858293629353111,3.0524276172305362,opponent,36,85,False
10890,29,4200.0,55.0,0.10746085354620817,0.04112889010752267,4.2626798770413155,opponent,37,85,False
29,77,4200.0,56.0,0.1241061402990367,0.04335439118047814,4.2626798770413155,opponent,85,118,False
29,95,478.0,4.0,0.13992974238875877,0.006811833779855213,2.1935139979396836,opponent,85,134,False
10889,867,1631.0,24.0,0.1414570685169124,0.06443838647228478,3.3387307866764795,opponent,36,126,False
10890,867,1788.0,23.0,0.15507372072853426,0.03661983369516241,3.427514689979529,opponent,37,126,False
77,867,1623.0,26.0,0.14076322636600175,0.03709799081121854,3.3339886319687055,opponent,118,126,False
867,89,1848.0,26.0,0.16027753686036428,0.023996260323066534,3.459466289786131,opponent,126,130,False
867,95,427.0,2.0,0.125,0.02940973896273848,2.0939195608604892,opponent,126,134,False
10875,10889,958.0,13.0,0.062159356345704644,0.020575601374570446,2.8312506348883675,opponent,22,36,False
10875,77,2220.0,31.0,0.06914595402728461,0.0348355510921416,3.6375861597263857,opponent,22,118,False
106,24,1363.0,21.0,0.04591235220803719,0.01984132760754058,3.166178035867752,opponent,5,81,False
10872,10889,955.0,19.0,0.06196470282896444,0.013828755122431544,2.828299329253787,opponent,19,36,False
10872,77,3249.0,53.0,0.09600496424561196,0.03813604084746757,4.0100567456995115,opponent,19,118,False
10874,10889,87.0,2.0,0.005644951985465871,0.001729587880956641,0.8960880245566356,opponent,21,36,False
10874,77,1807.0,29.0,0.05339518940960936,0.0269657220456343,3.437743581319622,opponent,21,118,False
101,867,819.0,13.0,0.13707112970711297,0.04908306364617044,2.6844403354630764,opponent,2,126,False
106,867,1199.0,19.0,0.10398959236773633,0.023647982328113288,3.0437284718222464,opponent,5,126,False
10872,10890,3114.0,43.0,0.07967454712926006,0.03438148655213532,3.9684033388642534,opponent,19,37,False
10874,10890,2031.0,29.0,0.058068389752973466,0.02819697621791223,3.551053137206533,opponent,21,37,False
10875,10890,1500.0,15.0,0.04672023920762474,0.02152389151958674,3.258096538021482,opponent,22,37,False
86,867,776.0,11.0,0.06730268863833477,0.016559965855740502,2.634284050862601,opponent,125,126,False
867,99,1434.0,21.0,0.1243712055507372,0.038000847996608016,3.214867803470662,opponent,126,136,False
24,86,1447.0,22.0,0.04874187354734395,0.02248780032946881,3.223531636404395,opponent,81,125,False
10889,22,229.0,5.0,0.014858551777835453,0.005904040013406554,1.5720821258903315,opponent,36,79,False
10890,22,830.0,17.0,0.035163531604812746,0.01341782792848136,2.6968769005040847,opponent,37,79,False
22,77,1605.0,22.0,0.06799694966954753,0.028742321949821816,3.3232358401924436,opponent,79,118,False
10889,23,176.0,2.0,0.03475513428120063,0.008669950738916255,1.3694872428035094,opponent,36,80,False
23,77,400.0,6.0,0.07898894154818326,0.010387991481846985,2.03688192726104,opponent,80,118,False
10889,28,188.0,1.0,0.012198287049052686,0.005046708901535488,1.4190841839428814,opponent,36,84,False
10890,28,369.0,5.0,0.016751407299800253,0.006074774048038457,1.9671123567059163,opponent,37,84,False
10875,95,216.0,2.0,0.06323185011709602,0.006117940293434544,1.5260563034950494,opponent,22,134,False
10889,25,291.0,3.0,0.03052554285114864,0.011803358481382331,1.766441661243765,opponent,36,82,False
10890,25,342.0,5.0,0.03587538025805098,0.0070844122216468155,1.9021075263969205,opponent,37,82,False
25,77,342.0,5.0,0.03587538025805098,0.007947389212929612,1.9021075263969205,opponent,82,118,False
25,95,194.0,1.0,0.056791569086651054,0.015209721677773421,1.442989704796436,opponent,82,134,False
25,99,131.0,3.0,0.013741739221651107,0.003536526105501863,1.157928865824529,opponent,82,136,False
25,86,17.0,1.0,0.0017832791356341131,0.00037262724124325985,0.24946085963158315,opponent,82,125,False
10862,39,1057.0,12.0,0.041138008873667004,0.013137778882605183,2.9240572368471,opponent,10,92,False
10877,5948,596.0,10.0,0.071531445031205,0.007286508955315117,2.3918162267219882,opponent,24,108,False
10879,5948,371.0,8.0,0.044527124339894385,0.00896005409843984,1.9717635278816472,opponent,26,108,False
10881,5948,707.0,12.0,0.08485357657225157,0.011301692856115222,2.5481422391451556,opponent,28,108,False
40,5948,1006.0,16.0,0.12073931829092654,0.014488161760470073,2.8773240425036892,opponent,94,108,False
5948,8889,906.0,15.0,0.10873739798367739,0.014677293934681182,2.7788192719904172,opponent,108,129,False
113,5948,362.0,7.0,0.04344695151224196,0.01916154986237561,1.9506607518139112,opponent,46,108,False
10880,5948,760.0,12.0,0.09121459433509362,0.0128896577456667,2.614959778036198,opponent,27,108,False
43,5948,650.0,12.0,0.07801248199711953,0.011430179190039918,2.4709204078132605,opponent,96,108,False
40,87,2792.0,41.0,0.07887005649717514,0.029476973753668784,3.861431219312086,opponent,94,127,False
10885,47,796.0,11.0,0.03895087101193971,0.010930162304671408,2.6579258139196416,opponent,32,99,False
47,5948,33.0,1.0,0.003960633701392223,0.0011484252653558378,0.4382549309311553,opponent,99,108,False
47,87,2138.0,26.0,0.10461929927578782,0.03981526313829193,3.600958572741466,opponent,99,127,False
39,5948,271.0,2.0,0.03252520403264522,0.008028440231076878,1.7077738131549622,opponent,92,108,False
39,87,1316.0,15.0,0.05121818323343971,0.02201478804911506,3.1325914562711885,opponent,92,127,False
10862,47,1625.0,20.0,0.07951653944020357,0.02177437725281057,3.335176280564361,opponent,10,99,False
47,82,95.0,2.0,0.007916006999416716,0.0029373569970935626,0.9490805546971459,opponent,99,122,False
44,5948,353.0,5.0,0.04236677868458953,0.013113901478564529,1.929103030738932,opponent,97,108,False
44,87,1097.0,15.0,0.05792280479433972,0.020604034408925286,2.959241164971576,opponent,97,127,False
10885,44,1852.0,17.0,0.09778763398278684,0.026354360849828527,3.461560531389246,opponent,32,97,False
10862,44,1683.0,16.0,0.08886424837636622,0.02303144757369242,3.3690184832979204,opponent,10,97,False
10877,10886,59.0,1.0,0.11967545638945233,0.0007920207267796975,0.6847789308894286,opponent,24,33,False
10880,10886,59.0,1.0,0.11967545638945233,0.0011384686631676444,0.6847789308894286,opponent,27,33,False
10886,40,59.0,1.0,0.11967545638945233,0.0009433358915323612,0.6847789308894286,opponent,33,94,False
10886,43,59.0,1.0,0.11967545638945233,0.0011890606420927466,0.6847789308894286,opponent,33,96,False
10886,8889,59.0,1.0,0.11967545638945233,0.0010779011984799766,0.6847789308894286,opponent,33,129,False
10877,80,578.0,10.0,0.0976681311253802,0.00727968866106626,2.3639937211226894,opponent,24,121,False
10880,80,59.0,1.0,0.009969584319026698,0.0010305856870862374,0.6847789308894286,opponent,27,121,False
40,80,342.0,5.0,0.0577897938492734,0.005052743551103626,1.9021075263969205,opponent,94,121,False
43,80,781.0,11.0,0.13197026022304834,0.014377232060675232,2.6402470977508474,opponent,96,121,False
80,8889,762.0,11.0,0.12875971612031092,0.012815769114332807,2.617395832834079,opponent,121,129,False
10,25,1157.0,17.0,0.12136787999580405,0.018147311625572496,3.0097995307654264,opponent,1,82,False
10,32,3651.0,51.0,0.14235028072364317,0.047184563888494,4.124712098838497,opponent,1,88,False
10868,25,937.0,7.0,0.09829015000524494,0.04392256129002016,2.810406207739738,opponent,15,82,False
10868,32,1151.0,10.0,0.09036664834733454,0.030912606757264864,3.0048571813309914,opponent,15,88,False
10870,25,777.0,6.0,0.0815063463757474,0.029250112934798976,2.6354795082673745,opponent,17,82,False
10870,32,1446.0,15.0,0.08119946091644205,0.03442037610092835,3.2228678461377385,opponent,17,88,False
14,25,1467.0,16.0,0.15388649952795552,0.022366214361945417,3.2367157429965316,opponent,65,82,False
14,32,2795.0,34.0,0.10897535870243294,0.03477362927205544,3.86248255986801,opponent,65,88,False
25,4,670.0,4.0,0.07028217769852092,0.024475779937166653,2.498699971920336,opponent,82,93,False
32,4,1538.0,20.0,0.08308573280751985,0.036085497759320524,3.282163564104119,opponent,88,93,False
10,10876,1630.0,24.0,0.14576998747987838,0.025103184870325878,3.3381392456950185,opponent,1,23,False
10863,10872,1204.0,16.0,0.10985401459854015,0.018707852947574505,3.0476920124847022,opponent,11,19,False
10863,10876,562.0,8.0,0.05127737226277372,0.026042632066728452,2.338595530517079,opponent,11,23,False
10863,24,1020.0,12.0,0.09306569343065693,0.02574002574002574,2.8903717578961645,opponent,11,81,False
10863,29,1691.0,20.0,0.1542883211678832,0.022103708351306484,3.373597770063751,opponent,11,85,False
10863,34,552.0,5.0,0.050364963503649635,0.00913075841535026,2.322387720290225,opponent,11,89,False
10867,10872,3225.0,39.0,0.09297431314325251,0.037472113775794756,4.00277736869661,opponent,14,19,False
10867,10876,1116.0,16.0,0.09980325523162226,0.024936875740173843,2.975529566236472,opponent,14,23,False
10867,24,2065.0,23.0,0.06955906625795803,0.03314127975091881,3.5671825191364164,opponent,14,81,False
10867,29,3491.0,40.0,0.10064289214979676,0.035466829218734126,4.080639970720987,opponent,14,85,False
10867,34,3056.0,35.0,0.08810217084210223,0.03741521584759666,3.949960844768538,opponent,14,89,False
10868,10876,1210.0,17.0,0.10820962260776247,0.053282839402879915,3.0524276172305362,opponent,15,23,False
10876,14,778.0,11.0,0.06957610445358613,0.011453303497821223,2.6366735382599824,opponent,23,65,False
10863,10874,335.0,7.0,0.030565693430656935,0.007346330124339379,1.8845412026790211,opponent,11,21,False
10863,32,829.0,13.0,0.07563868613138686,0.023170015931132788,2.695752673291804,opponent,11,88,False
10865,10872,2811.0,48.0,0.08544072948328267,0.033191248184576874,3.8680711178989635,opponent,13,19,False
10865,10874,1827.0,32.0,0.05553191489361702,0.02766128177565141,3.4483989831464497,opponent,13,21,False
10865,10876,1166.0,19.0,0.10427472724020748,0.02716935408705378,3.017167554274056,opponent,13,23,False
10865,24,1550.0,26.0,0.052211405665779635,0.02539443288497141,3.289644895756408,opponent,13,81,False
10865,32,1638.0,26.0,0.0638646288209607,0.028782287822878228,3.342861804649192,opponent,13,88,False
10867,10874,1649.0,25.0,0.04753942399169718,0.024245008380627518,3.3493191208934903,opponent,14,21,False
10867,32,1826.0,25.0,0.07119463505926388,0.031208873848467756,3.447868900971302,opponent,14,88,False
10876,4,858.0,13.0,0.07673045966732248,0.029755505462112017,2.72785282839839,opponent,23,93,False
10870,10876,1312.0,20.0,0.11733142550527634,0.047402268950068646,3.12968024606373,opponent,17,23,False
10872,2,1084.0,20.0,0.17200888606791495,0.01812102975593447,2.9479416097176423,opponent,19,77,False
10874,2,782.0,15.0,0.12408759124087591,0.01931054919004346,2.641435452020226,opponent,21,77,False
10876,2,295.0,5.0,0.04681053633767058,0.017162138576996916,1.777773227253315,opponent,23,77,False
2,24,720.0,12.0,0.11424944462075531,0.020414528339334825,2.5649493574615367,opponent,77,81,False
2,32,954.0,17.0,0.15138051412250078,0.03077816492450639,2.827313621929028,opponent,77,88,False
10865,29,2562.0,42.0,0.07787234042553191,0.026257532898782437,3.7773481021015445,opponent,13,85,False
10865,34,1031.0,17.0,0.03133738601823708,0.012586063772645149,2.90050542361097,opponent,13,89,False
2,29,1105.0,20.0,0.1753411615360203,0.015255898717400008,2.9661318037777002,opponent,77,85,False
2,34,194.0,3.0,0.03078387813392574,0.0034547235330780876,1.442989704796436,opponent,77,89,False
10865,25,352.0,4.0,0.036924367984894575,0.008364820227656188,1.9266787871274256,opponent,13,82,False
10863,22,1153.0,14.0,0.1052007299270073,0.034509592649127535,3.0065073467219494,opponent,11,79,False
10863,25,227.0,2.0,0.02381202139934963,0.011201026349550973,1.5651376535375203,opponent,11,82,False
10867,22,355.0,5.0,0.015039823758684968,0.006127450980392157,1.9339339580085977,opponent,14,79,False
10867,25,639.0,6.0,0.06703031574530578,0.014662352860191368,2.4553061800117097,opponent,14,82,False
10,23,649.0,9.0,0.12815955766192733,0.010853750313571369,2.4695109643100266,opponent,1,80,False
10863,23,733.0,12.0,0.14474723538704581,0.04793669478778367,2.5814786594127472,opponent,11,80,False
10867,23,202.0,3.0,0.039889415481832544,0.005107588055323776,1.4739999415389962,opponent,14,80,False
10868,23,123.0,2.0,0.02428909952606635,0.006957800656182826,1.1151415906193203,opponent,15,80,False
14,23,253.0,5.0,0.04996050552922591,0.004058715007620117,1.6518586283180525,opponent,65,80,False
10865,22,642.0,12.0,0.027198779867819014,0.011492606780996025,2.4595888418037104,opponent,13,79,False
10876,3,308.0,4.0,0.027544267572884994,0.009823934677213575,1.8137383759468304,opponent,23,86,False
25,3,133.0,4.0,0.013951536767019827,0.004451435839078921,1.168345626682785,opponent,82,86,False
3,32,1672.0,28.0,0.08164859849594687,0.0376119134386107,3.3626875269002796,opponent,86,88,False
10,28,2783.0,36.0,0.12633920464862902,0.03729313232830821,3.858270549428899,opponent,1,84,False
10865,28,634.0,12.0,0.028781550753586346,0.011677165064279663,2.448127398284704,opponent,13,84,False
10867,28,927.0,12.0,0.04208280370437625,0.016616476661647665,2.800325477211381,opponent,14,84,False
10870,28,116.0,2.0,0.00651392632524708,0.002920443101711984,1.0761394328160512,opponent,17,84,False
28,4,516.0,9.0,0.027875317378855815,0.012892586762611498,2.2617630984737906,opponent,84,93,False
2,28,532.0,10.0,0.08441764519200254,0.01913806748686956,2.289162072661905,opponent,77,84,False
10863,28,663.0,9.0,0.060492700729927004,0.020510440835266822,2.489064659936664,opponent,11,84,False
10864,10872,1641.0,26.0,0.12503809814081074,0.024831656200348037,3.3446270301737613,opponent,12,19,False
10864,10874,1190.0,16.0,0.09067357512953368,0.02536772543167768,3.036554268074246,opponent,12,21,False
10864,10876,45.0,1.0,0.004024324807726703,0.0018548287374799061,0.5596157879354227,opponent,12,23,False
10864,24,1047.0,16.0,0.07977750685766534,0.025069437793314817,2.915064370486536,opponent,12,81,False
10864,28,570.0,13.0,0.043431880524230415,0.01648256318315887,2.3513752571634776,opponent,12,84,False
10876,5,45.0,1.0,0.004024324807726703,0.0008445945945945946,0.5596157879354227,opponent,23,101,False
28,5,2733.0,38.0,0.12406936626112221,0.04448386991764055,3.840527003723076,opponent,84,101,False
10872,7,45.0,1.0,0.048179871520342615,0.0008109423149699951,0.5596157879354227,opponent,19,113,False
10874,7,45.0,1.0,0.048179871520342615,0.0012547051442910915,0.5596157879354227,opponent,21,113,False
10876,7,45.0,1.0,0.048179871520342615,0.0037279430038936294,0.5596157879354227,opponent,23,113,False
28,7,45.0,1.0,0.048179871520342615,0.0019636078020683337,0.5596157879354227,opponent,84,113,False
10887,10893,1931.0,21.0,0.283179351811116,0.025618573797678276,3.5020477418420954,opponent,34,40,False
10888,10893,1716.0,16.0,0.25164980202375714,0.04401805869074492,3.3877743613300146,opponent,35,40,False
10893,75,1381.0,11.0,0.2025223639829887,0.021085900998564753,3.1787480337774214,opponent,40,116,False
10893,76,1716.0,16.0,0.25164980202375714,0.025552825552825554,3.3877743613300146,opponent,40,117,False
10893,90,1096.0,9.0,0.16072737938114093,0.0485041600283236,2.9583764870102223,opponent,40,132,False
10887,119,1501.0,16.0,0.11563053693860258,0.01831224761184379,3.2587373582933314,opponent,34,49,False
10888,119,1023.0,12.0,0.07880748786688237,0.022317240777503872,2.89314568477889,opponent,35,49,False
119,75,925.0,8.0,0.07125799245050458,0.012827268693143998,2.798297078949988,opponent,49,116,False
119,76,1534.0,15.0,0.11817271396656652,0.0208710322589423,3.2796572971280598,opponent,49,117,False
119,90,623.0,7.0,0.04799322086125876,0.02131298963429236,2.4321502973486893,opponent,49,132,False
10888,12908,4034.0,38.0,0.16213826366559486,0.07371133078736272,4.222933203999134,opponent,35,55,False
10893,5948,605.0,7.0,0.08872268661094002,0.04159219029286402,2.4054424784337534,opponent,40,108,False
118,5948,459.0,4.0,0.055088814210273646,0.007455413702368191,2.157559320943788,opponent,48,108,False
119,5948,615.0,6.0,0.07381180988958233,0.02971301575031404,2.4203681286504293,opponent,49,108,False
12908,5948,1230.0,15.0,0.14762361977916466,0.038459133262460136,3.068052935133617,opponent,55,108,False
45,5948,698.0,8.0,0.08377340374459914,0.015907381663210193,2.536338823420271,opponent,98,108,False
12908,75,2300.0,23.0,0.09244372990353698,0.02783290575536086,3.672072335797555,opponent,55,116,False
12908,76,4694.0,45.0,0.18866559485530546,0.057078236338432356,4.372397085698038,opponent,55,117,False
10893,82,700.0,9.0,0.10265434814488927,0.03863134657836645,2.538973871058276,opponent,40,122,False
119,82,1105.0,11.0,0.09207566036163653,0.046278845751141266,2.9661318037777002,opponent,49,122,False
12908,82,2483.0,29.0,0.20689942504791267,0.07218442932728647,3.746755203200019,opponent,55,122,False
10885,119,969.0,9.0,0.07464756182112318,0.014862419092610202,2.8419981736119486,opponent,32,49,False
10885,12908,3786.0,41.0,0.15217041800643086,0.05096930533117932,4.160444363926624,opponent,32,55,False
10887,12908,4895.0,55.0,0.1967443729903537,0.054105137501105315,4.4138078845419875,opponent,34,55,False
122,5948,532.0,7.0,0.06385021603456553,0.018936427706983696,2.289162072661905,opponent,52,108,False
123,5948,732.0,10.0,0.08785405664906384,0.04242740392975135,2.580216829592325,opponent,53,108,False
12668,5948,625.0,8.0,0.07501200192030726,0.024257713953037066,2.4350742760401247,opponent,54,108,False
119,88,1280.0,14.0,0.09860565441799553,0.025213229066125633,3.106080330722856,opponent,49,128,False
12908,88,3028.0,41.0,0.12170418006430868,0.04970616238221872,3.9409343489225663,opponent,55,128,False
10885,121,3234.0,40.0,0.08288694671553426,0.036349739797007945,4.005513348515485,opponent,32,51,False
121,5948,506.0,8.0,0.06072971675468075,0.010802040859893688,2.2442495159810822,opponent,51,108,False
121,82,1004.0,18.0,0.08365969502541455,0.020074379173831328,2.875446107679489,opponent,51,122,False
121,88,2464.0,35.0,0.06315195940231182,0.032584403390682234,3.739255661439003,opponent,51,128,False
10885,10893,683.0,9.0,0.10016131397565625,0.011513435150534372,2.5163514824956583,opponent,32,40,False
10893,88,562.0,9.0,0.08241677665346825,0.012399885267965493,2.338595530517079,opponent,40,128,False
10893,87,240.0,3.0,0.03519577650681918,0.005717144286428929,1.6094379124341003,opponent,40,127,False
121,87,1971.0,23.0,0.05567796610169492,0.027206471026695746,3.521938999358284,opponent,51,127,False
12908,87,1073.0,13.0,0.04312700964630225,0.0181228570946003,2.9382796988059057,opponent,55,127,False
12908,90,909.0,10.0,0.05387305162093285,0.02225541083145627,2.7819200496686656,opponent,55,132,False
10887,10891,2238.0,24.0,0.12542733845205403,0.025995446731403613,3.6454498961866,opponent,34,38,False
10891,5948,148.0,2.0,0.017762842054728757,0.005686402581934145,1.2431935174792172,opponent,38,108,False
10891,75,558.0,11.0,0.031272768032281566,0.007214801980838107,2.33214389523559,opponent,38,116,False
10891,87,1040.0,10.0,0.058286162640811524,0.01992222669195257,2.908720896564361,opponent,38,127,False
10891,90,1002.0,9.0,0.05938481597819001,0.02972059085246485,2.8735646395797834,opponent,38,132,False
10885,10891,1677.0,17.0,0.09398643725830857,0.02418098973353328,3.3655702040190043,opponent,32,38,False
10888,10891,143.0,5.0,0.008014347363111584,0.002772338651829162,1.2188614168196867,opponent,35,38,False
10891,76,1802.0,18.0,0.1009919856526369,0.02307505154111124,3.4350618956149117,opponent,38,117,False
10891,88,1189.0,11.0,0.06663677632685086,0.02133883704235463,3.035753947903477,opponent,38,128,False
10891,82,404.0,4.0,0.03366386134488793,0.013722826086956522,2.0455399900041544,opponent,38,122,False
10861,10868,948.0,11.0,0.07442882939467693,0.01902812067200578,2.8213788864092133,opponent,9,15,False
10868,54,734.0,8.0,0.05762738478448614,0.008813005787287179,2.582738899025035,opponent,15,103,False
10868,57,770.0,9.0,0.060453796027321975,0.0108018629706526,2.627081138568543,opponent,15,106,False
10868,62,548.0,3.0,0.04302426002983434,0.011717163078107294,2.3158303197440664,opponent,15,110,False
10868,68,734.0,8.0,0.05762738478448614,0.009859892803890226,2.582738899025035,opponent,15,112,False
10861,4,785.0,5.0,0.04240721733023608,0.014078697227303705,2.644992065135073,opponent,9,93,False
10868,58,508.0,10.0,0.03988380309335008,0.0076188190830421285,2.247776856499051,opponent,15,107,False
10860,10865,2302.0,37.0,0.06996960486322189,0.032854268057716185,3.6729194345352068,opponent,8,13,False
10860,10868,430.0,7.0,0.03375991206720578,0.008305006180469716,2.1000608288825715,opponent,8,15,False
10860,10870,505.0,7.0,0.028358041329739445,0.008895230042978933,2.24248116892434,opponent,8,17,False
10860,14,3801.0,57.0,0.09630342800679013,0.04078676281225856,4.164336934042136,opponent,8,65,False
10860,4,257.0,4.0,0.01388363675652315,0.004452298044107202,1.66455721165518,opponent,8,93,False
10860,10869,4015.0,58.0,0.12054885005704678,0.05839150668993601,4.218281463452862,opponent,8,16,False
1,10860,5168.0,69.0,0.1309382046669538,0.05381091211995002,4.467439512522012,opponent,0,8,False
1,10861,2940.0,28.0,0.07730332351703828,0.030362177401865104,3.912023005428146,opponent,0,9,False
1,12,2847.0,44.0,0.07094796650717704,0.028751767319733387,3.880532338336775,opponent,0,50,False
1,57,7018.0,75.0,0.11831346831431125,0.06154088987881232,4.7704020986833084,opponent,0,106,False
1,58,6041.0,77.0,0.1109498971495739,0.05484538703175785,4.621863408929752,opponent,0,107,False
10,10860,4171.0,62.0,0.10567787377435456,0.045997926729747014,4.255849088497967,opponent,1,8,False
10868,12,322.0,5.0,0.025280678338698282,0.006128313952381859,1.8510760463844744,opponent,15,50,False
1,10884,292.0,4.0,0.033424908424908424,0.004160551700554265,1.7692866133759964,opponent,0,31,False
10868,10884,175.0,2.0,0.020032051282051284,0.008216733965630576,1.3652409519220583,opponent,15,31,False
10860,5,3098.0,44.0,0.07849198104841774,0.03945793106961816,3.9633496325934865,opponent,8,101,False
10884,5,380.0,5.0,0.043498168498168496,0.007524901483197687,1.992430164690206,opponent,31,101,False
10869,64,63.0,1.0,0.03271028037383177,0.0017913503369444681,0.7178397931503169,opponent,16,111,False
10870,64,63.0,1.0,0.03271028037383177,0.0032026841543388745,0.7178397931503169,opponent,17,111,False
11,54,310.0,6.0,0.028866747369401247,0.003793812414333268,1.8191584434161694,opponent,43,103,False
11,57,271.0,5.0,0.025235124313250767,0.0038833560220677796,1.7077738131549622,opponent,43,106,False
11,58,328.0,7.0,0.030542881087624547,0.005057123914953977,1.8666607774011728,opponent,43,107,False
11,64,63.0,1.0,0.03271028037383177,0.004999206475162672,0.7178397931503169,opponent,43,111,False
11,68,297.0,6.0,0.02765620635068442,0.004075080266732527,1.7833912195575383,opponent,43,112,False
5,64,63.0,1.0,0.03271028037383177,0.0014316229605053855,0.7178397931503169,opponent,101,111,False
10870,3129,194.0,4.0,0.010893980233602876,0.004634938837920489,1.442989704796436,opponent,17,87,False
14,3129,1489.0,13.0,0.06142232489068559,0.018548276592299164,3.251020278194768,opponent,65,87,False
3129,5,1236.0,12.0,0.05098589225311443,0.01897189519409354,3.0726933146901194,opponent,87,101,False
10861,11,129.0,4.0,0.01201229164726697,0.0026520291106451213,1.1474024528375417,opponent,9,43,False
11,62,42.0,1.0,0.003910978675854363,0.000927623296596506,0.5306282510621704,opponent,43,110,False
10860,11,251.0,5.0,0.02337275351522488,0.00502432091598775,1.6454483499571335,opponent,8,43,False
11,12,99.0,3.0,0.00921873545022814,0.001950047273873306,0.9745596399981308,opponent,43,50,False
11,3129,26.0,1.0,0.002421082037433653,0.0007438134744671721,0.36000273403140703,opponent,43,87,False
10868,3129,111.0,2.0,0.008714767998743817,0.0030107410220245197,1.0473189942805592,opponent,15,87,False
1,3129,1794.0,14.0,0.07400379506641366,0.021309703398386923,3.4307561839036995,opponent,0,87,False
12908,16,3315.0,39.0,0.13323954983922828,0.0426037784346485,4.029806041084529,opponent,55,75,False
12908,54,3835.0,44.0,0.15413987138263666,0.04153669526037605,4.173104396082748,opponent,55,103,False
12908,57,2361.0,27.0,0.09489549839228296,0.028850383694217704,3.6975913947159578,opponent,55,106,False
12908,62,2130.0,26.0,0.08561093247588425,0.037153322867608585,3.597312260588446,opponent,55,110,False
10894,68,1268.0,10.0,0.06159525891382493,0.015509185645441424,3.0970847678142785,opponent,41,112,False
110,68,4415.0,40.0,0.07968594892157747,0.03892268359340562,4.311917068486855,opponent,44,112,False
118,68,3658.0,38.0,0.06812806138602798,0.03252278284063125,4.126596606059288,opponent,48,112,False
12908,68,3631.0,41.0,0.1459405144694534,0.043386825030768676,4.119308140807898,opponent,55,112,False
45,68,4116.0,40.0,0.113560491102221,0.0435237762903277,4.242764567340374,opponent,98,112,False
12908,58,1693.0,18.0,0.06804662379421222,0.021807174599085464,3.3747393226991336,opponent,55,107,False
10860,12908,1057.0,13.0,0.042483922829581994,0.0167003728749289,2.9240572368471,opponent,8,55,False
122,68,448.0,8.0,0.02207549029269735,0.005444425540189097,2.136136885356381,opponent,52,112,False
123,68,771.0,14.0,0.0798715425256397,0.010810128712038361,2.6282852326333477,opponent,53,112,False
12668,68,701.0,11.0,0.0388193598405139,0.008784791408198303,2.540288795639585,opponent,54,112,False
10884,118,563.0,8.0,0.06444597069597069,0.009100313580965313,2.3402019565653522,opponent,31,48,False
10884,12908,775.0,11.0,0.08871336996336997,0.023598550592247497,2.6330871626287546,opponent,31,55,False
118,12,2245.0,31.0,0.05594597288676236,0.02451515680964445,3.6484913932086482,opponent,48,50,False
12,12908,1831.0,29.0,0.07359324758842443,0.0289820662582902,3.4505165064363568,opponent,50,55,False
108,54,1160.0,16.0,0.13923898691633657,0.014785734315649935,3.0122615755052013,opponent,7,103,False
108,57,982.0,14.0,0.11787300444124355,0.014730147301473014,2.8545526600912114,opponent,7,106,False
108,62,708.0,9.0,0.08498379546272956,0.01677605857403502,2.5494451709255714,opponent,7,110,False
108,68,1349.0,20.0,0.16192533909494658,0.019431880383740024,3.1562909496765794,opponent,7,112,False
108,16,453.0,8.0,0.054375225063017646,0.007064547822154297,2.145931282948669,opponent,7,75,False
12908,3129,908.0,12.0,0.0374556554739708,0.01883270419380263,2.7808875250544762,opponent,55,87,False
121,57,4350.0,43.0,0.11148986339288003,0.04628447395301328,4.297285406218791,opponent,51,106,False
121,68,3387.0,35.0,0.08680831432452521,0.03453655552156623,4.050915004294764,opponent,51,112,False
119,57,727.0,9.0,0.0560049302827209,0.01015774545556161,2.5738836861953027,opponent,49,106,False
119,68,727.0,9.0,0.0560049302827209,0.00973304415347953,2.5738836861953027,opponent,49,112,False
108,56,467.0,7.0,0.2670097198399085,0.048580047851867265,2.1728559863192616,opponent,7,105,False
118,56,102.0,3.0,0.058319039451114926,0.0018431514275388508,0.9932517730102833,opponent,48,105,False
123,56,196.0,3.0,0.11206403659233848,0.01749063001963234,1.4508328822574619,opponent,53,105,False
12668,56,235.0,4.0,0.1343624928530589,0.012006948702227672,1.5926307941177191,opponent,54,105,False
12908,56,87.0,2.0,0.04974271012006861,0.0032778238263883657,0.8960880245566356,opponent,55,105,False
10860,116,1302.0,15.0,0.04969465648854962,0.020227756459055106,3.122364924487357,opponent,8,47,False
10884,116,1007.0,14.0,0.11527014652014653,0.029679625099472428,2.8782616890796526,opponent,31,47,False
116,12,1958.0,33.0,0.07473282442748092,0.030417896535653254,3.5155176386914535,opponent,47,50,False
116,3129,1516.0,18.0,0.06253609438165168,0.030985570044557088,3.268300708195724,opponent,47,87,False
116,56,708.0,8.0,0.40480274442538594,0.025990235307073895,2.5494451709255714,opponent,47,105,False
10884,10891,1065.0,14.0,0.12190934065934066,0.04174178882182331,2.9311937524164198,opponent,31,38,False
10891,3129,1243.0,13.0,0.06966317323320069,0.030434356789579356,3.0780800149027443,opponent,38,87,False
10891,56,630.0,7.0,0.3602058319039451,0.03322434342368948,2.4423470353692043,opponent,38,105,False
108,64,675.0,9.0,0.35046728971962615,0.0704445835942392,2.505525936990736,opponent,7,111,False
10891,64,933.0,11.0,0.48442367601246106,0.04953280951369717,2.806386101823072,opponent,38,111,False
116,64,787.0,9.0,0.4086188992731049,0.02878671494933977,2.647356132429954,opponent,47,111,False
118,64,15.0,1.0,0.00778816199376947,0.00026976476512481114,0.22314355131420976,opponent,48,111,False
12668,64,148.0,2.0,0.07684319833852545,0.007461181689856826,1.2431935174792172,opponent,54,111,False
122,56,133.0,1.0,0.07604345340194396,0.0060702875399361025,1.168345626682785,opponent,52,105,False
122,64,133.0,1.0,0.06905503634475597,0.006021641689681713,1.168345626682785,opponent,52,111,False
10862,99,2534.0,30.0,0.09167872648335745,0.03131333102664228,3.7666118026542885,opponent,10,136,False
10887,99,2599.0,25.0,0.09403039073806078,0.02720668285738213,3.791360829020919,opponent,34,136,False
75,99,2740.0,29.0,0.09913169319826338,0.03225198926503131,3.8430301339411947,opponent,116,136,False
76,99,2733.0,31.0,0.09887843704775687,0.03142860428477788,3.840527003723076,opponent,117,136,False
90,99,1301.0,11.0,0.07710543471818883,0.03010737758030177,3.1216304404293655,opponent,132,136,False
103,5948,901.0,10.0,0.10813730196831493,0.013506423421127584,2.7736298467481917,opponent,3,108,False
107,5948,1513.0,17.0,0.1815890542486798,0.026254142879453053,3.266395340836177,opponent,6,108,False
10889,5948,843.0,10.0,0.10117618819011041,0.036810619623597225,2.711377991194885,opponent,36,108,False
10889,82,549.0,7.0,0.04574618781768186,0.020436271590232282,2.3174737054877963,opponent,36,122,False
5948,77,1083.0,14.0,0.1299807969275084,0.026356136380229246,2.94706710157271,opponent,108,118,False
5948,89,757.0,10.0,0.09085453672587614,0.010106134436953474,2.6112945326379022,opponent,108,130,False
10890,5948,1316.0,17.0,0.15794527124339894,0.02854663774403471,3.1325914562711885,opponent,37,108,False
10862,73,976.0,11.0,0.18823529411764706,0.016259349959185033,2.8487778605973277,opponent,10,115,False
5948,73,790.0,9.0,0.1523625843780135,0.06207275870197219,2.6508917872622613,opponent,108,115,False
73,76,594.0,8.0,0.11456123432979749,0.008913164173281515,2.388762789235098,opponent,115,117,False
73,82,594.0,6.0,0.11456123432979749,0.03580038572806172,2.388762789235098,opponent,115,122,False
73,88,366.0,5.0,0.07058823529411765,0.008339979491853708,1.9600947840472698,opponent,115,128,False
5948,86,1162.0,13.0,0.13946231397023523,0.026850910435345227,3.01389957750944,opponent,108,125,False
10885,73,925.0,10.0,0.17839922854387658,0.01610207847369704,2.798297078949988,opponent,32,115,False
10887,73,584.0,8.0,0.11263259402121505,0.007777541018538249,2.373354163882253,opponent,34,115,False
10885,99,2263.0,26.0,0.08187409551374819,0.028804908162875655,3.6562701705483085,opponent,32,136,False
5948,99,815.0,10.0,0.09781565050408066,0.02318172767869841,2.6798793241355137,opponent,108,136,False
82,99,587.0,7.0,0.04891259061744854,0.015030470630409177,2.3780017322788,opponent,122,136,False
88,99,1563.0,17.0,0.05654848046309696,0.023993368435595536,3.2976870052924907,opponent,128,136,False
73,75,540.0,7.0,0.10414657666345227,0.008346084295451384,2.302585092994046,opponent,115,116,False
73,90,123.0,2.0,0.023722275795564126,0.005607476635514018,1.1151415906193203,opponent,115,132,False
71,73,383.0,4.0,0.09097387173396675,0.04249889036839769,1.999225207823035,opponent,114,115,False
71,99,479.0,5.0,0.11377672209026128,0.015268878900895731,2.1953710086868963,opponent,114,136,False
10872,16,3641.0,46.0,0.06668253910113182,0.033962651344141184,4.122013770164055,opponent,19,75,False
10875,16,2475.0,29.0,0.07708839469258083,0.02882062508733523,3.7436043538031827,opponent,22,75,False
16,21,4615.0,58.0,0.10089637079142982,0.04739652870493992,4.3556398795006865,opponent,75,78,False
16,25,1607.0,21.0,0.16857232770376587,0.02504246466472394,3.3244363205286933,opponent,75,82,False
16,867,2068.0,28.0,0.17935819601040764,0.03147305462127323,3.5685932882394344,opponent,75,126,False
10872,54,5929.0,71.0,0.10858576608915424,0.04942645636733469,4.603335170042362,opponent,19,103,False
10875,54,3898.0,47.0,0.1214103282875475,0.039179423264415876,4.18914956394041,opponent,22,103,False
21,54,4786.0,53.0,0.10463489287275907,0.042641909530725164,4.39156433915437,opponent,78,103,False
25,54,1778.0,26.0,0.18651001783279136,0.022495508489587288,3.422088740693532,opponent,82,103,False
54,867,1747.0,23.0,0.1515177797051171,0.021550341696888953,3.405078728370128,opponent,103,126,False
10872,57,5370.0,61.0,0.09834804585912604,0.04947074593040931,4.505349850705881,opponent,19,106,False
10875,57,3391.0,38.0,0.10561888743537033,0.038520083605961465,4.052074760875903,opponent,22,106,False
21,57,4209.0,46.0,0.09202011368605159,0.04173607805806759,4.264790324535862,opponent,78,106,False
25,57,1686.0,23.0,0.17685933074583027,0.02510273360728962,3.370738174177447,opponent,82,106,False
57,867,1859.0,24.0,0.16123156981786643,0.02694671537078912,3.465214933785599,opponent,106,126,False
10872,62,2840.0,28.0,0.0821283979178716,0.032892450950869796,3.8781214537524646,opponent,19,110,False
10875,62,2147.0,24.0,0.06687223571918022,0.03326670695238538,3.605044844034636,opponent,22,110,False
21,62,2428.0,26.0,0.07021399652978601,0.03117136548040877,3.7248898916369693,opponent,78,110,False
25,62,910.0,8.0,0.09545788314276724,0.02106335208203134,2.782951509275328,opponent,82,110,False
62,867,460.0,2.0,0.0398959236773634,0.010076670317634174,2.1594842493533726,opponent,110,126,False
10872,68,6303.0,78.0,0.11543533203911945,0.056917617099666785,4.663910681010692,opponent,19,112,False
10875,68,4649.0,58.0,0.1448015947174983,0.0517147402026764,4.362886288021454,opponent,22,112,False
21,68,4119.0,48.0,0.09005247048535199,0.039582552541297895,4.243482700225814,opponent,78,112,False
25,68,2208.0,32.0,0.23161649008706597,0.03164910771877016,3.632309102625542,opponent,82,112,False
68,867,1779.0,25.0,0.15429314830875976,0.024642961033923896,3.4226326623822203,opponent,112,126,False
10861,10872,2658.0,40.0,0.06988851493479176,0.029541210989597225,3.8133070324889884,opponent,9,19,False
10861,10874,2423.0,38.0,0.06927607502287282,0.03432740667280584,3.7228782232860658,opponent,9,21,False
10861,10875,2651.0,40.0,0.08257023609294213,0.03928163942685258,3.810728287276565,opponent,9,22,False
10861,21,2103.0,34.0,0.05529554059739167,0.025750284685743672,3.584906863730958,opponent,9,78,False
10861,867,917.0,17.0,0.0795316565481353,0.018850858258813854,2.790142089820682,opponent,9,126,False
10874,16,2178.0,29.0,0.06227127172918573,0.02446009231494896,3.6189933266497696,opponent,21,75,False
10874,54,2667.0,31.0,0.07625228728270814,0.02574523129199166,3.816612820623488,opponent,21,103,False
10874,57,3065.0,39.0,0.0876315187557182,0.033597141228570174,3.952844999948401,opponent,21,106,False
10872,58,4794.0,73.0,0.08804731119600352,0.0459829650092081,4.393213824064446,opponent,19,107,False
10874,58,3212.0,47.0,0.09183440073193047,0.03725699438593235,3.998812135500537,opponent,21,107,False
10875,58,3460.0,58.0,0.10776801843892107,0.04163958889931885,4.071871706370042,opponent,22,107,False
21,58,4436.0,68.0,0.0969829470922606,0.04632801403626034,4.316598829351427,opponent,78,107,False
58,867,1822.0,32.0,0.1580225498699046,0.028399526154997193,3.4457457579232242,opponent,107,126,False
10861,22,1489.0,28.0,0.06308252838501949,0.024756014431309956,3.251020278194768,opponent,9,79,False
10861,32,948.0,19.0,0.03696194635059264,0.015111904610087356,2.8213788864092133,opponent,9,88,False
10872,12,4422.0,60.0,0.11019736842105263,0.048965761615803696,4.3134800921387715,opponent,19,50,False
10874,12,3748.0,52.0,0.10715919487648673,0.05252536577162397,4.150514833689155,opponent,21,50,False
10875,12,2897.0,47.0,0.09023235532299259,0.04178144425054444,3.8975859576303766,opponent,22,50,False
12,22,1203.0,23.0,0.05096593797661413,0.019239073070095477,3.0469005601283903,opponent,50,79,False
12,32,857.0,19.0,0.03341391141609482,0.013201065943714474,2.726762910034364,opponent,50,88,False
16,22,1660.0,26.0,0.07032706320962549,0.021230607886019773,3.355735007585398,opponent,75,79,False
16,32,1211.0,19.0,0.047216157205240174,0.015009543640465035,3.0532147089673534,opponent,75,88,False
22,57,1332.0,21.0,0.05643111337061515,0.01632573018421601,3.1441522786722644,opponent,79,106,False
32,57,975.0,15.0,0.03801466001247661,0.011608524824383855,2.847812143477369,opponent,88,106,False
22,58,1842.0,33.0,0.07803762074224707,0.024170056423041597,3.456316680883235,opponent,79,107,False
32,58,1367.0,26.0,0.053298502807236435,0.017363360388167003,3.1689850552547356,opponent,88,107,False
12,867,759.0,15.0,0.06582827406764961,0.0149118843199277,2.613739521630969,opponent,50,126,False
12,21,2568.0,43.0,0.06399521531100479,0.030828331332533012,3.7796338173824005,opponent,50,78,False
10874,10884,683.0,13.0,0.07818223443223443,0.015873015873015872,2.5163514824956583,opponent,21,31,False
10884,21,935.0,16.0,0.10702838827838827,0.01746325246073103,2.808398174936492,opponent,31,78,False
10884,22,675.0,10.0,0.07726648351648352,0.021316911416390336,2.505525936990736,opponent,31,79,False
10884,32,158.0,3.0,0.018086080586080588,0.004616373517209139,1.2901505005669882,opponent,31,88,False
10884,867,121.0,2.0,0.0138507326007326,0.006006453214197071,1.104152469043725,opponent,31,126,False
10861,24,2104.0,24.0,0.07087277259406474,0.03206583860397775,3.5853690777442715,opponent,9,81,False
10875,10884,567.0,11.0,0.06490384615384616,0.014078212290502793,2.34660197841082,opponent,22,31,False
10884,24,1096.0,15.0,0.12545787545787546,0.02936212393173842,2.9583764870102223,opponent,31,81,False
12,24,3254.0,41.0,0.10961026712028835,0.04888748666636619,4.0115666357644075,opponent,50,81,False
16,24,3354.0,36.0,0.11297874490517736,0.040616144735886074,4.041295341132285,opponent,75,81,False
24,58,3752.0,46.0,0.1263852864890356,0.046676536083500246,4.151564702551992,opponent,81,107,False
10861,19,18.0,2.0,0.006521739130434782,0.000441457791730024,0.26236426446749106,opponent,9,76,False
10884,19,135.0,4.0,0.04891304347826087,0.011882756799577503,1.1786549963416462,opponent,31,76,False
12,19,213.0,6.0,0.07717391304347826,0.004991212653778559,1.5151272329628591,opponent,50,76,False
19,58,18.0,2.0,0.006521739130434782,0.0003147403392201434,0.26236426446749106,opponent,76,107,False
10874,68,2781.0,35.0,0.07951166514181153,0.029386590584878743,3.8575668196320874,opponent,21,112,False
19,68,35.0,4.0,0.012681159420289856,0.0005370981355021868,0.4595323293784402,opponent,76,112,False
24,68,2987.0,27.0,0.1006164314346347,0.03350908682970608,3.9275682167636083,opponent,81,112,False
32,68,1195.0,20.0,0.04659232688708671,0.013752546235024686,3.0405462893437836,opponent,88,112,False
10861,25,428.0,9.0,0.044896674708905904,0.00907991598956234,2.0959708436310467,opponent,9,82,False
12,25,588.0,12.0,0.06168047833840344,0.011982149043262079,2.379546134130174,opponent,50,82,False
19,54,8.0,1.0,0.002898550724637681,0.00010805700006753563,0.12516314295400602,opponent,76,103,False
32,54,860.0,12.0,0.033530879600748596,0.008951712795744814,2.7300291078209855,opponent,88,103,False
25,58,1505.0,27.0,0.1578726528899612,0.024089250272104488,3.261296540752153,opponent,82,107,False
10872,10884,325.0,3.0,0.03720238095238095,0.0051576658784695225,1.8588987720656835,opponent,19,31,False
10861,28,1396.0,21.0,0.06337388777919012,0.02379653620619119,3.1891036665345305,opponent,9,84,False
12,28,1617.0,27.0,0.07340657345197021,0.02671005467549844,3.3304171996011083,opponent,50,84,False
28,54,3096.0,42.0,0.14054839295442165,0.03431801806794879,3.9627161197436642,opponent,84,103,False
28,58,2396.0,42.0,0.10877065552932631,0.03234341252699784,3.711944727044932,opponent,84,107,False
28,68,2881.0,38.0,0.13078808788814236,0.03531199823501293,3.892160376331894,opponent,84,112,False
22,54,1459.0,23.0,0.061811557363158784,0.015616303463629747,3.2314629403736723,opponent,79,103,False
22,68,776.0,14.0,0.03287578376546348,0.009100717737017403,2.634284050862601,opponent,79,112,False
10872,3129,2271.0,29.0,0.09368038940681461,0.0296579734371123,3.6597080768136565,opponent,19,87,False
10875,3129,1838.0,21.0,0.07581882682946951,0.033718583746101635,3.4542114169477727,opponent,22,87,False
22,3129,290.0,5.0,0.012286053211320116,0.006098073849777105,1.7635885922613586,opponent,79,87,False
28,3129,1739.0,19.0,0.07894497911748684,0.03905144730637084,3.4006416717284322,opponent,84,87,False
3129,867,378.0,7.0,0.03278404163052905,0.010679776233259875,1.9878743481543455,opponent,87,126,False
25,3129,433.0,9.0,0.045421168572327704,0.012986623477895747,2.1061646118205894,opponent,82,87,False
3129,32,604.0,10.0,0.02491543602013035,0.012255001420281622,2.403937587254333,opponent,87,88,False
21,3129,1353.0,16.0,0.055812226713967496,0.019714697868248116,3.159125820462427,opponent,78,87,False
32,62,210.0,2.0,0.008187772925764192,0.0034989503149055285,1.5040773967762742,opponent,88,110,False
10861,23,505.0,7.0,0.09972353870458135,0.011856965086520626,2.24248116892434,opponent,9,80,False
12,23,475.0,8.0,0.09379936808846762,0.010622358387190554,2.187922184673906,opponent,50,80,False
16,23,39.0,1.0,0.007701421800947867,0.0006365268483760404,0.5007752879124893,opponent,75,80,False
16,28,2226.0,32.0,0.10105320501180316,0.029271371651741686,3.6402142821326553,opponent,75,84,False
23,57,298.0,5.0,0.058846761453396526,0.004650219246914158,1.7861884241785997,opponent,80,106,False
28,57,2164.0,28.0,0.09823860541129471,0.02732978871193847,3.6127180931483722,opponent,84,106,False
23,58,309.0,5.0,0.06101895734597156,0.005219330101515126,1.8164520818184267,opponent,80,107,False
24,57,3738.0,31.0,0.12591369959915114,0.04383927943142636,4.147885329150131,opponent,81,106,False
24,3129,832.0,9.0,0.03432060061051068,0.015669435184662035,2.699121570357909,opponent,81,87,False
23,3129,298.0,3.0,0.058846761453396526,0.010273028130170987,1.7861884241785997,opponent,80,87,False
23,68,251.0,5.0,0.04956556082148499,0.0037321755163338436,1.6454483499571335,opponent,80,112,False
23,62,196.0,2.0,0.038704581358609796,0.004968566213749747,1.4508328822574619,opponent,80,110,False
28,62,1194.0,17.0,0.054203740693662614,0.02154690150503483,3.039749158970765,opponent,84,110,False
10874,3129,425.0,9.0,0.01753155680224404,0.007228751722143793,2.0898043287153825,opponent,21,87,False
10867,10889,1127.0,15.0,0.07312483778873605,0.023013150371640936,2.9848398323875673,opponent,14,36,False
10870,10889,1222.0,19.0,0.07928886581884247,0.03818988686792925,3.061832075258515,opponent,17,36,False
10889,13,360.0,3.0,0.03341687552213868,0.013939980638915779,1.9459101490553132,opponent,36,56,False
10889,14,1047.0,16.0,0.06793407734233065,0.014564119684513625,2.915064370486536,opponent,36,65,False
10889,5,416.0,3.0,0.026991954321308072,0.007280491433171739,2.0710732920093196,opponent,36,101,False
10867,10890,3141.0,32.0,0.09055265661487012,0.04447118788050403,3.976873977747762,opponent,14,37,False
10870,10890,1560.0,14.0,0.0876010781671159,0.028193450444589027,3.295836866004329,opponent,17,37,False
10890,13,258.0,1.0,0.023948760790866053,0.005201717776568076,1.667706820558076,opponent,37,56,False
10890,14,3861.0,38.0,0.09878722750997851,0.041629378847833354,4.179757440070231,opponent,37,65,False
10890,5,1912.0,22.0,0.048920274281035715,0.024106411145432768,3.4924589729404802,opponent,37,101,False
10867,77,3561.0,45.0,0.10522427752496898,0.05481159955670484,4.10016094754354,opponent,14,118,False
10870,77,1863.0,21.0,0.10461590296495957,0.03741940667242453,3.467297183366679,opponent,17,118,False
13,77,1277.0,17.0,0.11853708344936414,0.02946605750149984,3.1038390148798425,opponent,56,118,False
14,77,3658.0,41.0,0.10809053838425625,0.04170657180644867,4.126596606059288,opponent,65,118,False
5,77,2630.0,36.0,0.07771408309201584,0.035853043418989844,3.802951910373784,opponent,101,118,False
10867,89,5447.0,68.0,0.15703289416784386,0.05640468054261158,4.519430727040381,opponent,14,130,False
10870,89,1150.0,16.0,0.06457771787960467,0.013692432252226508,3.004031076368686,opponent,17,130,False
13,89,1751.0,20.0,0.1625359695535134,0.022933256496227995,3.4072898956613127,opponent,56,130,False
14,89,5999.0,64.0,0.10428690633474724,0.05047326574397375,4.614955486722889,opponent,65,130,False
5,89,3784.0,50.0,0.08978952613719954,0.035803158323004285,4.159924207868082,opponent,101,130,False
10867,99,2963.0,34.0,0.10719971056439942,0.04991240482447275,3.9196604325573574,opponent,14,136,False
10870,99,1270.0,12.0,0.0713162623539982,0.02874734030512925,3.0985896589936988,opponent,17,136,False
13,99,779.0,9.0,0.07231040564373897,0.020699367593133868,2.6378661442451055,opponent,56,136,False
14,99,3428.0,39.0,0.12402315484804631,0.04193990408143291,4.062739222806769,opponent,65,136,False
5,99,2242.0,28.0,0.08111432706222865,0.03319465213722036,3.6471890270597274,opponent,101,136,False
107,10867,4924.0,63.0,0.14195519935422493,0.061112283271070954,4.419643498245188,opponent,6,14,False
107,10870,1838.0,24.0,0.10321203953279424,0.027523210542078468,3.4542114169477727,opponent,6,17,False
107,13,904.0,15.0,0.08391348742225935,0.014898070172547339,2.7767467323884447,opponent,6,56,False
107,14,5059.0,62.0,0.09956701436725054,0.04898571774388768,4.446369824235482,opponent,6,65,False
107,5,2803.0,38.0,0.0665116389435968,0.031092623405435386,3.8652807428760143,opponent,6,101,False
103,10867,3339.0,41.0,0.09626084700320005,0.03684373137951581,4.036891987474015,opponent,3,14,False
103,10870,554.0,8.0,0.03110961365678347,0.007238802069722469,2.325650365925042,opponent,3,17,False
103,14,3761.0,41.0,0.06538140602183437,0.03327111402057661,4.153922885224799,opponent,3,65,False
103,4,1135.0,14.0,0.06131489384690184,0.014806794165992643,2.99155690214351,opponent,3,93,False
103,5,2404.0,35.0,0.057043874427544314,0.024278659220133916,3.71519676243131,opponent,3,101,False
107,4,1544.0,18.0,0.08340986440494841,0.022780589285450816,3.2859112262043593,opponent,6,93,False
10889,4,411.0,7.0,0.026667531793407733,0.01226426354738601,2.060513531794317,opponent,36,93,False
10867,73,943.0,18.0,0.18187078109932497,0.024223586529322612,2.816406225739835,opponent,14,115,False
10870,73,825.0,15.0,0.15911282545805208,0.037215806568025984,2.691243082785829,opponent,17,115,False
14,73,845.0,15.0,0.16297010607521698,0.013658993922151816,2.7135903814778253,opponent,65,115,False
4,73,837.0,12.0,0.16142719382835102,0.036615774968283825,2.7047112998366956,opponent,93,115,False
5,73,58.0,1.0,0.011186113789778206,0.001226993865030675,0.6763400622435641,opponent,101,115,False
10867,86,1842.0,20.0,0.053103468158099576,0.026714623428231644,3.456316680883235,opponent,14,125,False
10870,86,1252.0,14.0,0.07030548068283918,0.023774258478599368,3.0849634072819336,opponent,17,125,False
14,86,2422.0,28.0,0.0670802636680884,0.026554688185246908,3.7224754035424517,opponent,65,125,False
4,86,1305.0,14.0,0.07049862244071092,0.024478541416566628,3.1245651453969594,opponent,93,125,False
5,86,2005.0,25.0,0.05553093668642331,0.026297151251246,3.5385409431730324,opponent,101,125,False
103,10865,3464.0,46.0,0.10528875379939209,0.03904682462745452,4.073007424833969,opponent,3,13,False
107,10865,2425.0,41.0,0.0737082066869301,0.029833302577351294,3.7236833763086286,opponent,6,13,False
10865,10890,1960.0,28.0,0.059574468085106386,0.027990403290300468,3.5165082281731497,opponent,13,37,False
10890,4,1204.0,14.0,0.06504240721733023,0.021350924792963417,3.0476920124847022,opponent,37,93,False
10865,73,801.0,14.0,0.1544840887174542,0.021483746379143867,2.66374994220563,opponent,13,115,False
10865,86,1565.0,23.0,0.04756838905775076,0.02320546848356341,3.298918532541737,opponent,13,125,False
103,10868,698.0,8.0,0.05480097354165031,0.009787287743455277,2.536338823420271,opponent,3,15,False
107,10868,1180.0,15.0,0.09264347962628562,0.018920262318213157,3.028522096376982,opponent,6,15,False
10868,10890,1065.0,12.0,0.08361466593389338,0.020982740956734178,2.9311937524164198,opponent,15,37,False
10868,73,462.0,6.0,0.08910318225650916,0.026460481099656357,2.1633230256605382,opponent,15,115,False
10868,86,628.0,8.0,0.04930517390280286,0.013024992222337446,2.439444275711243,opponent,15,125,False
10865,77,3323.0,49.0,0.10100303951367781,0.05239754647660796,4.032173606558608,opponent,13,118,False
10868,77,887.0,10.0,0.06963963256653843,0.019412588636960517,2.7589545309639774,opponent,15,118,False
4,77,1813.0,26.0,0.09794176435632868,0.03587257617728532,3.4409521402219876,opponent,93,118,False
1,103,4930.0,63.0,0.08316744829447688,0.04246814888833375,4.420846626523463,opponent,0,3,False
103,2,1192.0,15.0,0.18914630276102826,0.018512766353979002,3.0381529894379433,opponent,3,77,False
1,10889,403.0,5.0,0.026148455748767195,0.0052509511648512015,2.0433824918641332,opponent,0,36,False
10865,10889,805.0,15.0,0.05223202699195432,0.016944871282126843,2.6683849447097785,opponent,13,36,False
10868,10889,709.0,11.0,0.055664599199183484,0.025838192419825073,2.550746407283543,opponent,15,36,False
10889,2,482.0,7.0,0.07648365598222787,0.02270158251695554,2.2009214392175456,opponent,36,77,False
1,10890,4135.0,46.0,0.10579776890799304,0.04276642396160847,4.247304056679206,opponent,0,37,False
10890,2,372.0,5.0,0.05902887972072358,0.00826409561469765,1.9740810260220096,opponent,37,77,False
1,77,5347.0,74.0,0.15799893623308314,0.05925704279983155,4.501105127159904,opponent,0,118,False
2,77,640.0,8.0,0.10155506188511583,0.016200891049007696,2.456735772821304,opponent,77,118,False
1,89,8241.0,105.0,0.13348126791817166,0.06820438971099414,4.929786706232935,opponent,0,130,False
10865,89,4371.0,64.0,0.13285714285714287,0.04559822238913404,4.302036008977389,opponent,13,130,False
10868,89,849.0,11.0,0.06665619847687838,0.010717261228508673,2.7180005319553784,opponent,15,130,False
2,89,754.0,12.0,0.11964455728340209,0.010346057795219408,2.6076158037804396,opponent,77,130,False
1,99,2884.0,36.0,0.10434153400868307,0.03334296780160703,3.893179917626666,opponent,0,136,False
10865,99,2163.0,31.0,0.0782561505065123,0.03705226373400483,3.6122683517420957,opponent,13,136,False
10868,99,547.0,8.0,0.04294574860642224,0.013733366808937986,2.3141842288373975,opponent,15,136,False
2,99,382.0,7.0,0.060615677562678515,0.011382598331346841,1.9969653198555974,opponent,77,136,False
1,107,5423.0,68.0,0.10673095847274158,0.05062263129399026,4.515063113181948,opponent,0,6,False
107,2,1102.0,14.0,0.17486512218343384,0.019675058025352615,2.963553375189756,opponent,6,77,False
1,101,110.0,2.0,0.018410041841004185,0.0016271226554641738,1.041453874828161,opponent,0,2,False
101,10867,343.0,4.0,0.05740585774058577,0.008507155435402664,1.9045919997245824,opponent,2,14,False
101,10870,110.0,2.0,0.018410041841004185,0.004646643855869556,1.041453874828161,opponent,2,17,False
101,4,384.0,8.0,0.06426778242677825,0.01593228777694797,2.0014800002101243,opponent,2,93,False
101,5,29.0,2.0,0.004853556485355648,0.0006030485142132296,0.39429180751003917,opponent,2,101,False
4,89,1336.0,22.0,0.07217330236075847,0.015809715401455534,3.147021721100217,opponent,93,130,False
4,99,795.0,9.0,0.04294743665928367,0.017528000705529588,2.6567569067146595,opponent,93,136,False
101,10865,299.0,6.0,0.0500418410041841,0.007750933222729158,1.7889778262661782,opponent,2,13,False
1,73,518.0,8.0,0.09990356798457088,0.007800499954823359,2.265229306450277,opponent,0,115,False
10865,95,179.0,3.0,0.052400468384074944,0.0049533718903063345,1.38211898970941,opponent,13,134,False
10867,95,74.0,1.0,0.021662763466042154,0.001945883404770044,0.8034952377288107,opponent,14,134,False
10870,95,74.0,1.0,0.021662763466042154,0.0034988179669030732,0.8034952377288107,opponent,17,134,False
14,95,74.0,1.0,0.021662763466042154,0.0012157854960076233,0.8034952377288107,opponent,65,134,False
4,95,259.0,4.0,0.07581967213114754,0.011953110577810596,1.6708465405627437,opponent,93,134,False
13,73,2.0,1.0,0.0003857280617164899,0.000125344697919278,0.03278982282299087,opponent,56,115,False
2,73,654.0,8.0,0.1261330761812922,0.06037108834117973,2.4765384001174837,opponent,77,115,False
103,3,1450.0,19.0,0.07080769606406875,0.01851709958368452,3.2255203675868693,opponent,3,86,False
107,3,2840.0,40.0,0.1386854184979002,0.04149135109864423,3.8781214537524646,opponent,6,86,False
10890,3,918.0,11.0,0.04482859654263112,0.01565377532228361,2.791165107812717,opponent,37,86,False
3,73,528.0,10.0,0.10183220829315333,0.02100656455142232,2.2823823856765264,opponent,86,115,False
3,89,2151.0,37.0,0.1050395546440082,0.02511178304166618,3.6068556186353455,opponent,86,130,False
3,77,2261.0,39.0,0.11041117296610997,0.043431491192685225,3.6554088440523365,opponent,86,118,False
1,86,1900.0,22.0,0.0526228327701767,0.019803012142373233,3.4863551900024623,opponent,0,125,False
3,86,1666.0,23.0,0.08135560113292313,0.03033613751411195,3.3592173094212727,opponent,86,125,False
3,99,1427.0,20.0,0.06968453950581112,0.030562635197361375,3.2101713842380546,opponent,86,136,False
10889,3,534.0,10.0,0.034648325979756034,0.015103518497567598,2.2925347571405443,opponent,36,86,False
107,11,763.0,15.0,0.07104944594468758,0.012552232421939263,2.618611638454969,opponent,6,43,False
10889,11,180.0,3.0,0.016761337182232983,0.006930807439066651,1.3862943611198906,opponent,36,43,False
11,89,1376.0,18.0,0.12813111090418103,0.017941663515575086,3.175272187386069,opponent,43,130,False
10865,91,850.0,10.0,0.07640449438202247,0.019687319050376375,2.719100037288795,opponent,13,133,False
10868,91,180.0,3.0,0.016179775280898877,0.007600709399543958,1.3862943611198906,opponent,15,133,False
10870,91,146.0,2.0,0.013123595505617978,0.005071733768715045,1.2335316065674804,opponent,17,133,False
11,91,416.0,7.0,0.03873731259893845,0.01939574785527788,2.0710732920093196,opponent,43,133,False
3,91,1229.0,15.0,0.11047191011235954,0.04046223743991572,3.0672774407170866,opponent,86,133,False
10865,97,160.0,3.0,0.08634646519158122,0.004625213193420634,1.2992829841302609,opponent,13,135,False
10868,97,180.0,3.0,0.09713977334052887,0.012491325468424705,1.3862943611198906,opponent,15,135,False
10870,97,146.0,2.0,0.07879114948731786,0.007481424545221624,1.2335316065674804,opponent,17,135,False
11,97,180.0,3.0,0.09713977334052887,0.014502094747019014,1.3862943611198906,opponent,43,135,False
3,97,204.0,4.0,0.11009174311926606,0.00921950558141637,1.4816045409242156,opponent,86,135,False
14,91,616.0,8.0,0.05537078651685393,0.009054429468052268,2.4218485138208634,opponent,65,133,False
14,97,103.0,2.0,0.05558553696708041,0.001737692748928704,0.9994056385846616,opponent,65,135,False
107,10863,1421.0,18.0,0.12965328467153284,0.023546371936568958,3.206128252045698,opponent,6,11,False
10863,10889,34.0,1.0,0.0031021897810218978,0.0012909104715620016,0.4489502200479032,opponent,11,36,False
10863,89,665.0,11.0,0.06067518248175183,0.00856682769726248,2.4918270926325743,opponent,11,130,False
10863,91,894.0,12.0,0.08156934306569343,0.04218772120239724,2.766319109226186,opponent,11,133,False
10863,97,318.0,5.0,0.17161359956826766,0.025450180072028813,1.840549633397487,opponent,11,135,False
10861,10881,1959.0,29.0,0.05150925536390408,0.021526289764298667,3.5160130560907366,opponent,9,28,False
10861,10882,1342.0,26.0,0.3396608453556062,0.03302084102261263,3.1513105053724346,opponent,9,29,False
10861,40,3705.0,52.0,0.0974179638199411,0.038418864128913176,4.139158578011894,opponent,9,94,False
10861,43,2260.0,35.0,0.059423643247791334,0.026601692620972964,3.654977902438255,opponent,9,96,False
10861,47,2574.0,39.0,0.12595419847328243,0.046051454538948725,3.7819143200811256,opponent,9,99,False
10882,3129,563.0,11.0,0.14249557074158442,0.020376402461093016,2.3402019565653522,opponent,29,87,False
3129,43,1939.0,25.0,0.07998514974012046,0.027123433303491495,3.5060577722782993,opponent,87,96,False
3129,47,1351.0,22.0,0.06610882755920924,0.031181480370207952,3.157709389630713,opponent,87,99,False
10861,10879,2223.0,34.0,0.06646733442966064,0.03209922892540503,3.6389010843076948,opponent,9,26,False
10879,3129,1473.0,22.0,0.06076231334048346,0.026203436866261073,3.2406373166497136,opponent,26,87,False
10879,10884,354.0,8.0,0.040521978021978024,0.008463432710928347,1.9315214116032138,opponent,26,31,False
10861,10880,3678.0,50.0,0.09670803533866218,0.042895129688374695,4.131961425793407,opponent,9,27,False
10861,113,791.0,12.0,0.07242263321735946,0.01642339555260262,2.6520675663512736,opponent,9,46,False
10861,44,1002.0,13.0,0.05290670045936956,0.017902767603494792,2.8735646395797834,opponent,9,97,False
10884,44,12.0,1.0,0.0013736263736263737,0.0004337924303220909,0.18232155679395465,opponent,31,97,False
10860,38,156.0,2.0,0.04697380307136405,0.0036590514612750385,1.2809338454620642,opponent,8,91,False
16,38,231.0,3.0,0.06955736224028906,0.0038931490688463807,1.5789787049493917,opponent,75,91,False
38,54,114.0,2.0,0.03432700993676603,0.0015304067660088603,1.0647107369924282,opponent,91,103,False
38,57,156.0,2.0,0.04697380307136405,0.0024967190550878654,1.2809338454620642,opponent,91,106,False
38,58,231.0,3.0,0.06955736224028906,0.00401473808613438,1.5789787049493917,opponent,91,107,False
12,38,192.0,2.0,0.057813911472448055,0.004438587974200707,1.4350845252893227,opponent,50,91,False
10861,10878,97.0,2.0,0.08369283865401209,0.0024811991609965723,0.9619012431262074,opponent,9,25,False
10878,16,217.0,5.0,0.18723037100949094,0.0037945686956825852,1.529672943965238,opponent,25,75,False
10878,3129,97.0,2.0,0.08369283865401209,0.003833386025924755,0.9619012431262074,opponent,25,87,False
10878,54,115.0,3.0,0.0992234685073339,0.001590000967826676,1.0704414117014134,opponent,25,103,False
10878,62,97.0,2.0,0.08369283865401209,0.0027215083328657203,0.9619012431262074,opponent,25,110,False
10861,35,110.0,3.0,0.0834597875569044,0.0028032619775739042,1.041453874828161,opponent,9,90,False
35,57,5.0,1.0,0.0037936267071320183,8.246742536698004e-05,0.08004270767353643,opponent,90,106,False
10861,39,937.0,14.0,0.03646765781894606,0.014922996066189938,2.810406207739738,opponent,9,92,False
10860,10878,120.0,3.0,0.10353753235547886,0.002962377801915671,1.0986122886681098,opponent,8,25,False
10878,12,120.0,3.0,0.10353753235547886,0.0029149561542011807,1.0986122886681098,opponent,25,50,False
10878,57,102.0,2.0,0.08800690250215704,0.0016894689767118296,0.9932517730102833,opponent,25,106,False
10878,58,120.0,3.0,0.10353753235547886,0.0021626687332167893,1.0986122886681098,opponent,25,107,False
12,35,105.0,2.0,0.07966616084977238,0.002539851479161123,1.0116009116784799,opponent,50,90,False
10861,38,75.0,1.0,0.022583559168925023,0.0018169484955666457,0.8109302162163288,opponent,9,91,False
10883,10884,105.0,2.0,0.1440329218106996,0.011217948717948718,1.0116009116784799,opponent,30,31,False
10884,35,105.0,2.0,0.07966616084977238,0.010553824504975374,1.0116009116784799,opponent,31,90,False
10884,38,105.0,2.0,0.031616982836495035,0.008785140562248996,1.0116009116784799,opponent,31,91,False
10881,55,17.0,1.0,0.002629137024435509,0.00027695866799172384,0.24946085963158315,opponent,28,104,False
10883,55,105.0,2.0,0.1440329218106996,0.014809590973201692,1.0116009116784799,opponent,30,104,False
113,55,105.0,2.0,0.016238787503866377,0.006075334143377886,1.0116009116784799,opponent,46,104,False
35,55,105.0,2.0,0.07966616084977238,0.013673655423883319,1.0116009116784799,opponent,90,104,False
38,55,105.0,2.0,0.031616982836495035,0.010844866763065482,1.0116009116784799,opponent,91,104,False
10881,56,17.0,1.0,0.009719839908519153,0.00030001411831144997,0.24946085963158315,opponent,28,105,False
10883,56,105.0,2.0,0.1440329218106996,0.04424778761061947,1.0116009116784799,opponent,30,105,False
35,56,105.0,2.0,0.07966616084977238,0.035449020931802834,1.0116009116784799,opponent,90,105,False
38,56,105.0,2.0,0.060034305317324184,0.021148036253776436,1.0116009116784799,opponent,91,105,False
10881,60,17.0,1.0,0.015539305301645339,0.0003035226481458337,0.24946085963158315,opponent,28,109,False
10883,60,105.0,2.0,0.1440329218106996,0.06111757857974389,1.0116009116784799,opponent,30,109,False
113,60,105.0,2.0,0.09597806215722121,0.008815380740491981,1.0116009116784799,opponent,46,109,False
35,60,105.0,2.0,0.09597806215722121,0.045513654096228866,1.0116009116784799,opponent,90,109,False
38,60,105.0,2.0,0.09597806215722121,0.024361948955916472,1.0116009116784799,opponent,91,109,False
10881,64,160.0,3.0,0.08307372793354102,0.002821969028889908,1.2992829841302609,opponent,28,111,False
10883,64,105.0,2.0,0.1440329218106996,0.041176470588235294,1.0116009116784799,opponent,30,111,False
113,64,115.0,3.0,0.05970924195223261,0.009031650043194847,1.0704414117014134,opponent,46,111,False
35,64,105.0,2.0,0.07966616084977238,0.03345014335775725,1.0116009116784799,opponent,90,111,False
38,64,105.0,2.0,0.05451713395638629,0.020420070011668612,1.0116009116784799,opponent,91,111,False
10878,10884,88.0,1.0,0.07592752372735116,0.008973182420719894,0.9028677115420143,opponent,25,31,False
10878,55,88.0,1.0,0.07592752372735116,0.01167573305028526,0.9028677115420143,opponent,25,104,False
10878,56,88.0,1.0,0.07592752372735116,0.031205673758865248,0.9028677115420143,opponent,25,105,False
10878,60,88.0,1.0,0.08043875685557587,0.040646651270207855,0.9028677115420143,opponent,25,109,False
10878,64,88.0,1.0,0.07592752372735116,0.029362696029362697,0.9028677115420143,opponent,25,111,False
10862,10867,4250.0,47.0,0.12252428863839479,0.04927250594168454,4.274348620875693,opponent,10,14,False
10867,10885,4473.0,54.0,0.12895321013636232,0.05363309352517986,4.3247946887187485,opponent,14,32,False
10867,10887,6245.0,71.0,0.18003863118747657,0.06312608032022966,4.654753686176919,opponent,14,34,False
10867,76,4955.0,54.0,0.14284890593017557,0.05398544408611523,4.425844138173935,opponent,14,117,False
10867,90,2785.0,24.0,0.16505659930065786,0.057098923628908255,3.8589737843383305,opponent,14,132,False
10862,10870,1759.0,18.0,0.09877583108715184,0.02447576773762645,3.4116976162960215,opponent,10,17,False
10870,10885,1818.0,17.0,0.102088948787062,0.026280791025789292,3.4436180975461075,opponent,17,32,False
10870,10887,2772.0,29.0,0.15566037735849056,0.0324123335243151,3.8543938925915096,opponent,17,34,False
10870,76,2173.0,21.0,0.12202380952380952,0.027971217835673922,3.6167566896180574,opponent,17,117,False
10870,90,1713.0,16.0,0.10152314348367214,0.05195947585537491,3.386083743852107,opponent,17,132,False
10862,14,5591.0,72.0,0.100164821383783,0.05188814952993476,4.5452432374077425,opponent,10,65,False
10885,14,5397.0,53.0,0.10147407212424323,0.05124723443449527,4.5103099049641315,opponent,32,65,False
10887,14,7625.0,81.0,0.13255336902857937,0.06333792965959496,4.852681093750595,opponent,34,65,False
14,76,5991.0,66.0,0.10414783394756971,0.052744640577541045,4.613634264400221,opponent,65,117,False
14,90,2501.0,20.0,0.14822497481182956,0.03478635807277178,3.7538085239774244,opponent,65,132,False
10862,3,2593.0,33.0,0.12662369372008986,0.03518174294126426,3.789101791915639,opponent,10,86,False
10885,3,2395.0,27.0,0.11695478074030667,0.03360507373472337,3.71153747800652,opponent,32,86,False
10887,3,2567.0,30.0,0.12535403848032034,0.029039118532093487,3.779253227463439,opponent,34,86,False
3,76,2153.0,24.0,0.10513722043168278,0.026786269704019806,3.607759777828949,opponent,86,117,False
3,90,1234.0,10.0,0.07313459372962722,0.0341667358861478,3.071148912838745,opponent,86,132,False
10862,4,2073.0,20.0,0.1119874669115661,0.028689658990256866,3.5709401562492498,opponent,10,93,False
10885,4,1922.0,17.0,0.10383015504294743,0.02754568255105697,3.4975171526678324,opponent,32,93,False
10887,4,2338.0,20.0,0.12630327913132733,0.026978998384491113,3.688045773365359,opponent,34,93,False
4,76,1828.0,15.0,0.09875209334990005,0.02321712072140725,3.4489287844833454,opponent,93,117,False
4,90,1097.0,7.0,0.0650151129022699,0.03199463353457579,2.959241164971576,opponent,93,132,False
10,10862,4424.0,53.0,0.07988443481401228,0.04143330773409257,4.3139262219699495,opponent,1,10,False
10,10887,5732.0,65.0,0.1035030697002528,0.04771298955341907,4.569888371843452,opponent,1,34,False
10,76,4374.0,46.0,0.0789815817984832,0.03868810698933291,4.302712827954156,opponent,1,117,False
10,88,2133.0,32.0,0.054599907848256794,0.02310617139514478,3.5986811861957873,opponent,1,128,False
10,90,1414.0,14.0,0.08380252474367332,0.019960756080690017,3.2013905105271814,opponent,1,132,False
10862,10865,4042.0,50.0,0.12285714285714286,0.04773489536586518,4.224885376410225,opponent,10,13,False
10865,10887,3542.0,50.0,0.1076595744680851,0.035474986228654415,4.094899963513801,opponent,13,34,False
10865,76,2709.0,38.0,0.0823404255319149,0.0293680821308934,3.8318969609488613,opponent,13,117,False
10865,88,2551.0,40.0,0.07753799392097264,0.03674998199236476,3.773144006477028,opponent,13,128,False
10865,90,1246.0,16.0,0.07384578913056362,0.025676427555793684,3.0803797476142756,opponent,13,132,False
10867,88,2582.0,38.0,0.07443710900337303,0.03627882143007686,3.7849469228601698,opponent,14,128,False
10870,88,1329.0,16.0,0.07462938005390836,0.02392654604374831,3.1419947805322432,opponent,17,128,False
14,88,4270.0,58.0,0.10930220652229561,0.04625216637781629,4.278978258774435,opponent,65,128,False
1,10862,5021.0,71.0,0.08995306173635745,0.04461683372431933,4.438918809371631,opponent,0,10,False
1,10887,7636.0,90.0,0.12368195144074248,0.061289028011878965,4.854111430123441,opponent,0,34,False
1,76,6560.0,77.0,0.1062537456065048,0.05595789509600703,4.703506086708953,opponent,0,117,False
1,88,4181.0,59.0,0.10702401064864588,0.04327082298393774,4.25820980725249,opponent,0,128,False
1,90,1574.0,16.0,0.09328513008949209,0.02043147537578857,3.3044417131978476,opponent,0,132,False
10862,10869,3507.0,44.0,0.10529634300126103,0.04096149129261712,4.085135623136791,opponent,10,16,False
10869,10887,3813.0,46.0,0.11448387677895874,0.0381376275255051,4.167440117292651,opponent,16,34,False
10869,76,3127.0,36.0,0.09388698732961027,0.03390400190825211,3.972490752195236,opponent,16,117,False
10869,88,2441.0,40.0,0.07329009788026182,0.03490583575238449,3.7301013686555184,opponent,16,128,False
10869,90,1162.0,11.0,0.06886742132400878,0.023706061162453843,3.01389957750944,opponent,16,132,False
1,5948,1621.0,29.0,0.19455112818050888,0.023681519357195032,3.332799571186515,opponent,0,108,False
1,87,3697.0,57.0,0.10443502824858757,0.03956464972924381,4.137031483351868,opponent,0,127,False
10,5948,1481.0,25.0,0.17774843975036006,0.023798428435988495,3.245842273098015,opponent,1,108,False
10,87,2474.0,40.0,0.06988700564971752,0.028016216338640636,3.7432097986589836,opponent,1,127,False
10865,5948,899.0,21.0,0.10789726356216994,0.02228944040859842,2.7715465126613377,opponent,13,108,False
10865,87,2131.0,31.0,0.06477203647416413,0.032205413411113964,3.597768777373366,opponent,13,127,False
10867,5948,1338.0,28.0,0.16058569371099377,0.03210095727069888,3.1484533605716547,opponent,14,108,False
10867,87,2343.0,40.0,0.06754691959523741,0.03458608880491261,3.6901286735143684,opponent,14,127,False
10869,5948,1752.0,28.0,0.21027364378300528,0.04392518678232964,3.407841924380824,opponent,16,108,False
10869,87,2026.0,33.0,0.06082988050201165,0.030383923215356927,3.548659073338617,opponent,16,127,False
10870,5948,1344.0,19.0,0.1613058089294287,0.05420229069204711,3.152736022363656,opponent,17,108,False
10870,87,1196.0,16.0,0.06716082659478886,0.022994693532261787,3.0413427848060435,opponent,17,127,False
1,71,302.0,5.0,0.07173396674584323,0.004600362545127729,1.7972996496036704,opponent,0,114,False
10,71,290.0,4.0,0.0688836104513064,0.004890387858347387,1.7635885922613586,opponent,1,114,False
10865,71,122.0,3.0,0.028978622327790974,0.0032983670379582567,1.1096621248546947,opponent,13,114,False
10869,71,302.0,5.0,0.07173396674584323,0.008115225452786586,1.7972996496036704,opponent,16,114,False
10870,71,351.0,6.0,0.0833729216152019,0.01619975077306503,1.9242486522741338,opponent,17,114,False
14,5948,1046.0,18.0,0.12554008641382622,0.01613948464743095,2.9141606198601795,opponent,65,108,False
14,71,266.0,3.0,0.06318289786223277,0.004327454935901608,1.692552819144607,opponent,65,114,False
14,87,3697.0,54.0,0.10443502824858757,0.0414336467661134,4.137031483351868,opponent,65,127,False
10867,71,49.0,1.0,0.01163895486935867,0.001261326194398682,0.597003320007043,opponent,14,114,False
4,5948,254.0,5.0,0.030484877580412868,0.009552822595810298,1.6550484236861527,opponent,93,108,False
4,71,61.0,2.0,0.014489311163895487,0.0026919682259488086,0.7014459833746404,opponent,93,114,False
4,87,1358.0,17.0,0.07336178488466318,0.025840579985918977,3.162658144869972,opponent,93,127,False
4,88,1232.0,14.0,0.06655502133866349,0.02186529416984648,3.0696021221204464,opponent,93,128,False
10865,10885,2585.0,41.0,0.07857142857142857,0.030957713081280463,3.786081782070299,opponent,13,32,False
10,10885,4026.0,51.0,0.07569661189034708,0.03851157451693132,4.220977213155467,opponent,1,32,False
10,80,292.0,4.0,0.04934099357891179,0.004786414451037603,1.7692866133759964,opponent,1,121,False
10865,80,527.0,8.0,0.08905035484961135,0.01376302525397613,2.280680257605996,opponent,13,121,False
10867,80,254.0,3.0,0.04291990537343697,0.006294763450719933,1.6550484236861527,opponent,14,121,False
10870,80,162.0,3.0,0.027374112875971614,0.0068748939059582416,1.308332819650179,opponent,17,121,False
14,80,621.0,9.0,0.10493409935789118,0.009885229461485808,2.4292177439274116,opponent,65,121,False
1,10885,5549.0,64.0,0.10433196705900048,0.05073325043885313,4.5377831672862365,opponent,0,32,False
1,80,302.0,4.0,0.051030753632984115,0.004483705738252543,1.7972996496036704,opponent,0,121,False
10869,10885,2651.0,35.0,0.07959526811985829,0.03161937476890781,3.810728287276565,opponent,16,32,False
10869,80,168.0,2.0,0.028387968908415006,0.0043015157722244984,1.33500106673234,opponent,16,121,False
3,80,323.0,5.0,0.05457924974653599,0.0123882944041729,1.8536904269585455,opponent,86,121,False
3,71,12.0,1.0,0.0028503562945368173,0.0004863024801426487,0.18232155679395465,opponent,86,114,False
3,87,2226.0,30.0,0.10870202168180486,0.04148959964213823,3.6402142821326553,opponent,86,127,False
3,5948,946.0,12.0,0.11353816610657705,0.033950617283950615,2.819392788437584,opponent,86,108,False
10862,11,1101.0,14.0,0.10252351243132507,0.016820459545343436,2.962692419475791,opponent,10,43,False
10885,11,725.0,10.0,0.0675109414284384,0.011471518987341773,2.571339155560308,opponent,32,43,False
11,5948,575.0,8.0,0.06901104176668267,0.03108780276816609,2.359280436670591,opponent,43,108,False
11,76,1213.0,15.0,0.11295278890027004,0.016946547821956467,3.0547870363353056,opponent,43,117,False
11,87,947.0,13.0,0.08818325728652575,0.02095503628960878,2.820386330496462,opponent,43,127,False
10887,11,1103.0,13.0,0.10270974951112767,0.0137663342610736,2.9644135902965636,opponent,34,43,False
11,88,453.0,6.0,0.04218269857528634,0.009178959312692496,2.145931282948669,opponent,43,128,False
3,88,2054.0,25.0,0.10030276394179119,0.0357279526874239,3.5619926042080823,opponent,86,128,False
10861,10885,3794.0,42.0,0.09975809844341607,0.043397693997071746,4.162522286752211,opponent,9,32,False
10861,10887,5216.0,57.0,0.137147665124106,0.05049224127082466,4.476578951615105,opponent,9,34,False
10861,10888,3408.0,34.0,0.10058734984209439,0.049748193562513685,4.056988775678332,opponent,9,35,False
10861,76,3748.0,36.0,0.09854859066049643,0.0389054974256768,4.150514833689155,opponent,9,117,False
10861,82,733.0,8.0,0.061078243479710026,0.01486815415821501,2.5814786594127472,opponent,9,122,False
10885,54,7646.0,79.0,0.14375963599443461,0.06544944060672984,4.855409962964003,opponent,32,103,False
10887,54,10535.0,118.0,0.14946018414743145,0.08027584104850079,5.173792908480299,opponent,34,103,False
10888,54,4122.0,39.0,0.12166110799563178,0.04079491696522238,4.244200317766478,opponent,35,103,False
54,76,8404.0,85.0,0.13543479662218785,0.06726913256117377,4.94923259187598,opponent,103,117,False
54,82,1573.0,27.0,0.1310724106324473,0.019250774069586713,3.3038295307483643,opponent,103,122,False
10885,57,6771.0,65.0,0.1273079381792201,0.06403926909544887,4.734881792509748,opponent,32,106,False
10887,57,8902.0,93.0,0.15007502065175246,0.0736298820532332,5.006404133123988,opponent,34,106,False
10888,57,4196.0,39.0,0.12384522298633452,0.04714500797734882,4.261740468799379,opponent,35,106,False
57,76,7135.0,65.0,0.12028592140533068,0.06245951292960064,4.786797057099368,opponent,106,117,False
57,82,911.0,13.0,0.07591034080493292,0.012939054355390799,2.7839819060692244,opponent,106,122,False
10885,62,2376.0,30.0,0.06871023713128976,0.02782527228012648,3.703768066607687,opponent,32,110,False
10887,62,3620.0,39.0,0.10468478889531521,0.03568365747631768,4.116323468940876,opponent,34,110,False
10888,62,2046.0,25.0,0.06038782798618695,0.03080629375894,3.55820113047182,opponent,35,110,False
62,76,2172.0,27.0,0.06281087333718913,0.022993859834850732,3.616308761279101,opponent,110,117,False
62,82,1017.0,16.0,0.08474293808849262,0.022320252831182514,2.8875901149342877,opponent,110,122,False
10885,68,6398.0,68.0,0.12029481442484864,0.05857472442963343,4.67873038909612,opponent,32,112,False
10887,68,9061.0,105.0,0.14511531069827033,0.07315163160189236,5.023990163958058,opponent,34,112,False
10888,68,3727.0,39.0,0.11000265635606978,0.04025098818497959,4.144984865679694,opponent,35,112,False
68,76,6827.0,72.0,0.1100206278605041,0.05802065185059278,4.743046293322598,opponent,112,117,False
68,82,1537.0,26.0,0.1280726606116157,0.021082519477669263,3.2815375859929117,opponent,112,122,False
10861,10862,3441.0,44.0,0.09047644089188052,0.03806037009589753,4.066459358732565,opponent,9,10,False
10862,54,6105.0,81.0,0.10937332043426852,0.05045621342854309,4.632298853376344,opponent,10,103,False
10862,57,5108.0,66.0,0.09151169873517503,0.04642496841684314,4.455896483240338,opponent,10,106,False
10862,62,2738.0,39.0,0.07917871602082129,0.031234314396532056,3.8423155930033257,opponent,10,110,False
10862,68,5142.0,66.0,0.09212082124046006,0.04545776017539517,4.462453883786496,opponent,10,112,False
10862,16,7151.0,86.0,0.12811279515568455,0.06816188805856337,4.789018354694659,opponent,10,75,False
10885,16,5683.0,60.0,0.10685142706727334,0.05477695955584686,4.561392438642196,opponent,32,75,False
10887,16,9041.0,99.0,0.16074317717130412,0.07681980780178603,5.021795014355255,opponent,34,75,False
16,76,6690.0,71.0,0.11894390612498888,0.05994247672637021,4.722953221644475,opponent,75,117,False
16,82,876.0,20.0,0.07299391717356887,0.013002820246400475,2.747270914255491,opponent,75,122,False
10862,12,5204.0,61.0,0.12968500797448165,0.057349408212294194,4.474301910783052,opponent,10,50,False
10885,12,1865.0,31.0,0.04647627591706539,0.02039388074227165,3.468336684499784,opponent,32,50,False
10887,12,4143.0,54.0,0.10324461722488039,0.03891163874070178,4.249209272783016,opponent,34,50,False
12,76,2073.0,33.0,0.05165968899521531,0.020707842608409,3.5709401562492498,opponent,50,117,False
12,82,425.0,8.0,0.035413715523706354,0.008219866934859972,2.0898043287153825,opponent,50,122,False
10862,58,5512.0,67.0,0.10123420511313547,0.052618515760734674,4.531164772677595,opponent,10,107,False
10885,58,3485.0,45.0,0.06552476215545444,0.033461675100096976,4.0789488767441275,opponent,32,107,False
10887,58,6944.0,86.0,0.12753452835733176,0.05885194633488995,4.7598921311836415,opponent,34,107,False
58,76,4136.0,48.0,0.0759623861298854,0.03680894236588231,4.2475424072940875,opponent,107,117,False
58,82,473.0,12.0,0.03941338221814849,0.007169273675275858,2.184176861943744,opponent,107,122,False
12,80,1315.0,17.0,0.2222034471105103,0.02939795667434218,3.131864447878571,opponent,50,121,False
16,80,1415.0,19.0,0.23910104765123352,0.023292947915980772,3.2020687065518194,opponent,75,121,False
54,80,701.0,13.0,0.11845217979046975,0.009163398692810458,2.540288795639585,opponent,103,121,False
58,80,1421.0,19.0,0.2401149036836769,0.024107218593604207,3.206128252045698,opponent,107,121,False
68,80,853.0,15.0,0.14413653261236906,0.012636101029553367,2.7223913183728676,opponent,112,121,False
10862,10884,607.0,8.0,0.06948260073260074,0.009492235757736877,2.408445483693523,opponent,10,31,False
10884,10885,339.0,3.0,0.038804945054945056,0.005504765925661303,1.8946168546677629,opponent,31,32,False
10884,10887,348.0,7.0,0.03983516483516483,0.004412044374009509,1.916922612182061,opponent,31,34,False
10884,80,240.0,2.0,0.04055424129773572,0.016650478701262662,1.6094379124341003,opponent,31,121,False
10884,90,383.0,3.0,0.04384157509157509,0.015182747958455561,1.999225207823035,opponent,31,132,False
12,90,1430.0,16.0,0.0847507852782552,0.02573284626873729,3.2121868367174042,opponent,50,132,False
16,90,1565.0,18.0,0.09275173353878978,0.021871899151677778,3.298918532541737,opponent,75,132,False
58,90,2004.0,23.0,0.11876963195638002,0.028910656837428047,3.5380565643793527,opponent,107,132,False
68,90,1442.0,19.0,0.08546198067919161,0.018517805087901785,3.2202082701019794,opponent,112,132,False
10861,80,1052.0,15.0,0.17776275768840824,0.024523287798964986,2.9195709125884273,opponent,9,121,False
10861,87,3168.0,35.0,0.08949152542372882,0.04508710007969942,3.9852734671677386,opponent,9,127,False
10861,90,1475.0,19.0,0.08741776803176672,0.0276062137376006,3.241941097799197,opponent,9,132,False
10884,87,406.0,7.0,0.046474358974358976,0.009284244225931855,2.049841071903545,opponent,31,127,False
12,87,4274.0,50.0,0.12073446327683615,0.05998259746821231,4.279901619874203,opponent,50,127,False
16,87,5265.0,66.0,0.14872881355932202,0.06095160916878907,4.485823428355525,opponent,75,127,False
58,87,4892.0,60.0,0.13819209039548022,0.05758274871698291,4.413202252142331,opponent,107,127,False
10861,88,3331.0,37.0,0.08758413967185529,0.045155692925020675,4.034535579903538,opponent,9,128,False
10884,76,378.0,7.0,0.04326923076923077,0.005368555602897316,1.9878743481543455,opponent,31,117,False
10884,88,161.0,2.0,0.01842948717948718,0.0033794420772024097,1.303818139295652,opponent,31,128,False
12,88,4417.0,48.0,0.11306506936978447,0.05906896505610014,4.312363896018865,opponent,50,128,False
16,88,5627.0,67.0,0.14403829416884248,0.0627425181749253,4.551593585084699,opponent,75,128,False
58,88,5353.0,65.0,0.13702452260277478,0.06071845827520105,4.5022141845748775,opponent,107,128,False
10888,12,1739.0,25.0,0.051326702281514716,0.02406254324062543,3.4006416717284322,opponent,35,50,False
10888,16,3330.0,38.0,0.09828517458162392,0.03836582330982995,4.034240638152395,opponent,35,75,False
10862,3129,3269.0,36.0,0.13484860985067237,0.04257009284942246,4.016082675352925,opponent,10,87,False
10888,3129,2124.0,22.0,0.08761653328933257,0.037929248736584584,3.594568774642695,opponent,35,87,False
3129,76,4497.0,44.0,0.18550449632868576,0.054977566414416174,4.330075229041782,opponent,87,117,False
3129,88,2052.0,24.0,0.08464648131342299,0.033498759305210915,3.5610460826040513,opponent,87,128,False
3129,90,534.0,6.0,0.03164819534167013,0.013158867450284616,2.2925347571405443,opponent,87,132,False
10888,58,3220.0,37.0,0.09503851716301172,0.03783383660952426,4.001254139156089,opponent,35,107,False
68,88,3461.0,42.0,0.0885936620078841,0.035300117293079705,4.072155756932951,opponent,112,128,False
10887,3129,4211.0,43.0,0.1737067898688227,0.046521133918115735,4.265258708619366,opponent,34,87,False
3129,82,320.0,5.0,0.0266644446296142,0.00890794198702781,1.8458266904983307,opponent,87,122,False
54,88,4222.0,53.0,0.10807351661291148,0.03978252471095951,4.267830906927528,opponent,103,128,False
62,88,2289.0,23.0,0.06619433198380567,0.03207814229858318,3.667400422436812,opponent,110,128,False
62,80,779.0,14.0,0.13163230821223387,0.01961277977794003,2.6378661442451055,opponent,110,121,False
57,88,3962.0,50.0,0.10141811293708083,0.04196100443757215,4.205190008110496,opponent,106,128,False
57,80,370.0,8.0,0.0625211220006759,0.005704154783010869,1.9694406464655074,opponent,106,121,False
54,87,3763.0,50.0,0.10629943502824858,0.03656237854644384,4.154446171474312,opponent,103,127,False
68,87,3879.0,54.0,0.10957627118644067,0.04128308553548813,4.184337600748806,opponent,112,127,False
3129,87,1648.0,24.0,0.06798118967081924,0.028416732765458495,3.3487338121264143,opponent,87,127,False
10862,55,233.0,4.0,0.036034642746674915,0.003754975745757522,1.5858280467949666,opponent,10,104,False
10887,55,154.0,2.0,0.02381688833900402,0.002005234443156812,1.2716314527997508,opponent,34,104,False
55,76,143.0,3.0,0.022115682029075164,0.0020914076782449728,1.2188614168196867,opponent,104,117,False
55,87,334.0,3.0,0.051654809774203524,0.008041991717230088,1.882006347075833,opponent,104,127,False
55,88,233.0,4.0,0.036034642746674915,0.005143601404004504,1.5858280467949666,opponent,104,128,False
10885,55,270.0,2.0,0.041756882152799255,0.004546832373446499,1.7047480922384253,opponent,32,104,False
57,87,3004.0,40.0,0.08485875706214689,0.03275435325417334,3.9331319686383814,opponent,106,127,False
62,87,2484.0,30.0,0.07183342972816657,0.03680218086997748,3.7471483622379123,opponent,110,127,False
1,10877,10776.0,116.0,0.17454121381946583,0.0861928300619091,5.196284640982885,opponent,0,24,False
1,10880,4930.0,61.0,0.0959330609067912,0.04556419190565532,4.420846626523463,opponent,0,27,False
1,39,2050.0,19.0,0.07978516385148283,0.02400946324209737,3.5600986642480112,opponent,0,92,False
1,40,7890.0,84.0,0.12779604463953093,0.06804129045610949,4.886582645426277,opponent,0,94,False
1,8889,9516.0,105.0,0.1752421641928474,0.0893311429241962,5.072670685015709,opponent,0,129,False
10867,10877,3700.0,42.0,0.10666820422636723,0.035222664356567596,4.137829674161839,opponent,14,24,False
10867,10880,1562.0,20.0,0.045031279730158275,0.018481926285274803,3.2970706724532577,opponent,14,27,False
10867,39,1238.0,11.0,0.048182455047871095,0.020932316588607273,3.0742353350419345,opponent,14,92,False
10867,40,2541.0,29.0,0.07325510998356734,0.02695849601086403,3.769306703226551,opponent,14,94,False
10867,8889,3467.0,42.0,0.09995099028454464,0.040539276443488224,4.073858368013951,opponent,14,129,False
1,10879,3900.0,54.0,0.11660935864852744,0.04272380701985014,4.189654742026425,opponent,0,26,False
1,10881,6839.0,73.0,0.12449938105293817,0.06226782722703766,4.744787190324008,opponent,0,28,False
10867,10879,1769.0,22.0,0.052892809089550005,0.026656419993068427,3.417180086168765,opponent,14,26,False
10867,10881,2569.0,30.0,0.07406232882636146,0.029511774842044803,3.7800142625077804,opponent,14,28,False
1,43,7385.0,90.0,0.15014740266341364,0.07132578062372633,4.8209533828960085,opponent,0,96,False
1,44,2188.0,27.0,0.11552880299910238,0.02787616256848006,3.623451648791481,opponent,0,97,False
10,43,3060.0,40.0,0.06221408966148216,0.030146298211910744,3.9512437185814275,opponent,1,96,False
10865,43,2363.0,42.0,0.07182370820668693,0.02964050074007175,3.698417158594425,opponent,13,96,False
10868,43,145.0,4.0,0.011384156394755436,0.002347151852631238,1.2286654169163074,opponent,15,96,False
10869,43,4267.0,63.0,0.12811505434456255,0.05454847617099611,4.278285178002784,opponent,16,96,False
3,43,1336.0,23.0,0.06524074616661783,0.019553031744405577,3.147021721100217,opponent,86,96,False
10867,43,1951.0,26.0,0.056245855796119584,0.023815627250643914,3.5120428275505513,opponent,14,96,False
10867,44,1075.0,19.0,0.056761180632557154,0.020456318623813058,2.9400433676934026,opponent,14,97,False
3,8889,1580.0,24.0,0.0771559722629163,0.021584699453551914,3.3081069585961433,opponent,86,129,False
14,43,5409.0,69.0,0.10997255260750229,0.05339585389930898,4.512506501124672,opponent,65,96,False
10867,10883,75.0,1.0,0.102880658436214,0.0021221810361902608,0.8109302162163288,opponent,14,30,False
10869,10883,75.0,1.0,0.102880658436214,0.002208480565371025,0.8109302162163288,opponent,16,30,False
10883,14,75.0,1.0,0.102880658436214,0.0012891471002784557,0.8109302162163288,opponent,30,65,False
10883,3,75.0,1.0,0.102880658436214,0.0035491198182850655,0.8109302162163288,opponent,30,86,False
10883,5,75.0,1.0,0.102880658436214,0.0017524592845292895,0.8109302162163288,opponent,30,101,False
43,5,6322.0,87.0,0.1500130508032176,0.07437122085499848,4.666892244616088,opponent,96,101,False
44,5,1996.0,20.0,0.10539099213263636,0.03378126798226314,3.534173064352955,opponent,97,101,False
1,47,2067.0,21.0,0.10114503816793893,0.025802666400359515,3.5681232529781366,opponent,0,99,False
10865,47,145.0,2.0,0.0070953219808181645,0.0027260250794307306,1.2286654169163074,opponent,13,99,False
10867,47,1044.0,8.0,0.05108631826189078,0.019305090700641653,2.91235066461494,opponent,14,99,False
10869,47,1156.0,16.0,0.056566842826384814,0.02198303731031073,3.008977500304012,opponent,16,99,False
10877,11,156.0,2.0,0.014526492224601919,0.0018430566385482384,1.2809338454620642,opponent,24,43,False
10880,11,156.0,2.0,0.014526492224601919,0.0025172252432510934,1.2809338454620642,opponent,27,43,False
10881,11,141.0,1.0,0.013129714126082503,0.002151686250572257,1.208960345836975,opponent,28,43,False
11,40,141.0,1.0,0.013129714126082503,0.0019392639049348077,1.208960345836975,opponent,43,94,False
11,47,141.0,1.0,0.013129714126082503,0.004543404008506799,1.208960345836975,opponent,43,99,False
1,113,481.0,8.0,0.04403955319538546,0.006663895816015517,2.199074716624381,opponent,0,46,False
10865,113,393.0,7.0,0.035982420802050906,0.009049252803426283,2.0215475632609334,opponent,13,46,False
10868,113,18.0,1.0,0.0016480498077275224,0.0007613891121356965,0.26236426446749106,opponent,15,46,False
10869,113,24.0,3.0,0.0021973997436366965,0.0005429372907429192,0.33647223662121295,opponent,16,46,False
113,5,279.0,5.0,0.025544772019776597,0.005285492365399917,1.7316555451583497,opponent,46,101,False
3,39,303.0,4.0,0.014796366832698506,0.006605768601887985,1.80005827204275,opponent,86,92,False
11,39,15.0,1.0,0.0013967780985194153,0.00041188423307155804,0.22314355131420976,opponent,43,92,False
11,44,15.0,1.0,0.0013967780985194153,0.0005056804773623707,0.22314355131420976,opponent,43,97,False
11,8889,15.0,1.0,0.0013967780985194153,0.00023067695998523667,0.22314355131420976,opponent,43,129,False
10,113,6.0,2.0,0.0005493499359091741,9.050319777965489e-05,0.09531017980432487,opponent,1,46,False
10867,113,2.0,1.0,0.00018311664530305805,4.38529173153244e-05,0.03278982282299087,opponent,14,46,False
10890,16,2504.0,31.0,0.06406713744754887,0.026975491516294102,3.75497925581846,opponent,37,75,False
16,77,3872.0,46.0,0.11441404172330241,0.04491097836803341,4.182558919044957,opponent,75,118,False
10890,54,4417.0,48.0,0.11301299764609558,0.041689476168003774,4.312363896018865,opponent,37,103,False
54,77,4735.0,58.0,0.1399148986466521,0.04716605239565694,4.380984425095438,opponent,103,118,False
10890,57,3379.0,34.0,0.08645481526967556,0.03556018606217508,4.048591448210166,opponent,37,106,False
57,77,3286.0,40.0,0.09709828024348442,0.03656270515060141,4.021176319324669,opponent,106,118,False
10890,62,2066.0,22.0,0.05974551764025448,0.02885555462443085,3.5676529966797923,opponent,37,110,False
62,77,1641.0,21.0,0.04849004195969505,0.024572857549302947,3.3446270301737613,opponent,110,118,False
10890,68,4290.0,48.0,0.10976358612219834,0.04412036941810478,4.283586561860629,opponent,37,112,False
68,77,4761.0,58.0,0.14068317475326517,0.05202084767430426,4.386392092183521,opponent,112,118,False
10860,77,1233.0,16.0,0.036434016902074345,0.017106467993007576,3.070375816549757,opponent,8,118,False
58,77,3482.0,44.0,0.10288990012410613,0.04105744741062164,4.078102256120678,opponent,107,118,False
10860,73,889.0,11.0,0.17145612343297975,0.0203130355306752,2.7610642363878273,opponent,8,115,False
12,73,762.0,9.0,0.14696239151398263,0.017103993176359678,2.617395832834079,opponent,50,115,False
12,77,2060.0,28.0,0.06087110690857514,0.028646919760812125,3.5648268054439574,opponent,50,118,False
16,73,1038.0,16.0,0.20019286403085826,0.017187706981057094,2.9069010598473755,opponent,75,115,False
54,73,944.0,13.0,0.18206364513018322,0.012499337958794555,2.817402738029574,opponent,103,115,False
58,73,966.0,12.0,0.1863066538090646,0.016465815535139004,2.8390784635086144,opponent,107,115,False
10860,10890,2412.0,30.0,0.06171323303653669,0.03167807094732142,3.7184382563554808,opponent,8,37,False
10890,12,2323.0,32.0,0.059436086378057515,0.030212384086150165,3.6817709148766413,opponent,37,50,False
10890,58,3331.0,46.0,0.08522669122914747,0.03692863715479873,4.034535579903538,opponent,37,107,False
103,10884,418.0,5.0,0.047847985347985345,0.006183797857861412,2.075266170269355,opponent,3,31,False
107,10884,397.0,4.0,0.04544413919413919,0.0067118632605792155,2.030338828672104,opponent,6,31,False
10884,10890,340.0,4.0,0.03891941391941392,0.007160909856781803,1.8971199848858813,opponent,31,37,False
10884,73,270.0,3.0,0.052073288331726135,0.019778770786023,1.7047480922384253,opponent,31,115,False
10884,86,486.0,5.0,0.05563186813186813,0.010956804040039679,2.2082744135228043,opponent,31,125,False
68,73,1083.0,13.0,0.20887174541947925,0.016275435063568874,2.94706710157271,opponent,112,115,False
103,3129,2254.0,27.0,0.09297912713472485,0.02773607658799498,3.6523883455315214,opponent,3,87,False
107,3129,1701.0,25.0,0.0701674779308638,0.023189867895461548,3.3792925462741055,opponent,6,87,False
10890,3129,1896.0,22.0,0.07821136869895223,0.03086439850236041,3.484312288372662,opponent,37,87,False
3129,73,555.0,9.0,0.10703953712632594,0.019222776392352453,2.327277705584417,opponent,87,115,False
3129,86,1253.0,18.0,0.05168715452520419,0.021203147474405618,3.0857253120806956,opponent,87,125,False
10884,10889,127.0,1.0,0.014537545787545788,0.005287040506223721,1.136764054632486,opponent,31,36,False
10884,77,224.0,2.0,0.02564102564102564,0.00528875666997214,1.5546296759391054,opponent,31,118,False
10884,89,275.0,3.0,0.03147893772893773,0.00362839915029489,1.7197859696029656,opponent,31,130,False
10884,99,224.0,2.0,0.02564102564102564,0.006196061075459172,1.5546296759391054,opponent,31,136,False
10889,3129,773.0,8.0,0.05015572281339216,0.019881175895681696,2.6306890799447418,opponent,36,87,False
3129,77,893.0,12.0,0.0368368946456563,0.01561434491440961,2.7652703414321014,opponent,87,118,False
3129,89,2762.0,30.0,0.11393449385364243,0.031100101339939196,3.8508565701906585,opponent,87,130,False
3129,99,669.0,7.0,0.0275967329428265,0.01306308944994435,2.4973291697865574,opponent,87,136,False
57,73,651.0,9.0,0.12555448408871744,0.010195611658392195,2.47232786758114,opponent,106,115,False
62,73,367.0,5.0,0.0707810993249759,0.009315193664653028,1.9624394510065237,opponent,110,115,False
1,10894,946.0,9.0,0.045953560672301566,0.011624620602366704,2.819392788437584,opponent,0,41,False
1,110,6897.0,79.0,0.12448334987816984,0.06255952542926338,4.753159063701541,opponent,0,44,False
1,118,5812.0,59.0,0.10824502262864806,0.053019521985039224,4.583606008072251,opponent,0,48,False
1,12908,4391.0,61.0,0.1764871382636656,0.05340030160042808,4.3065395067937535,opponent,0,55,False
1,45,5917.0,73.0,0.16325010346254656,0.06426841322080659,4.601329486602153,opponent,0,98,False
10,12908,3513.0,55.0,0.14119774919614148,0.04577377617366151,4.0868162958013095,opponent,1,55,False
10867,10894,1117.0,13.0,0.054260176819197516,0.02062560011817712,2.976379545038176,opponent,14,41,False
10867,110,4247.0,51.0,0.12243780090523827,0.04947288718038325,4.27365232283201,opponent,14,44,False
10867,118,3763.0,43.0,0.10848444662265402,0.044470969190588176,4.154446171474312,opponent,14,48,False
10867,12908,4582.0,72.0,0.18416398713826365,0.08333181776848231,4.348556024612281,opponent,14,55,False
10867,45,3833.0,56.0,0.11050249372963934,0.05712454731069017,4.172590785388355,opponent,14,98,False
10868,12908,1181.0,15.0,0.09272199104969774,0.032412998133713906,3.0293282229825067,opponent,15,55,False
12908,14,4229.0,66.0,0.169975884244373,0.05409657818995842,4.2694643222947795,opponent,55,65,False
1,121,4387.0,54.0,0.11243816797806085,0.04552293787421266,4.305640428288596,opponent,0,51,False
10867,121,2959.0,38.0,0.08530573413670828,0.04182627747543996,3.9183363674847382,opponent,14,51,False
10869,12908,3801.0,64.0,0.1527733118971061,0.06989059483313413,4.164336934042136,opponent,16,55,False
10894,11,314.0,2.0,0.029239221529006425,0.010125439360227017,1.8299112351924312,opponent,41,43,False
11,110,1924.0,23.0,0.17916007077009033,0.029959514170040485,3.4985257256227174,opponent,43,44,False
11,121,1319.0,17.0,0.12282335412980724,0.02723124883869769,3.134769315571201,opponent,43,51,False
11,12908,936.0,10.0,0.0871589533476115,0.02698728483695182,2.8094026953624973,opponent,43,55,False
11,45,1244.0,16.0,0.11583946363721016,0.027197201574114562,3.0788471802644977,opponent,43,98,False
1,51,6604.0,89.0,0.16555942741106572,0.06949823202559353,4.710130621624578,opponent,0,102,False
10868,51,747.0,10.0,0.05864803328884353,0.014398889724165847,2.598979106047848,opponent,15,102,False
10869,51,3452.0,63.0,0.10364498889089054,0.049496006767704284,4.069596392532906,opponent,16,102,False
11,51,2192.0,29.0,0.2041158394636372,0.04525559501197456,3.62522942703748,opponent,43,102,False
14,51,5532.0,76.0,0.13868485046002657,0.060208312926502756,4.534747721691546,opponent,65,102,False
1,122,2212.0,36.0,0.10899773332019316,0.0277120056125581,3.634071217618941,opponent,0,52,False
11,122,1391.0,23.0,0.12952788900270043,0.046926658120234804,3.185663690662087,opponent,43,52,False
1,116,3427.0,54.0,0.13080152671755726,0.04055045437334343,4.062452484453551,opponent,0,47,False
10,116,3433.0,56.0,0.13103053435114503,0.043930029303748064,4.064171682584731,opponent,1,47,False
10,51,4959.0,84.0,0.12431998796660733,0.054910862584431404,4.426641427432833,opponent,1,102,False
10868,116,344.0,5.0,0.027007929653764622,0.00891353354235224,1.9070703157390494,opponent,15,47,False
10869,116,1689.0,32.0,0.06446564885496184,0.029212861269176885,3.3724549127965013,opponent,16,47,False
11,116,480.0,7.0,0.04469689915262129,0.013165473545626595,2.1972245773362196,opponent,43,47,False
10863,116,158.0,4.0,0.014416058394160583,0.004270039457326631,1.2901505005669882,opponent,11,47,False
10863,122,222.0,5.0,0.020255474452554746,0.007153905645784996,1.547562508716013,opponent,11,52,False
10863,12908,347.0,8.0,0.03166058394160584,0.009776575662806751,1.9144686232204944,opponent,11,55,False
10863,51,730.0,13.0,0.0666058394160584,0.014565334503880764,2.5776883832389665,opponent,11,102,False
116,14,2372.0,38.0,0.09053435114503816,0.029157242600059002,3.7021246808639567,opponent,47,65,False
10867,116,2200.0,36.0,0.08396946564885496,0.03748700734404553,3.628775530044231,opponent,14,47,False
10867,122,707.0,14.0,0.03483788311816301,0.013026495191067546,2.5481422391451556,opponent,14,52,False
10867,51,3666.0,61.0,0.10568800991726007,0.05169933718798477,4.128745988939433,opponent,14,102,False
10,10891,1196.0,24.0,0.06702908703693325,0.016604884279506297,3.0413427848060435,opponent,1,38,False
10863,10891,343.0,5.0,0.0312956204379562,0.012052002810962754,1.9045919997245824,opponent,11,38,False
10867,10891,250.0,6.0,0.014011096788656616,0.004781943381790359,1.6422277352570913,opponent,14,38,False
10869,10891,140.0,3.0,0.007846214201647704,0.0027446136956223413,1.2039728043259361,opponent,16,38,False
10891,14,2604.0,27.0,0.1459395841506473,0.035787419430204914,3.7932394694381792,opponent,38,65,False
10865,10891,1624.0,24.0,0.09101608473911338,0.033062562348582014,3.3345826325801715,opponent,13,38,False
10865,51,3815.0,61.0,0.11595744680851064,0.05531069678429553,4.1679563795653465,opponent,13,102,False
10865,12908,2587.0,44.0,0.10397909967845659,0.04687188592756328,3.786837640005001,opponent,13,55,False
11,118,885.0,9.0,0.0824099078126455,0.013926699922891719,2.7568403652716422,opponent,43,48,False
10865,116,1617.0,32.0,0.061717557251908396,0.02813005584259694,3.3304171996011083,opponent,13,47,False
1,123,138.0,4.0,0.014296073759453019,0.001936733376371853,1.1939224684724346,opponent,0,53,False
11,123,20.0,1.0,0.0020718947477468145,0.0009817396426467701,0.2876820724517809,opponent,43,53,False
118,3,1464.0,17.0,0.0714913565777908,0.020135612802068575,3.2347491740244907,opponent,48,86,False
121,3,964.0,19.0,0.0470749096591464,0.016469904836753174,2.8371272433773522,opponent,51,86,False
122,3,163.0,4.0,0.008031930619887651,0.004013888546873846,1.3128272092380182,opponent,52,86,False
12908,3,193.0,6.0,0.009424748510596739,0.004273220414037418,1.4390449265054195,opponent,55,86,False
3,51,1035.0,12.0,0.0505420451215939,0.017444212229488304,2.9041650800285006,opponent,86,102,False
3,45,1440.0,18.0,0.07031936712569586,0.026047790459996743,3.2188758248682006,opponent,86,98,False
10885,13275,2069.0,20.0,0.13605576379299006,0.031195344068512154,3.569063102671379,opponent,32,58,False
10887,13275,2239.0,23.0,0.14723482606694285,0.026828829908333834,3.6458849625410807,opponent,34,58,False
10888,13275,2819.0,24.0,0.18537515617807587,0.06092632215954527,3.8708537283900752,opponent,35,58,False
13275,76,2921.0,29.0,0.19208259354244756,0.03929349726922973,3.905669531455971,opponent,58,117,False
13275,90,403.0,2.0,0.026500953508252777,0.012722164346371185,2.0433824918641332,opponent,58,132,False
10885,51,4227.0,45.0,0.10596906415302465,0.04757563479200432,4.268997904375876,opponent,32,102,False
10887,51,5614.0,62.0,0.14074055504023666,0.05358813310169718,4.549305053146696,opponent,34,102,False
10888,51,4706.0,47.0,0.13889790738171837,0.0681396965133789,4.374918095436587,opponent,35,102,False
51,76,5997.0,63.0,0.15034219960390083,0.06250521137330109,4.614625344758847,opponent,102,117,False
51,90,539.0,6.0,0.03194452675872696,0.009586823897693116,2.3009170358933484,opponent,102,132,False
108,10862,500.0,7.0,0.06001680470531749,0.00785558296281167,2.2335922215070942,opponent,7,10,False
108,10887,323.0,7.0,0.0387708558396351,0.004114911777820244,1.8536904269585455,opponent,7,34,False
108,76,301.0,2.0,0.036130116432601125,0.004294968750891813,1.7945333961107803,opponent,7,117,False
108,82,443.0,7.0,0.053174888968911295,0.022273618583136406,2.1262456078776384,opponent,7,122,False
108,87,317.0,6.0,0.03805065418317129,0.007301792048647901,1.83790062522591,opponent,7,127,False
10862,12908,2337.0,30.0,0.09393086816720257,0.029823509143579077,3.6876286722122837,opponent,10,55,False
108,80,199.0,5.0,0.033626225076039205,0.014163701067615659,1.4624834994774372,opponent,7,121,False
118,80,464.0,7.0,0.07840486650895573,0.007844861108762913,2.1671471220989416,opponent,48,121,False
123,80,260.0,4.0,0.043933761405880366,0.01698125530664228,1.6739764335716716,opponent,53,121,False
12668,80,256.0,6.0,0.04325785738425143,0.010792580101180439,1.6613976513648114,opponent,54,121,False
12908,80,143.0,2.0,0.024163568773234202,0.0046648181373348556,1.2188614168196867,opponent,55,121,False
10862,121,1881.0,24.0,0.04820975472230053,0.020235815564687912,3.4766140209469096,opponent,10,51,False
121,80,447.0,8.0,0.07553227441703278,0.01004765329976623,2.1341664413690826,opponent,51,121,False
10862,51,2812.0,36.0,0.07049562536037504,0.030270735776952475,3.868419367946014,opponent,10,102,False
51,80,330.0,6.0,0.055762081784386616,0.007256415330826571,1.8718021769015913,opponent,102,121,False
51,82,1456.0,16.0,0.1213232230647446,0.028869413490898995,3.2294860039802162,opponent,102,122,False
51,87,2862.0,31.0,0.08084745762711865,0.039515650240932246,3.885679030088544,opponent,102,127,False
122,80,158.0,4.0,0.026698208854342684,0.00606432793429032,1.2901505005669882,opponent,52,121,False
108,88,350.0,5.0,0.04201176329372224,0.007439369141496801,1.9218125974762528,opponent,7,128,False
51,88,4251.0,51.0,0.10881585009983105,0.05690458342257443,4.274580612525034,opponent,102,128,False
108,10888,287.0,4.0,0.03444964590085224,0.0068455575432319615,1.7549802177247584,opponent,7,35,False
110,80,178.0,2.0,0.030077728962487327,0.002911112928285224,1.377926111449374,opponent,44,121,False
10862,13275,1626.0,23.0,0.10692444269086605,0.023429732416893615,3.3357695763397,opponent,10,58,False
13275,80,121.0,1.0,0.020446096654275093,0.005760807465244715,1.104152469043725,opponent,58,121,False
13275,87,518.0,5.0,0.0340632603406326,0.010341591966299987,2.265229306450277,opponent,58,127,False
13275,88,1929.0,26.0,0.12684947721444073,0.036852361302154975,3.5010427166318716,opponent,58,128,False
13275,82,1078.0,12.0,0.08982584784601283,0.04125526215078454,2.9426830524641754,opponent,58,122,False
108,10885,55.0,2.0,0.006601848517584924,0.0008948618658683414,0.6505875661411493,opponent,7,32,False
3129,44,682.0,10.0,0.03601034901525952,0.016047436410268477,2.51500468094528,opponent,87,97,False
10890,110,4544.0,47.0,0.11626240916999284,0.05051976207682472,4.340336207619672,opponent,37,44,False
10890,118,4311.0,48.0,0.11030089038992938,0.04873058576176158,4.288402532641213,opponent,37,48,False
103,12908,1022.0,11.0,0.04107717041800643,0.012293110084680524,2.892221897184326,opponent,3,55,False
106,12908,1318.0,13.0,0.052974276527331186,0.02061533167534763,3.1340438893515032,opponent,5,55,False
10890,12908,1337.0,15.0,0.053737942122186494,0.021348619604962715,3.147737797034861,opponent,37,55,False
12908,89,1340.0,13.0,0.053858520900321546,0.014746340926598437,3.1498829533812494,opponent,55,130,False
12908,99,1088.0,10.0,0.04372990353697749,0.021154145279203607,2.951432014657411,opponent,55,136,False
103,13275,1022.0,11.0,0.06720589202341028,0.01391176510624396,2.892221897184326,opponent,3,58,False
106,13275,1409.0,15.0,0.09265469849411455,0.02601118721039709,3.1979926139517767,opponent,5,58,False
10890,13275,1122.0,14.0,0.07378181100808838,0.021102522146363482,2.9806186357439426,opponent,37,58,False
13275,89,1240.0,13.0,0.08154139541000854,0.015252715352350026,3.0757749812275277,opponent,58,130,False
13275,99,1160.0,11.0,0.07628066022226607,0.027826420706695134,3.0122615755052013,opponent,58,136,False
103,51,3494.0,38.0,0.08759307077139061,0.03652023036802442,4.081484446492496,opponent,3,102,False
106,51,2397.0,22.0,0.06009175461906791,0.030784840039556657,3.7123518102990785,opponent,5,102,False
10890,51,2849.0,31.0,0.07289427898884454,0.03742577899217067,3.881220096273101,opponent,37,102,False
51,89,3031.0,31.0,0.07598586076361905,0.029091642031711905,3.9419053799100157,opponent,102,130,False
51,99,2082.0,26.0,0.07532561505065123,0.03181200055006341,3.5751506887855933,opponent,102,136,False
12668,99,412.0,4.0,0.022815372688005316,0.009097734399152057,2.0626344233634546,opponent,54,136,False
107,12908,1125.0,11.0,0.045217041800643086,0.015087507543753771,2.9831534913471307,opponent,6,55,False
12908,79,835.0,8.0,0.03356109324758842,0.011098705372570912,2.7024791560527546,opponent,55,120,False
107,13275,882.0,9.0,0.05799960544486092,0.01354110693175712,2.7536607123542622,opponent,6,58,False
13275,79,683.0,8.0,0.044913526665351484,0.010393681615509869,2.5163514824956583,opponent,58,120,False
107,108,345.0,3.0,0.04141159524666907,0.005867746105177223,1.9095425048844386,opponent,6,7,False
108,10890,376.0,3.0,0.045132637138398754,0.0079933672059355,1.9832976811269336,opponent,7,37,False
108,79,261.0,2.0,0.03132877205617573,0.004404394269224928,1.6770965609079151,opponent,7,120,False
108,89,362.0,4.0,0.04345216660664986,0.004807500763622359,1.9506607518139112,opponent,7,130,False
108,91,405.0,4.0,0.04861361181130717,0.021258726576032755,2.0476928433652555,opponent,7,133,False
10890,121,2672.0,31.0,0.06848296896224723,0.03542404115128134,3.81844465846858,opponent,37,51,False
121,91,2460.0,29.0,0.22112359550561797,0.051591795646155784,3.7376696182833684,opponent,51,133,False
10890,123,406.0,5.0,0.04205946337926034,0.00840040553681902,2.049841071903545,opponent,37,53,False
123,91,797.0,11.0,0.08256500569771055,0.039887893498823886,2.659093356375679,opponent,53,133,False
10890,12668,776.0,9.0,0.042972643703621666,0.013767164602774723,2.634284050862601,opponent,37,54,False
12668,91,770.0,10.0,0.06921348314606741,0.02710027100271003,2.627081138568543,opponent,54,133,False
12908,91,835.0,10.0,0.0750561797752809,0.023741825419391526,2.7024791560527546,opponent,55,133,False
108,83,242.0,2.0,0.02911103091543366,0.014754298256310206,1.6160824551527688,opponent,7,123,False
121,83,908.0,11.0,0.10922651269096596,0.019559691525569772,2.7808875250544762,opponent,51,123,False
10890,122,835.0,10.0,0.041145166058933674,0.014263020344020634,2.7024791560527546,opponent,37,52,False
122,83,382.0,4.0,0.04595212318056057,0.013534100974313552,1.9969653198555974,opponent,52,123,False
122,91,928.0,13.0,0.08341573033707865,0.030435210389951135,2.801338135525767,opponent,52,133,False
12668,83,330.0,4.0,0.039696860339227716,0.012672324411504935,1.8718021769015913,opponent,54,123,False
107,51,1835.0,22.0,0.04600265737421344,0.0206495318689233,3.452629555294426,opponent,6,102,False
51,79,2471.0,24.0,0.061946902654867256,0.027887187242542914,3.7420251983230233,opponent,102,120,False
51,83,1141.0,13.0,0.13725490196078433,0.024245128662799344,2.9965652598578827,opponent,102,123,False
51,91,1873.0,21.0,0.16835955056179774,0.03811481247837854,3.47248391698623,opponent,102,133,False
118,83,641.0,8.0,0.07710814387104535,0.010445693799397051,2.4581633248124892,opponent,48,123,False
118,91,1791.0,23.0,0.16098876404494383,0.028416392974439524,3.4291367503513968,opponent,48,133,False
110,83,773.0,9.0,0.09298688800673643,0.012280562395742314,2.6306890799447418,opponent,44,123,False
12908,83,583.0,7.0,0.07013111993263563,0.017877951548604724,2.3718001620155187,opponent,55,123,False
13275,83,531.0,7.0,0.06387585709130278,0.02309800339292705,2.2874714551839976,opponent,58,123,False
13275,91,611.0,9.0,0.05492134831460674,0.02375490844057385,2.414424574749581,opponent,58,133,False
110,91,2157.0,24.0,0.1938876404494382,0.03350783713668774,3.609565647394211,opponent,44,133,False
107,116,613.0,10.0,0.023396946564885498,0.008023875283060854,2.417400767422627,opponent,6,47,False
10890,116,287.0,3.0,0.010954198473282443,0.004415588411772851,1.7549802177247584,opponent,37,47,False
116,79,1188.0,16.0,0.04534351145038168,0.01559034658337817,3.0349529867072724,opponent,47,120,False
116,83,488.0,6.0,0.05870323589558523,0.014342395297575312,2.211930724725915,opponent,47,123,False
116,91,1027.0,15.0,0.09231460674157303,0.02829356989365805,2.896832324899109,opponent,47,133,False
123,83,203.0,2.0,0.02441958378443402,0.011428249732590216,1.4778094699556639,opponent,53,123,False
103,10891,380.0,5.0,0.021296867118758056,0.0049517207229512255,1.992430164690206,opponent,3,38,False
106,10891,339.0,4.0,0.01899904724541837,0.005857451403887689,1.8946168546677629,opponent,5,38,False
107,10891,265.0,4.0,0.014851762595976013,0.0038749488214306605,1.6894806201076369,opponent,6,38,False
10891,89,424.0,6.0,0.023762820153561622,0.0050030088850605905,2.087740344494531,opponent,38,130,False
10891,91,325.0,5.0,0.029213483146067417,0.011346576825053242,1.8588987720656835,opponent,38,133,False
103,111,1619.0,20.0,0.17867785012691756,0.02426558752997602,3.33160909485544,opponent,3,45,False
106,111,1234.0,13.0,0.1361880587131663,0.025602722104651646,3.071148912838745,opponent,5,45,False
107,111,217.0,4.0,0.023948791524114336,0.0036376437455996244,1.529672943965238,opponent,6,45,False
111,89,1954.0,26.0,0.2156494868116102,0.026250386232653116,3.513533511056407,opponent,45,130,False
111,91,677.0,10.0,0.07471581503145348,0.03470193244143729,2.508243329967236,opponent,45,133,False
10891,95,185.0,3.0,0.054156908665105384,0.008778589731422606,1.4069136483226263,opponent,38,134,False
111,95,185.0,3.0,0.054156908665105384,0.015050439310120404,1.4069136483226263,opponent,45,134,False
123,95,185.0,3.0,0.054156908665105384,0.014358894753182241,1.4069136483226263,opponent,53,134,False
12668,95,41.0,1.0,0.012002341920374707,0.0019129379928148182,0.5207759546191588,opponent,54,134,False
103,108,199.0,2.0,0.02388668827271636,0.0029520842604954752,1.4624834994774372,opponent,3,7,False
106,108,199.0,2.0,0.02388668827271636,0.0041028389996495065,1.4624834994774372,opponent,5,7,False
108,99,199.0,2.0,0.02388668827271636,0.0055630101755563014,1.4624834994774372,opponent,7,136,False
10891,99,199.0,2.0,0.011152833043770667,0.004394488119424079,1.4624834994774372,opponent,38,136,False
111,99,271.0,3.0,0.029908398631497628,0.007438923963766127,1.7077738131549622,opponent,45,136,False
10890,10891,115.0,1.0,0.0064451045227820435,0.0020242202351615857,1.0704414117014134,opponent,37,38,False
10890,111,245.0,3.0,0.027038958172387155,0.00511482254697286,1.6259672143853108,opponent,37,45,False
111,79,889.0,12.0,0.09811279108266195,0.014976162800491905,2.7610642363878273,opponent,45,120,False
111,83,382.0,5.0,0.04595212318056057,0.02248116760828625,1.9969653198555974,opponent,45,123,False
110,97,66.0,1.0,0.035617916891527254,0.0011540075535039866,0.7419373447293773,opponent,44,135,False
118,97,66.0,1.0,0.035617916891527254,0.0011896178803172315,0.7419373447293773,opponent,48,135,False
101,123,210.0,3.0,0.035146443514644354,0.013620443637307043,1.5040773967762742,opponent,2,53,False
123,97,210.0,3.0,0.11332973556395035,0.018590651558073653,1.5040773967762742,opponent,53,135,False
101,12908,66.0,1.0,0.01104602510460251,0.0021436227224008574,0.7419373447293773,opponent,2,55,False
12908,97,66.0,1.0,0.035617916891527254,0.002474969062886714,0.7419373447293773,opponent,55,135,False
101,13275,66.0,1.0,0.01104602510460251,0.003125591968175791,0.7419373447293773,opponent,2,58,False
13275,97,66.0,1.0,0.035617916891527254,0.0038837236671766507,0.7419373447293773,opponent,58,135,False
101,108,144.0,2.0,0.024100418410041843,0.010168055359412512,1.2237754316221157,opponent,2,7,False
108,95,144.0,2.0,0.04215456674473068,0.012410583469792295,1.2237754316221157,opponent,7,134,False
108,97,144.0,2.0,0.07771181867242309,0.014342629482071713,1.2237754316221157,opponent,7,135,False
101,10891,144.0,2.0,0.024100418410041843,0.006082622286052209,1.2237754316221157,opponent,2,38,False
10891,97,144.0,2.0,0.07771181867242309,0.007364975450081833,1.2237754316221157,opponent,38,135,False
101,111,144.0,2.0,0.024100418410041843,0.009669621273166801,1.2237754316221157,opponent,2,45,False
111,97,144.0,2.0,0.07771181867242309,0.013370473537604457,1.2237754316221157,opponent,45,135,False
101,116,144.0,2.0,0.024100418410041843,0.00449564484405732,1.2237754316221157,opponent,2,47,False
116,89,1756.0,27.0,0.06702290076335878,0.019133959509229193,3.410046996939138,opponent,47,130,False
116,95,144.0,2.0,0.04215456674473068,0.004885993485342019,1.2237754316221157,opponent,47,134,False
116,97,144.0,2.0,0.07771181867242309,0.0051596259271202835,1.2237754316221157,opponent,47,135,False
10891,83,100.0,1.0,0.012029351617947793,0.003837887626650292,0.9808292530117263,opponent,38,123,False
10877,13029,4614.0,50.0,0.1663841909776063,0.047480859471474436,4.355425952876702,opponent,24,57,False
10881,13029,4190.0,40.0,0.15109444304208286,0.05339416104902323,4.260329699696362,opponent,28,57,False
13029,39,2570.0,25.0,0.1000233517552736,0.05053583718415102,3.7803945629497098,opponent,57,92,False
13029,40,4019.0,51.0,0.14492805885110527,0.046829484281419684,4.219262577095458,opponent,57,94,False
10874,8889,2084.0,26.0,0.05958371454711802,0.02390072711425098,3.576083959968592,opponent,21,129,False
13029,8889,3296.0,34.0,0.11885615376293679,0.04186087862123271,4.024160505364996,opponent,57,129,False
24,8889,2422.0,23.0,0.0815845319500118,0.029693380901590103,3.7224754035424517,opponent,81,129,False
29,8889,5904.0,69.0,0.108725277153696,0.05105853051058531,4.599152113662528,opponent,85,129,False
34,8889,6481.0,71.0,0.1294982716246728,0.06622184983855806,4.691500775739112,opponent,89,129,False
10879,13029,1793.0,20.0,0.0646568821896073,0.030193826516006265,3.430216664063259,opponent,26,57,False
10880,13029,1795.0,28.0,0.06472900364213335,0.023213408168015932,3.431295412819435,opponent,27,57,False
23,39,357.0,6.0,0.07049763033175356,0.011743034768593138,1.9387416595767009,opponent,80,92,False
10874,44,739.0,12.0,0.03902001161624162,0.013897246878290958,2.589016383544174,opponent,21,97,False
13029,44,1172.0,14.0,0.06188288716405301,0.025759374038419273,3.0220495818713644,opponent,57,97,False
10872,8889,4109.0,60.0,0.07566940444182535,0.03920988596784198,4.2410869156586966,opponent,19,129,False
10875,8889,3601.0,45.0,0.1121597209244378,0.04348666175564868,4.111147050898135,opponent,22,129,False
23,8889,728.0,10.0,0.14375987361769352,0.012415157406459975,2.5751535276357784,opponent,80,129,False
10872,43,3363.0,58.0,0.0683745044220799,0.033488010834063574,4.0439280763080845,opponent,19,96,False
10874,43,1993.0,26.0,0.05698193046660567,0.024255184500048682,3.532712854796833,opponent,21,96,False
10875,43,2437.0,36.0,0.075904815299321,0.03090521723691886,3.7285007280576727,opponent,22,96,False
13029,43,2464.0,30.0,0.08885362951209837,0.03309514855208725,3.739255661439003,opponent,57,96,False
23,43,529.0,7.0,0.10446287519747235,0.009847356664184662,2.284081621429486,opponent,80,96,False
10879,28,998.0,14.0,0.04530597421463592,0.018320330426801285,2.869791050196144,opponent,26,84,False
10880,28,2270.0,30.0,0.10305066279280915,0.03190532411311632,3.6592789843376456,opponent,27,84,False
28,43,2360.0,28.0,0.10713637189032141,0.03427592116538132,3.6971782569286313,opponent,84,96,False
29,43,4101.0,58.0,0.08337907898749619,0.0365124022863655,4.239166146760841,opponent,85,96,False
28,44,797.0,10.0,0.04208247531548656,0.019840677122230522,2.659093356375679,opponent,84,97,False
28,8889,3045.0,31.0,0.1382331577991647,0.04155011257419663,3.9464244321454784,opponent,84,129,False
24,43,1794.0,21.0,0.060430491460908814,0.023275123900464465,3.4307561839036995,opponent,81,96,False
34,43,4862.0,65.0,0.0988512757954661,0.05152061036346296,4.4071256687289,opponent,89,96,False
10877,28,3682.0,41.0,0.16715089885600146,0.03984632866186895,4.133030944611934,opponent,24,84,False
10881,28,2659.0,33.0,0.12071000544761212,0.035786866933150294,3.81367488241037,opponent,28,84,False
28,39,1316.0,15.0,0.059742146359179224,0.028358401930784812,3.1325914562711885,opponent,84,92,False
28,40,3670.0,40.0,0.1666061376429998,0.04560819207635333,4.1298189504157605,opponent,84,94,False
113,13029,469.0,9.0,0.04294085332356711,0.01228263146867798,2.1766438696361985,opponent,46,57,False
113,34,579.0,15.0,0.053012268815235304,0.009587680079483359,2.365559892155434,opponent,46,89,False
10860,13029,5614.0,63.0,0.20244491724063324,0.09115708115480792,4.549305053146696,opponent,8,57,False
13029,54,5401.0,57.0,0.19476398254660848,0.057694978261566235,4.511042639930053,opponent,57,103,False
13029,57,5004.0,50.0,0.1804478742201868,0.060991663010092144,4.4355674016019115,opponent,57,106,False
13029,62,3158.0,33.0,0.11387977353863907,0.053386979527665544,3.9821707653302276,opponent,57,110,False
13029,68,4276.0,44.0,0.15419566550070318,0.04978171022760347,4.280362980897381,opponent,57,112,False
10860,21,3059.0,40.0,0.07750386379183663,0.037236762020693856,3.9509231543857024,opponent,8,78,False
10860,24,4393.0,47.0,0.14797722909017416,0.06783194107746707,4.306988743099602,opponent,8,81,False
24,54,3776.0,34.0,0.12719372115740896,0.038850134781982425,4.157840873781228,opponent,81,103,False
24,62,2784.0,27.0,0.09377842153131,0.04528080932940813,3.858622228701031,opponent,81,110,False
10860,29,6831.0,83.0,0.17307253794116903,0.06839754886254405,4.743626929135107,opponent,8,85,False
29,54,6967.0,75.0,0.1036231668501056,0.052960851387305205,4.763170588970097,opponent,85,103,False
29,57,6016.0,62.0,0.10142117773993965,0.04991081428630688,4.617757301493563,opponent,85,106,False
29,62,4252.0,47.0,0.12296124927703875,0.04358254238330497,4.2748125503667325,opponent,85,110,False
29,68,5700.0,62.0,0.09128763613068545,0.045977382354364625,4.564348191467836,opponent,85,112,False
10860,34,4778.0,52.0,0.12105703210114267,0.05638556491774647,4.389912128947872,opponent,8,89,False
34,54,5018.0,52.0,0.10026575019481687,0.043142582020771716,4.438328200042523,opponent,89,103,False
34,57,3790.0,37.0,0.07572881491398085,0.03589899028169814,4.161483865059729,opponent,89,106,False
34,62,2746.0,34.0,0.07941006362058993,0.03353647366299874,3.8451706984403056,opponent,89,110,False
34,68,3369.0,32.0,0.06731672228105581,0.030874832749867118,4.04567939024082,opponent,89,112,False
13029,3129,1271.0,15.0,0.052429667519181586,0.025068044653070883,3.099341256173011,opponent,57,87,False
29,3129,2043.0,23.0,0.08427522481643429,0.022843916675052832,3.5567756134805992,opponent,85,87,False
3129,34,990.0,9.0,0.0408382146687567,0.01350632341505341,2.8622008809294686,opponent,87,89,False
13029,16,4142.0,49.0,0.14936352818145757,0.05188265651226295,4.248971319182845,opponent,57,75,False
16,29,4511.0,54.0,0.08020268468308295,0.03791775939748504,4.333142716109644,opponent,75,85,False
16,34,4148.0,52.0,0.08288209083461547,0.040609335839599,4.250398192195445,opponent,75,89,False
13029,58,4371.0,55.0,0.15762143449569074,0.05617674275138803,4.302036008977389,opponent,57,107,False
29,58,5363.0,74.0,0.09849764913311784,0.04610596721085979,4.50405988461896,opponent,85,107,False
34,58,4048.0,52.0,0.08088396906907507,0.04029985962746523,4.226347008826348,opponent,89,107,False
10860,10875,2418.0,36.0,0.07531302560269108,0.034963922668710325,3.720862499966987,opponent,8,22,False
12,13029,3932.0,48.0,0.14179077566622192,0.0615076571714612,4.197703075209254,opponent,50,57,False
12,29,4776.0,61.0,0.11901913875598086,0.04655606028112998,4.389498649512583,opponent,50,85,False
12,34,3013.0,37.0,0.0750847288676236,0.03456781625020078,3.936064999908384,opponent,50,89,False
10884,13029,1112.0,13.0,0.12728937728937728,0.03145241125724792,2.972122407914857,opponent,31,57,False
10884,29,1181.0,15.0,0.13518772893772893,0.015791092272927836,3.0293282229825067,opponent,31,85,False
10884,34,996.0,13.0,0.11401098901098901,0.01723571045390832,2.8678989020441064,opponent,31,89,False
10860,10872,4387.0,50.0,0.1111505231954192,0.04891619463895455,4.305640428288596,opponent,8,19,False
10860,28,2009.0,31.0,0.0912021064100236,0.03377151694459387,3.5404761155234423,opponent,8,84,False
10884,28,491.0,7.0,0.056204212454212456,0.01621907310144353,2.217390246930814,opponent,31,84,False
10860,25,357.0,8.0,0.037448861848316375,0.0073388837496145545,1.9387416595767009,opponent,8,82,False
10872,55,170.0,3.0,0.02629137024435509,0.0027915530887713882,1.3437347467010947,opponent,19,104,False
10872,64,170.0,3.0,0.08826583592938733,0.003016430675325597,1.3437347467010947,opponent,19,111,False
10873,12,1221.0,18.0,0.14617502693643003,0.025835801946677953,3.0610517396746335,opponent,20,50,False
10873,55,295.0,6.0,0.0456232601299103,0.020311209033324153,1.777773227253315,opponent,20,104,False
10873,57,1260.0,15.0,0.15084400814078774,0.018973046227977713,3.091042453358316,opponent,20,106,False
10873,64,295.0,6.0,0.15316718587746625,0.02954727564102564,1.777773227253315,opponent,20,111,False
10873,68,1199.0,14.0,0.14354124266730517,0.01722849670948645,3.0437284718222464,opponent,20,112,False
10875,55,266.0,6.0,0.04113826167646149,0.006944081867070433,1.692552819144607,opponent,22,104,False
10875,64,66.0,3.0,0.03426791277258567,0.0019431195901784136,0.7419373447293773,opponent,22,111,False
19,55,295.0,6.0,0.1068840579710145,0.033031015563766655,1.777773227253315,opponent,76,104,False
19,57,170.0,3.0,0.06159420289855073,0.002746054565719547,1.3437347467010947,opponent,76,106,False
19,64,295.0,6.0,0.15316718587746625,0.06718287406057846,1.777773227253315,opponent,76,111,False
23,55,244.0,4.0,0.04818325434439179,0.021619705830232146,1.622683139184121,opponent,80,104,False
23,64,244.0,4.0,0.12668743509865005,0.03616958197450341,1.622683139184121,opponent,80,111,False
10871,12,180.0,3.0,0.15280135823429541,0.0043767932694645725,1.3862943611198906,opponent,18,50,False
10871,55,280.0,5.0,0.23769100169779286,0.03802281368821293,1.7346010553881064,opponent,18,104,False
10871,57,160.0,3.0,0.13582342954159593,0.0026518604458440373,1.2992829841302609,opponent,18,106,False
10871,64,280.0,5.0,0.23769100169779286,0.09915014164305949,1.7346010553881064,opponent,18,111,False
10871,68,2.0,1.0,0.001697792869269949,3.143863179074447e-05,0.03278982282299087,opponent,18,112,False
10871,3129,178.0,2.0,0.15110356536502548,0.007051739164883924,1.377926111449374,opponent,18,87,False
10873,3129,812.0,6.0,0.09721058302406321,0.025548249063965012,2.676444861686879,opponent,20,87,False
19,3129,178.0,2.0,0.0644927536231884,0.006635848493886072,1.377926111449374,opponent,76,87,False
106,10887,3142.0,39.0,0.07782814396472716,0.029169297040365406,3.9771863313345595,opponent,5,34,False
106,10888,2546.0,33.0,0.0751453617071515,0.03550609432962374,3.7712271954626897,opponent,5,35,False
10888,99,1512.0,16.0,0.05470332850940666,0.02519622056691496,3.265759410767051,opponent,35,136,False
106,75,3487.0,48.0,0.08637388224220356,0.035970703527955436,4.079512892551521,opponent,5,116,False
106,76,3137.0,45.0,0.07770429268534344,0.03159559253066898,3.9756235868377408,opponent,5,117,False
106,90,899.0,9.0,0.05328038878681918,0.015955275534652587,2.7715465126613377,opponent,5,132,False
106,10862,3407.0,51.0,0.0843922617720641,0.0367204845767498,4.056700383462923,opponent,5,10,False
10862,91,1096.0,15.0,0.09851685393258428,0.01664464592160615,2.9583764870102223,opponent,10,133,False
10888,91,433.0,7.0,0.038921348314606745,0.009714401094833194,2.1061646118205894,opponent,35,133,False
75,91,743.0,11.0,0.06678651685393258,0.010548283596922116,2.5940101517246608,opponent,116,133,False
76,91,504.0,7.0,0.045303370786516854,0.006935175374623312,2.2407096892759584,opponent,117,133,False
90,91,444.0,6.0,0.03991011235955056,0.01611381287653335,2.128231705849268,opponent,132,133,False
10887,91,357.0,5.0,0.03208988764044944,0.0043935757799520025,1.9387416595767009,opponent,34,133,False
10862,83,1624.0,24.0,0.19535667027547216,0.025981090117906794,3.3345826325801715,opponent,10,123,False
10887,83,579.0,10.0,0.06964994586791771,0.007402104294243234,2.365559892155434,opponent,34,123,False
75,83,930.0,15.0,0.11187297004691447,0.013790240068802919,2.803360380906535,opponent,116,123,False
83,88,937.0,12.0,0.11271502466017082,0.020175703027432067,2.810406207739738,opponent,123,128,False
88,91,592.0,8.0,0.053213483146067414,0.01193572451057481,2.3856999997045523,opponent,128,133,False
83,90,354.0,5.0,0.042583904727535184,0.014255798969072165,1.9315214116032138,opponent,123,132,False
83,87,1115.0,16.0,0.1341272705401179,0.026174937790506596,2.9746788643561586,opponent,123,127,False
87,91,775.0,9.0,0.0696629213483146,0.016939890710382512,2.6330871626287546,opponent,127,133,False
10885,83,922.0,14.0,0.11091062191747865,0.015220298132954752,2.7952467461323653,opponent,32,123,False
10885,91,533.0,6.0,0.04791011235955056,0.008357113738279657,2.290849836775625,opponent,32,133,False
106,10885,1994.0,31.0,0.04939189021822595,0.021777355482017844,3.5331998282664028,opponent,5,32,False
106,87,2359.0,27.0,0.06663841807909604,0.032133711109900286,3.696764948387927,opponent,5,127,False
87,99,1214.0,13.0,0.043921852387843706,0.01963575194901821,3.055572273910008,opponent,127,136,False
106,88,2723.0,33.0,0.06970255465110325,0.035495476705686056,3.83694019930379,opponent,5,128,False
10888,83,1084.0,16.0,0.13039817153855407,0.02636828022378983,2.9479416097176423,opponent,35,123,False
76,83,816.0,14.0,0.09815950920245399,0.011732735193892075,2.681021528714291,opponent,117,123,False
78,79,109.0,2.0,0.013426952451342695,0.0018412784215682961,1.0355541527009728,opponent,119,120,False
78,83,234.0,4.0,0.028824833702882482,0.014447119837006852,1.589235205116581,opponent,119,123,False
78,91,3.0,1.0,0.0003695491500369549,0.00015592515592515593,0.04879016416943201,opponent,119,133,False
106,78,210.0,4.0,0.025868440502586843,0.004349717268377556,1.5040773967762742,opponent,5,119,False
78,99,283.0,5.0,0.03486080315348608,0.007977448907681466,1.7433858849438393,opponent,119,136,False
21,8889,4637.0,47.0,0.10137735024048973,0.048603322677008544,4.360334723804894,opponent,78,129,False
25,39,127.0,3.0,0.013322144130913668,0.003618233618233618,1.136764054632486,opponent,82,92,False
25,8889,141.0,5.0,0.014790726948494702,0.00221370929757905,1.208960345836975,opponent,82,129,False
10877,32,2575.0,44.0,0.10039769182782284,0.02651031585883128,3.782293898753362,opponent,24,88,False
10881,32,2597.0,49.0,0.10125545851528384,0.03330212995139967,3.790608383537713,opponent,28,88,False
32,39,1113.0,25.0,0.043395196506550215,0.022158514005853194,2.972975286431375,opponent,88,92,False
32,40,2815.0,45.0,0.10975514660012477,0.03313987026594305,3.86946339100935,opponent,88,94,False
32,8889,1238.0,18.0,0.04826887086712414,0.015728224413050107,3.0742353350419345,opponent,88,129,False
10880,32,2507.0,45.0,0.09774641297567062,0.033637010103178544,3.7561486186490396,opponent,27,88,False
32,44,914.0,14.0,0.04826020381223929,0.020928262313099626,2.787066741420434,opponent,88,97,False
21,43,3609.0,49.0,0.07890249234805422,0.03952209908449779,4.113329862133181,opponent,78,96,False
32,43,1723.0,28.0,0.06717872738615097,0.023567227465463,3.3917080556410397,opponent,88,96,False
10879,32,1527.0,28.0,0.059536805988771056,0.02652607441892784,3.2752561583043085,opponent,26,88,False
25,43,157.0,6.0,0.016469107311444457,0.002680965147453083,1.2855527913183589,opponent,82,96,False
28,47,263.0,4.0,0.012869446075552946,0.006232079808535343,1.683307761000556,opponent,84,99,False
32,47,270.0,8.0,0.013211978860833822,0.005893395032086262,1.7047480922384253,opponent,88,99,False
113,25,70.0,2.0,0.007342914087905172,0.003433897473632573,0.7731898882334818,opponent,46,82,False
113,32,419.0,9.0,0.03836293719099066,0.011590274127963264,2.0773560351888145,opponent,46,88,False
113,28,173.0,3.0,0.01583958981871452,0.005278091344540379,1.3566938913436,opponent,46,84,False
10,75,3941.0,41.0,0.07116287468400144,0.03534687654154895,4.199955046635134,opponent,1,116,False
10867,75,3352.0,35.0,0.09663562718021161,0.036677572189821754,4.040709346389469,opponent,14,116,False
10870,75,504.0,6.0,0.02830188679245283,0.006514994829369183,2.2407096892759584,opponent,17,116,False
11,75,624.0,8.0,0.058105968898407676,0.008892562454575252,2.4336133554004498,opponent,43,116,False
14,75,5189.0,53.0,0.09020582713302273,0.04616917724728849,4.471448299030199,opponent,65,116,False
11,90,398.0,3.0,0.037061178880715154,0.014624825457485119,2.0325246218920845,opponent,43,132,False
10865,75,2364.0,29.0,0.07185410334346505,0.02609501942776404,3.6988297849671046,opponent,13,116,False
4,75,949.0,7.0,0.05126681432661661,0.01222654538895617,2.822370458131508,opponent,93,116,False
1,75,5409.0,60.0,0.09006593845743972,0.04647466190091592,4.512506501124672,opponent,0,116,False
10869,75,2617.0,26.0,0.07857443103344743,0.028839054493360515,3.798107481298252,opponent,16,116,False
1,82,421.0,6.0,0.03508040996583618,0.005742031397045786,2.0815227078836607,opponent,0,122,False
10,82,363.0,4.0,0.03024747937671861,0.005416455280670865,1.9530276168241774,opponent,1,122,False
10869,82,331.0,4.0,0.027581034913757185,0.007359480611881892,1.874362997763265,opponent,16,122,False
10870,82,159.0,3.0,0.013248895925339555,0.00536256323777403,1.2947271675944,opponent,17,122,False
14,82,767.0,8.0,0.06391134072160654,0.011155065592367433,2.6234601328015907,opponent,65,122,False
10867,82,352.0,5.0,0.02933088909257562,0.007596685082872928,1.9266787871274256,opponent,14,122,False
10865,82,255.0,4.0,0.021248229314223814,0.005711597903507593,1.6582280766035324,opponent,13,122,False
11,82,257.0,3.0,0.023931464754632648,0.011430858871147089,1.66455721165518,opponent,43,122,False
3,75,688.0,11.0,0.033597030960054695,0.008616586929839942,2.5230584157523768,opponent,86,116,False
10862,10863,1431.0,19.0,0.13056569343065694,0.021898480419912162,3.2128577525426376,opponent,10,11,False
10863,10885,386.0,7.0,0.03521897810218978,0.006053952321204517,2.0059743897979634,opponent,11,32,False
10863,5948,159.0,2.0,0.019083053288526164,0.008310249307479225,1.2947271675944,opponent,11,108,False
10863,87,1103.0,15.0,0.10063868613138686,0.024371920365910245,2.9644135902965636,opponent,11,127,False
10863,88,969.0,14.0,0.08841240875912408,0.019752532768004566,2.8419981736119486,opponent,11,128,False
10863,10887,254.0,7.0,0.023175182481751825,0.0031283485029497617,1.6550484236861527,opponent,11,34,False
10861,75,3749.0,41.0,0.0985748843079512,0.03973966228177106,4.1507774042565035,opponent,9,116,False
16,75,7967.0,84.0,0.1416481465019113,0.07354108590100984,4.896221575909476,opponent,75,116,False
54,75,9280.0,97.0,0.15452244571733048,0.07602880574148567,5.0477169690007875,opponent,103,116,False
57,75,8395.0,84.0,0.14152772392400156,0.07564562345690137,4.94816869911058,opponent,106,116,False
58,75,5236.0,61.0,0.09616514839847194,0.047918878354138446,4.480362535394743,opponent,107,116,False
54,90,1152.0,16.0,0.0682747584898951,0.013240770539285551,3.005682604407159,opponent,103,132,False
57,90,1358.0,21.0,0.08048361287263675,0.01814731665597605,3.162658144869972,opponent,106,132,False
10860,10862,3080.0,42.0,0.0780359269299957,0.03340310388582212,3.9576335166801986,opponent,8,10,False
10860,10887,2495.0,32.0,0.06321416808127898,0.023217725500414104,3.751462940415704,opponent,8,34,False
10860,75,2328.0,31.0,0.05898299931591882,0.023951356523349485,3.6838669122903918,opponent,8,116,False
10860,88,2337.0,30.0,0.059821839963139306,0.03067009632798761,3.6876286722122837,opponent,8,128,False
10860,90,408.0,6.0,0.024180643631837848,0.007294311152429649,2.0541237336955462,opponent,8,132,False
12,75,3128.0,37.0,0.0779505582137161,0.03222881635344543,3.972804477688005,opponent,50,116,False
10860,10888,888.0,12.0,0.026209379888433044,0.012254699014655958,2.760009940032921,opponent,8,35,False
10860,76,2027.0,29.0,0.05135676100230561,0.02037308782439142,3.5491383448551,opponent,8,117,False
62,90,474.0,8.0,0.02809221833698809,0.00929794621314659,2.186051276738094,opponent,110,132,False
10860,87,1558.0,21.0,0.044011299435028246,0.02125192672313841,3.2946015353963363,opponent,8,127,False
10860,78,120.0,2.0,0.014781966001478197,0.0025280721343248994,1.0986122886681098,opponent,8,119,False
12,78,120.0,2.0,0.014781966001478197,0.0024934546814611644,1.0986122886681098,opponent,50,119,False
16,78,120.0,2.0,0.014781966001478197,0.0018679077876188846,1.0986122886681098,opponent,75,119,False
3129,78,120.0,2.0,0.014781966001478197,0.0037220843672456576,1.0986122886681098,opponent,87,119,False
62,78,120.0,2.0,0.014781966001478197,0.0028183568979285077,1.0986122886681098,opponent,110,119,False
10860,10885,1075.0,14.0,0.027236565405761484,0.01173837082332387,2.9400433676934026,opponent,8,32,False
10885,3129,3228.0,26.0,0.13315733025327944,0.043504043126684634,4.00369019395397,opponent,32,87,False
62,75,2239.0,26.0,0.0647484094852516,0.024232388497462037,3.6458849625410807,opponent,110,116,False
3129,75,4619.0,45.0,0.19053708439897699,0.057970105046499076,4.356495128644116,opponent,87,116,False
55,75,27.0,1.0,0.004175688215279926,0.0004060455673358899,0.37156355643248307,opponent,104,116,False
10860,84,79.0,2.0,0.04990524320909665,0.0019280989920191346,0.8401293709085911,opponent,8,124,False
16,84,79.0,2.0,0.04990524320909665,0.0013679890560875513,0.8401293709085911,opponent,75,124,False
54,84,79.0,2.0,0.04990524320909665,0.001085358649209337,0.8401293709085911,opponent,103,124,False
55,84,79.0,2.0,0.04990524320909665,0.009912170639899624,0.8401293709085911,opponent,104,124,False
57,84,79.0,2.0,0.04990524320909665,0.0012988934742934183,0.8401293709085911,opponent,106,124,False
10860,80,52.0,1.0,0.008786752281176074,0.0011470166537994927,0.6241543090729939,opponent,8,121,False
55,80,232.0,2.0,0.039202433254477864,0.019091507570770244,1.582409240046181,opponent,104,121,False
10,103,3956.0,48.0,0.07143373058866016,0.035735578399667574,4.203697099149465,opponent,1,3,False
103,13400,1331.0,18.0,0.1134020618556701,0.019100510877676367,3.143433629701342,opponent,3,60,False
1,106,4609.0,59.0,0.11416610933590944,0.047271310037845765,4.354355632748836,opponent,0,5,False
10,106,3221.0,43.0,0.07978499417898986,0.03481033178428618,4.0015589707390005,opponent,1,5,False
106,10867,2235.0,29.0,0.06443336120160291,0.0306908531645222,3.644143560272545,opponent,5,14,False
106,13400,2200.0,27.0,0.18744142455482662,0.04408110924100345,3.628775530044231,opponent,5,60,False
106,14,3441.0,37.0,0.08523445047187338,0.036430431744552905,4.066459358732565,opponent,5,65,False
10,107,3289.0,46.0,0.06473135209604408,0.03196276032302893,4.022072510572104,opponent,1,6,False
107,13400,1423.0,15.0,0.12124052142796285,0.023280544466985145,3.2074777799158314,opponent,6,60,False
1,79,5287.0,64.0,0.10328390865224951,0.0491169721574493,4.489946372726631,opponent,0,120,False
10,79,4529.0,56.0,0.08847603977417023,0.04438455507644061,4.337072852172732,opponent,1,120,False
10867,79,3716.0,41.0,0.1071294721365353,0.045228821811100293,4.142075965043291,opponent,14,120,False
13400,79,2344.0,25.0,0.19971031779841528,0.038691360470106635,3.6905447334329975,opponent,60,120,False
14,79,4055.0,38.0,0.0792162378636035,0.03874524642167823,4.22804955088907,opponent,65,120,False
10,89,5852.0,77.0,0.10566991693752258,0.05007787228944531,4.590394900405937,opponent,1,130,False
13400,89,2789.0,34.0,0.23762460594700519,0.03656362253860877,3.8603787722758076,opponent,60,130,False
1,13777,2488.0,38.0,0.16796057517045837,0.03359256858932815,3.748719454469953,opponent,0,61,False
10,13777,2212.0,34.0,0.14932829271585768,0.03253850340536326,3.634071217618941,opponent,1,61,False
10867,13777,1700.0,25.0,0.11476405859717816,0.03556485355648536,3.378724525810097,opponent,14,61,False
13400,13777,1981.0,29.0,0.16878248274686888,0.08063006227359681,3.526850600587744,opponent,60,61,False
13777,14,1495.0,19.0,0.10092486329575373,0.021103300302080685,3.254886262391234,opponent,61,65,False
10,77,3688.0,55.0,0.10897701081496365,0.043117356840554635,4.134633081136212,opponent,1,118,False
13400,77,2504.0,32.0,0.21334242140240267,0.05813116656993616,3.75497925581846,opponent,60,118,False
106,10865,3239.0,41.0,0.09844984802431611,0.04625028558373315,4.007030109006481,opponent,5,13,False
106,10869,2346.0,32.0,0.07043775896234912,0.032888926273289314,3.6913763343125234,opponent,5,16,False
10865,13777,1139.0,21.0,0.07689191926010937,0.024455704899729463,2.9948985928054137,opponent,13,61,False
10869,13777,2000.0,32.0,0.13501653952609194,0.04336607471974674,3.5361166995615263,opponent,16,61,False
10869,77,2291.0,36.0,0.06878640485197862,0.03532386635212853,3.6682514863179687,opponent,16,118,False
10869,89,2607.0,39.0,0.07827418483156189,0.026594171112629936,3.794364961959914,opponent,16,130,False
10,99,1586.0,18.0,0.05738060781476122,0.019475894589483508,3.3117588190149143,opponent,1,136,False
10869,99,1269.0,18.0,0.045911722141823444,0.021264473750356085,3.0978374964911444,opponent,16,136,False
106,11,910.0,9.0,0.08473787131017786,0.018127490039840637,2.782951509275328,opponent,5,43,False
11,13777,180.0,2.0,0.016761337182232983,0.007094434810026801,1.3862943611198906,opponent,43,61,False
11,77,1050.0,12.0,0.09777446689635906,0.02412074154051136,2.917770732084279,opponent,43,118,False
11,99,298.0,5.0,0.027749324890585715,0.007825424752501248,1.7861884241785997,opponent,43,136,False
106,10863,1124.0,19.0,0.10255474452554744,0.02238731650965005,2.9823092532218505,opponent,5,11,False
107,10869,1066.0,19.0,0.03200624512099922,0.012835641180012042,2.932082246477535,opponent,6,16,False
10863,77,1290.0,21.0,0.1177007299270073,0.02964699393270822,3.1135153092103742,opponent,11,118,False
10863,83,1028.0,12.0,0.12366173463250331,0.05634420389147712,2.8977518651937872,opponent,11,123,False
10865,83,661.0,9.0,0.07951401419463491,0.016300059183270862,2.4862945750628485,opponent,13,123,False
10867,83,445.0,5.0,0.053530614699867675,0.010457055575138057,2.1302138670532593,opponent,14,123,False
10869,83,253.0,4.0,0.030434259593407915,0.006116134023110767,1.6518586283180525,opponent,16,123,False
11,83,423.0,5.0,0.05088415734391916,0.022706532825165066,2.085672091430472,opponent,43,123,False
10863,99,1067.0,15.0,0.09735401459854015,0.02842831641488823,2.9329699518176757,opponent,11,136,False
106,3,2377.0,35.0,0.11607578865123547,0.040651935969352855,3.7041784914031055,opponent,5,86,False
10863,73,475.0,6.0,0.09161041465766634,0.030312699425654115,2.187922184673906,opponent,11,115,False
10869,73,410.0,7.0,0.07907425265188042,0.010766523988340642,2.0583881324820035,opponent,16,115,False
3,83,640.0,9.0,0.07698785035486587,0.022734538737522646,2.456735772821304,opponent,86,123,False
13400,73,136.0,2.0,0.02622950819672131,0.0081019897533659,1.1837700970084166,opponent,60,115,False
13400,83,351.0,5.0,0.04222302417899675,0.017818163358546118,1.9242486522741338,opponent,60,123,False
13400,99,724.0,12.0,0.06168526880804294,0.018730758285255996,2.570064458128307,opponent,60,136,False
14,83,199.0,3.0,0.023938409719716107,0.0030317803711264815,1.4624834994774372,opponent,65,123,False
3,79,1852.0,32.0,0.09043851938665885,0.026527250590847238,3.461560531389246,opponent,86,120,False
10869,79,1554.0,23.0,0.04665825977301387,0.018736210077042716,3.292126286607793,opponent,16,120,False
103,10869,1505.0,19.0,0.0451870533837747,0.01652411642639906,3.261296540752153,opponent,3,16,False
103,11,875.0,11.0,0.08147872241363255,0.012655115559283793,2.7462019670665865,opponent,3,43,False
1,83,485.0,8.0,0.05834235534704679,0.006971696350281024,2.2064412324411435,opponent,0,123,False
10,83,662.0,8.0,0.07963430771081438,0.010502768479002396,2.4876805766707255,opponent,1,123,False
10,73,199.0,4.0,0.03837994214079074,0.0032965576649107114,1.4624834994774372,opponent,1,115,False
11,73,442.0,4.0,0.08524590163934426,0.028549283038367138,2.1242555574696285,opponent,43,115,False
13777,3,564.0,11.0,0.03807466414635793,0.01624096524318254,2.341805806147327,opponent,61,86,False
10863,13777,716.0,12.0,0.06532846715328468,0.028574849343496828,2.559807957961118,opponent,11,61,False
10863,79,990.0,11.0,0.09032846715328467,0.016187315031311825,2.8622008809294686,opponent,11,120,False
103,10863,863.0,9.0,0.07874087591240876,0.01243963963963964,2.7332846722807513,opponent,3,11,False
10865,79,1630.0,25.0,0.049544072948328265,0.019767399556143053,3.3381392456950185,opponent,13,120,False
101,10863,821.0,10.0,0.13740585774058578,0.05094948491994539,2.686713063714079,opponent,2,11,False
101,13,221.0,3.0,0.03698744769874477,0.013372057844738912,1.544010107111645,opponent,2,56,False
101,2,821.0,9.0,0.13740585774058578,0.07166550279329609,2.686713063714079,opponent,2,77,False
10863,95,502.0,6.0,0.14695550351288056,0.03618278794868099,2.2371572876715904,opponent,11,134,False
13,95,221.0,3.0,0.06469555035128806,0.015821878579610538,1.544010107111645,opponent,56,134,False
2,95,588.0,7.0,0.1721311475409836,0.06440306681270537,2.379546134130174,opponent,77,134,False
13,97,196.0,2.0,0.105774419859687,0.01576830249396621,1.4508328822574619,opponent,56,135,False
2,97,220.0,3.0,0.11872638963842418,0.027725267800882167,1.5404450409471488,opponent,77,135,False
4,97,83.0,2.0,0.04479222881813276,0.00409250036980425,0.8685000680378065,opponent,93,135,False
10885,13029,1673.0,18.0,0.06032959503804407,0.021112008480137296,3.3632647274935055,opponent,32,57,False
10887,13029,1217.0,12.0,0.04388590386210378,0.01254626240966588,3.0579242938104385,opponent,34,57,False
10888,13029,1514.0,11.0,0.054595939562222785,0.02519218609604313,3.2670308667552477,opponent,35,57,False
13029,75,1606.0,17.0,0.05791352637842126,0.01863519801348325,3.323836260504687,opponent,57,116,False
13029,76,1500.0,15.0,0.05409108939454041,0.01699081363342886,3.258096538021482,opponent,57,117,False
10888,21,1786.0,13.0,0.05271391045128538,0.0229459754609109,3.4264318528406967,opponent,35,78,False
10888,24,969.0,8.0,0.032640549735574495,0.015479480502883433,2.8419981736119486,opponent,35,81,False
10885,29,7418.0,71.0,0.13947279359229872,0.06564485584325941,4.825376093314959,opponent,32,85,False
10887,29,8721.0,84.0,0.12971115804503675,0.0676046511627907,4.986001013137895,opponent,34,85,False
10888,29,3668.0,35.0,0.10826126737699596,0.037640974067954885,4.129282613583381,opponent,35,85,False
29,75,8561.0,86.0,0.1425502863993606,0.07210538284665077,4.9676118039878245,opponent,85,116,False
29,76,7928.0,74.0,0.12776381099722814,0.06532737849997527,4.891351132313605,opponent,85,117,False
10888,34,2392.0,20.0,0.07060004132109442,0.029336734693877552,3.7103147348340015,opponent,35,89,False
28,76,2558.0,26.0,0.11612493190484838,0.03137803292362798,3.7758213842477444,opponent,84,117,False
10862,29,6473.0,83.0,0.11596617578558888,0.055524579898609525,4.6902769726186495,opponent,10,85,False
29,87,1819.0,20.0,0.05138418079096045,0.018042949957843574,3.4441504371913645,opponent,85,127,False
10872,10888,1754.0,24.0,0.05176942829314365,0.020223915875889266,3.408945068452981,opponent,19,35,False
10875,10888,1947.0,22.0,0.060642870491496914,0.030402873204247345,3.5100517865742376,opponent,22,35,False
10862,13029,785.0,15.0,0.028307670116476145,0.009484800154656614,2.644992065135073,opponent,10,57,False
13029,87,237.0,3.0,0.008546392124337384,0.0037682449836232393,1.599387576580599,opponent,57,127,False
13029,88,258.0,4.0,0.00930366737586095,0.0038774252693908836,1.667706820558076,opponent,57,128,False
24,88,237.0,3.0,0.00798329235018695,0.0034590460622336387,1.599387576580599,opponent,81,128,False
10888,28,1524.0,13.0,0.06918467405120755,0.028022432656063252,3.2733640101522705,opponent,35,84,False
28,88,1404.0,19.0,0.0637370619211912,0.02352152789411962,3.1945831322991562,opponent,84,128,False
29,88,3965.0,49.0,0.10149490605641734,0.038745297307861436,4.205935627630563,opponent,85,128,False
34,88,3357.0,39.0,0.08593150053755183,0.03914594897150054,4.0421736898931915,opponent,89,128,False
10874,10888,1345.0,17.0,0.03969776570939464,0.019922384168740374,3.1534480195457455,opponent,21,35,False
10874,88,3461.0,43.0,0.0989535681610247,0.049035859508933,4.072155756932951,opponent,21,128,False
10862,23,239.0,6.0,0.04719589257503949,0.003941097900829444,1.6060990111685858,opponent,10,80,False
10885,23,74.0,2.0,0.014612954186413903,0.001272002200220022,0.8034952377288107,opponent,32,80,False
10888,23,62.0,1.0,0.012243285939968405,0.001594527171257362,0.7096764825111559,opponent,35,80,False
23,75,187.0,5.0,0.03692733017377567,0.0028798915805522615,1.4150437744058766,opponent,80,116,False
23,76,74.0,2.0,0.014612954186413903,0.0011037856865845292,0.8034952377288107,opponent,80,117,False
10887,23,12.0,1.0,0.002369668246445498,0.0001588583380770198,0.18232155679395465,opponent,34,80,False
29,90,381.0,4.0,0.022580453979730932,0.004550557771779376,1.9947003132247452,opponent,85,132,False
10877,13777,1203.0,20.0,0.0812124485249443,0.013722068233925333,3.0469005601283903,opponent,24,61,False
10879,13777,419.0,8.0,0.028285965030716263,0.008758544283952424,2.0773560351888145,opponent,26,61,False
10881,13777,295.0,6.0,0.019914939580098562,0.004247660187185026,1.777773227253315,opponent,28,61,False
13777,39,46.0,2.0,0.003105380409100115,0.0011368972590889994,0.5690945318899665,opponent,61,92,False
13777,8889,1185.0,19.0,0.07999729966920947,0.017444428087737378,3.0325462466767075,opponent,61,129,False
13777,40,1144.0,18.0,0.07722946060892459,0.015096530701117723,2.9990600636466658,opponent,61,94,False
13777,43,1133.0,17.0,0.07648686964153109,0.018022747156605425,2.9898818598758155,opponent,61,96,False
104,106,3674.0,50.0,0.13361457613557842,0.057232763186590645,4.130890761879567,opponent,4,5,False
104,13777,1262.0,20.0,0.08519543644096401,0.030744494250633404,3.092556458189531,opponent,4,61,False
104,77,2362.0,35.0,0.08590028003054878,0.040049510826254305,3.698004361890937,opponent,4,118,False
104,89,4047.0,57.0,0.14717969233007236,0.04458030403172505,4.226103551734458,opponent,4,130,False
104,99,1670.0,24.0,0.06073389824344474,0.031234219238034676,3.361532125269724,opponent,4,136,False
104,83,622.0,9.0,0.07482256706363527,0.017676480618392634,2.4306850956213615,opponent,4,123,False
104,91,535.0,8.0,0.04808988764044944,0.014046787617822354,2.294216843323529,opponent,4,133,False
10877,91,465.0,8.0,0.041797752808988765,0.0054887333419894,2.169053700369523,opponent,24,133,False
40,91,397.0,7.0,0.03568539325842696,0.005450451687306077,2.030338828672104,opponent,94,133,False
43,91,300.0,4.0,0.02696629213483146,0.004999166805532411,1.791759469228055,opponent,96,133,False
8889,91,381.0,7.0,0.03424719101123595,0.005857393229406881,1.9947003132247452,opponent,129,133,False
104,107,4545.0,67.0,0.16529075899189002,0.06161709281201703,4.340553386467307,opponent,4,6,False
47,83,249.0,2.0,0.029953085528690002,0.008736842105263157,1.6389967146756448,opponent,99,123,False
10881,91,106.0,1.0,0.009528089887640449,0.0016072538702976453,1.0176432261344426,opponent,28,133,False
47,91,353.0,4.0,0.03173033707865169,0.011311202255831838,1.929103030738932,opponent,99,133,False
103,104,4462.0,60.0,0.1622722478815871,0.05420771931529649,4.322365090615814,opponent,3,4,False
13777,47,177.0,3.0,0.011948963748059137,0.00504676094890511,1.3737155789130306,opponent,61,99,False
104,79,3960.0,58.0,0.14401571080481507,0.05299360329737976,4.204692619390966,opponent,4,120,False
104,73,408.0,7.0,0.07868852459016394,0.012641754973043316,2.0541237336955462,opponent,4,115,False
10877,73,492.0,8.0,0.0948891031822565,0.006247460381958553,2.2192034840549946,opponent,24,115,False
40,73,215.0,4.0,0.041465766634522665,0.003205128205128205,1.5224265354444706,opponent,94,115,False
43,73,465.0,7.0,0.08968177434908389,0.008626286986364902,2.169053700369523,opponent,96,115,False
73,8889,215.0,4.0,0.041465766634522665,0.003627345120799028,1.5224265354444706,opponent,115,129,False
10879,73,291.0,4.0,0.056123432979749276,0.007590182320874305,1.766441661243765,opponent,26,115,False
113,13777,18.0,1.0,0.0016480498077275224,0.0006999261189096707,0.26236426446749106,opponent,46,61,False
13777,44,18.0,1.0,0.0012151488557348275,0.0005335862927610127,0.26236426446749106,opponent,61,97,False
10879,83,43.0,1.0,0.005172621195717551,0.0010308042670502217,0.5403844260075351,opponent,26,123,False
110,13029,4171.0,43.0,0.15040928924308536,0.052820870005698725,4.255849088497967,opponent,44,57,False
118,13029,2554.0,32.0,0.0920990948757708,0.03238240142005833,3.7742923319620667,opponent,48,57,False
12908,13029,3381.0,44.0,0.13589228295819936,0.06867763558805606,4.04917284357538,opponent,55,57,False
13029,13275,2000.0,18.0,0.13151837969356217,0.04885436513752504,3.5361166995615263,opponent,57,58,False
13029,51,2733.0,32.0,0.09855396487685263,0.04211937676267974,3.840527003723076,opponent,57,102,False
12908,21,3359.0,38.0,0.13500803858520902,0.04993978680067201,4.042758827417201,opponent,55,78,False
13275,21,1748.0,13.0,0.11494706385217335,0.029527525802800724,3.405631978730021,opponent,58,78,False
21,51,1639.0,20.0,0.041089022036150315,0.019514227884271935,3.343450559449831,opponent,78,102,False
12908,24,2470.0,27.0,0.0992765273311897,0.04741155920686412,3.7416300194994654,opponent,55,81,False
13275,24,1586.0,12.0,0.1042940750969948,0.03662140943936455,3.3117588190149143,opponent,58,81,False
24,51,2481.0,28.0,0.0835719338430963,0.036977420076011625,3.7459684210980635,opponent,81,102,False
12908,29,3224.0,35.0,0.12958199356913183,0.036269546630667115,4.002472908350218,opponent,55,85,False
13275,29,2255.0,19.0,0.14828697310449135,0.028122116080113734,3.6528204042982337,opponent,58,85,False
29,51,2011.0,20.0,0.050414901351249715,0.019131973513966054,3.5414422991734833,opponent,85,102,False
12908,34,3501.0,41.0,0.1407154340836013,0.049015764567524434,4.083452121055677,opponent,55,89,False
13275,34,2127.0,19.0,0.13986979680410339,0.03369398197284838,3.5959414584546674,opponent,58,89,False
34,51,2400.0,27.0,0.06016696332322194,0.027417291171632243,3.713572066704308,opponent,89,102,False
10872,12908,1604.0,27.0,0.06446945337620578,0.020596317316828885,3.322635059159053,opponent,19,55,False
10872,13275,631.0,9.0,0.04149404879331887,0.0091213969759172,2.4437952615455694,opponent,19,58,False
10872,51,1746.0,23.0,0.04377146581764396,0.018825812712275593,3.40452517175483,opponent,19,102,False
116,13029,2215.0,34.0,0.08454198473282443,0.042830071931317194,3.63539076916295,opponent,47,57,False
10894,13029,1410.0,13.0,0.0684931506849315,0.030059479395399408,3.1986731175506815,opponent,41,57,False
10874,12908,1158.0,19.0,0.046543408360128616,0.019728099764898293,3.0106208860477417,opponent,21,55,False
10874,13275,700.0,10.0,0.04603143289274676,0.014146272457207525,2.538973871058276,opponent,21,58,False
116,32,1355.0,20.0,0.052830630068621334,0.026835402927138416,3.1605402478552374,opponent,47,88,False
12908,32,1902.0,27.0,0.07644694533762057,0.039114876814872704,3.4873750779032076,opponent,55,88,False
13275,32,859.0,9.0,0.056487144078384954,0.021477147714771477,2.7289415601335865,opponent,58,88,False
122,13029,589.0,7.0,0.02902335665714004,0.012416729909773168,2.381088154481989,opponent,52,57,False
13029,45,2668.0,38.0,0.09621001766975587,0.043517974815684736,3.8169794567412523,opponent,57,98,False
29,45,1681.0,26.0,0.046378810870464894,0.016513094559814534,3.3678703775460885,opponent,85,98,False
121,13029,1126.0,12.0,0.04060437777216833,0.01715887964402182,2.98399701733557,opponent,51,57,False
32,51,260.0,5.0,0.010137242669993761,0.0039830261807374725,1.6739764335716716,opponent,88,102,False
10874,119,432.0,5.0,0.033279408366073494,0.009089952656496581,2.1041341542702074,opponent,21,49,False
119,13029,1222.0,11.0,0.09413758570218012,0.0309445429222588,3.061832075258515,opponent,49,57,False
119,24,1001.0,8.0,0.07711270318157307,0.024023807809537525,2.8726225763918825,opponent,49,81,False
119,29,1651.0,16.0,0.12718588706571143,0.021014714118425742,3.3504887116700925,opponent,49,85,False
119,21,970.0,8.0,0.07472459748863725,0.01679624595245104,2.842969519001581,opponent,49,78,False
119,34,1462.0,14.0,0.11262614590555427,0.023746873274209792,3.2334359761995306,opponent,49,89,False
10874,51,875.0,10.0,0.02501715462031107,0.011825922421948912,2.7462019670665865,opponent,21,102,False
12908,25,356.0,8.0,0.037343963075632015,0.010453063980973074,1.9363406980391626,opponent,55,82,False
25,51,341.0,4.0,0.03577048148536662,0.006947698702145433,1.8996168650844685,opponent,82,102,False
104,10872,1189.0,19.0,0.04324108084518311,0.014695340501792114,3.035753947903477,opponent,4,19,False
104,10875,534.0,9.0,0.01942030039640688,0.009040274932705818,2.2925347571405443,opponent,4,22,False
104,22,791.0,16.0,0.033511269276393835,0.015722520373683165,2.6520675663512736,opponent,4,79,False
104,29,1459.0,22.0,0.05306033385460232,0.015642422163135775,3.2314629403736723,opponent,4,85,False
104,34,1511.0,25.0,0.05495144924900898,0.01987294990333145,3.2651230760335204,opponent,4,89,False
22,8889,753.0,7.0,0.03190137264870361,0.00975982787448317,2.60638654732571,opponent,79,129,False
104,13029,1906.0,31.0,0.0693166527257519,0.03574509583286448,3.489411738485011,opponent,4,57,False
22,43,823.0,7.0,0.03486697169971191,0.0114359558680488,2.6889806383818593,opponent,79,96,False
104,25,38.0,2.0,0.003986153362005664,0.0010272491349480968,0.4906229164484712,opponent,4,82,False
104,24,726.0,13.0,0.026402880314216098,0.012859116511388997,2.5726122302071057,opponent,4,81,False
104,10874,891.0,14.0,0.03240353493108339,0.014468513526679874,2.7631695003232895,opponent,4,21,False
104,23,139.0,4.0,0.02744865718799368,0.00428721238665104,1.1989602625023918,opponent,4,80,False
104,28,537.0,6.0,0.024378064281823136,0.0109618682126235,2.2975725511705014,opponent,4,84,False
10873,10883,131.0,2.0,0.17969821673525377,0.01463523628644844,1.157928865824529,opponent,20,30,False
10874,10883,280.0,4.0,0.3840877914951989,0.007904022582921666,1.7346010553881064,opponent,21,30,False
10875,10883,33.0,1.0,0.04526748971193416,0.001006036217303823,0.4382549309311553,opponent,22,30,False
10883,19,131.0,2.0,0.17969821673525377,0.03901131625967838,1.157928865824529,opponent,30,76,False
10883,23,33.0,1.0,0.04526748971193416,0.005729166666666666,0.4382549309311553,opponent,30,80,False
10873,113,349.0,4.0,0.041781395905662634,0.018440240938391632,1.919370593820701,opponent,20,46,False
113,19,374.0,7.0,0.1355072463768116,0.028103396453261195,1.9786999718783043,opponent,46,76,False
10873,38,314.0,3.0,0.09454983438723276,0.027640845070422537,1.8299112351924312,opponent,20,91,False
10874,38,33.0,1.0,0.00993676603432701,0.0008624294375914697,0.4382549309311553,opponent,21,91,False
10875,38,33.0,1.0,0.00993676603432701,0.0009323614171893542,0.4382549309311553,opponent,22,91,False
19,38,322.0,4.0,0.11666666666666667,0.055912484806389995,1.8510760463844744,opponent,76,91,False
23,38,322.0,4.0,0.09695874736525142,0.03993550787548059,1.8510760463844744,opponent,80,91,False
10873,44,563.0,6.0,0.06740093379624087,0.021063264618953196,2.3402019565653522,opponent,20,97,False
19,44,412.0,4.0,0.1492753623188406,0.019354535632075915,2.0626344233634546,opponent,76,97,False
10873,47,33.0,1.0,0.003950676403687298,0.0011475865906245652,0.4382549309311553,opponent,20,99,False
23,47,33.0,1.0,0.006516587677725118,0.0012957945576628578,0.4382549309311553,opponent,80,99,False
13275,16,526.0,5.0,0.03458933385940685,0.007416180244198179,2.278975227354912,opponent,58,75,False
13275,3129,409.0,5.0,0.026895508647333463,0.010476434426229508,2.0562582062241788,opponent,58,87,False
13275,54,604.0,8.0,0.039718550667455776,0.007032578068602567,2.403937587254333,opponent,58,103,False
13275,57,402.0,4.0,0.026435194318405998,0.0054234910013221446,2.0412203288596382,opponent,58,106,False
13275,68,604.0,8.0,0.039718550667455776,0.007839777786430954,2.403937587254333,opponent,58,112,False
16,51,1884.0,28.0,0.047231066208729224,0.019989389920424403,3.4781584227982836,opponent,75,102,False
3129,51,1415.0,17.0,0.05836977147100074,0.022562025639390266,3.2020687065518194,opponent,87,102,False
51,54,2604.0,31.0,0.0652811552056958,0.0239849679463562,3.7932394694381792,opponent,102,103,False
51,57,1963.0,26.0,0.049211562084785276,0.020186542990240943,3.517992274945645,opponent,102,106,False
51,68,2611.0,35.0,0.0654566421820552,0.026183838424356686,3.7958636508878603,opponent,102,112,False
51,62,1890.0,26.0,0.05465587044534413,0.026040590253379077,3.481240089335692,opponent,102,110,False
109,68,2312.0,28.0,0.07418816583237069,0.02532532971125619,3.6771441978955153,opponent,42,112,False
13399,16,837.0,11.0,0.0847165991902834,0.012820120083323122,2.7047112998366956,opponent,59,75,False
13399,54,2244.0,28.0,0.2271255060728745,0.02843421736210545,3.648057459593681,opponent,59,103,False
13399,57,1961.0,23.0,0.19848178137651823,0.02916592301743114,3.5170031551815204,opponent,59,106,False
13399,62,1746.0,23.0,0.17672064777327937,0.04087652760219132,3.40452517175483,opponent,59,110,False
13399,68,2401.0,30.0,0.2430161943319838,0.03433973598020567,3.713978488168955,opponent,59,112,False
10861,12908,1009.0,18.0,0.04055466237942122,0.01629969468361792,2.8801343488029447,opponent,9,55,False
10861,13399,2090.0,32.0,0.21153846153846154,0.0456112784252106,3.578878558899608,opponent,9,59,False
109,55,384.0,7.0,0.05938756572842561,0.010309831928260753,2.0014800002101243,opponent,42,104,False
123,55,300.0,4.0,0.04639653572533251,0.018964536317087048,1.791759469228055,opponent,53,104,False
12908,55,143.0,5.0,0.022115682029075164,0.004582892670576547,1.2188614168196867,opponent,55,104,False
13399,55,500.0,8.0,0.07732755954222084,0.03155370440489713,2.2335922215070942,opponent,59,104,False
45,55,241.0,5.0,0.03727188369935045,0.005674593830939487,1.612765702526775,opponent,98,104,False
10861,116,2644.0,36.0,0.10091603053435115,0.04293044099499903,3.808142874940754,opponent,9,47,False
116,54,2785.0,33.0,0.10629770992366412,0.029409280027033306,3.8589737843383305,opponent,47,103,False
116,55,1192.0,18.0,0.1843489019486545,0.037872529707059795,3.0381529894379433,opponent,47,104,False
116,62,1864.0,27.0,0.07114503816793893,0.03163826464797338,3.467817069003551,opponent,47,110,False
116,68,1711.0,27.0,0.06530534351145038,0.01968272958391331,3.384955075560733,opponent,47,112,False
10861,51,3651.0,50.0,0.09599810685738326,0.04915847583142588,4.124712098838497,opponent,9,102,False
51,55,1131.0,16.0,0.17491493968450356,0.02500884486113568,2.9882040071331994,opponent,102,104,False
116,16,2200.0,31.0,0.08396946564885496,0.027416038382453736,3.628775530044231,opponent,47,75,False
12,13399,1213.0,21.0,0.12277327935222672,0.02485910441643611,3.0547870363353056,opponent,50,59,False
12,51,2054.0,34.0,0.051492892777457444,0.02634583071456973,3.5619926042080823,opponent,50,102,False
122,55,171.0,5.0,0.02644602536343953,0.006431230960171499,1.3480731482996928,opponent,52,104,False
119,55,496.0,8.0,0.07670893906588308,0.026172761331855837,2.226423732028482,opponent,49,104,False
10884,51,730.0,12.0,0.08356227106227106,0.015241674496293977,2.5776883832389665,opponent,31,102,False
110,55,337.0,4.0,0.05211877513145685,0.005476647056911626,1.8895917184650897,opponent,44,104,False
10861,13275,365.0,6.0,0.024002104294075097,0.006903203843098687,1.957744606702316,opponent,9,58,False
10884,13275,807.0,9.0,0.09237637362637363,0.03488070539419087,2.670694414558441,opponent,31,58,False
12,13275,610.0,9.0,0.040113105806536466,0.011146642302421197,2.412933150162911,opponent,50,58,False
13399,3129,321.0,5.0,0.03248987854251012,0.009496760450874234,1.8484548129046001,opponent,59,87,False
13275,62,297.0,4.0,0.01953047938449398,0.006001212366134573,1.7833912195575383,opponent,58,110,False
116,57,2319.0,26.0,0.08851145038167939,0.027873266184283277,3.680090948080857,opponent,47,106,False
10861,111,822.0,8.0,0.09071846374572343,0.017764906745045494,2.6878474937846906,opponent,9,45,False
111,54,839.0,8.0,0.09259463635360335,0.010552795421671594,2.7069384722495196,opponent,45,103,False
111,57,692.0,7.0,0.07637126145017106,0.010223679933812015,2.528391761727739,opponent,45,106,False
111,62,463.0,5.0,0.05109811279108266,0.01072305340682755,2.1652369018428224,opponent,45,110,False
111,68,839.0,8.0,0.09259463635360335,0.011873425603577594,2.7069384722495196,opponent,45,112,False
10877,78,1327.0,19.0,0.1634639073663464,0.016413110698824986,3.140553858092731,opponent,24,119,False
10879,78,782.0,9.0,0.09632914510963292,0.01917559647875236,2.641435452020226,opponent,26,119,False
10881,78,915.0,10.0,0.11271249076127125,0.014725999839060111,2.7880929087757464,opponent,28,119,False
39,78,191.0,2.0,0.023527962552352795,0.005680973201273014,1.431108376909683,opponent,92,119,False
78,8889,1230.0,19.0,0.15151515151515152,0.020101323745710085,3.068052935133617,opponent,119,129,False
43,78,1289.0,20.0,0.15878295146587829,0.023012104116827935,3.1127742939856553,opponent,96,119,False
10862,48,418.0,9.0,0.05736242623850693,0.006668049196803165,2.075266170269355,opponent,10,100,False
10885,48,492.0,9.0,0.0675174969123096,0.008202597489204915,2.2192034840549946,opponent,32,100,False
10887,48,355.0,8.0,0.04871689309729656,0.0045854376832560485,1.9339339580085977,opponent,34,100,False
48,76,259.0,4.0,0.03554274735830932,0.003749276201505501,1.6708465405627437,opponent,100,117,False
48,78,310.0,7.0,0.04254151228214629,0.020536601523683338,1.8191584434161694,opponent,100,119,False
104,10862,3775.0,49.0,0.13728770411317598,0.04746039728438522,4.157580151579256,opponent,4,10,False
104,10885,2402.0,36.0,0.08735498418009237,0.030684329530792913,3.714384744522298,opponent,4,32,False
104,10887,3016.0,45.0,0.10968469287558642,0.031758065874820995,3.937040768403434,opponent,4,34,False
104,76,2206.0,32.0,0.0802269338473288,0.025256746390666683,3.631426879365851,opponent,4,117,False
104,78,1433.0,23.0,0.17652131066765214,0.04192264934760985,3.2141982353170895,opponent,4,119,False
104,88,1958.0,27.0,0.07120776812015857,0.030307251760699636,3.5155176386914535,opponent,4,128,False
48,88,205.0,3.0,0.028132290380129,0.00444222934905088,1.4853852637641214,opponent,100,128,False
47,78,675.0,9.0,0.08314855875831485,0.024211772301732486,2.505525936990736,opponent,99,119,False
104,10888,2183.0,28.0,0.07939047896134124,0.03687811470563392,3.6212249722981076,opponent,4,35,False
10888,48,303.0,2.0,0.04158089748867847,0.007414658020310779,1.80005827204275,opponent,35,100,False
10885,38,196.0,1.0,0.059018367961457395,0.0034806698513611904,1.4508328822574619,opponent,32,91,False
10887,38,384.0,4.0,0.11562782294489611,0.005229897581172369,2.0014800002101243,opponent,34,91,False
10888,38,439.0,4.0,0.13218909966877446,0.011941354078829257,2.118261533529418,opponent,35,91,False
38,75,479.0,5.0,0.14423366455886782,0.0076155044675506375,2.1953710086868963,opponent,91,116,False
38,76,439.0,4.0,0.13218909966877446,0.0067607108756583606,2.118261533529418,opponent,91,117,False
38,78,283.0,4.0,0.08521529659741042,0.025367515238436715,1.7433858849438393,opponent,91,119,False
104,75,3764.0,50.0,0.1368876604720515,0.04492236451085465,4.154707711949191,opponent,4,116,False
10862,38,135.0,2.0,0.04065040650406504,0.002287980475899939,1.1786549963416462,opponent,10,91,False
38,88,40.0,1.0,0.012044564890093345,0.0009445769475995939,0.5108256237659906,opponent,91,128,False
113,78,14.0,1.0,0.0017245627001724563,0.0007358351729212656,0.20972053098206908,opponent,46,119,False
48,75,210.0,4.0,0.02881844380403458,0.003128118808931524,1.5040773967762742,opponent,100,116,False
109,13029,833.0,9.0,0.030038584977101438,0.014346732802865901,2.7002420186543983,opponent,42,57,False
13029,13399,628.0,8.0,0.06356275303643724,0.016980774950653,2.439444275711243,opponent,57,59,False
13399,21,493.0,9.0,0.04989878542510121,0.008942986195512181,2.221013439300234,opponent,59,78,False
13399,24,222.0,2.0,0.022469635627530363,0.005642394205108654,1.547562508716013,opponent,59,81,False
13399,29,614.0,9.0,0.06214574898785425,0.008026143790849673,2.418885548690206,opponent,59,85,False
13399,32,451.0,9.0,0.045647773279352225,0.012857427944236964,2.1420250279816035,opponent,59,88,False
10872,13399,227.0,6.0,0.02297570850202429,0.0035327990039685626,1.5651376535375203,opponent,19,59,False
10874,13399,300.0,7.0,0.030364372469635626,0.006733099919202801,1.791759469228055,opponent,21,59,False
13399,34,411.0,9.0,0.04159919028340081,0.006905706028630956,2.060513531794317,opponent,59,89,False
10891,21,750.0,11.0,0.042033290365969846,0.011936402845638438,2.6026896854443837,opponent,38,78,False
10891,32,672.0,11.0,0.03766182816790899,0.01569396763119176,2.501435951739211,opponent,38,88,False
10891,34,1873.0,29.0,0.10497113714061537,0.02837148007331445,3.47248391698623,opponent,38,89,False
10891,29,1639.0,24.0,0.09185675054643277,0.019643327980057048,3.343450559449831,opponent,38,85,False
10891,13029,2081.0,30.0,0.11662836966877767,0.0478467799415998,3.574683726367582,opponent,38,57,False
10891,22,47.0,1.0,0.002634086196267444,0.0011352657004830918,0.5784842722398055,opponent,38,79,False
12908,22,70.0,2.0,0.0029655990510083037,0.0014458627669682324,0.7731898882334818,opponent,55,79,False
13275,22,70.0,2.0,0.004603143289274676,0.0018068712733279987,0.7731898882334818,opponent,58,79,False
13399,22,23.0,1.0,0.002327935222672065,0.0006873673829234034,0.32449604557449724,opponent,59,79,False
109,28,411.0,6.0,0.018658071545305976,0.007786893010742502,2.060513531794317,opponent,42,84,False
110,28,969.0,12.0,0.04398946794988197,0.01267263025737602,2.8419981736119486,opponent,44,84,False
12908,28,935.0,12.0,0.04244597784637734,0.020338024492636983,2.808398174936492,opponent,55,84,False
13275,28,489.0,4.0,0.032156243835075954,0.013307570892069884,2.21375387928743,opponent,58,84,False
13399,28,356.0,5.0,0.03603238866396761,0.011282961460446248,1.9363406980391626,opponent,59,84,False
28,45,394.0,10.0,0.017886326493553657,0.006807304894694103,2.0237526358192475,opponent,84,98,False
123,13029,188.0,1.0,0.019475810628820055,0.005054306914722013,1.4190841839428814,opponent,53,57,False
123,34,316.0,2.0,0.03273593701439967,0.005321298666307423,1.8352445811677938,opponent,53,89,False
10891,28,577.0,7.0,0.03233761138821947,0.014684175701124853,2.362425093350063,opponent,38,84,False
10872,111,319.0,5.0,0.03520582717139389,0.005035993937863097,1.8431916428603257,opponent,19,45,False
111,13029,500.0,11.0,0.055181547290586025,0.013777140967706382,2.2335922215070942,opponent,45,57,False
111,25,151.0,4.0,0.01666482728175698,0.00818738816895299,1.2575135712539658,opponent,45,82,False
111,28,348.0,6.0,0.038406356914247874,0.01132038645457207,1.916922612182061,opponent,45,84,False
111,32,595.0,8.0,0.06566604127579738,0.017441519610717007,2.3902906734131513,opponent,45,88,False
111,34,555.0,9.0,0.06125151749255049,0.0094785920448141,2.327277705584417,opponent,45,89,False
111,29,634.0,10.0,0.06997020196446309,0.008379482163862492,2.448127398284704,opponent,45,85,False
119,25,252.0,3.0,0.026434490716458616,0.011319737669571468,1.6486586255873816,opponent,49,82,False
119,28,426.0,5.0,0.032817194360989135,0.012318191018708614,2.0918640616783932,opponent,49,84,False
111,21,417.0,6.0,0.04602141044034875,0.007667696381288614,2.0731719286662407,opponent,45,78,False
10891,24,1405.0,19.0,0.07874236395225018,0.03046070460704607,3.195265959229067,opponent,38,81,False
111,24,261.0,5.0,0.028804767685685906,0.0067815106399563485,1.6770965609079151,opponent,45,81,False
10874,111,345.0,6.0,0.03807526763050436,0.007896182367481462,1.9095425048844386,opponent,21,45,False
123,32,128.0,1.0,0.013260126385579612,0.003639155033690615,1.1420974006078486,opponent,53,88,False
103,38,332.0,3.0,0.09996988858777477,0.005331877238344549,1.8769172775683618,opponent,3,91,False
106,38,214.0,3.0,0.0644384221619994,0.0049220295321771934,1.5187835441659696,opponent,5,91,False
107,38,346.0,3.0,0.10418548629930743,0.006433020358836107,1.912008597379632,opponent,6,91,False
38,79,304.0,2.0,0.09153869316470943,0.005608235250710253,1.80280930541464,opponent,91,120,False
38,89,304.0,2.0,0.09153869316470943,0.004321435171364806,1.80280930541464,opponent,91,130,False
104,10890,3003.0,41.0,0.10921191402698477,0.047233319701783634,3.9328055446106744,opponent,4,37,False
10890,47,1963.0,26.0,0.0960559796437659,0.03410532168111611,3.517992274945645,opponent,37,99,False
104,86,2724.0,39.0,0.09906535258391824,0.044744493174986445,3.8372994592322094,opponent,4,125,False
48,79,770.0,9.0,0.10566762728146013,0.013343499809378575,2.627081138568543,opponent,100,120,False
10890,48,649.0,8.0,0.08906271442294497,0.014194479681553738,2.4695109643100266,opponent,37,100,False
10890,44,760.0,11.0,0.04012883467976134,0.013272095419380752,2.614959778036198,opponent,37,97,False
10880,73,388.0,5.0,0.07483124397299903,0.00690551195116308,2.0104486701928845,opponent,27,115,False
10881,73,279.0,4.0,0.053809064609450334,0.004662588990273739,1.7316555451583497,opponent,28,115,False
48,73,237.0,3.0,0.04570877531340405,0.01937065794850838,1.599387576580599,opponent,100,115,False
47,73,193.0,3.0,0.03722275795564127,0.007590058203555136,1.4390449265054195,opponent,99,115,False
10890,38,196.0,2.0,0.059018367961457395,0.004643559430453221,1.4508328822574619,opponent,37,91,False
38,73,42.0,1.0,0.012646793134598013,0.00496219281663516,0.5306282510621704,opponent,91,115,False
38,77,204.0,4.0,0.06142728093947606,0.005519629860115263,1.4816045409242156,opponent,91,118,False
38,86,204.0,4.0,0.06142728093947606,0.005201030007903526,1.4816045409242156,opponent,91,125,False
101,104,205.0,4.0,0.03430962343096234,0.006162262903177323,1.4853852637641214,opponent,2,4,False
101,43,43.0,1.0,0.007196652719665272,0.000780158571765517,0.5403844260075351,opponent,2,96,False
101,47,107.0,3.0,0.017907949790794978,0.004067822384428224,1.0236492501946544,opponent,2,99,False
101,38,162.0,3.0,0.04878048780487805,0.0177359316838187,1.308332819650179,opponent,2,91,False
38,99,134.0,2.0,0.04034929238181271,0.004346838810133973,1.1735135968412274,opponent,91,136,False
47,99,791.0,10.0,0.03870620473673909,0.016728349370836417,2.6520675663512736,opponent,99,136,False
104,95,98.0,1.0,0.028688524590163935,0.0031802693493428527,0.9682504708048661,opponent,4,134,False
38,95,98.0,1.0,0.029509183980728697,0.014761259225787016,0.9682504708048661,opponent,91,134,False
44,95,98.0,1.0,0.028688524590163935,0.004403109134204969,0.9682504708048661,opponent,97,134,False
101,48,98.0,1.0,0.016401673640167366,0.007444545730780918,0.9682504708048661,opponent,2,100,False
48,95,98.0,1.0,0.028688524590163935,0.009240924092409241,0.9682504708048661,opponent,100,134,False
110,13400,912.0,9.0,0.07770299054272813,0.013770194775781367,2.785011242238338,opponent,44,60,False
1,119,1454.0,24.0,0.1120098605654418,0.019845494499494992,3.2281658717752935,opponent,0,49,False
10,119,1623.0,29.0,0.12502888837531778,0.024318978692798705,3.3339886319687055,opponent,1,49,False
10867,119,590.0,8.0,0.04545104383329482,0.012532393049832193,2.3826278006675823,opponent,14,49,False
119,13400,463.0,8.0,0.03944789980403851,0.019088847660276232,2.1652369018428224,opponent,49,60,False
119,14,1015.0,14.0,0.07819120252676989,0.014606418189667578,2.8857313783396625,opponent,49,65,False
12908,13400,1366.0,19.0,0.11638408451904235,0.038750673739752065,3.1682840387521405,opponent,55,60,False
1,13275,2629.0,26.0,0.17288091010718748,0.035375486093356834,3.802580094046764,opponent,0,58,False
10,13275,674.0,10.0,0.044321693956730454,0.009640553259050534,2.5041644663924147,opponent,1,58,False
10867,13275,672.0,9.0,0.04419017557703689,0.013652431839421397,2.501435951739211,opponent,14,58,False
13275,13400,503.0,8.0,0.04285592570503536,0.01902348625241103,2.2389350659175897,opponent,58,60,False
13275,14,2537.0,27.0,0.1668310646412836,0.036142690258426646,3.7677676494406476,opponent,58,65,False
13400,51,1295.0,19.0,0.11033483854477294,0.025729669587331864,3.1172121710917007,opponent,60,102,False
10865,119,736.0,19.0,0.05669825129034743,0.016303023590652343,2.585254623622282,opponent,13,49,False
13400,45,1003.0,15.0,0.08545624946749596,0.02134996487792418,2.8745058161198473,opponent,60,98,False
10867,109,1259.0,23.0,0.04039917853934027,0.019491577904384445,3.090284590495214,opponent,14,42,False
10,111,667.0,11.0,0.07361218408564175,0.010458807664565497,2.494581915311419,opponent,1,45,False
10865,111,580.0,12.0,0.06401059485707979,0.014016094342814336,2.367123614131617,opponent,13,45,False
10867,111,874.0,14.0,0.09645734466394437,0.020385315109390307,2.745131876006742,opponent,14,45,False
10869,111,794.0,15.0,0.08762829709745061,0.01909893440454141,2.655586631566469,opponent,16,45,False
111,14,745.0,12.0,0.08222050546297319,0.011315309842041313,2.5964977151964628,opponent,45,65,False
109,3,90.0,3.0,0.0043949604453559915,0.0017458100558659217,0.9162907318741551,opponent,42,86,False
111,3,291.0,6.0,0.03211566052312107,0.009949398249452955,1.766441661243765,opponent,45,86,False
116,3,690.0,13.0,0.03369469674772927,0.015003914064538576,2.5257286443082556,opponent,47,86,False
10863,111,127.0,3.0,0.014016113011808851,0.006383834321906102,1.136764054632486,opponent,11,45,False
10863,13275,112.0,2.0,0.010218978102189781,0.004298599117251967,1.0531499145913523,opponent,11,58,False
10865,13275,1862.0,26.0,0.12244361149470638,0.04026381230403287,3.466777027308137,opponent,13,58,False
10869,13275,661.0,13.0,0.0434668244887223,0.013813424726239238,2.4862945750628485,opponent,16,58,False
13275,3,1409.0,15.0,0.09265469849411455,0.041107480452794956,3.1979926139517767,opponent,58,86,False
10869,119,473.0,10.0,0.03643787073414991,0.010324355000654822,2.184176861943744,opponent,16,49,False
119,3,110.0,2.0,0.00847392342654649,0.003298449728627545,1.041453874828161,opponent,49,86,False
111,13400,360.0,7.0,0.03973071404922194,0.017614247969468637,1.9459101490553132,opponent,45,60,False
121,13400,40.0,2.0,0.0034080259009968477,0.0007887368379540167,0.5108256237659906,opponent,51,60,False
109,13400,823.0,12.0,0.07012013291301014,0.019558914397072105,2.6889806383818593,opponent,42,60,False
1,109,904.0,16.0,0.029007829546913104,0.009826193762975685,2.7767467323884447,opponent,0,42,False
116,13400,686.0,14.0,0.05844764420209594,0.018415613003677753,2.52038103798166,opponent,47,60,False
109,2,14.0,1.0,0.002221516978736909,0.00037381181245327354,0.20972053098206908,opponent,42,77,False
116,2,971.0,17.0,0.15407807045382418,0.03079509054581206,2.8439399217948593,opponent,47,77,False
12908,2,199.0,5.0,0.03157727705490321,0.006422877061614434,1.4624834994774372,opponent,55,77,False
2,45,1037.0,14.0,0.16455093621072675,0.024981932064562756,2.9059898980531296,opponent,77,98,False
2,51,698.0,11.0,0.11075848936845446,0.015343019805244763,2.536338823420271,opponent,77,102,False
1,111,522.0,8.0,0.05760953537137181,0.007427644497566806,2.272125885509337,opponent,0,45,False
111,2,110.0,2.0,0.017454776261504285,0.0072116960597915164,1.041453874828161,opponent,45,77,False
10867,123,118.0,3.0,0.012224179011706205,0.0026683551173623987,1.0874389880699844,opponent,14,53,False
123,13400,79.0,2.0,0.008183984253599917,0.0037070057716672143,0.8401293709085911,opponent,53,60,False
123,2,118.0,3.0,0.018724214535068232,0.00745090610595441,1.0874389880699844,opponent,53,77,False
119,2,306.0,5.0,0.04855601396382101,0.01612478263160668,1.8082887711792655,opponent,49,77,False
13275,2,886.0,14.0,0.14059028879720722,0.042961741744654024,2.7578980068297776,opponent,58,77,False
10861,13029,2220.0,26.0,0.0800548123039198,0.03493697181436193,3.6375861597263857,opponent,9,57,False
10861,29,3490.0,41.0,0.09176482961716449,0.03429099198239271,4.080358320247361,opponent,9,85,False
10861,34,1439.0,20.0,0.03783655868742112,0.016608956602031395,3.2182089358804973,opponent,9,89,False
10874,62,2160.0,25.0,0.06246385193753615,0.032049379785150454,3.6109179126442243,opponent,21,110,False
10860,10874,3258.0,42.0,0.09314958828911253,0.04576678326098867,4.012772908528289,opponent,8,21,False
10860,23,232.0,3.0,0.045813586097946286,0.005236902101532697,1.582409240046181,opponent,8,80,False
10884,23,306.0,4.0,0.06042654028436019,0.02267674522009782,1.8082887711792655,opponent,31,80,False
23,54,200.0,2.0,0.03949447077409163,0.002626498745846849,1.4663370687934272,opponent,80,103,False
10860,22,1115.0,16.0,0.04723775631248941,0.01799606184834888,2.9746788643561586,opponent,8,79,False
22,55,71.0,1.0,0.01098051345499536,0.0023667455581852727,0.7808527609790509,opponent,79,104,False
24,55,325.0,6.0,0.050262913702443554,0.009071117561683599,1.8588987720656835,opponent,81,104,False
28,55,71.0,1.0,0.01098051345499536,0.002497976990465468,0.7808527609790509,opponent,84,104,False
29,55,200.0,3.0,0.03093102381688834,0.0027210884353741495,1.4663370687934272,opponent,85,104,False
13029,55,129.0,2.0,0.01995051036189298,0.0037865445579429377,1.1474024528375417,opponent,57,104,False
21,55,129.0,2.0,0.01995051036189298,0.002477101215507806,1.1474024528375417,opponent,78,104,False
10860,10873,1544.0,20.0,0.18484376870585417,0.03336358528890618,3.2859112262043593,opponent,8,20,False
10873,54,1269.0,14.0,0.15192146534179338,0.01619304043793944,3.0978374964911444,opponent,20,103,False
10861,10873,974.0,12.0,0.11660481264216449,0.02144854770870494,2.8468454928462736,opponent,9,20,False
10877,110,6585.0,85.0,0.11885208916162801,0.05358930329836668,4.707275408925245,opponent,24,44,False
10881,110,3361.0,35.0,0.06118473749362849,0.03141826204008376,4.043343622755504,opponent,28,44,False
110,40,5932.0,70.0,0.10706614926450682,0.05316222005144153,4.603835962974955,opponent,44,94,False
110,44,1990.0,20.0,0.10507418554305929,0.027503662548027753,3.531250509910353,opponent,44,97,False
110,8889,5358.0,75.0,0.0986703988803359,0.0513469223471236,4.5031374604229395,opponent,44,129,False
10877,121,3683.0,49.0,0.09439475100597175,0.03366760213176346,4.133298145682328,opponent,24,51,False
10881,121,1278.0,15.0,0.03275495296921854,0.013790722016596346,3.104586678466073,opponent,28,51,False
121,40,4179.0,55.0,0.10710715841812543,0.04310558237405619,4.257738109130536,opponent,51,94,False
121,44,1276.0,18.0,0.06737420138338877,0.022512350035285816,3.1030907918744903,opponent,51,97,False
121,8889,4285.0,57.0,0.1098239229054002,0.04812768155985354,4.282436475477391,opponent,51,129,False
10877,12908,1812.0,30.0,0.07282958199356913,0.01865598649191265,3.4404180948154366,opponent,24,55,False
10881,12908,1405.0,20.0,0.056471061093247586,0.017919318428201565,3.195265959229067,opponent,28,55,False
12908,40,1827.0,31.0,0.07343247588424437,0.021452978406115333,3.4483989831464497,opponent,55,94,False
12908,44,690.0,7.0,0.03643275780136227,0.015998516079667974,2.5257286443082556,opponent,55,97,False
12908,8889,1797.0,30.0,0.07222668810289389,0.023221554564838147,3.432372999130605,opponent,55,129,False
10877,13275,1649.0,25.0,0.108436904057342,0.018820548523688325,3.3493191208934903,opponent,24,58,False
10881,13275,1492.0,19.0,0.09811271125139738,0.021734380235115883,3.2529551385210635,opponent,28,58,False
13275,40,1532.0,21.0,0.10074307884526863,0.020215082140265225,3.2784018041822276,opponent,58,94,False
13275,44,844.0,7.0,0.055500756230683235,0.025343823193802174,2.7124847981700757,opponent,58,97,False
13275,8889,1203.0,21.0,0.07910830538567765,0.01761192281790765,3.0469005601283903,opponent,58,129,False
10877,51,6991.0,82.0,0.17526135024693523,0.06536271585777462,4.76658016749694,opponent,24,102,False
10881,51,3811.0,41.0,0.09554012384366617,0.04187451928359521,4.166923588355547,opponent,28,102,False
40,51,6820.0,76.0,0.1709744541101557,0.07165446159341872,4.742029368705289,opponent,94,102,False
44,51,2733.0,29.0,0.1443054015523523,0.048720919868080935,3.840527003723076,opponent,97,102,False
51,8889,5783.0,74.0,0.14497731204091355,0.06541263234096462,4.578655080332337,opponent,102,129,False
10877,45,3084.0,37.0,0.08508759828941923,0.02876329043088976,3.9589065913269965,opponent,24,98,False
10881,45,2866.0,27.0,0.07907297558283902,0.03245348824042305,3.887047019357969,opponent,28,98,False
40,45,2891.0,32.0,0.07976272589322665,0.030283667141540266,3.895554812720839,opponent,94,98,False
44,45,955.0,9.0,0.050425048841015896,0.01761050360508215,2.828299329253787,opponent,97,98,False
45,8889,1508.0,21.0,0.04160573872258243,0.01693639865676838,3.2632116386882526,opponent,98,129,False
10877,109,3529.0,48.0,0.11323963547683225,0.034702145652644206,4.091284328925506,opponent,24,42,False
10881,109,736.0,15.0,0.02361699396739828,0.008622305529522024,2.585254623622282,opponent,28,42,False
109,40,3763.0,49.0,0.12074829931972789,0.042039525868329035,4.154446171474312,opponent,42,94,False
109,44,550.0,7.0,0.029040604044564128,0.011099227090186264,2.3191143949452564,opponent,42,97,False
109,8889,4168.0,55.0,0.13374406366320113,0.05126817387881621,4.255139784768027,opponent,42,129,False
10880,109,3651.0,48.0,0.11715440893338468,0.046272004866735106,4.124712098838497,opponent,27,42,False
10880,110,4647.0,61.0,0.09042615294804436,0.04549281434780906,4.362461479179042,opponent,27,44,False
10877,12668,1764.0,29.0,0.0976852364602946,0.019523424789436986,3.414442608412176,opponent,24,54,False
10880,12668,1759.0,31.0,0.09740835086942076,0.025986497067470343,3.4116976162960215,opponent,27,54,False
12668,40,2029.0,34.0,0.1123601727766087,0.02596654679481437,3.5500961993344653,opponent,54,94,False
12668,44,258.0,4.0,0.014287296489090709,0.0070225101390892514,1.667706820558076,opponent,54,97,False
12668,8889,1869.0,30.0,0.10349983386864547,0.026514023066774483,3.4704124506836282,opponent,54,129,False
10880,12908,1392.0,26.0,0.05594855305466238,0.018590240123934933,3.186352633162641,opponent,27,55,False
10880,45,2140.0,28.0,0.05904262656918196,0.025030703549915198,3.6018680771243066,opponent,27,98,False
109,43,3346.0,50.0,0.10736747529200359,0.04345285248626677,4.0389492990005325,opponent,42,96,False
10880,116,2581.0,37.0,0.09851145038167938,0.034409204228825874,3.7845683500750313,opponent,27,47,False
116,40,2952.0,41.0,0.11267175572519084,0.034583753133859745,3.9160150266976834,opponent,47,94,False
116,43,2920.0,36.0,0.11145038167938931,0.04029531497964534,3.905334017277349,opponent,47,96,False
116,44,1470.0,16.0,0.07761761444638049,0.033662323387299915,3.2386784521643803,opponent,47,97,False
116,8889,3096.0,36.0,0.1181679389312977,0.03999689946515774,3.9627161197436642,opponent,47,129,False
12668,43,1934.0,31.0,0.10709934655000554,0.029613070174095455,3.5035533882996828,opponent,54,96,False
12908,43,1500.0,26.0,0.06028938906752412,0.0206711224419486,3.258096538021482,opponent,55,96,False
43,45,1102.0,16.0,0.030404193681887157,0.013068020111943838,2.963553375189756,opponent,96,98,False
10880,111,2251.0,28.0,0.2484273259022183,0.038676975945017185,3.65109104805228,opponent,27,45,False
10881,111,269.0,5.0,0.029687672442335285,0.00422132948339715,1.7017131885432712,opponent,28,45,False
111,40,1978.0,22.0,0.21829820108155834,0.028586706747792408,3.5253796515605695,opponent,45,94,False
111,43,1493.0,23.0,0.16477210020968988,0.026306979366729513,3.2535992609265865,opponent,45,96,False
111,44,149.0,3.0,0.016444101092594636,0.0053498976697425584,1.2479896897427103,opponent,45,97,False
10881,116,1509.0,16.0,0.057595419847328244,0.018951810406540825,3.263849190510932,opponent,28,47,False
10880,121,3235.0,46.0,0.0829125765691878,0.0371105400816776,4.005816884714507,opponent,27,51,False
121,43,3035.0,42.0,0.07778660583848067,0.03563586835276574,3.943198622896596,opponent,51,96,False
10881,12668,391.0,9.0,0.021652453206335142,0.005385749115001584,2.0171227772805778,opponent,28,54,False
10880,51,6020.0,71.0,0.1509187996690817,0.07060838151983954,4.618415412738112,opponent,27,102,False
43,51,4514.0,68.0,0.11316403018375994,0.05338221381267739,4.333798812360626,opponent,96,102,False
10877,111,1742.0,21.0,0.19225251076040173,0.021406276880729436,3.4023078759461827,opponent,24,45,False
10879,111,767.0,12.0,0.08464849354375897,0.01837609909197633,2.6234601328015907,opponent,26,45,False
10877,116,2553.0,29.0,0.09744274809160305,0.026129408634065463,3.7739097032985116,opponent,24,47,False
10879,116,1598.0,19.0,0.06099236641221374,0.027529415818216274,3.3190227734731397,opponent,26,47,False
10879,121,1933.0,23.0,0.05779638211989834,0.027407165846673,3.503051757990694,opponent,26,51,False
10879,12668,466.0,11.0,0.025805737069442905,0.009130630718890217,2.1709566505156093,opponent,26,54,False
10879,51,2870.0,38.0,0.08581252803109583,0.04073001816530427,3.8884131397890123,opponent,26,102,False
110,43,4412.0,66.0,0.08970214496289519,0.04404160594142426,4.311246452612834,opponent,44,96,False
110,47,2705.0,31.0,0.13236445488353885,0.03698588930212207,3.8304513517343346,opponent,44,99,False
121,47,1903.0,20.0,0.09311998434135839,0.03306689834926151,3.48788463205436,opponent,51,99,False
12908,47,587.0,8.0,0.028723820708553532,0.0131234769388987,2.3780017322788,opponent,55,99,False
10880,13275,1192.0,18.0,0.07838495429736306,0.018224906352725327,3.0381529894379433,opponent,27,58,False
13275,43,1044.0,20.0,0.06865259420003945,0.016480394014017807,2.91235066461494,opponent,58,96,False
13275,47,513.0,7.0,0.0337344643913987,0.014602903501280956,2.256541154492639,opponent,58,99,False
47,51,3413.0,40.0,0.16700919945194753,0.05996977790272702,4.0584294905219735,opponent,99,102,False
111,47,1186.0,16.0,0.13089063017327005,0.04189184415951397,3.0333491371252976,opponent,45,99,False
12668,47,613.0,9.0,0.033946173441134125,0.01618225495631055,2.417400767422627,opponent,54,99,False
45,47,1443.0,16.0,0.07061068702290077,0.026123320902277418,3.2208738275308737,opponent,98,99,False
111,8889,1507.0,18.0,0.1663171835338263,0.024363036730470772,3.26257368013392,opponent,45,129,False
10879,109,1447.0,23.0,0.04643178025927352,0.022909344225958646,3.223531636404395,opponent,26,42,False
10879,12908,188.0,6.0,0.007556270096463023,0.003233740991107212,1.4190841839428814,opponent,26,55,False
10879,45,1452.0,22.0,0.04341456121991329,0.0212784665435681,3.2268439945173775,opponent,26,98,False
10879,110,2949.0,40.0,0.08817461503961728,0.034330217343220684,3.9150185144079446,opponent,26,44,False
10879,13275,804.0,11.0,0.052870388636811996,0.01680321016552416,2.667228206581955,opponent,26,58,False
109,39,965.0,11.0,0.03755740639838095,0.017265131590717978,2.8381033293504077,opponent,42,92,False
116,39,972.0,12.0,0.037829843543239663,0.019088016967126194,2.8449093838194073,opponent,47,92,False
121,39,1299.0,17.0,0.05055655016735425,0.02048508168800858,3.120159851929043,opponent,51,92,False
12908,39,101.0,3.0,0.004059485530546624,0.0020010698789451786,0.9870598027623623,opponent,55,92,False
39,51,2454.0,26.0,0.09550867906904335,0.03887278429881671,3.735285826928092,opponent,92,102,False
12668,39,629.0,8.0,0.034832207331930445,0.014586183707070472,2.440896708791558,opponent,54,92,False
109,113,178.0,3.0,0.016297381431972166,0.004247399064617734,1.377926111449374,opponent,42,46,False
113,116,728.0,6.0,0.06665445889031313,0.02000329724679892,2.5751535276357784,opponent,46,47,False
113,121,523.0,6.0,0.04788500274674968,0.010583616642383034,2.2738426241283918,opponent,46,51,False
113,12668,178.0,3.0,0.016297381431972166,0.006180126380112492,1.377926111449374,opponent,46,54,False
113,51,522.0,7.0,0.04779344442409815,0.010380003579311578,2.272125885509337,opponent,46,102,False
110,113,1152.0,12.0,0.10547518769456143,0.01767548906789413,3.005682604407159,opponent,44,46,False
113,13275,545.0,6.0,0.04989928584508332,0.021302376485303316,2.310883895808741,opponent,46,58,False
109,48,501.0,6.0,0.06875257307533965,0.013201581027667985,2.2353763433005955,opponent,42,100,False
110,48,1119.0,15.0,0.15356113627006998,0.018173550095009178,2.9780773383152703,opponent,44,100,False
12668,48,539.0,7.0,0.07396733909702209,0.021728614044989117,2.3009170358933484,opponent,54,100,False
13275,48,217.0,3.0,0.029779058597502402,0.009740988463437626,1.529672943965238,opponent,58,100,False
48,51,1215.0,13.0,0.1667352820090572,0.0264354561476034,3.056356895370426,opponent,100,102,False
111,48,414.0,6.0,0.05681350349938246,0.025982176477971634,2.066862759472976,opponent,45,100,False
12908,48,186.0,3.0,0.025524907369287773,0.005815953222225697,1.410986973710262,opponent,55,100,False
121,48,587.0,8.0,0.08055441196651571,0.012839862633156156,2.3780017322788,opponent,51,100,False
109,47,1394.0,20.0,0.06821295752593462,0.02776560570449747,3.187729095871364,opponent,42,99,False
116,47,1747.0,23.0,0.08548639655509885,0.03891822049945421,3.405078728370128,opponent,47,99,False
10,10890,2807.0,30.0,0.07181967045338246,0.030625047732306315,3.866676903661269,opponent,1,37,False
10869,10890,1773.0,22.0,0.05323365159430733,0.025107268787968904,3.4193646856176043,opponent,16,37,False
13777,5,948.0,15.0,0.06399783973536759,0.01692615340665619,2.8213788864092133,opponent,61,101,False
10869,86,893.0,13.0,0.02681198582837927,0.013032881390563201,2.7652703414321014,opponent,16,125,False
5,79,2766.0,38.0,0.06563367581804808,0.030541262725526135,3.8522730010223722,opponent,101,120,False
10863,86,1414.0,19.0,0.129014598540146,0.030973451327433628,3.2013905105271814,opponent,11,125,False
106,5,2987.0,39.0,0.07398875430383196,0.03755957096332063,3.9275682167636083,opponent,5,101,False
10890,13400,1709.0,22.0,0.14560790662009032,0.03479801270565239,3.3838251319376846,opponent,37,60,False
13400,86,824.0,13.0,0.07020533356053506,0.017524830387715604,2.690112500415543,opponent,60,125,False
10,86,1108.0,14.0,0.03068742037334515,0.012259620704153667,2.9687036011660717,opponent,1,125,False
10863,10890,644.0,7.0,0.05875912408759124,0.013036437246963562,2.4624337939359418,opponent,11,37,False
13777,4,419.0,8.0,0.028285965030716263,0.012733627108342197,2.0773560351888145,opponent,61,93,False
4,79,807.0,12.0,0.04359569985414078,0.01171381707865821,2.670694414558441,opponent,93,120,False
10,101,499.0,6.0,0.08351464435146444,0.008199684501117391,2.2318049109329983,opponent,1,2,False
101,10869,3.0,1.0,0.0005020920502092051,7.637863435001782e-05,0.04879016416943201,opponent,2,16,False
101,7,89.0,3.0,0.09528907922912205,0.013049853372434018,0.9096017437233584,opponent,2,113,False
10890,7,3.0,1.0,0.0032119914346895075,7.49718855429214e-05,0.04879016416943201,opponent,37,113,False
7,77,267.0,7.0,0.28586723768736616,0.007737112057724072,1.6956156086751528,opponent,113,118,False
7,79,3.0,1.0,0.0032119914346895075,5.755947812739831e-05,0.04879016416943201,opponent,113,120,False
7,89,27.0,2.0,0.028907922912205567,0.00039567976317833435,0.37156355643248307,opponent,113,130,False
106,7,200.0,5.0,0.21413276231263384,0.004865588127964968,1.4663370687934272,opponent,5,113,False
13777,7,178.0,4.0,0.1905781584582441,0.011432975785214208,1.377926111449374,opponent,61,113,False
7,86,154.0,3.0,0.16488222698072805,0.004175025755029009,1.2716314527997508,opponent,113,125,False
7,99,154.0,3.0,0.16488222698072805,0.00541871921182266,1.2716314527997508,opponent,113,136,False
106,4,674.0,10.0,0.03641078277780779,0.011579164376030786,2.5041644663924147,opponent,5,93,False
103,7,24.0,1.0,0.02569593147751606,0.0003987505815112647,0.33647223662121295,opponent,3,113,False
10,91,572.0,7.0,0.05141573033707865,0.008675473586822987,2.354544831924757,opponent,1,133,False
13400,91,59.0,1.0,0.005303370786516854,0.002587378853659606,0.6847789308894286,opponent,60,133,False
4,83,311.0,5.0,0.037411283531817635,0.01173009467053898,1.8218575003853346,opponent,93,123,False
4,91,145.0,3.0,0.01303370786516854,0.00491675426401275,1.2286654169163074,opponent,93,133,False
7,83,86.0,2.0,0.09207708779443255,0.009387621438707564,0.8892620594862357,opponent,113,123,False
7,91,86.0,2.0,0.09207708779443255,0.007182828029733567,0.8892620594862357,opponent,113,133,False
10,97,241.0,2.0,0.1300593631948192,0.004228663672094329,1.612765702526775,opponent,1,135,False
7,97,64.0,1.0,0.06852248394004283,0.023503488799118618,0.7259370033829362,opponent,113,135,False
10885,116,2410.0,21.0,0.09198473282442748,0.03130845977967159,3.717628867399922,opponent,32,47,False
10887,116,2663.0,23.0,0.1016412213740458,0.028322555943163446,3.815144930451659,opponent,34,47,False
10888,116,1866.0,17.0,0.07122137404580153,0.03205359443442412,3.4688560301359703,opponent,35,47,False
116,75,1828.0,16.0,0.06977099236641221,0.021651584782299713,3.4489287844833454,opponent,47,116,False
116,76,3203.0,28.0,0.12225190839694657,0.03766064268833261,3.99605773437122,opponent,47,117,False
13275,75,762.0,7.0,0.050108502663247186,0.010228050630192883,2.617395832834079,opponent,58,116,False
51,75,2642.0,27.0,0.06623379879164681,0.027152297462565388,3.8074029562980436,opponent,102,116,False
10862,116,1422.0,15.0,0.054274809160305346,0.017643555511439774,3.2068032436339315,opponent,10,47,False
10862,111,649.0,7.0,0.07162564838318067,0.01010431262649852,2.4695109643100266,opponent,10,45,False
10887,111,452.0,4.0,0.04988411875068977,0.005714574694042683,2.1439800628174073,opponent,34,45,False
111,76,718.0,7.0,0.07924070190928154,0.01019958803892322,2.562381961956291,opponent,45,117,False
111,87,222.0,2.0,0.024500606997020197,0.00501819661384751,1.547562508716013,opponent,45,127,False
111,88,390.0,4.0,0.043041606886657105,0.008169763495820851,2.0149030205422647,opponent,45,128,False
10888,111,392.0,4.0,0.04326233307581945,0.009212690951821386,2.0193376176101303,opponent,35,45,False
116,87,1371.0,14.0,0.05232824427480916,0.022763120755782098,3.1717842173343502,opponent,47,127,False
116,88,1629.0,17.0,0.06217557251908397,0.025598315445416974,3.3375473545856993,opponent,47,128,False
10862,10891,651.0,7.0,0.03648489603766183,0.008916586768935763,2.47232786758114,opponent,10,38,False
10885,111,294.0,3.0,0.032446749806864586,0.004745532903975594,1.7749523509116738,opponent,32,45,False
111,75,385.0,4.0,0.04248979141375124,0.005601466565791771,2.0037297199441397,opponent,45,116,False
110,78,470.0,6.0,0.057896033505789604,0.00745404659572106,2.178532444324067,opponent,44,119,False
111,78,202.0,2.0,0.024882976102488297,0.011898450845261236,1.4739999415389962,opponent,45,119,False
121,78,323.0,4.0,0.03978812515397881,0.006899940186277023,1.8536904269585455,opponent,51,119,False
12668,78,348.0,5.0,0.04286770140428677,0.013473749419234939,1.916922612182061,opponent,54,119,False
12908,78,328.0,3.0,0.04040404040404041,0.010039791857973676,1.8666607774011728,opponent,55,119,False
116,78,350.0,3.0,0.043114067504311404,0.010303815355628828,1.9218125974762528,opponent,47,119,False
13275,78,225.0,3.0,0.02771618625277162,0.00974025974025974,1.55814461804655,opponent,58,119,False
51,78,510.0,6.0,0.06282335550628233,0.010737520264437753,2.2512917986064953,opponent,102,119,False
109,78,198.0,3.0,0.024390243902439025,0.005066011667178385,1.4586150226995167,opponent,42,119,False
10886,10891,57.0,1.0,0.11561866125760649,0.003118332512719514,0.6678293725756554,opponent,33,38,False
10891,80,57.0,1.0,0.009631632308212235,0.002404657441781978,0.6678293725756554,opponent,38,121,False
10891,84,57.0,1.0,0.036007580543272265,0.002942846817078837,0.6678293725756554,opponent,38,124,False
10886,110,57.0,1.0,0.11561866125760649,0.0010207553589656345,0.6678293725756554,opponent,33,44,False
110,84,57.0,1.0,0.036007580543272265,0.0010012119934657744,0.6678293725756554,opponent,44,124,False
10886,111,57.0,1.0,0.11561866125760649,0.006001895335369064,0.6678293725756554,opponent,33,45,False
111,80,57.0,1.0,0.009631632308212235,0.0038198632891033374,0.6678293725756554,opponent,45,121,False
111,84,57.0,1.0,0.036007580543272265,0.005383961462170587,0.6678293725756554,opponent,45,124,False
10886,116,57.0,1.0,0.11561866125760649,0.002139960955098363,0.6678293725756554,opponent,33,47,False
116,80,57.0,1.0,0.009631632308212235,0.0017778609525591841,0.6678293725756554,opponent,47,121,False
116,84,57.0,1.0,0.036007580543272265,0.002055832070980307,0.6678293725756554,opponent,47,124,False
10886,12668,57.0,1.0,0.11561866125760649,0.003082080674813453,0.6678293725756554,opponent,33,54,False
12668,84,57.0,1.0,0.036007580543272265,0.0029105392156862746,0.6678293725756554,opponent,54,124,False
1,54,7622.0,81.0,0.12345519039828957,0.06078149920255183,4.852290646683749,opponent,0,103,False
1,62,2138.0,22.0,0.061827646038172354,0.022700969409965917,3.600958572741466,opponent,0,110,False
1,68,7782.0,82.0,0.12604674516917994,0.06685739323178433,4.872904620630176,opponent,0,112,False
10861,13400,1207.0,13.0,0.10283718156257987,0.02485482476010049,3.0500626180990382,opponent,9,60,False
13400,54,2443.0,35.0,0.20814518190338246,0.030318825471288332,3.7309007292096736,opponent,60,103,False
13400,57,1956.0,31.0,0.16665246655874585,0.028307621059943847,3.5145260669691587,opponent,60,106,False
13400,62,1426.0,17.0,0.12149612337053761,0.031765832794992316,3.2094986630556037,opponent,60,110,False
13400,68,2545.0,37.0,0.21683564795092442,0.03552881393790485,3.7708433919653666,opponent,60,112,False
10860,13400,1711.0,36.0,0.14577830791514015,0.034569148398828166,3.384955075560733,opponent,8,60,False
13400,58,1766.0,31.0,0.1504643435290108,0.027414272186777194,3.415538498932813,opponent,60,107,False
12,13400,1180.0,23.0,0.10053676407940701,0.023281049620203217,3.028522096376982,opponent,50,60,False
10884,11,34.0,1.0,0.003891941391941392,0.0017488812303893832,0.4489502200479032,opponent,31,43,False
10884,13400,34.0,1.0,0.003891941391941392,0.0016634864719408972,0.4489502200479032,opponent,31,60,False
10860,7,37.0,1.0,0.03961456102783726,0.0009166129911311499,0.4803664162812822,opponent,8,113,False
103,32,2741.0,41.0,0.106869931378665,0.03335158483908256,3.8433872130380076,opponent,3,88,False
106,32,2764.0,41.0,0.1077666874610106,0.043696150501936606,3.851565036391032,opponent,5,88,False
10872,13906,4930.0,65.0,0.1355960173826943,0.05730559107288155,4.420846626523463,opponent,19,63,False
10874,13906,3339.0,49.0,0.09546546203110705,0.04910655195234944,4.036891987474015,opponent,21,63,False
10875,13906,1689.0,20.0,0.05260698934778546,0.025293897416697866,3.3724549127965013,opponent,22,63,False
13906,29,7820.0,101.0,0.2150833379173772,0.08165225744476465,4.877738620629824,opponent,63,85,False
13906,32,3120.0,53.0,0.12164691203992514,0.05298373127738342,3.970291913552122,opponent,63,88,False
32,79,2358.0,36.0,0.0919369931378665,0.03165993098725815,3.696351468952637,opponent,88,120,False
32,89,3335.0,54.0,0.1300296319401123,0.037203127963142686,4.0357144777706955,opponent,88,130,False
103,13029,2038.0,20.0,0.0734917601240489,0.023984653587694624,3.5543952267341417,opponent,3,57,False
10872,13777,2296.0,31.0,0.15499898737595355,0.03420789940255367,3.6703759825493765,opponent,19,61,False
13029,13777,1246.0,14.0,0.08411530412475528,0.030170952588503074,3.0803797476142756,opponent,57,61,False
13777,24,1225.0,13.0,0.08269763045973132,0.02830733679953784,3.0641694351072197,opponent,61,81,False
13777,29,2317.0,29.0,0.1564166610409775,0.02906057945566286,3.6792499051380934,opponent,61,85,False
13777,32,1653.0,23.0,0.111591169918315,0.04259431045145331,3.351656936102019,opponent,61,88,False
13029,13906,3404.0,37.0,0.12275071219934369,0.056092938947021505,4.0558347074602255,opponent,57,63,False
13906,24,2683.0,27.0,0.0903762589685721,0.0423439916669297,3.8224629287155025,opponent,63,81,False
13029,77,1208.0,15.0,0.04356135732573654,0.020011596123581547,3.0508515727750707,opponent,57,118,False
32,77,1719.0,25.0,0.0670227698066126,0.02975541361582801,3.3894621254437345,opponent,88,118,False
13029,89,2680.0,29.0,0.09664274638491219,0.029010294324590555,3.821368637160015,opponent,57,130,False
13029,79,2819.0,29.0,0.10165518733547294,0.037042877228945746,3.8708537283900752,opponent,57,120,False
106,13029,1122.0,16.0,0.04046013486711622,0.016751269035532996,2.9806186357439426,opponent,5,57,False
106,28,1942.0,20.0,0.08816052297076449,0.032122004069007726,3.5075573976530654,opponent,5,84,False
10875,13777,648.0,8.0,0.04374535880645379,0.014004452032590608,2.468099531471619,opponent,22,61,False
13777,28,664.0,8.0,0.04482549112266253,0.018354202946623547,2.4904468301636156,opponent,61,84,False
28,77,719.0,10.0,0.032640276012347924,0.013036934960381498,2.5636664836486474,opponent,84,118,False
13029,86,1637.0,23.0,0.0590314088925751,0.026318327974276527,3.3422727030121258,opponent,57,125,False
28,86,590.0,8.0,0.026784092972580352,0.01025302377311275,2.3826278006675823,opponent,84,125,False
13906,28,2614.0,29.0,0.118667150898856,0.04686939682995051,3.796986195439788,opponent,63,84,False
13906,23,393.0,6.0,0.07760663507109004,0.009578590752882107,2.0215475632609334,opponent,63,80,False
23,86,214.0,3.0,0.04225908372827804,0.005225119640589902,1.5187835441659696,opponent,80,125,False
13029,99,1630.0,22.0,0.05897250361794501,0.030330660017491302,3.3381392456950185,opponent,57,136,False
32,86,1702.0,31.0,0.06635995009357455,0.02834210351029108,3.379860244274024,opponent,88,125,False
13777,22,1115.0,13.0,0.07527172078579626,0.02989115865101067,2.9746788643561586,opponent,61,79,False
13906,22,2557.0,29.0,0.10832909676326047,0.04454315826147548,3.7754393403080453,opponent,63,79,False
10873,13906,362.0,4.0,0.04333772297378188,0.008162529031094275,1.9506607518139112,opponent,20,63,False
10873,77,310.0,5.0,0.03711241470130492,0.0074012176196729135,1.8191584434161694,opponent,20,118,False
23,79,239.0,4.0,0.04719589257503949,0.004266790445245831,1.6060990111685858,opponent,80,120,False
32,99,1039.0,19.0,0.04050998128509046,0.019885548048766483,2.9078113921815207,opponent,88,136,False
13777,23,21.0,1.0,0.004146919431279621,0.001057614826752619,0.30010459245033805,opponent,61,80,False
10874,13777,872.0,15.0,0.05886721123337609,0.017826113621031543,2.7429882524634905,opponent,21,61,False
10872,95,140.0,5.0,0.040983606557377046,0.0024188810947164724,1.2039728043259361,opponent,19,134,False
10874,95,157.0,6.0,0.04596018735362998,0.004106185432195633,1.2855527913183589,opponent,21,134,False
23,95,240.0,6.0,0.0702576112412178,0.02912621359223301,1.6094379124341003,opponent,80,134,False
101,10871,89.0,3.0,0.07555178268251274,0.012599093997734994,0.9096017437233584,opponent,2,18,False
101,10873,192.0,5.0,0.032133891213389124,0.013582342954159592,1.4350845252893227,opponent,2,20,False
10871,77,60.0,1.0,0.050933786078098474,0.0017162471395881006,0.6931471805599453,opponent,18,118,False
10871,86,60.0,1.0,0.050933786078098474,0.0016118633139909735,0.6931471805599453,opponent,18,125,False
10873,86,60.0,1.0,0.007183048006704178,0.0013513817878781054,0.6931471805599453,opponent,20,125,False
10871,89,75.0,2.0,0.0636672325976231,0.0010959624742448819,0.8109302162163288,opponent,18,130,False
10871,95,89.0,3.0,0.07555178268251274,0.019755826859045506,0.9096017437233584,opponent,18,134,False
10873,95,192.0,5.0,0.05620608899297424,0.016584607411246437,1.4350845252893227,opponent,20,134,False
10871,91,29.0,2.0,0.02461799660441426,0.00236271794036174,0.39429180751003917,opponent,18,133,False
10871,97,29.0,2.0,0.02461799660441426,0.009660226515656229,0.39429180751003917,opponent,18,135,False
10871,83,14.0,1.0,0.011884550084889643,0.0014772607365199958,0.20972053098206908,opponent,18,123,False
10873,83,477.0,8.0,0.05738000721761097,0.0294644511705479,2.191653532286764,opponent,20,123,False
1,104,3693.0,44.0,0.13430556060661164,0.04317127058906047,4.13596623691292,opponent,0,4,False
10,104,2100.0,29.0,0.0763719678510383,0.02599749928816371,3.58351893845611,opponent,1,4,False
104,10869,2560.0,37.0,0.09310106557078954,0.04395377985337294,3.7765850345330416,opponent,4,16,False
104,13400,1077.0,14.0,0.09176109738434012,0.02822548942526928,2.9418039315284354,opponent,4,60,False
10877,13400,2181.0,25.0,0.18582261225185312,0.02608383663218322,3.6203329115788265,opponent,24,60,False
13400,39,373.0,2.0,0.0317798415267956,0.01006530303848022,1.9763931657803893,opponent,60,92,False
13400,40,2005.0,20.0,0.17082729828746698,0.02790846579994989,3.5385409431730324,opponent,60,94,False
13400,8889,2221.0,25.0,0.18923063815284996,0.0348020934532577,3.638024660062287,opponent,60,129,False
104,14,2433.0,31.0,0.08848237989598866,0.029459485639560228,3.7268975213014572,opponent,4,65,False
104,10865,583.0,15.0,0.021202312979597775,0.009746882000869362,2.3718001620155187,opponent,4,13,False
13400,43,1682.0,21.0,0.14330748913691743,0.028392977717758273,3.3684445951903474,opponent,60,96,False
10880,13400,1298.0,16.0,0.1105904404873477,0.020993384981157708,3.119423745896541,opponent,27,60,False
10879,13400,717.0,14.0,0.06108886427536849,0.016125042167997303,2.5610957881455465,opponent,26,60,False
4,43,1605.0,28.0,0.08670520231213873,0.02428469837042865,3.3232358401924436,opponent,93,96,False
10863,10879,680.0,13.0,0.06204379562043796,0.015551743853630647,2.512305623976115,opponent,11,26,False
10863,43,778.0,17.0,0.07098540145985402,0.013104923610760186,2.6366735382599824,opponent,11,96,False
104,10863,604.0,12.0,0.05510948905109489,0.015956463160119408,2.403937587254333,opponent,4,11,False
104,4,583.0,12.0,0.03149478688347469,0.01283434232250963,2.3718001620155187,opponent,4,93,False
104,5,3175.0,47.0,0.11546714187002219,0.04776950274580606,3.9874396447129,opponent,4,101,False
10,47,948.0,15.0,0.04638872577803876,0.012662285622695946,2.8213788864092133,opponent,1,99,False
10863,47,229.0,4.0,0.020894160583941605,0.007347514999839574,1.5720821258903315,opponent,11,99,False
4,47,396.0,7.0,0.021392685430284695,0.010272107078934398,2.028148247292285,opponent,93,99,False
47,5,2006.0,24.0,0.09816010961049129,0.033117065359153416,3.539025087457483,opponent,99,101,False
113,4,296.0,4.0,0.02710126350485259,0.01015890448570546,1.7805861686299298,opponent,46,93,False
13400,47,152.0,3.0,0.012950498423788022,0.004746884856812717,1.2622417124499117,opponent,60,99,False
10864,10877,1954.0,21.0,0.14888753428832674,0.022926468690234545,3.513533511056407,opponent,12,24,False
10864,10879,909.0,15.0,0.0692624199939043,0.019908015768725362,2.7819200496686656,opponent,12,26,False
10864,10880,1170.0,16.0,0.08914964949710454,0.018470573377115433,3.0204248861443626,opponent,12,27,False
10864,43,1234.0,17.0,0.09402621152087778,0.02020466639377814,3.071148912838745,opponent,12,96,False
10864,8889,1347.0,16.0,0.1026363913441024,0.02038469105162003,3.1548704948922883,opponent,12,129,False
10864,48,245.0,7.0,0.03362151777137368,0.012149161955767132,1.6259672143853108,opponent,12,100,False
104,10864,603.0,11.0,0.045946357817738495,0.015068219301314408,2.402430427963762,opponent,4,12,False
1,48,429.0,11.0,0.05887196377109922,0.006253917809816756,2.0980179272527715,opponent,0,100,False
10864,47,289.0,4.0,0.022020725388601035,0.008686243274924108,1.7607273599803264,opponent,12,99,False
10864,40,1059.0,11.0,0.08069186223712282,0.014277047522750252,2.9258461460898246,opponent,12,94,False
14,47,1108.0,10.0,0.0542180465844588,0.014417321605163172,2.9687036011660717,opponent,65,99,False
104,2,80.0,2.0,0.012694382735639479,0.0023725496011150985,0.8472978603872036,opponent,4,77,False
2,43,22.0,1.0,0.003490955252300857,0.0003966465338501758,0.31237468504215243,opponent,77,96,False
2,48,80.0,2.0,0.012694382735639479,0.005921977940632171,0.8472978603872036,opponent,77,100,False
10863,39,58.0,1.0,0.005291970802919708,0.0015848726636790906,0.6763400622435641,opponent,11,92,False
10864,39,174.0,2.0,0.013258153002133496,0.004502639478314874,1.3609765531356006,opponent,12,92,False
10879,2,58.0,1.0,0.009203427483338623,0.001461362090251707,0.6763400622435641,opponent,26,77,False
13906,16,4074.0,45.0,0.11205236811705814,0.04601881869217996,4.232656178019613,opponent,63,75,False
13906,54,6676.0,83.0,0.18361846086143352,0.06612192343881543,4.720876993700062,opponent,63,103,False
13906,57,5281.0,62.0,0.1452500137521316,0.058422019160563755,4.48882361811767,opponent,63,106,False
13906,62,2011.0,25.0,0.058155002891845,0.029175794681329522,3.5414422991734833,opponent,63,110,False
13906,68,6540.0,83.0,0.1798778810715661,0.07088816146025277,4.700480365792417,opponent,63,112,False
13777,16,1989.0,24.0,0.13427394855869845,0.028797289666854884,3.530762586016799,opponent,61,75,False
13777,54,2680.0,29.0,0.18092216296496322,0.03212812889613503,3.821368637160015,opponent,61,103,False
13777,57,2183.0,24.0,0.14737055289272935,0.03034177936536617,3.6212249722981076,opponent,61,106,False
13777,62,944.0,11.0,0.0637278066563154,0.019484406282895415,2.817402738029574,opponent,61,110,False
13777,68,2826.0,31.0,0.19077837035036793,0.03797009149905276,3.8732821771117156,opponent,61,112,False
13777,58,1855.0,24.0,0.1252278404104503,0.027519805358573422,3.4631283393926457,opponent,61,107,False
13906,58,4836.0,65.0,0.13301061664558006,0.05625218099336978,4.401829261970061,opponent,63,107,False
10860,13777,607.0,8.0,0.04097751974616891,0.011308802980903587,2.408445483693523,opponent,8,61,False
10860,13906,1909.0,27.0,0.05250563837394796,0.025825915203333424,3.4909365164170247,opponent,8,63,False
12,13777,1350.0,18.0,0.09113616418011207,0.025190796962176486,3.1570004211501135,opponent,50,61,False
12,13906,3316.0,46.0,0.09120413664117938,0.04531911985786524,4.030102293493747,opponent,50,63,False
106,10884,175.0,2.0,0.020032051282051284,0.0035763917272950215,1.3652409519220583,opponent,5,31,False
10884,13906,245.0,3.0,0.028044871794871796,0.005462775089745591,1.6259672143853108,opponent,31,63,False
10884,79,148.0,2.0,0.01694139194139194,0.0024758686451310705,1.2431935174792172,opponent,31,120,False
1,10888,607.0,8.0,0.017915645937250965,0.006388599454811447,2.408445483693523,opponent,0,35,False
10,10888,419.0,5.0,0.012366813258168295,0.0047162378154476485,2.0773560351888145,opponent,1,35,False
10869,10888,1029.0,11.0,0.0308953341740227,0.015553674536715136,2.8986705607108596,opponent,16,35,False
10862,13400,527.0,7.0,0.044900741245633466,0.00786238586859223,2.280680257605996,opponent,10,60,False
10888,13400,700.0,9.0,0.05964045326744483,0.015583952980987578,2.538973871058276,opponent,35,60,False
13400,75,884.0,11.0,0.07531737241203033,0.012466682649593141,2.7557816039234,opponent,60,116,False
13400,87,192.0,3.0,0.01635852432478487,0.004089892427308553,1.4350845252893227,opponent,60,127,False
13400,88,192.0,3.0,0.01635852432478487,0.003793641698445002,1.4350845252893227,opponent,60,128,False
10888,14,965.0,11.0,0.028482040081461588,0.010670057496682884,2.8381033293504077,opponent,35,65,False
13400,76,994.0,12.0,0.08468944363977166,0.013654783982416374,2.866003166879207,opponent,60,117,False
10888,3,459.0,6.0,0.02241429827131556,0.008515769944341374,2.157559320943788,opponent,35,86,False
10863,10888,443.0,5.0,0.04041970802919708,0.009977926933645659,2.1262456078776384,opponent,11,35,False
10863,76,256.0,3.0,0.02335766423357664,0.0035186101489911486,1.6613976513648114,opponent,11,117,False
10862,13907,1460.0,17.0,0.05776916076445218,0.018334568195803144,3.2321210516182215,opponent,10,64,False
10888,13907,529.0,8.0,0.020931428797530963,0.009023454157782516,2.284081621429486,opponent,35,64,False
13907,76,1274.0,16.0,0.0504095279547343,0.014805173676075815,3.1015926642534684,opponent,64,117,False
13907,87,63.0,1.0,0.0024927788549044434,0.001039432436891602,0.7178397931503169,opponent,64,127,False
13907,88,449.0,6.0,0.017765995330985638,0.007027703866019722,2.138103454328422,opponent,64,128,False
10863,75,307.0,4.0,0.028010948905109488,0.004341738675416142,1.8110172858324696,opponent,11,116,False
13907,75,1374.0,18.0,0.05436631978791596,0.016365910309094157,3.173878458937465,opponent,64,116,False
10885,13400,795.0,8.0,0.06773451478231235,0.012397080838323353,2.6567569067146595,opponent,32,60,False
10887,13400,843.0,10.0,0.07182414586350856,0.010358683230729531,2.711377991194885,opponent,34,60,False
10885,13907,513.0,8.0,0.020298342104221895,0.00658147948579786,2.256541154492639,opponent,32,64,False
10887,13907,1131.0,15.0,0.044751315633284536,0.01195193862346638,2.9882040071331994,opponent,34,64,False
10865,10888,228.0,4.0,0.006930091185410334,0.0034258410590056044,1.5686159179138452,opponent,13,35,False
1,78,166.0,4.0,0.02044838630204484,0.0023819431490436356,1.3261904370501851,opponent,0,119,False
10,78,564.0,4.0,0.06947524020694752,0.008961769472781008,2.341805806147327,opponent,1,119,False
13400,78,48.0,2.0,0.005912786400591279,0.002423385671732216,0.5877866649021191,opponent,60,119,False
13907,78,1007.0,11.0,0.12404533136240453,0.03109560276679842,2.8782616890796526,opponent,64,119,False
14,78,925.0,15.0,0.11394432126139444,0.014292998748396867,2.798297078949988,opponent,65,119,False
10862,5,3848.0,49.0,0.0913081650570676,0.04088701879655308,4.176436450940573,opponent,10,101,False
10887,5,3832.0,41.0,0.09092850532710059,0.0352212356844795,4.172333881083795,opponent,34,101,False
5,75,3850.0,43.0,0.09135562252331349,0.039146305503868876,4.17694809075731,opponent,101,116,False
5,76,3269.0,34.0,0.07756922857888618,0.032390067970592316,4.016082675352925,opponent,101,117,False
5,78,1581.0,20.0,0.19475240206947525,0.032477403451109284,3.3087165288679903,opponent,101,119,False
10869,78,959.0,9.0,0.11813254496181326,0.02369949338934882,2.832232471000624,opponent,16,119,False
10865,78,1488.0,15.0,0.18329637841832963,0.03764229698962813,3.250374491927572,opponent,13,119,False
10863,78,1182.0,18.0,0.14560236511456023,0.06604827894501565,3.0301337002713233,opponent,11,119,False
5,88,2421.0,31.0,0.06197204730456151,0.030728029649185154,3.7220724214697003,opponent,101,128,False
10888,5,266.0,3.0,0.007851007939553142,0.0035111803373901107,1.692552819144607,opponent,35,101,False
10885,5,2747.0,29.0,0.06518282988871224,0.029670994361754986,3.845527014139782,opponent,32,101,False
10877,122,2258.0,26.0,0.11126441312703263,0.02451816059503773,3.654115461677596,opponent,24,52,False
10877,14037,1553.0,16.0,0.21814861637870486,0.01950392464678179,3.2915065159031083,opponent,24,66,False
10880,122,2095.0,25.0,0.10323248250714497,0.030105332739369727,3.5812014403157475,opponent,27,52,False
10880,14037,2017.0,25.0,0.2833263098749824,0.03570417050201798,3.5443352616540116,opponent,27,66,False
111,39,813.0,7.0,0.08972519589449288,0.023952625066289552,2.6775909936175015,opponent,45,92,False
122,39,1238.0,10.0,0.06100325219276633,0.027664804469273743,3.0742353350419345,opponent,52,92,False
14037,39,1331.0,12.0,0.18696446130074448,0.04227812718378756,3.143433629701342,opponent,66,92,False
122,40,2263.0,29.0,0.11151079136690648,0.02823773099911406,3.6562701705483085,opponent,52,94,False
14037,40,1909.0,21.0,0.26815563983705576,0.028357100415923944,3.4909365164170247,opponent,66,94,False
122,8889,2483.0,30.0,0.12235143392135607,0.03443207188717707,3.746755203200019,opponent,52,129,False
14037,8889,1767.0,19.0,0.24820901812052254,0.029620813357025513,3.416085994155906,opponent,66,129,False
122,43,1619.0,24.0,0.07977727407115404,0.023857942823460064,3.33160909485544,opponent,52,96,False
14037,43,1264.0,17.0,0.17755302711054924,0.022965116279069768,3.094068174274853,opponent,66,96,False
104,110,3024.0,37.0,0.10997563370549515,0.03785773304289041,3.9396381724611196,opponent,4,44,False
104,111,1610.0,20.0,0.177684582275687,0.0460684445461829,3.3262343431887,opponent,4,45,False
104,121,1838.0,20.0,0.06684365567152781,0.02841857876182819,3.4542114169477727,opponent,4,51,False
104,12668,1456.0,19.0,0.08062908406246538,0.033016621692101865,3.2294860039802162,opponent,4,54,False
104,13275,713.0,8.0,0.04688630236075492,0.016979829010978543,2.555934486365321,opponent,4,58,False
104,109,730.0,10.0,0.026548350729170455,0.012601197976903558,2.5776883832389665,opponent,4,42,False
104,51,3286.0,38.0,0.11950394588500564,0.05126365054602184,4.021176319324669,opponent,4,102,False
104,122,1628.0,20.0,0.08022075490292697,0.03526633884279618,3.3369551129338015,opponent,4,52,False
104,14037,1707.0,21.0,0.23978086809945218,0.05187030903400286,3.3826939100975957,opponent,4,66,False
10879,122,991.0,11.0,0.04883216714299793,0.01878744217790248,2.8631528086548506,opponent,26,52,False
10879,14037,1292.0,14.0,0.18148616378704874,0.03289875738439601,3.114995694380809,opponent,26,66,False
122,47,1161.0,14.0,0.05720902729870898,0.029341150900957822,3.013080911888604,opponent,52,99,False
14037,47,1278.0,16.0,0.179519595448799,0.04863568900559424,3.104586678466073,opponent,66,99,False
104,45,2739.0,31.0,0.09961086663999709,0.04489943117551596,3.8426729272933526,opponent,4,98,False
122,48,837.0,9.0,0.11486208316179498,0.03129673945557882,2.7047112998366956,opponent,52,100,False
14037,48,435.0,7.0,0.06110408765276022,0.03113592441485935,2.1102132003465894,opponent,66,100,False
45,48,774.0,5.0,0.1062165500205846,0.018101875672388794,2.631888840136646,opponent,98,100,False
39,45,1607.0,18.0,0.06254378454113801,0.026635947755751507,3.3244363205286933,opponent,92,98,False
104,108,1276.0,12.0,0.15316288560797023,0.03692984487149803,3.1030907918744903,opponent,4,7,False
108,10880,1125.0,15.0,0.13503781058696435,0.019199262748310464,2.9831534913471307,opponent,7,27,False
108,39,852.0,8.0,0.102268635217861,0.025683537816899287,2.7212954278522306,opponent,7,92,False
13275,39,701.0,6.0,0.046097192082593545,0.01743781094527363,2.540288795639585,opponent,58,92,False
108,40,1260.0,14.0,0.15124234785740007,0.018213093190326823,3.091042453358316,opponent,7,94,False
108,48,744.0,8.0,0.1020996294771511,0.0500201694231545,2.5952547069568657,opponent,7,100,False
104,116,1977.0,23.0,0.07545801526717558,0.03822505800464037,3.5248888540047054,opponent,4,47,False
116,48,701.0,7.0,0.09619871003156306,0.021381077289086805,2.540288795639585,opponent,47,100,False
108,47,576.0,7.0,0.06913935902052575,0.020432052782803023,2.3608540011180215,opponent,7,99,False
104,10891,1574.0,21.0,0.08821386538138205,0.035963990312114426,3.3044417131978476,opponent,4,38,False
10879,10891,2157.0,25.0,0.12088774309252928,0.04390303474384808,3.609565647394211,opponent,26,38,False
10880,10891,2416.0,28.0,0.13540323936557755,0.036158462666686625,3.720055071582386,opponent,27,38,False
10891,39,2246.0,24.0,0.12587569354929104,0.054394420091545374,3.6489251386069035,opponent,38,92,False
10891,47,1421.0,19.0,0.0796390741467242,0.038553366975961796,3.206128252045698,opponent,38,99,False
10891,113,1341.0,13.0,0.12277971067570043,0.0488987747957993,3.150596984114906,opponent,38,46,False
113,14037,553.0,4.0,0.0776794493608653,0.03162168344007319,2.3240203737141107,opponent,46,66,False
10891,38,702.0,8.0,0.21138211382113822,0.03430749682337993,2.5416019934645457,opponent,38,91,False
116,38,1106.0,12.0,0.333032219211081,0.03892310399436917,2.966989804688337,opponent,47,91,False
121,38,768.0,11.0,0.23125564588979222,0.0184748616790955,2.624668592163159,opponent,51,91,False
13275,38,295.0,2.0,0.08882866606443843,0.016179454834640488,1.777773227253315,opponent,58,91,False
14037,38,582.0,7.0,0.17524841915085818,0.05903834449178332,2.3702437414678603,opponent,66,91,False
10891,44,1785.0,19.0,0.10003923107100823,0.05100437180329743,3.4258899942525267,opponent,38,97,False
14037,44,638.0,8.0,0.08961932855738165,0.025098347757671124,2.4538745405402715,opponent,66,97,False
108,10879,850.0,9.0,0.10202856799903973,0.0207691931779309,2.719100037288795,opponent,7,26,False
108,113,582.0,3.0,0.06985956067698956,0.031171335225751166,2.3702437414678603,opponent,7,46,False
108,35,326.0,2.0,0.2473444613050076,0.034967285208623834,1.8614928072427301,opponent,7,90,False
10891,35,231.0,1.0,0.17526555386949924,0.01220285261489699,1.5789787049493917,opponent,38,90,False
116,35,326.0,2.0,0.2473444613050076,0.011988820241247426,1.8614928072427301,opponent,47,90,False
13275,35,231.0,1.0,0.17526555386949924,0.014176997667853198,1.5789787049493917,opponent,58,90,False
14037,35,231.0,1.0,0.17526555386949924,0.028150134048257374,1.5789787049493917,opponent,66,90,False
108,38,467.0,5.0,0.14062029509183982,0.041752346893160486,2.1728559863192616,opponent,7,91,False
108,44,1070.0,10.0,0.12843596206937943,0.04083969465648855,2.9356283494842854,opponent,7,97,False
10885,13777,1505.0,27.0,0.10159994599338419,0.02263362107859356,3.261296540752153,opponent,32,61,False
10885,13906,3685.0,48.0,0.10135320974751086,0.04291920474265948,4.133832333729219,opponent,32,63,False
10887,13777,1687.0,29.0,0.11388645109025855,0.020176288376209443,3.3713107479119557,opponent,34,61,False
10887,13906,3169.0,51.0,0.08716100995654326,0.03056637987576681,3.9855832085361746,opponent,34,63,False
10888,13777,1517.0,20.0,0.10241004523054074,0.03215549950187591,3.2689350247409377,opponent,35,61,False
10888,13906,1571.0,21.0,0.046368170951270625,0.02287819653987301,3.302604040398913,opponent,35,63,False
13777,75,1720.0,28.0,0.11611422399243908,0.02351365022078224,3.39002408106403,opponent,61,116,False
13906,75,4841.0,69.0,0.13314813796138403,0.052864927434942616,4.402849982687447,opponent,63,116,False
13777,76,1488.0,25.0,0.1004523054074124,0.019740769730819747,3.250374491927572,opponent,61,117,False
13906,76,4134.0,55.0,0.11370262390670553,0.04384997242140099,4.247065649239764,opponent,63,117,False
10862,13777,964.0,21.0,0.06507797205157632,0.013837254367203984,2.8371272433773522,opponent,10,61,False
10862,13906,3225.0,55.0,0.0887012486935475,0.03625591617857023,4.00277736869661,opponent,10,63,False
13777,78,243.0,5.0,0.02993348115299335,0.010710507757404796,1.6193882432872684,opponent,61,119,False
13906,78,158.0,3.0,0.019462921901946293,0.0035651428313552055,1.2901505005669882,opponent,63,119,False
13777,88,579.0,8.0,0.03908728819280362,0.010863039399624765,2.365559892155434,opponent,61,128,False
13906,88,2437.0,31.0,0.06702788932284504,0.03338950772055298,3.7285007280576727,opponent,63,128,False
13777,87,717.0,12.0,0.04840342942010396,0.014486019072248262,2.5610957881455465,opponent,61,127,False
13906,87,2344.0,36.0,0.06621468926553672,0.03376840406834356,3.6905447334329975,opponent,63,127,False
10877,13907,4021.0,47.0,0.1591025996122344,0.042188204929126755,4.219752773183705,opponent,24,64,False
10881,13907,3413.0,37.0,0.13504530526648992,0.04444473382644026,4.0584294905219735,opponent,28,64,False
1,38,446.0,2.0,0.1342968985245408,0.006902528863713746,2.132192107065365,opponent,0,91,False
10,38,446.0,2.0,0.1342968985245408,0.007655995193545618,2.132192107065365,opponent,1,91,False
10869,38,361.0,1.0,0.10870219813309244,0.009954227099762862,1.9482882714602807,opponent,16,91,False
13907,38,446.0,2.0,0.1342968985245408,0.01584482023589598,2.132192107065365,opponent,64,91,False
14,38,446.0,2.0,0.1342968985245408,0.007384228215698936,2.132192107065365,opponent,65,91,False
13907,40,2815.0,29.0,0.11138369010406363,0.03328682243874752,3.86946339100935,opponent,64,94,False
13907,8889,3457.0,38.0,0.13678629367308986,0.045416327281326364,4.071019070251881,opponent,64,129,False
10881,13400,266.0,3.0,0.022663372241629037,0.0040058431094980645,1.692552819144607,opponent,28,60,False
13400,38,85.0,1.0,0.025594700391448358,0.005676885059774261,0.8823891801984738,opponent,60,91,False
13907,43,2855.0,35.0,0.11296640683733629,0.0398726310350125,3.8832805365624923,opponent,64,96,False
13907,48,388.0,12.0,0.05324550569507342,0.01206017655103817,2.0104486701928845,opponent,64,100,False
104,13907,2304.0,29.0,0.09116448383650536,0.04565450005944596,3.673765816303888,opponent,4,64,False
13400,48,98.0,1.0,0.013448607108549471,0.005178061925393639,0.9682504708048661,opponent,60,100,False
13907,47,1392.0,13.0,0.06811509101585438,0.031410068371054,3.186352633162641,opponent,64,99,False
10879,13907,1288.0,17.0,0.050963478811379734,0.02242730280341285,3.1120327292501515,opponent,26,64,False
10885,14038,5322.0,47.0,0.1929799115236783,0.07054425916598181,4.49647076906475,opponent,32,67,False
10887,14038,7088.0,65.0,0.25701646239756326,0.07790980137837036,4.780243314057218,opponent,34,67,False
10888,14038,1906.0,19.0,0.06911306113568787,0.03200510469665676,3.489411738485011,opponent,35,67,False
10888,22,1731.0,17.0,0.07333502796136249,0.0310470997596585,3.396184839838611,opponent,35,79,False
14038,75,6580.0,64.0,0.23859598230473567,0.08118044760283268,4.706522680248379,opponent,67,116,False
14038,76,6191.0,55.0,0.2244905359344405,0.07419791704119177,4.646152167709712,opponent,67,117,False
10862,14038,5749.0,69.0,0.20846326782217708,0.07404020760621788,4.572819155770432,opponent,10,67,False
10862,32,4783.0,60.0,0.1864862757330006,0.06237366821850997,4.390945080181129,opponent,10,88,False
10885,32,2325.0,30.0,0.09065034310667498,0.0303885817354821,3.6826098411003407,opponent,32,88,False
10888,32,803.0,14.0,0.03130848409232689,0.01367367094642918,2.6660701288613273,opponent,35,88,False
32,75,3748.0,50.0,0.14613225202744853,0.045731856117916934,4.150514833689155,opponent,88,116,False
14038,88,3591.0,46.0,0.13021248821524403,0.05695208792603048,4.108411819433536,opponent,67,128,False
22,88,1449.0,17.0,0.06138790035587188,0.023668349095898465,3.224857896545748,opponent,79,128,False
32,88,3522.0,47.0,0.13732064878353087,0.05755654333899856,4.089332020398556,opponent,88,128,False
10887,32,3537.0,48.0,0.13790548970679975,0.03819736927363442,4.093510881473524,opponent,34,88,False
32,87,1810.0,20.0,0.07057080474111042,0.030554711502751613,3.439349147626532,opponent,88,127,False
32,76,2727.0,32.0,0.10632407985028072,0.03209254704435527,3.8383764652598478,opponent,88,117,False
14038,87,1506.0,19.0,0.05460874610196533,0.024498958875585633,3.261935314328648,opponent,67,127,False
22,80,360.0,5.0,0.06083136194660358,0.012344832316027708,1.9459101490553132,opponent,79,121,False
28,80,783.0,8.0,0.1323082122338628,0.028825976512167287,2.642622395779755,opponent,84,121,False
29,80,753.0,9.0,0.12723893207164583,0.01040069614221191,2.60638654732571,opponent,85,121,False
32,80,690.0,14.0,0.1165934437309902,0.022347454333462885,2.5257286443082556,opponent,88,121,False
10872,78,1994.0,29.0,0.2456270017245627,0.0328360175213253,3.5331998282664028,opponent,19,119,False
14038,78,1859.0,23.0,0.22899728997289973,0.05493985873452138,3.465214933785599,opponent,67,119,False
22,78,636.0,9.0,0.07834441980783444,0.020459370777842115,2.451005098112319,opponent,79,119,False
29,78,1758.0,22.0,0.21655580192165558,0.0238878169415985,3.4111477125153233,opponent,85,119,False
32,78,1532.0,26.0,0.18871643261887164,0.04752745548178942,3.2784018041822276,opponent,88,119,False
10874,78,1454.0,22.0,0.1791081547179108,0.034918347742555235,3.2281658717752935,opponent,21,119,False
10875,78,298.0,5.0,0.036708548903670854,0.007463808044883034,1.7861884241785997,opponent,22,119,False
103,14038,3577.0,44.0,0.12970483718906375,0.04295200470706901,4.104569882764888,opponent,3,67,False
103,14303,1938.0,17.0,0.1884847305971601,0.028659312058205908,3.505557396986398,opponent,3,68,False
106,14038,2482.0,28.0,0.08999927478424831,0.03791223058945729,3.7463618895272988,opponent,5,67,False
106,14303,1767.0,16.0,0.1718537249562342,0.03614531767786278,3.416085994155906,opponent,5,68,False
13906,14038,3901.0,53.0,0.141453332366379,0.06497876238860664,4.189907235399816,opponent,63,67,False
13906,14303,2007.0,19.0,0.19519548725928806,0.044966728653686734,3.539508997459668,opponent,63,68,False
14038,79,3100.0,36.0,0.11240844151134963,0.04096898251549553,3.963982744358857,opponent,67,120,False
14303,79,1536.0,13.0,0.14938727873954483,0.025627763410361225,3.2809112157876537,opponent,68,120,False
14038,89,3817.0,51.0,0.13840742620929727,0.041903151793261685,4.168472375448829,opponent,67,130,False
14303,89,2149.0,19.0,0.20900602995526163,0.028477532035567098,3.6059506411980164,opponent,68,130,False
13777,14038,1021.0,14.0,0.06892594342806994,0.024679719603577472,2.8912972554171077,opponent,61,67,False
13777,14303,1476.0,19.0,0.14355183816378136,0.062492061475930394,3.242592351485517,opponent,61,68,False
14038,77,1064.0,15.0,0.038581477989701934,0.017628736165418518,2.930304468231536,opponent,67,118,False
14303,77,1376.0,18.0,0.13382610387084226,0.03218864040422944,3.175272187386069,opponent,68,118,False
14038,99,1539.0,31.0,0.05580535209224744,0.028670429777007768,3.2827891506118534,opponent,67,136,False
14303,99,169.0,5.0,0.016436490955067107,0.004476465446454587,1.339377441332139,opponent,68,136,False
14038,83,705.0,10.0,0.08480692890653194,0.020036378104928098,2.545531271604435,opponent,67,123,False
32,83,468.0,7.0,0.05629736557199567,0.013973068999492431,2.174751721484161,opponent,88,123,False
14303,83,799.0,13.0,0.09611451942740286,0.0448977298269274,2.6614243597621545,opponent,68,123,False
10873,13777,556.0,7.0,0.06656291152879205,0.024590888987173817,2.328902401311419,opponent,20,61,False
101,14038,72.0,2.0,0.012050209205020921,0.002150473402825483,0.7884573603642702,opponent,2,67,False
101,14303,46.0,2.0,0.007698744769874477,0.002837579421380544,0.5690945318899665,opponent,2,68,False
14038,95,72.0,2.0,0.02107728337236534,0.0023284392988810556,0.7884573603642702,opponent,67,134,False
14303,95,46.0,2.0,0.013466042154566744,0.003369469674772927,0.5690945318899665,opponent,68,134,False
14038,97,29.0,1.0,0.015650296815974095,0.000986327460716958,0.39429180751003917,opponent,67,135,False
14303,97,46.0,2.0,0.0248246087425796,0.0038051120853668623,0.5690945318899665,opponent,68,135,False
28,83,146.0,3.0,0.017562853362203777,0.004835237622122868,1.2335316065674804,opponent,84,123,False
22,95,146.0,3.0,0.04274004683840749,0.005432760288754931,1.2335316065674804,opponent,79,134,False
28,95,146.0,3.0,0.04274004683840749,0.005771207210056131,1.2335316065674804,opponent,84,134,False
28,97,17.0,1.0,0.009174311926605505,0.0007123700972175662,0.24946085963158315,opponent,84,135,False
68,75,7680.0,78.0,0.12788064473158386,0.06688963210702341,4.859812404361672,opponent,112,116,False
103,14037,1005.0,13.0,0.14117151285292878,0.015368852459016393,2.8763855159214247,opponent,3,66,False
106,14037,955.0,12.0,0.1341480545020368,0.020522187600730633,2.828299329253787,opponent,5,66,False
109,13906,4602.0,61.0,0.1476703889102811,0.07314049586776859,4.3528552573736015,opponent,42,63,False
119,13906,1095.0,15.0,0.08435405592789462,0.022697122958295332,2.9575110607337933,opponent,49,63,False
121,13906,4091.0,52.0,0.11251994059079157,0.05739015767914259,4.236759985830938,opponent,51,63,False
13906,14037,940.0,15.0,0.1320410169967692,0.0220984084444131,2.8134107167600364,opponent,63,66,False
13906,51,2758.0,32.0,0.07585675779745861,0.037529426172624475,3.849438130236525,opponent,63,102,False
14037,79,725.0,11.0,0.1018401460879337,0.012590521508083983,2.571339155560308,opponent,66,120,False
14037,89,1377.0,21.0,0.1934260429835651,0.01884442741405737,3.175968323856924,opponent,66,130,False
109,13777,1554.0,26.0,0.10490785121177344,0.03498187875650001,3.292126286607793,opponent,42,61,False
119,13777,716.0,13.0,0.055157537940066254,0.02644213014255115,2.559807957961118,opponent,49,61,False
121,13777,1281.0,22.0,0.0864780935664619,0.024377247901958173,3.106826321059578,opponent,51,61,False
13777,14037,1353.0,23.0,0.19005478297513695,0.06574663491909227,3.159125820462427,opponent,61,66,False
13777,51,561.0,9.0,0.03787213933706879,0.010361832991632958,2.336986519711378,opponent,61,102,False
110,13777,694.0,14.0,0.046850739215553903,0.009982164432426213,2.5310478057858554,opponent,44,61,False
111,13777,1305.0,18.0,0.14402383842842953,0.05782267712348797,3.1245651453969594,opponent,45,61,False
110,13906,3706.0,49.0,0.10193079927388746,0.042086375870175,4.139424146994997,opponent,44,63,False
111,13906,1342.0,19.0,0.1481072729279329,0.03044671824307462,3.1513105053724346,opponent,45,63,False
111,77,1072.0,15.0,0.11830923739101644,0.025626927398340944,2.9373966965410276,opponent,45,118,False
51,77,480.0,7.0,0.01418355889131848,0.006552811565712413,2.1972245773362196,opponent,102,118,False
13777,45,473.0,8.0,0.03193141159792075,0.00935059800336068,2.184176861943744,opponent,61,98,False
13906,45,333.0,5.0,0.00918747413436336,0.00460772104607721,1.8794650496471605,opponent,63,98,False
14037,77,805.0,15.0,0.11307767944936087,0.020046817412092837,2.6683849447097785,opponent,66,118,False
103,116,1613.0,23.0,0.061564885496183205,0.019233291599594585,3.328029138764723,opponent,3,47,False
106,116,972.0,12.0,0.037099236641221375,0.014817299044192747,2.8449093838194073,opponent,5,47,False
116,13777,1245.0,21.0,0.08404779585499224,0.03130657815328908,3.079613757534693,opponent,47,61,False
116,77,746.0,13.0,0.02847328244274809,0.012580949811117107,2.5977391802845275,opponent,47,118,False
119,91,865.0,11.0,0.07775280898876405,0.037218708317198056,2.7354491752903245,opponent,49,133,False
14037,91,713.0,11.0,0.10015451608371963,0.04067081170497975,2.555934486365321,opponent,66,133,False
45,91,371.0,4.0,0.03334831460674157,0.007893784974148386,1.9717635278816472,opponent,98,133,False
13275,13777,63.0,1.0,0.004253020995071896,0.0021030143205260873,0.7178397931503169,opponent,58,61,False
109,83,578.0,7.0,0.06952965235173825,0.014858993804467981,2.3639937211226894,opponent,42,123,False
45,83,264.0,2.0,0.031757488271382174,0.005960175193028401,1.6863989535702288,opponent,98,123,False
109,91,1786.0,20.0,0.16053932584269662,0.04409549909883218,3.4264318528406967,opponent,42,133,False
116,13906,1471.0,24.0,0.05614503816793893,0.02408040990718156,3.239331833435583,opponent,47,63,False
14037,83,247.0,4.0,0.034695884253406375,0.016266052025024694,1.6325031853650964,opponent,66,123,False
119,83,162.0,3.0,0.019487549621075424,0.007666098807495741,1.308332819650179,opponent,49,123,False
10860,13907,3724.0,46.0,0.1473509278676849,0.061031171129830544,4.144192367949668,opponent,8,64,False
13907,54,4505.0,48.0,0.1782534720848336,0.04894026137684544,4.331829230806968,opponent,64,103,False
13907,57,4566.0,47.0,0.18066711510307443,0.05705788263520944,4.345103280569283,opponent,64,106,False
13907,58,3692.0,46.0,0.14608475448106675,0.048560417735337834,4.135699747904015,opponent,64,107,False
13907,68,5042.0,54.0,0.1995014442290191,0.06098873849354671,4.443043336479656,opponent,64,112,False
1,16,3516.0,45.0,0.06251222330873855,0.03071600796729217,4.087655574071304,opponent,0,75,False
13907,16,4037.0,52.0,0.15973568630554347,0.052103096242949884,4.2236657153247705,opponent,64,75,False
13907,62,1610.0,20.0,0.06370434851422467,0.027642806860910325,3.3262343431887,opponent,64,110,False
12,13907,2538.0,38.0,0.10042337672615044,0.04037351065014396,3.768152635008444,opponent,50,64,False
1,55,1357.0,19.0,0.20986699659758737,0.02029978458592628,3.1619526774685798,opponent,0,104,False
10,55,1606.0,23.0,0.24837612124961336,0.026660026560424967,3.323836260504687,opponent,1,104,False
10869,55,293.0,6.0,0.045313949891741416,0.007421667215481649,1.7721234947111961,opponent,16,104,False
13907,55,1917.0,27.0,0.29647386328487474,0.06428140299108041,3.4949912609485163,opponent,64,104,False
13400,16,717.0,12.0,0.06108886427536849,0.010659332490894225,2.5610957881455465,opponent,60,75,False
13400,55,465.0,9.0,0.07191463037426539,0.0262149058518435,2.169053700369523,opponent,60,104,False
10860,10863,126.0,3.0,0.011496350364963503,0.0025048207860366182,1.1314021114911006,opponent,8,11,False
5,55,1920.0,25.0,0.29693782864212803,0.041123176765405126,3.4965075614664802,opponent,101,104,False
14,55,462.0,8.0,0.07145066501701207,0.007272383830751794,2.1633230256605382,opponent,65,104,False
10860,3,1304.0,18.0,0.06367809356382459,0.022236243029858636,3.123832276181307,opponent,8,86,False
3,55,782.0,11.0,0.12094030312403341,0.029890681140585584,2.641435452020226,opponent,86,104,False
10861,14037,814.0,6.0,0.11434190195252142,0.01835938381036155,2.678735813433435,opponent,9,66,False
14037,54,907.0,8.0,0.1274055344851805,0.011703980901993677,2.779853933231194,opponent,66,103,False
14037,57,760.0,7.0,0.10675656693355809,0.011571959315427248,2.614959778036198,opponent,66,106,False
14037,62,513.0,4.0,0.07206068268015171,0.0124556888263002,2.256541154492639,opponent,66,110,False
14037,68,907.0,8.0,0.1274055344851805,0.013211559750626347,2.779853933231194,opponent,66,112,False
10860,111,735.0,6.0,0.08111687451716146,0.015378177633643686,2.583997552432231,opponent,8,45,False
111,58,735.0,6.0,0.08111687451716146,0.011708669194252397,2.583997552432231,opponent,45,107,False
10860,13399,556.0,7.0,0.0562753036437247,0.011395077162707766,2.328902401311419,opponent,8,59,False
13399,58,637.0,8.0,0.06447368421052632,0.010001413072490618,2.4524408485384233,opponent,59,107,False
10860,14037,1031.0,11.0,0.1448237111953926,0.022630989749105518,2.90050542361097,opponent,8,66,False
14037,58,1018.0,11.0,0.1429976120241607,0.01681282927876596,2.8885181892468417,opponent,66,107,False
111,12,359.0,3.0,0.03962035095464077,0.007352037681753021,1.943526357700037,opponent,45,50,False
111,55,359.0,3.0,0.055521187751314566,0.023668248945147678,1.943526357700037,opponent,45,104,False
12,14037,579.0,6.0,0.08133164770332912,0.01240678837747493,2.365559892155434,opponent,50,66,False
14037,55,404.0,4.0,0.06248066811011444,0.030650178286928155,2.0455399900041544,opponent,66,104,False
10860,51,497.0,6.0,0.012592160936431123,0.0063022279707333154,2.2282206777051834,opponent,8,102,False
51,58,1636.0,20.0,0.04101381333199629,0.017648137560544116,3.3416832541297476,opponent,102,107,False
121,55,611.0,7.0,0.09449427776059388,0.013616509181672313,2.414424574749581,opponent,51,104,False
108,55,901.0,10.0,0.13934426229508196,0.06483880253310305,2.7736298467481917,opponent,7,104,False
10884,13399,204.0,4.0,0.023351648351648352,0.011079730610471432,1.4816045409242156,opponent,31,59,False
10884,111,147.0,1.0,0.016826923076923076,0.008328611898016997,1.2383742310432684,opponent,31,45,False
10884,14037,412.0,5.0,0.05787329681134991,0.02667875412808392,2.0626344233634546,opponent,31,66,False
10891,54,911.0,9.0,0.05105643669786471,0.010327041886300516,2.7839819060692244,opponent,38,103,False
10891,57,950.0,11.0,0.05324216779689514,0.012465555701351529,2.8233610476132043,opponent,38,106,False
10891,68,317.0,6.0,0.01776607072801659,0.003964184778530876,1.83790062522591,opponent,38,112,False
10861,10891,1637.0,17.0,0.09174466177212352,0.03018179136398835,3.3422727030121258,opponent,9,38,False
10891,55,794.0,8.0,0.1227961645530467,0.03376568147990644,2.655586631566469,opponent,38,104,False
116,58,1849.0,26.0,0.07057251908396947,0.02346476478127895,3.459990261503647,opponent,47,107,False
110,64,146.0,2.0,0.07580477673935618,0.002553117076156335,1.2335316065674804,opponent,44,111,False
121,64,72.0,1.0,0.037383177570093455,0.0017616402828411343,0.7884573603642702,opponent,51,111,False
14037,64,265.0,4.0,0.1375908618899273,0.03018223234624146,1.6894806201076369,opponent,66,111,False
10860,13275,148.0,2.0,0.009732360097323601,0.0027142018779342724,1.2431935174792172,opponent,8,58,False
13275,58,235.0,4.0,0.015453409613993555,0.0033851915874387782,1.5926307941177191,opponent,58,107,False
13275,64,622.0,7.0,0.3229491173416407,0.037671855126885104,2.4306850956213615,opponent,58,111,False
13275,55,557.0,6.0,0.08614290133003402,0.026378101913241143,2.330524461683287,opponent,58,104,False
13275,56,482.0,5.0,0.2755860491709548,0.029258225081947312,2.2009214392175456,opponent,58,105,False
14037,56,45.0,1.0,0.025728987993138937,0.0051003060183611015,0.5596157879354227,opponent,66,105,False
123,64,262.0,3.0,0.1360332294911734,0.023151011752231155,1.6802069833223074,opponent,53,111,False
108,60,220.0,2.0,0.20109689213893966,0.023900054318305268,1.5404450409471488,opponent,7,109,False
116,60,478.0,4.0,0.4369287020109689,0.017825178997613364,2.1935139979396836,opponent,47,109,False
13275,60,387.0,3.0,0.3537477148080439,0.024318210380796783,2.0082140323914683,opponent,58,109,False
1,14038,3652.0,51.0,0.1324243962578867,0.04263117959493375,4.12498153168399,opponent,0,67,False
1,14303,2644.0,42.0,0.25714841470531025,0.03811061302737218,3.808142874940754,opponent,0,68,False
1,28,2234.0,31.0,0.10141637915380425,0.027399948487115647,3.643707735467215,opponent,0,84,False
10,14038,3225.0,47.0,0.11694103995938791,0.04044749350958825,4.00277736869661,opponent,1,67,False
10,14303,3527.0,53.0,0.34302664851196263,0.05676349883318581,4.0907269153101815,opponent,1,68,False
11,14038,2536.0,31.0,0.23614861718968247,0.0708756043710349,3.76738251560188,opponent,43,67,False
11,14303,2539.0,35.0,0.2469363936977242,0.13737690726111892,3.7685374724193896,opponent,43,68,False
11,22,1015.0,9.0,0.09451531799981376,0.030454872779644742,2.8857313783396625,opponent,43,79,False
11,28,1453.0,17.0,0.13530123847658068,0.04640097081177748,3.227505151566255,opponent,43,84,False
11,29,2780.0,37.0,0.2588695409255983,0.03697152660487013,3.8572147689331513,opponent,43,85,False
13907,14038,2330.0,32.0,0.09219324971313259,0.0461194354822747,3.6847040827034556,opponent,64,67,False
13907,14303,1818.0,26.0,0.17681384944563314,0.05388742330379109,3.4436180975461075,opponent,64,68,False
13907,22,721.0,9.0,0.030545670225385527,0.014972173768585431,2.5662305876175853,opponent,64,79,False
13907,28,1534.0,22.0,0.06963864172870891,0.033517600017479846,3.2796572971280598,opponent,64,84,False
13907,29,4310.0,58.0,0.1705377280101294,0.048867875324557525,4.288173725867535,opponent,64,85,False
14,14038,2462.0,34.0,0.08927405903256219,0.029791868344627298,3.738462954302764,opponent,65,67,False
14,14303,1567.0,23.0,0.15240225637035595,0.023656758103232235,3.300148544996937,opponent,65,68,False
14,28,1438.0,18.0,0.06528055202469585,0.01840899198607164,3.217541601855064,opponent,65,84,False
10865,14038,1180.0,21.0,0.04278772934948147,0.019899490707949677,3.028522096376982,opponent,13,67,False
10865,14303,1526.0,29.0,0.14841470531025092,0.03663337814480507,3.2746258399726926,opponent,13,68,False
10872,11,2301.0,38.0,0.2142657603128783,0.0365006345177665,3.6724959748634123,opponent,19,43,False
10872,13907,3929.0,56.0,0.15546235112570728,0.051734126879624996,4.196951289683306,opponent,19,64,False
14038,5,3223.0,51.0,0.1168685183842193,0.04846762308640861,4.002168355279492,opponent,67,101,False
14303,5,3310.0,52.0,0.32192180509628476,0.06739285350707523,4.028323461124307,opponent,68,101,False
14038,3,1755.0,32.0,0.08570172868444184,0.03790414893846785,3.4094961844768505,opponent,67,86,False
14303,3,1598.0,30.0,0.15541723400116708,0.054797339002811876,3.3190227734731397,opponent,68,86,False
28,3,617.0,14.0,0.03012989549760719,0.014729403900785408,2.423326710690174,opponent,84,86,False
1,32,2514.0,40.0,0.09801933873986275,0.029620727439821852,3.758871825933971,opponent,0,88,False
10874,13907,2036.0,29.0,0.08056028172357853,0.03497500558294539,3.553441483218832,opponent,21,64,False
13907,32,2542.0,42.0,0.1005816483994777,0.05254345893879576,3.76969109685035,opponent,64,88,False
32,5,2565.0,45.0,0.10000779787897691,0.039324809125195474,3.7784916128036232,opponent,88,101,False
1,10873,728.0,16.0,0.08715431581467736,0.010495357822501586,2.5751535276357784,opponent,0,20,False
10873,11,840.0,14.0,0.1005626720938585,0.04602235371466141,2.70805020110221,opponent,20,43,False
10874,11,2088.0,28.0,0.1944315113139026,0.047860270016274326,3.5779478934066544,opponent,21,43,False
11,32,952.0,15.0,0.08864884998603222,0.02686609284605616,2.8253392876253103,opponent,43,88,False
10873,13907,282.0,7.0,0.03376032563150964,0.008457293666026872,1.7404661748405046,opponent,20,64,False
10873,14,385.0,9.0,0.046091224709685144,0.005878580589995725,2.0037297199441397,opponent,20,65,False
10873,5,1366.0,22.0,0.16353405961929846,0.027803785874211277,3.1682840387521405,opponent,20,101,False
1,25,806.0,16.0,0.08454841078359383,0.011438140379757614,2.6695403463403347,opponent,0,82,False
11,25,293.0,7.0,0.03073534039651736,0.014665398668602033,1.7721234947111961,opponent,43,82,False
13907,25,159.0,6.0,0.016678904856813174,0.004589141917049095,1.2947271675944,opponent,64,82,False
25,5,646.0,16.0,0.0677646071540963,0.012659220066627473,2.4652706752711415,opponent,82,101,False
10873,3,447.0,11.0,0.053513707649946125,0.015748308906426155,2.1341664413690826,opponent,20,86,False
10,10873,1363.0,24.0,0.16317490721896324,0.02185345518678852,3.166178035867752,opponent,1,20,False
13,14303,1129.0,14.0,0.10980354016728262,0.05665964067048078,2.9865233344686812,opponent,56,68,False
13,28,1082.0,11.0,0.10043627587487236,0.034112046407516,2.946191827993855,opponent,56,84,False
13,32,849.0,15.0,0.07880813143971038,0.023867086472506467,2.7180005319553784,opponent,56,88,False
11,24,324.0,4.0,0.03017040692801937,0.00807939753628248,1.8562979903656263,opponent,43,81,False
13907,24,1365.0,12.0,0.054010208522929606,0.025468793730758468,3.1675825304806504,opponent,64,81,False
111,38,386.0,4.0,0.11623005118940079,0.03217739246415472,2.0059743897979634,opponent,45,91,False
122,38,699.0,9.0,0.2104787714543812,0.030502705533251875,2.5376572151735295,opponent,52,91,False
38,51,648.0,8.0,0.1951219512195122,0.015224848456369532,2.468099531471619,opponent,91,102,False
10877,119,631.0,9.0,0.048609506201371236,0.007302480065733893,2.4437952615455694,opponent,24,49,False
10880,119,898.0,14.0,0.06917802942762499,0.014147747861295353,2.77050321574876,opponent,27,49,False
119,38,373.0,6.0,0.11231556760012044,0.023416410320798543,1.9763931657803893,opponent,49,91,False
119,40,832.0,13.0,0.06409367537169709,0.011204029141248873,2.699121570357909,opponent,49,94,False
119,8889,791.0,12.0,0.060935213003620675,0.011896167960055345,2.6520675663512736,opponent,49,129,False
110,38,124.0,3.0,0.03733815115928937,0.0021159687382683186,1.120591195386885,opponent,44,91,False
119,43,755.0,12.0,0.05816192897311455,0.012294214391558516,2.608843551018762,opponent,49,96,False
108,10877,1876.0,20.0,0.22518305125435123,0.023300295600765086,3.4740347056144216,opponent,7,24,False
108,43,1824.0,18.0,0.2189413035649982,0.03275156216332687,3.4468078929142076,opponent,7,96,False
108,8889,2017.0,21.0,0.24210779018125075,0.03327504289296555,3.5443352616540116,opponent,7,129,False
10877,10891,1913.0,22.0,0.10721291262680042,0.021258153774350197,3.4929659438005145,opponent,24,38,False
10891,43,477.0,8.0,0.026733172672756822,0.00716743550059353,2.191653532286764,opponent,38,96,False
10891,48,807.0,10.0,0.11074516261836147,0.0331784730501994,2.670694414558441,opponent,38,100,False
119,44,421.0,7.0,0.032432016023418844,0.013365503666783072,2.0815227078836607,opponent,49,97,False
119,47,645.0,8.0,0.04968800554656806,0.019681435371658732,2.463853240590168,opponent,49,99,False
119,48,455.0,6.0,0.06243996157540826,0.02296472013324585,2.1498223384416355,opponent,49,100,False
122,44,522.0,8.0,0.027562173293204498,0.013484539278241326,2.272125885509337,opponent,52,97,False
104,119,534.0,8.0,0.041137046452507514,0.013368716202683758,2.2925347571405443,opponent,4,49,False
110,39,2355.0,28.0,0.09165563944889858,0.029907040536421823,3.6951100038645723,opponent,44,92,False
119,39,471.0,4.0,0.0362837993991218,0.012328551984085436,2.180417459019838,opponent,49,92,False
10891,40,1735.0,18.0,0.09723701171327692,0.02218159502927715,3.3984157387002787,opponent,38,94,False
10891,8889,805.0,10.0,0.0451157316594743,0.01128399215026633,2.6683849447097785,opponent,38,129,False
10879,119,475.0,5.0,0.03659194206917803,0.010337098213314182,2.187922184673906,opponent,26,49,False
10878,10891,475.0,4.0,0.4098360655737705,0.025638257677983483,2.187922184673906,opponent,25,38,False
10878,110,475.0,4.0,0.4098360655737705,0.00846868369912104,2.187922184673906,opponent,25,44,False
10878,119,357.0,3.0,0.3080241587575496,0.02590147282884713,1.9387416595767009,opponent,25,49,False
113,119,357.0,3.0,0.03268632118659586,0.015161810923299074,1.9387416595767009,opponent,46,49,False
10878,122,357.0,3.0,0.3080241587575496,0.0169226393629124,1.9387416595767009,opponent,25,52,False
113,122,357.0,3.0,0.03268632118659586,0.01156874817719304,1.9387416595767009,opponent,46,52,False
10878,14037,258.0,2.0,0.22260569456427956,0.03216957605985037,1.667706820558076,opponent,25,66,False
10878,123,99.0,1.0,0.08541846419327007,0.009241108933071968,0.9745596399981308,opponent,25,53,False
10879,123,351.0,4.0,0.036361752822956596,0.008211102533511124,1.9242486522741338,opponent,26,53,False
113,123,517.0,4.0,0.053558479229255156,0.025775251769867384,2.263497704285999,opponent,46,53,False
123,39,469.0,5.0,0.048585931834662796,0.013446871953667068,2.1766438696361985,opponent,53,92,False
123,48,468.0,4.0,0.06422396047756278,0.02841185041282176,2.174751721484161,opponent,53,100,False
1,13906,3207.0,41.0,0.08820617195665328,0.03379702813784382,3.9972828493789696,opponent,0,63,False
10,13906,2617.0,31.0,0.07197865669178723,0.02936457176198651,3.798107481298252,opponent,1,63,False
10865,13906,2506.0,26.0,0.07617021276595745,0.03754194630872483,3.755758982953481,opponent,13,63,False
11,13906,879.0,11.0,0.08185119657323774,0.019018564195767883,2.750470916986162,opponent,43,63,False
11,79,337.0,4.0,0.031380947946736196,0.005471578639736325,1.8895917184650897,opponent,43,120,False
103,13907,2862.0,38.0,0.113243382265659,0.035035316872528734,3.885679030088544,opponent,3,64,False
106,13907,1958.0,25.0,0.07747398409369682,0.030744590647866093,3.5155176386914535,opponent,5,64,False
13906,13907,3530.0,43.0,0.13967475171131247,0.06075626925526239,4.091562919260224,opponent,63,64,False
13907,79,2550.0,31.0,0.10089819174613224,0.034500487065699754,3.7727609380946383,opponent,64,120,False
13907,89,3627.0,45.0,0.14351283978949866,0.04076380147455494,4.118223836012044,opponent,64,130,False
103,13,1113.0,13.0,0.10331384015594541,0.016144941831790886,2.972975286431375,opponent,3,56,False
106,13,1548.0,21.0,0.14369256474519632,0.031212194531817082,3.288401887516811,opponent,5,56,False
13,13906,1742.0,18.0,0.16170054766545994,0.038379343012624204,3.4023078759461827,opponent,56,63,False
13907,77,1640.0,22.0,0.06489138606417916,0.028534145280556762,3.3440389678222067,opponent,64,118,False
107,13907,2817.0,35.0,0.11146282594072726,0.038448939480796,3.8701588013294472,opponent,6,64,False
1,91,1063.0,11.0,0.09555056179775281,0.014804807732482834,2.9294143925163425,opponent,0,133,False
13,91,839.0,10.0,0.07787988489742875,0.039840448264400016,2.7069384722495196,opponent,56,133,False
13907,91,1108.0,12.0,0.09959550561797753,0.031396996316236894,2.9687036011660717,opponent,64,133,False
13906,5,2700.0,37.0,0.0742615105341328,0.035619582855107454,3.828641396489095,opponent,63,101,False
5,91,1401.0,16.0,0.12593258426966292,0.0270113945283128,3.192531849528599,opponent,101,133,False
13907,83,483.0,7.0,0.058101768314687836,0.014590822584055826,2.2027647577118348,opponent,64,123,False
5,83,507.0,8.0,0.06098881270299531,0.010150353360427637,2.2460147415056513,opponent,101,123,False
103,10864,718.0,11.0,0.05470893020420604,0.010016182132693488,2.562381961956291,opponent,3,12,False
106,10864,1174.0,18.0,0.08945443462359037,0.02243840905181476,3.0236716422432326,opponent,5,12,False
10864,13906,847.0,19.0,0.06453825053337398,0.017415441554436105,2.715797887893036,opponent,12,63,False
10864,83,802.0,8.0,0.0964753999759413,0.03886600436152168,2.6649107084415924,opponent,12,123,False
10864,91,1249.0,12.0,0.11226966292134831,0.05430434782608696,3.0826742036877994,opponent,12,133,False
10864,79,721.0,18.0,0.054937519049070405,0.011337904138885394,2.5662305876175853,opponent,12,120,False
13906,3,1546.0,26.0,0.07549565387244848,0.02796165671911738,3.287157332284606,opponent,63,86,False
107,10864,1535.0,20.0,0.1169612922889363,0.024599753201173094,3.280284452996844,opponent,6,12,False
10864,77,862.0,15.0,0.06568119475769582,0.018696859274683324,2.732200661334493,opponent,12,118,False
10864,89,962.0,17.0,0.07330082291984151,0.012101846726714638,2.835172208541549,opponent,12,130,False
13,79,1048.0,12.0,0.09728023763111482,0.017204583511179695,2.9159673050851285,opponent,56,120,False
13,83,370.0,3.0,0.044508600986406834,0.01976918144902757,1.9694406464655074,opponent,56,123,False
101,10864,636.0,6.0,0.10644351464435146,0.034447272924226835,2.451005098112319,opponent,2,12,False
10864,95,403.0,4.0,0.11797423887587823,0.024973663010472828,2.0433824918641332,opponent,12,134,False
10864,97,201.0,2.0,0.1084727468969239,0.013603140227395777,1.4701758451005928,opponent,12,135,False
10864,99,668.0,9.0,0.05089911612313319,0.016660015961691938,2.495956485974585,opponent,12,136,False
2,83,716.0,6.0,0.11361472548397335,0.05151449744585941,2.559807957961118,opponent,77,123,False
101,3,49.0,2.0,0.008200836820083683,0.001855779427359491,0.597003320007043,opponent,2,86,False
3,95,49.0,2.0,0.014344262295081968,0.0020549381421681692,0.597003320007043,opponent,86,134,False
5,95,24.0,1.0,0.00702576112412178,0.0005270670912484902,0.33647223662121295,opponent,101,134,False
5,97,24.0,1.0,0.012951969778737183,0.0005458018739197671,0.33647223662121295,opponent,101,135,False
1,13399,1595.0,30.0,0.16143724696356276,0.02277790471838227,3.3172117255890625,opponent,0,59,False
10,13399,1897.0,34.0,0.19200404858299594,0.029938607704811958,3.4848234051739757,opponent,1,59,False
11,119,697.0,11.0,0.06490362231120216,0.03027407375233462,2.535018691215348,opponent,43,49,False
11,13399,1314.0,21.0,0.13299595141700404,0.06806526806526807,3.131136910560194,opponent,43,59,False
119,13,498.0,3.0,0.04622667780562517,0.021413828689370484,2.2300144001592104,opponent,49,56,False
13,13399,1073.0,12.0,0.10860323886639676,0.05480081716036772,2.9382796988059057,opponent,56,59,False
13,51,1398.0,13.0,0.12976886661097187,0.028377720038973694,3.190476350346503,opponent,56,102,False
13399,14,589.0,6.0,0.05961538461538462,0.00881538576666916,2.381088154481989,opponent,59,65,False
10864,119,691.0,17.0,0.05323164625221478,0.027189737939718267,2.527061089542034,opponent,12,49,False
10864,121,626.0,12.0,0.047698872295032,0.012151800446471902,2.4365330655037845,opponent,12,51,False
10864,122,594.0,16.0,0.045260591283145385,0.018096514745308313,2.388762789235098,opponent,12,52,False
10864,13399,1059.0,27.0,0.10718623481781377,0.04825700615174299,2.9258461460898246,opponent,12,59,False
10864,51,1551.0,29.0,0.11818043279487961,0.030138743150285648,3.2902658209548736,opponent,12,102,False
1,10891,3369.0,40.0,0.18881354032393655,0.04420505688005983,4.04567939024082,opponent,0,38,False
10864,10891,1630.0,25.0,0.1241999390429747,0.05556123666359887,3.3381392456950185,opponent,12,38,False
10891,11,1146.0,17.0,0.10671384672688332,0.041769937308645574,3.0007198150650303,opponent,38,43,False
1,14037,369.0,11.0,0.051833122629582805,0.0053877264962256715,1.9671123567059163,opponent,0,66,False
10,14037,447.0,12.0,0.06278971765697429,0.007203635660413847,2.1341664413690826,opponent,1,66,False
10864,110,1081.0,18.0,0.08236818043279488,0.016027161665282886,2.945315787639975,opponent,12,44,False
10864,14037,541.0,12.0,0.07599381935665121,0.027459141203938685,2.304250372313107,opponent,12,66,False
14,14037,76.0,1.0,0.010675656693355809,0.0011770718788235476,0.8183103235139513,opponent,65,66,False
10891,3,1487.0,20.0,0.08333800369892955,0.04037031003963729,3.2497282883509655,opponent,38,86,False
110,3,1643.0,21.0,0.0802324445746655,0.022130926724137932,3.3458021184405875,opponent,44,86,False
14037,3,215.0,4.0,0.03020087090883551,0.0078518734935359,1.5224265354444706,opponent,66,86,False
10864,45,1450.0,24.0,0.11048460835111247,0.030259396064191656,3.2255203675868693,opponent,12,98,False
10891,5,2494.0,26.0,0.13977470156363841,0.04337994851457594,3.751071474370384,opponent,38,101,False
122,5,749.0,18.0,0.03690746033310338,0.012141745558293348,2.601454354836391,opponent,52,101,False
14037,5,196.0,8.0,0.02753195673549656,0.0039946194921126645,1.4508328822574619,opponent,66,101,False
1,108,667.0,13.0,0.08006241747689354,0.00961053556762676,2.494581915311419,opponent,0,7,False
10,108,485.0,11.0,0.05821630056415796,0.007670894885015658,2.2064412324411435,opponent,1,7,False
108,10864,636.0,11.0,0.07634137558516385,0.030549017724194244,2.451005098112319,opponent,7,12,False
108,3,369.0,7.0,0.044292401872524305,0.012974683544303797,1.9671123567059163,opponent,7,86,False
108,5,547.0,10.0,0.06565838434761734,0.01095599575380055,2.3141842288373975,opponent,7,101,False
108,10863,203.0,2.0,0.0243668227103589,0.010634953897736797,1.4778094699556639,opponent,7,11,False
10863,14037,92.0,2.0,0.012923163365641241,0.00511480513704342,0.9295359586241757,opponent,11,66,False
108,11,316.0,4.0,0.037930620573760655,0.016849738722405888,1.8352445811677938,opponent,7,43,False
11,14037,354.0,8.0,0.049726085124315214,0.02022394881170018,1.9315214116032138,opponent,43,66,False
108,2,476.0,6.0,0.07553157727705491,0.03362294271385181,2.1897895988487015,opponent,7,77,False
10891,2,950.0,16.0,0.15074579498571883,0.040957102823884456,2.8233610476132043,opponent,38,77,False
110,2,801.0,11.0,0.1271025071405903,0.013151413653827208,2.66374994220563,opponent,44,77,False
14037,2,294.0,5.0,0.04665185655347509,0.022396587186714407,1.7749523509116738,opponent,66,77,False
108,4,395.0,7.0,0.04741327571720082,0.014935531440238969,2.02595285672885,opponent,7,93,False
10891,4,923.0,13.0,0.051728969343720226,0.026050633625920805,2.796264557925066,opponent,38,93,False
4,51,1605.0,20.0,0.08670520231213873,0.028259529888194385,3.3232358401924436,opponent,93,102,False
5,51,2559.0,31.0,0.06415302464338539,0.032199614963572536,3.776203282285611,opponent,101,102,False
10863,13399,224.0,5.0,0.022672064777327937,0.01086534730306558,1.5546296759391054,opponent,11,59,False
13399,3,72.0,1.0,0.0072874493927125505,0.0023773360628673314,0.7884573603642702,opponent,59,86,False
13399,4,675.0,13.0,0.06831983805668017,0.024354163659979795,2.505525936990736,opponent,59,93,False
13399,5,1192.0,26.0,0.12064777327935222,0.023450256733095944,3.0381529894379433,opponent,59,101,False
10864,116,845.0,14.0,0.06438585797013106,0.021960030146313574,2.7135903814778253,opponent,12,47,False
116,13,476.0,4.0,0.044184535412605586,0.01304216784941228,2.1897895988487015,opponent,47,56,False
116,5,1358.0,17.0,0.05183206106870229,0.020273195491527955,3.162658144869972,opponent,47,101,False
10891,13,830.0,8.0,0.07704446300937529,0.029871158137191392,2.6968769005040847,opponent,38,56,False
108,13,106.0,1.0,0.012723562597527308,0.00557953468786188,1.0176432261344426,opponent,7,56,False
13399,2,153.0,4.0,0.024278006981910506,0.009545199326221224,1.2669476034873244,opponent,59,77,False
108,10865,305.0,7.0,0.036610250870243666,0.007452475199139911,1.8055527913603908,opponent,7,13,False
10865,14037,343.0,10.0,0.048180924287118974,0.008645024700070572,1.9045919997245824,opponent,13,66,False
10864,13275,803.0,10.0,0.061185614142029866,0.029170299331589655,2.6660701288613273,opponent,12,58,False
11,13275,448.0,7.0,0.04171710587577987,0.017570005490626716,2.136136885356381,opponent,43,58,False
10865,13399,707.0,16.0,0.0715587044534413,0.01680412616167138,2.5481422391451556,opponent,13,59,False
119,5,739.0,16.0,0.05692935829288961,0.013588305598970304,2.589016383544174,opponent,49,101,False
121,2,222.0,4.0,0.035226912091399554,0.0049227221322926135,1.547562508716013,opponent,51,77,False
122,2,34.0,1.0,0.005395112662646779,0.0012800240945711919,0.4489502200479032,opponent,52,77,False
116,4,568.0,11.0,0.030684457889903302,0.01286727227419976,2.348195604246098,opponent,47,93,False
119,4,513.0,10.0,0.039519297434712275,0.016559604893637624,2.256541154492639,opponent,49,93,False
14037,4,78.0,2.0,0.010956595027391488,0.003052598622417032,0.832909122935104,opponent,66,93,False
10863,119,152.0,4.0,0.013868613138686132,0.0063895077556854005,1.2622417124499117,opponent,11,49,False
10863,14038,868.0,10.0,0.0791970802919708,0.023042208654101407,2.7386871705641,opponent,11,67,False
13,14038,720.0,8.0,0.06683375104427736,0.019133161489197737,2.5649493574615367,opponent,56,67,False
10863,14303,863.0,9.0,0.08393308694806458,0.04234751459836106,2.7332846722807513,opponent,11,68,False
10864,14038,1156.0,17.0,0.08808290155440414,0.029231780711070653,3.008977500304012,opponent,12,67,False
10864,14303,970.0,19.0,0.09433962264150944,0.04323408807274024,2.842969519001581,opponent,12,68,False
10864,22,329.0,7.0,0.02506857665345931,0.009038709854666337,1.8692347813963457,opponent,12,79,False
10864,29,1917.0,32.0,0.14606827186833282,0.024438750143419896,3.4949912609485163,opponent,12,85,False
14038,2,567.0,11.0,0.08997143763884481,0.017020382433284305,2.34660197841082,opponent,67,77,False
14303,2,586.0,13.0,0.09298635353855919,0.03662957869733717,2.3764549415605014,opponent,68,77,False
10863,10873,673.0,8.0,0.0805698551418652,0.03610515021459228,2.502801139664551,opponent,11,20,False
10864,10873,1020.0,15.0,0.12211181611397103,0.04986068338466051,2.8903717578961645,opponent,12,20,False
10865,10873,895.0,18.0,0.10714713276667066,0.022176520144704892,2.7673667782586295,opponent,13,20,False
10873,2,566.0,11.0,0.08981275785464932,0.04017318475406345,2.345005808877998,opponent,20,77,False
10864,32,860.0,15.0,0.06552880219445291,0.022684110571850602,2.7300291078209855,opponent,12,88,False
10873,13,572.0,11.0,0.0684783909972465,0.030828931766734936,2.354544831924757,opponent,20,56,False
10873,4,806.0,13.0,0.09649227822339279,0.030931000076751862,2.6695403463403347,opponent,20,93,False
14303,4,682.0,12.0,0.06632950787784478,0.024260965458361497,2.51500468094528,opponent,68,93,False
10,19,659.0,8.0,0.23876811594202899,0.01146465788695395,2.483516795498946,opponent,1,76,False
10863,19,758.0,12.0,0.2746376811594203,0.05847862984107391,2.6125177743806463,opponent,11,76,False
13,19,383.0,5.0,0.13876811594202898,0.029125475285171103,1.999225207823035,opponent,56,76,False
19,4,1010.0,14.0,0.36594202898550726,0.04984946448842604,2.8810693652338513,opponent,76,93,False
19,5,621.0,6.0,0.225,0.014023756831218101,2.4292177439274116,opponent,76,101,False
14038,4,451.0,8.0,0.02436389174004646,0.009882115780709059,2.1420250279816035,opponent,67,93,False
10864,19,835.0,12.0,0.302536231884058,0.05548541431324341,2.7024791560527546,opponent,12,76,False
19,2,789.0,13.0,0.2858695652173913,0.09537048229179258,2.649714624089247,opponent,76,77,False
10864,23,769.0,11.0,0.1518562401263823,0.0441471955910213,2.6258755929131943,opponent,12,80,False
2,23,732.0,11.0,0.14454976303317535,0.06883580966710551,2.580216829592325,opponent,77,80,False
23,4,482.0,9.0,0.09518167456556083,0.0208721257523925,2.2009214392175456,opponent,80,93,False
10865,19,542.0,7.0,0.1963768115942029,0.015433680733526967,2.3059128830867204,opponent,13,76,False
10865,23,407.0,5.0,0.08037124802527647,0.010836861304151024,2.0519846954467966,opponent,13,80,False
19,3,378.0,7.0,0.13695652173913042,0.01653543307086614,1.9878743481543455,opponent,76,86,False
23,3,311.0,4.0,0.06141390205371248,0.012326106773413658,1.8218575003853346,opponent,80,86,False
10,10871,157.0,3.0,0.133276740237691,0.0027836385879682984,1.2855527913183589,opponent,1,18,False
10863,10871,359.0,3.0,0.30475382003395585,0.030477969267340182,1.943526357700037,opponent,11,18,False
10864,10871,256.0,4.0,0.21731748726655348,0.018225829417627796,1.6613976513648114,opponent,12,18,False
10871,2,371.0,5.0,0.3149405772495755,0.052187368124912085,1.9717635278816472,opponent,18,77,False
10871,3,256.0,4.0,0.21731748726655348,0.011962616822429906,1.6613976513648114,opponent,18,86,False
2,22,488.0,9.0,0.07743573468740082,0.01658848324155279,2.211930724725915,opponent,77,79,False
10865,10871,12.0,2.0,0.010186757215619695,0.0003522573827276463,0.18232155679395465,opponent,13,18,False
11,23,318.0,3.0,0.06279620853080568,0.020536002583144978,1.840549633397487,opponent,43,80,False
23,5,507.0,8.0,0.10011848341232228,0.010856531049250535,2.2460147415056513,opponent,80,101,False
13,23,347.0,6.0,0.06852290679304897,0.022401549386701098,1.9144686232204944,opponent,56,80,False
10871,11,115.0,1.0,0.09762308998302208,0.009744111167598712,1.0704414117014134,opponent,18,43,False
10871,13,115.0,1.0,0.09762308998302208,0.00971612031091585,1.0704414117014134,opponent,18,56,False
10871,5,115.0,1.0,0.09762308998302208,0.002661667361014674,1.0704414117014134,opponent,18,101,False
11,19,115.0,1.0,0.041666666666666664,0.008592349073520621,1.0704414117014134,opponent,43,76,False
10871,4,99.0,1.0,0.08404074702886248,0.005053598774885145,0.9745596399981308,opponent,18,93,False
103,10861,4526.0,56.0,0.11900504838031131,0.048779962062424555,4.336418901195749,opponent,3,9,False
10861,13777,1126.0,13.0,0.07601431175318976,0.021771495968599546,2.98399701733557,opponent,9,61,False
10861,13906,3947.0,53.0,0.10855932669563782,0.05603111735729597,4.201453548414044,opponent,9,63,False
10861,79,3908.0,46.0,0.10275557425326041,0.0458077901374937,4.191672906182663,opponent,9,120,False
10861,89,3936.0,48.0,0.10349179638199411,0.0388066176325597,4.198704577546343,opponent,9,130,False
13777,3129,679.0,6.0,0.04583811516910822,0.01769335001042318,2.510953358726101,opponent,61,87,False
13906,3129,1997.0,23.0,0.08237769160960316,0.03407675374980803,3.5346593274308566,opponent,63,87,False
3129,79,2183.0,23.0,0.09005032588070291,0.029802861511577107,3.6212249722981076,opponent,87,120,False
107,10861,3715.0,55.0,0.09768090029448885,0.04364067804574342,4.141811099461024,opponent,6,9,False
10861,77,1102.0,18.0,0.03256308728798534,0.015571129825354661,2.963553375189756,opponent,9,118,False
10861,91,604.0,11.0,0.05429213483146068,0.012440014005313782,2.403937587254333,opponent,9,133,False
10861,86,3091.0,48.0,0.08560904004874537,0.043506411248891576,3.961130579535174,opponent,9,125,False
13777,55,131.0,2.0,0.020259820600061863,0.006194439190467184,1.157928865824529,opponent,61,104,False
13906,55,273.0,4.0,0.04222084751005258,0.006415830415266386,1.713797927758343,opponent,63,104,False
55,77,131.0,2.0,0.020259820600061863,0.003260571969037011,1.157928865824529,opponent,104,118,False
55,86,250.0,3.0,0.03866377977111042,0.005907093237559662,1.6422277352570913,opponent,104,125,False
103,55,245.0,3.0,0.03789050417568821,0.0037405151223682803,1.6259672143853108,opponent,3,104,False
107,55,72.0,1.0,0.011135168574079802,0.0012586532410320957,0.7884573603642702,opponent,6,104,False
55,79,142.0,2.0,0.02196102690999072,0.0024690070071114356,1.213923135179104,opponent,104,120,False
55,89,142.0,2.0,0.02196102690999072,0.0019279333097998752,1.213923135179104,opponent,104,130,False
10873,76,299.0,4.0,0.03579552256674249,0.004264970188001027,1.7889778262661782,opponent,20,117,False
10873,78,362.0,9.0,0.044592264104459226,0.02247191011235955,1.9506607518139112,opponent,20,119,False
10874,80,313.0,7.0,0.05288948969246367,0.007712969123481433,1.8272338574217148,opponent,21,121,False
14038,80,957.0,11.0,0.16171003717472118,0.029410860813178032,2.830267833826459,opponent,67,121,False
34,78,1199.0,15.0,0.14769647696476965,0.021047642453393252,3.0437284718222464,opponent,89,119,False
10873,10888,4.0,1.0,0.00047886986711361186,9.47193937958797e-05,0.06453852113757116,opponent,20,35,False
10873,88,522.0,11.0,0.06249251765832635,0.01113077595581807,2.272125885509337,opponent,20,128,False
28,78,951.0,11.0,0.1171470805617147,0.03257407090255181,2.8243506567983707,opponent,84,119,False
10873,87,334.0,5.0,0.039985633903986594,0.0076924848568599,1.882006347075833,opponent,20,127,False
10873,90,403.0,4.0,0.048246139111696396,0.01623494339926681,2.0433824918641332,opponent,20,132,False
14038,90,403.0,4.0,0.02388431221478101,0.009149110061750816,2.0433824918641332,opponent,67,132,False
32,90,312.0,2.0,0.01849108042434659,0.007391788481129617,1.824549292051046,opponent,88,132,False
10860,14707,1388.0,11.0,0.40835539864666076,0.03346190935390549,3.183594010723561,opponent,8,70,False
14707,16,1432.0,10.0,0.421300382465431,0.024599738885453172,3.2135282185416054,opponent,70,75,False
14707,54,1468.0,12.0,0.4318917328626066,0.02005080995438031,3.237370407504365,opponent,70,103,False
14707,57,1555.0,12.0,0.4574874963224478,0.025424698745932867,3.292745673434656,opponent,70,106,False
14707,58,996.0,7.0,0.29302736098852605,0.01751948074792,2.8678989020441064,opponent,70,107,False
10861,14707,1132.0,15.0,0.333039129155634,0.028090027047817562,2.9890432854031945,opponent,9,70,False
10861,8889,1453.0,18.0,0.03820466975178797,0.015987940273544526,3.227505151566255,opponent,9,129,False
14707,3129,481.0,7.0,0.14151220947337453,0.017709867452135493,2.199074716624381,opponent,70,87,False
10884,14707,182.0,3.0,0.05354516034127685,0.015226303020162302,1.3945931639345857,opponent,31,70,False
10861,48,652.0,9.0,0.08947440647728833,0.014596905993238856,2.473733349189875,opponent,9,100,False
10884,48,133.0,2.0,0.01825168107588857,0.008370044052863436,1.168345626682785,opponent,31,100,False
3129,48,402.0,6.0,0.055166735282009056,0.01291483278182928,2.0412203288596382,opponent,87,100,False
12,14707,861.0,9.0,0.2533097969991174,0.020180002812543944,2.731115474033206,opponent,50,70,False
10880,55,498.0,6.0,0.07701824930405196,0.008682311098713345,2.2300144001592104,opponent,27,104,False
14707,55,385.0,4.0,0.11326860841423948,0.04061181434599156,2.0037297199441397,opponent,70,104,False
43,55,328.0,5.0,0.050726879059696875,0.005928818032283137,1.8666607774011728,opponent,96,104,False
47,55,319.0,3.0,0.0493349829879369,0.012000150472106234,1.8431916428603257,opponent,99,104,False
48,55,262.0,4.0,0.040519641200123725,0.019420354310280927,1.6802069833223074,opponent,100,104,False
10879,55,349.0,4.0,0.05397463656047015,0.00882159648147212,1.919370593820701,opponent,26,104,False
55,8889,113.0,2.0,0.017476028456541913,0.0018629956310279448,1.0589470322756782,opponent,104,129,False
44,55,66.0,1.0,0.010207237859573151,0.002604680531986266,0.7419373447293773,opponent,97,104,False
40,55,170.0,1.0,0.02629137024435509,0.0024851621202818465,1.3437347467010947,opponent,94,104,False
48,57,194.0,2.0,0.02662275284753671,0.0029212468001806957,1.442989704796436,opponent,100,106,False
10861,14303,1264.0,13.0,0.12293328146275044,0.026865037194473963,3.094068174274853,opponent,9,68,False
14303,3129,881.0,9.0,0.08568371912079362,0.02618672532176084,2.752598577363279,opponent,68,87,False
14303,54,1755.0,19.0,0.1706866368410815,0.021989725598295953,3.4094961844768505,opponent,68,103,False
14303,57,1476.0,16.0,0.14355183816378136,0.021666691132216725,3.242592351485517,opponent,68,106,False
14303,68,1989.0,22.0,0.19344485508655904,0.02811983091343503,3.530762586016799,opponent,68,112,False
12,14303,1038.0,13.0,0.10095312196070803,0.021024062221502066,2.9069010598473755,opponent,50,68,False
10860,14038,3221.0,47.0,0.11679599680905069,0.05046532760943816,4.0015589707390005,opponent,8,67,False
12,14038,2334.0,32.0,0.08463267822177098,0.03570335923637031,3.686376323895818,opponent,50,67,False
14038,54,2601.0,37.0,0.09431430850678077,0.02702056929150218,3.7921127087555884,opponent,67,103,False
14038,58,2463.0,38.0,0.08931031982014649,0.030956600429848043,3.738859386418957,opponent,67,107,False
14038,68,1851.0,26.0,0.06711871781855101,0.020994249549151044,3.4610373820181723,opponent,67,112,False
10860,14303,1649.0,21.0,0.16037735849056603,0.03428131886408049,3.3493191208934903,opponent,8,68,False
14303,58,837.0,12.0,0.0814043960319004,0.013100026606983551,2.7047112998366956,opponent,68,107,False
10873,58,1065.0,14.0,0.12749910211899917,0.017250874692237916,2.9311937524164198,opponent,20,107,False
10873,62,757.0,12.0,0.09062612235125105,0.017948596358118362,2.6112945326379022,opponent,20,110,False
10861,14038,1848.0,24.0,0.0670099354557981,0.0289827797120542,3.459466289786131,opponent,9,67,False
14038,62,1949.0,23.0,0.07067227500181304,0.03237057582753409,3.5110478025928336,opponent,67,110,False
14303,62,1366.0,15.0,0.13285353044154832,0.031405186683833,3.1682840387521405,opponent,68,110,False
14038,57,2322.0,33.0,0.0841975487707593,0.027455570926891562,3.681351187693145,opponent,67,106,False
14038,3129,721.0,12.0,0.029741770480983417,0.014109865163701834,2.5662305876175853,opponent,67,87,False
10871,10884,125.0,3.0,0.10611205432937182,0.012769435080192052,1.1260112628562242,opponent,18,31,False
10873,10884,212.0,5.0,0.02538010295702143,0.012561474195650886,1.5114575040738967,opponent,20,31,False
24,64,125.0,3.0,0.06490134994807892,0.003969766260162602,1.1260112628562242,opponent,81,111,False
10871,56,100.0,2.0,0.08488964346349745,0.035373187124159884,0.9808292530117263,opponent,18,105,False
10871,60,100.0,2.0,0.09140767824497258,0.04604051565377532,0.9808292530117263,opponent,18,109,False
10873,56,100.0,2.0,0.05717552887364208,0.009998000399920015,0.9808292530117263,opponent,20,105,False
10873,60,100.0,2.0,0.09140767824497258,0.010698619878035734,0.9808292530117263,opponent,20,109,False
10875,56,26.0,1.0,0.014865637507146942,0.0007685713441130391,0.36000273403140703,opponent,22,105,False
10875,60,26.0,1.0,0.02376599634369287,0.0007837463073491289,0.36000273403140703,opponent,22,109,False
19,56,100.0,2.0,0.05717552887364208,0.022680880018144705,0.9808292530117263,opponent,76,105,False
19,60,100.0,2.0,0.09140767824497258,0.02663825253063399,0.9808292530117263,opponent,76,109,False
24,56,100.0,2.0,0.05717552887364208,0.003191217768700536,0.9808292530117263,opponent,81,105,False
24,60,100.0,2.0,0.09140767824497258,0.0032593461751572635,0.9808292530117263,opponent,81,109,False
10872,14437,1732.0,32.0,0.31896869244935544,0.029708404802744424,3.3967430313127753,opponent,19,69,False
10867,14038,1130.0,13.0,0.040974689970266154,0.01848368365093645,2.987364023883474,opponent,14,67,False
14038,14437,1690.0,28.0,0.31123388581952116,0.053962577431509035,3.373026504695459,opponent,67,69,False
10864,25,302.0,2.0,0.031679429350676594,0.013509282039812123,1.7972996496036704,opponent,12,82,False
14437,25,693.0,12.0,0.12762430939226518,0.04856341976173791,2.529720665577793,opponent,69,82,False
14437,29,1810.0,33.0,0.3333333333333333,0.02554548790470545,3.439349147626532,opponent,69,85,False
10864,34,839.0,10.0,0.06392868028040231,0.013460180966437784,2.7069384722495196,opponent,12,89,False
14437,34,1629.0,30.0,0.3,0.03025181993760214,3.3375473545856993,opponent,69,89,False
10874,14437,1152.0,20.0,0.2121546961325967,0.029347327660875326,3.005682604407159,opponent,21,69,False
10867,10873,243.0,5.0,0.029091344427151923,0.005677968081874898,1.6193882432872684,opponent,14,20,False
10873,14437,370.0,6.0,0.06813996316758748,0.02758517855811526,1.9694406464655074,opponent,20,69,False
10867,14303,482.0,8.0,0.046878039291966545,0.010834625845752692,2.2009214392175456,opponent,14,68,False
14303,14437,1161.0,20.0,0.2138121546961326,0.07978833069892104,3.013080911888604,opponent,68,69,False
10872,14845,2662.0,51.0,0.10810152284263959,0.03476784431528766,3.8147776209893105,opponent,19,73,False
10874,14845,1433.0,27.0,0.05819289340101523,0.02463553844037959,3.2141982353170895,opponent,21,73,False
14303,14845,1398.0,25.0,0.13596576541528885,0.041720134889134265,3.190476350346503,opponent,68,73,False
14845,29,2673.0,51.0,0.10854822335025381,0.029971071692866592,3.8188106237059674,opponent,73,85,False
14845,34,2711.0,51.0,0.11009137055837563,0.03767318408582426,3.8326189826408776,opponent,73,89,False
14038,14845,1315.0,26.0,0.0534010152284264,0.02584106272598648,3.131864447878571,opponent,67,73,False
14845,25,647.0,14.0,0.06786950592678066,0.01930709319327982,2.4666861036744723,opponent,73,82,False
14437,28,963.0,14.0,0.17734806629834254,0.03634648046801283,2.8361502037295256,opponent,69,84,False
11,34,841.0,15.0,0.07831269205698854,0.014029527066477605,2.7091606953862373,opponent,43,89,False
14845,28,1770.0,26.0,0.08035227891774106,0.039435866586458125,3.417726683613366,opponent,73,84,False
10873,14845,219.0,5.0,0.02621812522447025,0.006685185750480784,1.536867219599265,opponent,20,73,False
10890,109,2716.0,29.0,0.08715184186882301,0.04021797073979743,3.8344217594045946,opponent,37,42,False
118,13906,3687.0,48.0,0.10140821827383244,0.04269139919410866,4.134366236571586,opponent,48,63,False
103,14844,3567.0,47.0,0.18708696108255535,0.047701833451462346,4.101816577060802,opponent,3,72,False
10890,14844,3392.0,35.0,0.17790831847267388,0.06194528653347456,4.052364489981218,opponent,37,72,False
13906,14844,3665.0,48.0,0.19222700094408895,0.07080894144013601,4.128477568591559,opponent,63,72,False
14844,79,2473.0,26.0,0.12970733242421065,0.036484612433979526,3.7428150877795745,opponent,72,120,False
14844,89,3050.0,36.0,0.1599706283436484,0.03659443764547789,3.948033442951179,opponent,72,130,False
14844,99,1336.0,24.0,0.0700723801531522,0.02944677099404893,3.147021721100217,opponent,72,136,False
107,14844,2449.0,37.0,0.12844854715199833,0.03632076171266703,3.7332949841443215,opponent,6,72,False
103,13399,1971.0,24.0,0.19949392712550607,0.02933603226814711,3.521938999358284,opponent,3,59,False
107,13399,1820.0,28.0,0.18421052631578946,0.030915576694411414,3.4446824936018943,opponent,6,59,False
13399,13906,1504.0,20.0,0.1522267206477733,0.03362095944918854,3.2606573588831558,opponent,59,63,False
13399,89,1436.0,19.0,0.14534412955465587,0.018951091403383746,3.2162055963123217,opponent,59,130,False
13399,99,1033.0,17.0,0.10455465587044535,0.028311453394359636,2.9023369259544376,opponent,59,136,False
116,99,158.0,5.0,0.006030534351145038,0.0029432584478968743,1.2901505005669882,opponent,47,136,False
116,86,194.0,4.0,0.0074045801526717555,0.0031233900051519836,1.442989704796436,opponent,47,125,False
14844,86,2478.0,35.0,0.12996957935592154,0.04702622689490264,3.744787086052232,opponent,72,125,False
51,86,1028.0,14.0,0.028471722151442974,0.013712700254778769,2.8977518651937872,opponent,102,125,False
14844,91,1355.0,12.0,0.12179775280898876,0.04698987376889999,3.1605402478552374,opponent,72,133,False
122,13906,422.0,5.0,0.020794323445353306,0.007504890627778766,2.0835995518284998,opponent,52,63,False
10890,13399,1492.0,16.0,0.15101214574898786,0.031429052915402766,3.2529551385210635,opponent,37,59,False
13399,86,1165.0,15.0,0.11791497975708502,0.025992280404274783,3.0163515607567266,opponent,59,125,False
13399,91,506.0,9.0,0.05121457489878543,0.024684130933216253,2.2442495159810822,opponent,59,133,False
13399,79,1113.0,12.0,0.11265182186234818,0.01856361331643205,2.972975286431375,opponent,59,120,False
10890,119,480.0,6.0,0.036977120406748325,0.009305030532131433,2.1972245773362196,opponent,37,49,False
10861,13778,948.0,9.0,0.5556858147713951,0.024439288476411445,2.8213788864092133,opponent,9,62,False
13778,3129,681.0,5.0,0.399179366940211,0.026952151027031305,2.513656063073986,opponent,62,87,False
13778,54,1373.0,12.0,0.8048065650644783,0.01917169347631814,3.173180865606071,opponent,62,103,False
13778,57,1293.0,11.0,0.7579132473622509,0.021647413360120542,3.1157350659486873,opponent,62,106,False
13778,68,1373.0,12.0,0.8048065650644783,0.02187246108995906,3.173180865606071,opponent,62,112,False
13778,16,1091.0,13.0,0.6395076201641267,0.019187478016180093,2.954041846499782,opponent,62,75,False
14843,16,2829.0,30.0,0.11738102153437617,0.03649522040326638,3.8743211382441345,opponent,71,75,False
14843,54,2437.0,25.0,0.10111613625990623,0.026219243224633395,3.7285007280576727,opponent,71,103,False
14843,57,1683.0,14.0,0.06983112733911456,0.020590934116351624,3.3690184832979204,opponent,71,106,False
14843,58,1619.0,22.0,0.0671756358657317,0.02104510594046536,3.33160909485544,opponent,71,107,False
14843,68,2388.0,25.0,0.09908302560059748,0.028376884959537985,3.708682081410116,opponent,71,112,False
14843,62,994.0,11.0,0.04124310194597734,0.017230918577842494,2.866003166879207,opponent,71,110,False
10861,14843,827.0,11.0,0.03431392888261898,0.01348970736958862,2.693500420087479,opponent,9,71,False
12,13778,413.0,6.0,0.24208675263774912,0.009970787764660437,2.064750826269832,opponent,50,62,False
12,14843,1305.0,18.0,0.054147130824447116,0.020739304557879347,3.1245651453969594,opponent,50,71,False
13778,58,952.0,11.0,0.5580304806565064,0.017245751965508496,2.8253392876253103,opponent,62,107,False
13778,62,226.0,5.0,0.1324736225087925,0.006267332224070993,1.561647248597752,opponent,62,110,False
13778,55,180.0,1.0,0.10550996483001172,0.02252252252252252,1.3862943611198906,opponent,62,104,False
14843,55,180.0,1.0,0.027837921435199506,0.005923585743903643,1.3862943611198906,opponent,71,104,False
10884,14843,11.0,1.0,0.0012591575091575092,0.00033510022543106077,0.16833531481921474,opponent,31,71,False
10884,75,217.0,5.0,0.024839743589743588,0.003164418519868757,1.529672943965238,opponent,31,116,False
14843,3129,1257.0,13.0,0.052155512219409984,0.026695833156352208,3.08876713952118,opponent,71,87,False
10861,14982,690.0,7.0,0.07132520157122184,0.014675855028075549,2.5257286443082556,opponent,9,74,False
12,14982,834.0,9.0,0.08621046102956378,0.01703153079562163,2.7013612129514133,opponent,50,74,False
14982,54,728.0,8.0,0.07525325615050651,0.00907402560171509,2.5751535276357784,opponent,74,103,False
14982,58,1393.0,14.0,0.14399421128798842,0.022206634889763904,3.187041101348182,opponent,74,107,False
14982,68,952.0,9.0,0.09840810419681621,0.013377926421404682,2.8253392876253103,opponent,74,112,False
14982,16,936.0,10.0,0.09675418647922265,0.014403767139097919,2.8094026953624973,opponent,74,75,False
14982,62,581.0,5.0,0.060057887120115776,0.013303414008655234,2.3686848946985695,opponent,74,110,False
14982,57,478.0,4.0,0.0494107918131073,0.006976778129698014,2.1935139979396836,opponent,74,106,False
14982,3129,345.0,5.0,0.03566260078561092,0.010276726936939621,1.9095425048844386,opponent,74,87,False
10877,118,5751.0,58.0,0.10710893412549122,0.04713895787739445,4.573163389853005,opponent,24,48,False
10880,118,3253.0,29.0,0.06330025296750341,0.031945399194736324,4.0112648400777955,opponent,27,48,False
118,40,4586.0,45.0,0.08541150615536476,0.041234703327728675,4.3494173511082534,opponent,48,94,False
118,43,3204.0,33.0,0.06514181152790485,0.03214479202199169,3.996364153861897,opponent,48,96,False
118,8889,3560.0,38.0,0.0663028700203006,0.03408818882558529,4.099884742597716,opponent,48,129,False
10877,14844,3563.0,35.0,0.1868771635371866,0.03978249704115585,4.100713128672976,opponent,24,72,False
10880,14844,3149.0,27.0,0.1651631175915242,0.04678562408070483,3.979370078887756,opponent,27,72,False
14844,40,3529.0,34.0,0.1850938844015525,0.04544927685551277,4.091284328925506,opponent,72,94,False
14844,43,1701.0,18.0,0.08921640616804784,0.025559729526671675,3.3792925462741055,opponent,72,96,False
14844,8889,1848.0,21.0,0.09692646596034826,0.025838926174496644,3.459466289786131,opponent,72,129,False
10877,4181,2578.0,24.0,0.13947952172266406,0.02865590680716731,3.7834317710551595,opponent,24,95,False
10880,4181,1389.0,13.0,0.07515013796461613,0.020282109689854565,3.184284380098582,opponent,27,95,False
40,4181,2193.0,20.0,0.11864956987502029,0.027971938775510203,3.6256733782101436,opponent,94,95,False
4181,43,2245.0,20.0,0.12146296596872802,0.034315149106583315,3.6484913932086482,opponent,95,96,False
4181,8889,2523.0,23.0,0.1365038143158578,0.03590845691839117,3.7623622308737397,opponent,95,129,False
109,14707,1032.0,15.0,0.3036187113857017,0.030777489487340073,2.9014215940827497,opponent,42,70,False
110,14707,1123.0,16.0,0.3303912915563401,0.019469149286593504,2.981464301756286,opponent,44,70,False
10879,118,2044.0,30.0,0.061115263866048736,0.024020494982019885,3.5572510116355,opponent,26,48,False
118,14707,930.0,16.0,0.2736098852603707,0.01655923934332823,2.803360380906535,opponent,48,70,False
10879,14844,1342.0,21.0,0.07038707647120529,0.02622681701811644,3.1513105053724346,opponent,26,72,False
14707,14844,903.0,16.0,0.265666372462489,0.041879231982190894,2.775708849576025,opponent,70,72,False
14707,51,1123.0,16.0,0.3303912915563401,0.026633463773271672,2.981464301756286,opponent,70,102,False
10879,4181,1422.0,15.0,0.07693556240869989,0.02815507068467113,3.2068032436339315,opponent,26,95,False
14707,4181,820.0,12.0,0.24124742571344512,0.038932674959642956,2.6855773452501515,opponent,70,95,False
118,39,1827.0,22.0,0.07110609480812641,0.023555956678700363,3.4483989831464497,opponent,48,92,False
118,47,1511.0,18.0,0.07393814836562929,0.020807513288716297,3.2651230760335204,opponent,48,99,False
14844,39,1419.0,19.0,0.07442567921955313,0.032740361320689415,3.204776900488699,opponent,72,92,False
14844,47,1327.0,16.0,0.06960033567607259,0.034760969220694174,3.140553858092731,opponent,72,99,False
39,4181,671.0,9.0,0.036303630363036306,0.015423160023904748,2.5000688975276777,opponent,92,95,False
4181,47,907.0,12.0,0.049072120326786775,0.023860886035988634,2.779853933231194,opponent,95,99,False
121,14707,798.0,11.0,0.23477493380406,0.01917439569417079,2.6602595372658615,opponent,51,70,False
122,14707,202.0,4.0,0.059429243895263315,0.008599037929419778,1.4739999415389962,opponent,52,70,False
116,14707,184.0,4.0,0.054133568696675495,0.006255311915689274,1.4028236630711013,opponent,47,70,False
14844,44,1243.0,12.0,0.06563176514071492,0.033812088569718735,3.0780800149027443,opponent,72,97,False
118,44,1717.0,15.0,0.09065948571730292,0.0242120848903617,3.3883372659325506,opponent,48,97,False
14038,16,1728.0,25.0,0.06265864094568134,0.02104878494427188,3.3945083935113587,opponent,67,75,False
10873,16,252.0,4.0,0.03016880162815755,0.0039163273552357564,1.6486586255873816,opponent,20,75,False
10860,10871,5.0,1.0,0.004244482173174873,0.00012302544166133556,0.08004270767353643,opponent,8,18,False
10871,16,5.0,1.0,0.004244482173174873,8.70807063986903e-05,0.08004270767353643,opponent,18,75,False
10871,54,5.0,1.0,0.004244482173174873,6.900739759302197e-05,0.08004270767353643,opponent,18,103,False
10871,58,5.0,1.0,0.004244482173174873,8.989410474461084e-05,0.08004270767353643,opponent,18,107,False
23,56,74.0,1.0,0.04230989136649514,0.010980857694019885,0.8034952377288107,opponent,80,105,False
23,60,74.0,1.0,0.06764168190127971,0.012163050624589087,0.8034952377288107,opponent,80,109,False
10885,14845,3819.0,39.0,0.15508629441624366,0.05161368796626662,4.168988105217866,opponent,32,73,False
10887,14845,4202.0,43.0,0.17063959390862943,0.04622153778462215,4.263149250436462,opponent,34,73,False
1,14843,3523.0,32.0,0.1461765071988714,0.042797963968560566,4.089611155082853,opponent,0,71,False
10,14843,1496.0,14.0,0.06207211319032405,0.019183176251843303,3.2555291425162363,opponent,1,71,False
10867,14843,1749.0,17.0,0.07256960292104062,0.030663230421290696,3.4061849231731944,opponent,14,71,False
14,14843,3881.0,36.0,0.16103066262810672,0.049920251080469234,4.184845214972903,opponent,65,71,False
14843,14845,5589.0,57.0,0.23189909132401146,0.1295639474233257,4.544889255103161,opponent,71,73,False
14845,75,3972.0,39.0,0.1612994923857868,0.04921384232241757,4.207673247529104,opponent,73,116,False
14845,76,3371.0,33.0,0.13689340101522843,0.04046527260941589,4.046262480636349,opponent,73,117,False
14843,5,3736.0,41.0,0.1550143147587237,0.05976834965124464,4.147358597507718,opponent,71,101,False
10862,14845,3208.0,44.0,0.1302741116751269,0.041535573250469346,3.997588893757793,opponent,10,73,False
10862,14437,2029.0,26.0,0.37366482504604054,0.034262652189331125,3.5500961993344653,opponent,10,69,False
10887,14437,1926.0,18.0,0.3546961325966851,0.02603019286129394,3.4995332823830174,opponent,34,69,False
14437,75,1816.0,17.0,0.33443830570902394,0.028522066907491754,3.442552567344069,opponent,69,116,False
14437,76,1400.0,15.0,0.2578268876611418,0.021185799461275384,3.1918471524802814,opponent,69,117,False
14437,87,1594.0,21.0,0.29355432780847146,0.04062595575491895,3.316607313361536,opponent,69,127,False
5,87,2648.0,37.0,0.07480225988700565,0.03535616529808398,3.809621071810065,opponent,101,127,False
10862,10864,1519.0,20.0,0.11574215178299299,0.022529403912611424,3.2702024520335415,opponent,10,12,False
10864,10887,1548.0,14.0,0.11795184395001523,0.018863556048401838,3.288401887516811,opponent,12,34,False
1,14982,814.0,7.0,0.08414306388257184,0.01152990835564243,2.678735813433435,opponent,0,74,False
10864,14982,693.0,8.0,0.07163531114327062,0.03135037321872879,2.529720665577793,opponent,12,74,False
10867,14982,453.0,3.0,0.046826545379367375,0.010317026509975404,2.145931282948669,opponent,14,74,False
14,14982,1541.0,16.0,0.15929295017572875,0.0234704601184946,3.284039150774614,opponent,65,74,False
14437,14982,970.0,12.0,0.17863720073664824,0.06862883826234611,2.842969519001581,opponent,69,74,False
10864,75,1610.0,15.0,0.12267601341054557,0.02249545899119743,3.3262343431887,opponent,12,116,False
10864,87,1271.0,16.0,0.09684547394087169,0.026897763104988044,3.099341256173011,opponent,12,127,False
10864,14843,2144.0,21.0,0.16336482779640354,0.061115703657250366,3.6036846080507043,opponent,12,71,False
10865,14843,1333.0,19.0,0.05530890834405212,0.02394553423870087,3.144870411557705,opponent,13,71,False
14437,14843,2170.0,22.0,0.3996316758747698,0.07930996674098169,3.615412302232064,opponent,69,71,False
10865,14982,857.0,11.0,0.0885879677486045,0.020543183833928613,2.726762910034364,opponent,13,74,False
14845,14982,1812.0,20.0,0.1873061815174695,0.05577615661649275,3.4404180948154366,opponent,73,74,False
14845,87,3143.0,42.0,0.12763451776649745,0.055254737878414964,3.9774985873870574,opponent,73,127,False
10864,88,1268.0,17.0,0.09661688509600731,0.024900828718432112,3.0970847678142785,opponent,12,128,False
14437,88,1508.0,19.0,0.27771639042357277,0.035079557085698335,3.2632116386882526,opponent,69,128,False
14845,88,2524.0,32.0,0.10249746192893401,0.041264080304739485,3.7627493026803918,opponent,73,128,False
10,14982,457.0,3.0,0.04724002480876576,0.007074631948852114,2.1536983122863282,opponent,1,74,False
10885,14437,1603.0,14.0,0.29521178637200735,0.028116394506516058,3.322033916970827,opponent,32,69,False
14982,5,1221.0,13.0,0.12621459582385777,0.02413234247766622,3.0610517396746335,opponent,74,101,False
14843,3,853.0,10.0,0.041654458443207344,0.01950784430316059,2.7223913183728676,opponent,71,86,False
14982,3,783.0,9.0,0.08093859830473434,0.026660764751949333,2.642622395779755,opponent,74,86,False
10864,10885,1508.0,15.0,0.11490399268515697,0.023270886701027747,3.2632116386882526,opponent,12,32,False
10864,76,1143.0,11.0,0.0870923498933252,0.015439060959301932,2.998229153752578,opponent,12,117,False
10877,13906,1817.0,23.0,0.04997524616315529,0.016731123388581952,3.443085474364408,opponent,24,63,False
10880,13906,1075.0,12.0,0.029567082897849168,0.012402939785169546,2.9400433676934026,opponent,27,63,False
13906,40,1501.0,20.0,0.041283899004345675,0.015479493023399713,3.2587373582933314,opponent,63,94,False
13906,43,1314.0,14.0,0.03614060179327796,0.015600327678115613,3.131136910560194,opponent,63,96,False
13906,8889,1710.0,22.0,0.047032290004950766,0.019224283305227657,3.3843902633457743,opponent,63,129,False
10879,91,428.0,7.0,0.03847191011235955,0.009695981151737575,2.0959708436310467,opponent,26,133,False
10880,91,434.0,6.0,0.03901123595505618,0.0069908667708316555,2.108190954965822,opponent,27,133,False
39,91,84.0,1.0,0.007550561797752809,0.002286647611269906,0.8754687373538999,opponent,92,133,False
44,91,157.0,2.0,0.014112359550561797,0.0052496071153910456,1.2855527913183589,opponent,97,133,False
104,13906,1073.0,15.0,0.03902243881150671,0.017090885922716702,2.9382796988059057,opponent,4,63,False
10879,13906,477.0,8.0,0.014262221557781432,0.006880535441248593,2.191653532286764,opponent,26,63,False
13906,44,369.0,5.0,0.019483605258989387,0.0067178852315758816,1.9671123567059163,opponent,63,97,False
13906,47,389.0,6.0,0.01903503621060873,0.006896551724137931,2.0126783255201537,opponent,63,99,False
10885,14844,989.0,8.0,0.051872443092415815,0.013878169597126138,2.8612480461741967,opponent,32,72,False
10885,4181,1556.0,14.0,0.08418546772710057,0.02219274599574972,3.29336467685894,opponent,32,95,False
10887,14844,1494.0,16.0,0.07835938319521661,0.016965897863932135,3.254242968705492,opponent,34,72,False
10887,4181,2629.0,26.0,0.14223881404533897,0.030449033483513046,3.802580094046764,opponent,34,95,False
10888,14844,1479.0,18.0,0.07757264240008392,0.02873630216833761,3.2445435716167785,opponent,35,72,False
10888,4181,1033.0,14.0,0.05588919547692474,0.020124291363893165,2.9023369259544376,opponent,35,95,False
14844,75,1568.0,16.0,0.08224063778453793,0.02021817056502566,3.300762984340385,opponent,72,116,False
4181,75,1212.0,15.0,0.06557377049180328,0.015673697414874493,3.054001181677967,opponent,95,116,False
14844,76,1721.0,19.0,0.09026539389489142,0.02167588196027558,3.390585721067561,opponent,72,117,False
4181,76,2263.0,23.0,0.12243683384731915,0.028911999182338513,3.6562701705483085,opponent,95,117,False
109,14843,807.0,11.0,0.03348408779718684,0.014818759410922179,2.670694414558441,opponent,42,71,False
118,14843,2953.0,30.0,0.12252603626405544,0.03945698213546051,3.9163469769082004,opponent,48,71,False
121,14843,928.0,11.0,0.03850462636405128,0.014922013185399582,2.801338135525767,opponent,51,71,False
14843,4181,1998.0,19.0,0.1080993345236163,0.04922879810772188,3.535145354171894,opponent,71,95,False
14843,51,1850.0,22.0,0.07676030040247292,0.029771483746379144,3.460513958818575,opponent,71,102,False
122,14843,227.0,5.0,0.011185572090272987,0.005139467487773954,1.5651376535375203,opponent,52,71,False
4181,87,2173.0,23.0,0.11756749445436347,0.04202281957068265,3.6167566896180574,opponent,95,127,False
14843,14844,1009.0,12.0,0.052921430819259416,0.0239337729493809,2.8801343488029447,opponent,71,72,False
14844,87,972.0,14.0,0.050980803524598765,0.01817026208546753,2.8449093838194073,opponent,72,127,False
14844,80,270.0,4.0,0.04562352145995269,0.010924981791697014,1.7047480922384253,opponent,72,121,False
123,14843,342.0,3.0,0.035429400186470526,0.010235843409553453,1.9021075263969205,opponent,53,71,False
4181,80,238.0,3.0,0.04021628928692126,0.009849770309978065,1.6027489242833037,opponent,95,121,False
14844,88,453.0,8.0,0.02375957201300745,0.007853811612545294,2.145931282948669,opponent,72,128,False
4181,88,1735.0,17.0,0.09387004274197912,0.031085390762174366,3.3984157387002787,opponent,95,128,False
119,87,786.0,9.0,0.060550034666050384,0.016514339741569493,2.6461747973841225,opponent,49,127,False
10891,14843,1740.0,14.0,0.09751723364905004,0.0432792756939608,3.4011973816621555,opponent,38,71,False
119,14843,529.0,4.0,0.040751868114937216,0.014472136349957596,2.284081621429486,opponent,49,71,False
116,14843,1310.0,11.0,0.054354591095805156,0.026739605233614336,3.1282214566000697,opponent,47,71,False
109,84,92.0,2.0,0.05811749842072015,0.0028173327208696982,0.9295359586241757,opponent,42,124,False
118,84,92.0,2.0,0.05811749842072015,0.0016671498985213105,0.9295359586241757,opponent,48,124,False
121,84,92.0,2.0,0.05811749842072015,0.0022711563148020146,0.9295359586241757,opponent,51,124,False
4181,84,92.0,2.0,0.05811749842072015,0.004605987784119355,0.9295359586241757,opponent,95,124,False
51,84,92.0,2.0,0.05811749842072015,0.00222329627839536,0.9295359586241757,opponent,102,124,False
109,14982,58.0,1.0,0.005995451726276618,0.0014222658165767533,0.6763400622435641,opponent,42,74,False
118,14982,835.0,7.0,0.08631383088691337,0.013353163180451608,2.7024791560527546,opponent,48,74,False
121,14982,225.0,2.0,0.023258217903659294,0.004642429744563199,1.55814461804655,opponent,51,74,False
14982,4181,835.0,7.0,0.08631383088691337,0.03056145230949418,2.7024791560527546,opponent,74,95,False
14982,51,602.0,5.0,0.06222865412445731,0.012295500500398276,2.4009209937149074,opponent,74,102,False
10861,10890,2722.0,31.0,0.07157130837189735,0.036588972228943195,3.8365808102612875,opponent,9,37,False
10861,99,98.0,1.0,0.003545586107091172,0.0014944947692683075,0.9682504708048661,opponent,9,136,False
10890,55,70.0,1.0,0.010825858335910918,0.0015391380826737027,0.7731898882334818,opponent,37,104,False
10890,56,70.0,1.0,0.040022870211549454,0.001717243578735618,0.7731898882334818,opponent,37,105,False
13906,56,70.0,1.0,0.040022870211549454,0.0018403133790782658,0.7731898882334818,opponent,63,105,False
101,60,119.0,1.0,0.10877513711151737,0.017122302158273383,1.0930412436186543,opponent,2,109,False
60,83,119.0,1.0,0.10877513711151737,0.01281223083548665,1.0930412436186543,opponent,109,123,False
60,86,119.0,1.0,0.10877513711151737,0.0032091906906501983,1.0930412436186543,opponent,109,125,False
64,86,119.0,1.0,0.06178608515057113,0.003138765067391132,1.0930412436186543,opponent,111,125,False
60,95,119.0,1.0,0.10877513711151737,0.027100888180368935,1.0930412436186543,opponent,109,134,False
60,97,119.0,1.0,0.10877513711151737,0.04207920792079208,1.0930412436186543,opponent,109,135,False
10872,14843,2593.0,26.0,0.10758889672627692,0.034069110497963476,3.789101791915639,opponent,19,71,False
14038,14843,3050.0,27.0,0.1265507655284013,0.06271977626519155,3.948033442951179,opponent,67,71,False
14843,22,1735.0,9.0,0.07350449076427724,0.03774200565586252,3.3984157387002787,opponent,71,79,False
14843,29,3407.0,27.0,0.141363428903365,0.03874761168228551,4.056700383462923,opponent,71,85,False
14843,34,3565.0,28.0,0.1479191734782789,0.050507912670189704,4.101265005066675,opponent,71,89,False
10872,14982,1228.0,17.0,0.12693818482530494,0.019477223702575815,3.066501344442198,opponent,19,74,False
10874,14982,1374.0,13.0,0.14203018399834608,0.03174969960255107,3.173878458937465,opponent,21,74,False
14038,14982,1334.0,18.0,0.13789538970436221,0.037140152569742194,3.1455880290983687,opponent,67,74,False
14982,21,1397.0,15.0,0.14440769071738682,0.025862228557676288,3.1897902439731043,opponent,74,78,False
14982,32,1473.0,18.0,0.15226379987595617,0.04351679517858725,3.2406373166497136,opponent,74,88,False
14982,29,1348.0,16.0,0.13934256770725656,0.01784012705134992,3.155580974495887,opponent,74,85,False
14982,34,1699.0,19.0,0.17562538763696506,0.02928199648409224,3.3781561825154576,opponent,74,89,False
21,78,189.0,3.0,0.02328159645232816,0.0035215860179992173,1.423108334242607,opponent,78,119,False
10874,14843,1921.0,19.0,0.07970623625575703,0.03360976975295682,3.4970124844764503,opponent,21,71,False
14843,21,2497.0,24.0,0.10360565951620265,0.037078284628177714,3.752245413069086,opponent,71,78,False
14843,32,2179.0,26.0,0.09041118625783162,0.04580618036577675,3.6194400543766543,opponent,71,88,False
10873,14843,219.0,5.0,0.02621812522447025,0.006793857608189856,1.536867219599265,opponent,20,71,False
14843,25,8.0,1.0,0.0008391901814748768,0.00023791114018913937,0.12516314295400602,opponent,71,82,False
10873,14982,279.0,6.0,0.033401173231174426,0.015720081135902637,1.7316555451583497,opponent,20,74,False
14982,25,8.0,1.0,0.0008391901814748768,0.0004166883691858951,0.12516314295400602,opponent,74,82,False
25,78,8.0,1.0,0.0009854644000985464,0.0004534376239868503,0.12516314295400602,opponent,82,119,False
14982,22,382.0,3.0,0.039487285507546,0.011612354085603113,1.9969653198555974,opponent,74,79,False
14843,28,655.0,9.0,0.029734882876339203,0.01440383515855214,2.477937980471907,opponent,71,84,False
14982,28,433.0,6.0,0.04475914823237544,0.013847580670952061,2.1061646118205894,opponent,74,84,False
10862,19,165.0,4.0,0.059782608695652176,0.0028247136767500384,1.3217558399823195,opponent,10,76,False
14843,19,88.0,2.0,0.03188405797101449,0.00328689351212042,0.9028677115420143,opponent,71,76,False
14843,23,88.0,2.0,0.017377567140600316,0.0030264470199814287,0.9028677115420143,opponent,71,80,False
14982,19,165.0,4.0,0.059782608695652176,0.013448528812454152,1.3217558399823195,opponent,74,76,False
14982,23,165.0,4.0,0.032582938388625596,0.0113223083785082,1.3217558399823195,opponent,74,80,False
19,75,113.0,3.0,0.040942028985507244,0.001802146627753058,1.0589470322756782,opponent,76,116,False
19,88,165.0,4.0,0.059782608695652176,0.003960538633254122,1.3217558399823195,opponent,76,128,False
23,88,165.0,4.0,0.032582938388625596,0.0037529853292391675,1.3217558399823195,opponent,80,128,False
10873,84,149.0,3.0,0.09412507896399241,0.015224277102278532,1.2479896897427103,opponent,20,124,False
14038,84,149.0,3.0,0.09412507896399241,0.005135805873431683,1.2479896897427103,opponent,67,124,False
19,84,77.0,2.0,0.04864181933038535,0.01804969526488514,0.8256363636060243,opponent,76,124,False
23,84,77.0,2.0,0.04864181933038535,0.011719939117199391,0.8256363636060243,opponent,80,124,False
32,84,149.0,3.0,0.09412507896399241,0.005501809319843438,1.2479896897427103,opponent,88,124,False
19,80,52.0,1.0,0.01884057971014493,0.0060282865754695105,0.6241543090729939,opponent,76,121,False
23,80,52.0,1.0,0.010268562401263823,0.004757548032936871,0.6241543090729939,opponent,80,121,False
10877,13399,1122.0,9.0,0.11356275303643724,0.013547943055169832,2.9806186357439426,opponent,24,59,False
108,10881,1000.0,7.0,0.12003360941063498,0.01606090294396351,2.8716796248840124,opponent,7,28,False
10881,118,3209.0,29.0,0.05976570502672602,0.03044129923351294,3.99789484450211,opponent,28,48,False
10881,13399,1357.0,8.0,0.13734817813765182,0.02138523363013159,3.1619526774685798,opponent,28,59,False
13399,43,1122.0,9.0,0.11356275303643724,0.019363857584177555,2.9806186357439426,opponent,59,96,False
13399,44,547.0,3.0,0.05536437246963563,0.019347764572722127,2.3141842288373975,opponent,59,97,False
13399,8889,1122.0,9.0,0.11356275303643724,0.017792578496669837,2.9806186357439426,opponent,59,129,False
10881,4181,1034.0,8.0,0.05594329924795758,0.01428551691742308,2.9032514207598257,opponent,28,95,False
13399,40,579.0,4.0,0.05860323886639676,0.008107994566663399,2.365559892155434,opponent,59,94,False
104,118,2606.0,32.0,0.09477397534276466,0.03316196681258272,3.793989938516553,opponent,4,48,False
104,13399,871.0,7.0,0.0881578947368421,0.02385909165616611,2.7419147150549663,opponent,4,59,False
104,4181,1225.0,12.0,0.06627711951523022,0.027371243436487544,3.0641694351072197,opponent,4,95,False
104,123,760.0,8.0,0.07873200041437894,0.020884858477603737,2.614959778036198,opponent,4,53,False
10877,123,343.0,6.0,0.03553299492385787,0.004114239105662777,1.9045919997245824,opponent,24,53,False
123,40,486.0,6.0,0.05034704237024759,0.006818468790774022,2.2082744135228043,opponent,53,94,False
123,43,234.0,3.0,0.02424116854863773,0.003992901508429458,1.589235205116581,opponent,53,96,False
123,8889,280.0,5.0,0.029006526468455404,0.004397330192383196,1.7346010553881064,opponent,53,129,False
10879,13399,712.0,6.0,0.07206477732793522,0.016708516180508295,2.5546399878026755,opponent,26,59,False
13399,47,358.0,2.0,0.03623481781376518,0.011950063422124308,1.9411368703026557,opponent,59,99,False
10881,123,275.0,3.0,0.028488552781518697,0.004276162338672057,1.7197859696029656,opponent,28,53,False
123,44,1.0,1.0,0.00010359473738734072,3.497604141163303e-05,0.016529301951210565,opponent,53,97,False
4181,44,296.0,2.0,0.016014716225720933,0.007972849216182729,1.7805861686299298,opponent,95,97,False
123,47,302.0,3.0,0.0312856106909769,0.010138651089401417,1.7972996496036704,opponent,53,99,False
113,4181,418.0,3.0,0.03827137886833913,0.014420257356746128,2.075266170269355,opponent,46,95,False
113,118,566.0,6.0,0.05182201062076543,0.008836984183984138,2.345005808877998,opponent,46,48,False
113,13399,195.0,1.0,0.019736842105263157,0.009462803901586839,1.4469189829363254,opponent,46,59,False
113,45,734.0,8.0,0.0672038088262223,0.015807722955656536,2.582738899025035,opponent,46,98,False
13399,39,195.0,1.0,0.019736842105263157,0.005511744255066565,1.4469189829363254,opponent,59,92,False
118,48,564.0,4.0,0.07739810621655002,0.009335275423728813,2.341805806147327,opponent,48,100,False
13399,48,195.0,1.0,0.026759983532317826,0.011489512137638463,1.4469189829363254,opponent,59,100,False
10881,10891,1766.0,18.0,0.09897438771507033,0.024870086890394175,3.415538498932813,opponent,28,38,False
4181,48,274.0,2.0,0.03760120763002607,0.010746783809224976,1.7167964307545998,opponent,95,100,False
108,10883,95.0,1.0,0.13031550068587106,0.010596765197992191,0.9490805546971459,opponent,7,30,False
10883,116,95.0,1.0,0.13031550068587106,0.003540284713423269,0.9490805546971459,opponent,30,47,False
10883,118,269.0,3.0,0.36899862825788754,0.004967407161191439,1.7017131885432712,opponent,30,48,False
10883,121,95.0,1.0,0.13031550068587106,0.002395904264709591,0.9490805546971459,opponent,30,51,False
10883,123,95.0,1.0,0.13031550068587106,0.009234956741518422,0.9490805546971459,opponent,30,53,False
118,35,95.0,1.0,0.07207890743550835,0.0017299147789351008,0.9490805546971459,opponent,48,90,False
121,35,95.0,1.0,0.07207890743550835,0.002360834990059642,0.9490805546971459,opponent,51,90,False
123,35,95.0,1.0,0.07207890743550835,0.008734828981243104,0.9490805546971459,opponent,53,90,False
10861,14845,1574.0,15.0,0.06391878172588833,0.025768217016191083,3.3044417131978476,opponent,9,73,False
14845,3129,1324.0,11.0,0.054615955779226136,0.02784847401299876,3.138388573955514,opponent,73,87,False
14845,54,2611.0,25.0,0.10603045685279187,0.027985894508933833,3.7958636508878603,opponent,73,103,False
14845,57,2611.0,26.0,0.10603045685279187,0.03210338001500043,3.7958636508878603,opponent,73,106,False
14845,68,2809.0,27.0,0.11407106598984772,0.033338872009115075,3.867374253759264,opponent,73,112,False
14845,58,2271.0,24.0,0.09222335025380711,0.029569542459831774,3.6597080768136565,opponent,73,107,False
10867,55,763.0,10.0,0.11800185586142901,0.018890814558058924,2.618611638454969,opponent,14,104,False
12,14845,1389.0,16.0,0.056406091370558374,0.021920964585569094,3.184284380098582,opponent,50,73,False
14845,16,2018.0,24.0,0.08194923857868021,0.02559224876984731,3.544816609437072,opponent,73,75,False
14845,55,1259.0,14.0,0.19471079492731208,0.04220300348618933,3.090284590495214,opponent,73,104,False
10861,13907,711.0,8.0,0.028132789933921577,0.011358916190050165,2.553343811341229,opponent,9,64,False
13907,3129,1404.0,13.0,0.05791601353023678,0.029182515433061048,3.1945831322991562,opponent,64,87,False
10863,54,85.0,2.0,0.007755474452554745,0.0010345918839309623,0.8823891801984738,opponent,11,103,False
10861,10864,100.0,3.0,0.007619628162145687,0.0019586336571607646,0.9808292530117263,opponent,9,12,False
10864,3129,115.0,3.0,0.00876257238646754,0.003087165445222947,1.0704414117014134,opponent,12,87,False
10864,54,392.0,3.0,0.029868942395611095,0.004665833482116289,2.0193376176101303,opponent,12,103,False
10864,57,392.0,3.0,0.029868942395611095,0.005440741717442296,2.0193376176101303,opponent,12,106,False
10864,68,392.0,3.0,0.029868942395611095,0.0052147076038950675,2.0193376176101303,opponent,12,112,False
10864,58,35.0,2.0,0.0026668698567509906,0.0005182344492648475,0.4595323293784402,opponent,12,107,False
13,3129,100.0,2.0,0.0092824654228163,0.0028640985249892598,0.9808292530117263,opponent,56,87,False
13,55,274.0,5.0,0.04237550262913702,0.0161508989095196,1.7167964307545998,opponent,56,104,False
2,3129,22.0,1.0,0.003490955252300857,0.0007207915601860952,0.31237468504215243,opponent,77,87,False
10863,10884,137.0,2.0,0.015682234432234432,0.007004448080167698,1.1888591665158879,opponent,11,31,False
10864,10884,137.0,2.0,0.015682234432234432,0.006306679556230723,1.1888591665158879,opponent,12,31,False
10884,3,137.0,2.0,0.015682234432234432,0.004711627747016542,1.1888591665158879,opponent,31,86,False
13,56,124.0,1.0,0.07089765580331618,0.010001613163413454,1.120591195386885,opponent,56,105,False
13,60,124.0,1.0,0.113345521023766,0.010559482244741548,1.120591195386885,opponent,56,109,False
13,64,124.0,1.0,0.06438213914849429,0.009860834990059643,1.120591195386885,opponent,56,111,False
3,56,124.0,1.0,0.07089765580331618,0.005610098176718092,1.120591195386885,opponent,86,105,False
3,60,124.0,1.0,0.113345521023766,0.005781424841477061,1.120591195386885,opponent,86,109,False
3,64,124.0,1.0,0.06438213914849429,0.005565529622980251,1.120591195386885,opponent,86,111,False
10877,14843,3268.0,36.0,0.13559603335961162,0.03443915187792438,4.015782239718998,opponent,24,71,False
10881,14843,2669.0,27.0,0.11074229285091905,0.034951024042742654,3.817345958486238,opponent,28,71,False
14843,43,3298.0,35.0,0.13684079498775983,0.04712236383380008,4.024756275415386,opponent,71,96,False
14843,44,1249.0,12.0,0.06594857173029199,0.029886817735876144,3.0826742036877994,opponent,71,97,False
14843,8889,2726.0,32.0,0.11310733994440064,0.03602151248067444,3.8380175921176503,opponent,71,129,False
10877,14982,1351.0,14.0,0.13965267727930536,0.01639921342040737,3.157709389630713,opponent,24,74,False
10881,14982,1218.0,10.0,0.12590448625180897,0.019214993374140215,3.0587070727153796,opponent,28,74,False
14982,43,1477.0,14.0,0.15267727930535455,0.02573977902478129,3.2432431813164952,opponent,74,96,False
14982,44,877.0,7.0,0.09065536489559645,0.03161955581194116,2.7483387200163216,opponent,74,97,False
14982,8889,1134.0,12.0,0.11722141823444283,0.018045256357213327,2.990719731730447,opponent,74,129,False
104,14843,2802.0,34.0,0.11626073606904277,0.05742273956881712,3.8649313978942956,opponent,4,71,False
104,14982,1688.0,18.0,0.17448831920611949,0.04757207676915706,3.37188299399338,opponent,4,74,False
14843,40,1472.0,17.0,0.06107630388780549,0.017370986204699134,3.239984788078436,opponent,71,94,False
14982,40,764.0,10.0,0.078974571015092,0.010757533089270629,2.6198259676873707,opponent,74,94,False
104,87,3272.0,38.0,0.11899479943266539,0.054876310272536685,4.016983441064633,opponent,4,127,False
10879,14843,2113.0,24.0,0.08767271067590557,0.03811808850323814,3.589519418034329,opponent,26,71,False
10879,14982,1330.0,13.0,0.13748191027496381,0.031826557227978655,3.142714463902637,opponent,26,74,False
14843,47,1610.0,19.0,0.07878254061460169,0.03750553264844969,3.3262343431887,opponent,71,99,False
14982,47,1007.0,9.0,0.10409344635104403,0.03460124385802151,2.8782616890796526,opponent,74,99,False
40,78,421.0,5.0,0.051860064055186006,0.006030913805205782,2.0815227078836607,opponent,94,119,False
44,78,75.0,2.0,0.009238728750923873,0.002779630865021125,0.8109302162163288,opponent,97,119,False
104,80,635.0,7.0,0.10729976343359243,0.01937156802928615,2.4495672833426916,opponent,4,121,False
104,90,409.0,4.0,0.024239909915249214,0.009303701007711381,2.0562582062241788,opponent,4,132,False
10881,80,722.0,11.0,0.12200067590402162,0.01200771687067589,2.5675101783232104,opponent,28,121,False
47,80,601.0,7.0,0.10155457924974653,0.023337086941327224,2.399409277629586,opponent,99,121,False
10879,80,530.0,6.0,0.08955728286583305,0.013648185821337522,2.2857779746776643,opponent,26,121,False
44,80,203.0,3.0,0.03430212909766813,0.008233957978421351,1.4778094699556639,opponent,97,121,False
44,82,374.0,4.0,0.031164069660861594,0.012235817575083427,1.9786999718783043,opponent,97,122,False
44,90,374.0,4.0,0.02216558999585136,0.0105536429821096,1.9786999718783043,opponent,97,132,False
10877,84,125.0,2.0,0.07896399241945673,0.001655256432326496,1.1260112628562242,opponent,24,124,False
10879,84,217.0,3.0,0.13708149084017687,0.006233661773577317,1.529672943965238,opponent,26,124,False
10881,84,11.0,1.0,0.006948831332912192,0.00019467648308084385,0.16833531481921474,opponent,28,124,False
44,84,217.0,3.0,0.13708149084017687,0.010687022900763359,1.529672943965238,opponent,97,124,False
84,8889,125.0,2.0,0.07896399241945673,0.0022417503586800573,1.1260112628562242,opponent,124,129,False
104,82,206.0,2.0,0.01716523623031414,0.005242797516033799,1.4891517465595983,opponent,4,122,False
104,84,206.0,2.0,0.1301326595072647,0.007134446214587518,1.4891517465595983,opponent,4,124,False
47,84,92.0,1.0,0.05811749842072015,0.004195740411364984,0.9295359586241757,opponent,99,124,False
14982,48,92.0,1.0,0.01262522299986277,0.005453790977532753,0.9295359586241757,opponent,74,100,False
48,82,92.0,1.0,0.01262522299986277,0.004792665138570536,0.9295359586241757,opponent,100,122,False
48,84,92.0,1.0,0.05811749842072015,0.010480747322852585,0.9295359586241757,opponent,100,124,False
48,90,92.0,1.0,0.01262522299986277,0.003822502908426126,0.9295359586241757,opponent,100,132,False
10867,13906,1408.0,13.0,0.040591576094790555,0.02021913637864928,3.19731164695236,opponent,14,63,False
10890,13907,1495.0,15.0,0.059154037906065764,0.023782253189526262,3.254886262391234,opponent,37,64,False
13906,14,1747.0,13.0,0.048049947741899995,0.018961306778097358,3.405078728370128,opponent,63,65,False
13907,99,1382.0,13.0,0.05468286313457049,0.026818808096097494,3.179441755622794,opponent,64,136,False
13907,86,1048.0,9.0,0.04146717841174376,0.017370837546203444,2.9159673050851285,opponent,64,125,False
10863,13906,634.0,6.0,0.057846715328467156,0.013580670036843458,2.448127398284704,opponent,11,63,False
10890,14845,572.0,4.0,0.023228426395939087,0.009059663905475395,2.354544831924757,opponent,37,73,False
13906,14845,1295.0,11.0,0.052588832487309646,0.021696153330652727,3.1172121710917007,opponent,63,73,False
14845,79,1081.0,10.0,0.04389847715736041,0.01446482812144568,2.945315787639975,opponent,73,120,False
14845,86,919.0,9.0,0.03731979695431472,0.015364809737176487,2.79218708030841,opponent,73,125,False
14845,99,1277.0,14.0,0.05185786802030457,0.025045108653016394,3.1038390148798425,opponent,73,136,False
103,14845,1401.0,12.0,0.056893401015228426,0.0169814065113573,3.192531849528599,opponent,3,73,False
14845,89,1342.0,13.0,0.05449746192893401,0.01481023694171918,3.1513105053724346,opponent,73,130,False
10864,10890,1.0,1.0,7.619628162145687e-05,1.915451950887812e-05,0.016529301951210565,opponent,12,37,False
107,14845,1154.0,14.0,0.04686294416243655,0.015535601297774666,3.007331409397343,opponent,6,73,False
13906,2,574.0,8.0,0.09108219612821326,0.013638739723423466,2.3577043922151253,opponent,63,77,False
2,79,595.0,9.0,0.09441447159631863,0.010457677165354331,2.3902906734131513,opponent,77,120,False
2,86,655.0,10.0,0.10393525864804824,0.01568749550930472,2.477937980471907,opponent,77,125,False
10864,86,534.0,9.0,0.04068881438585797,0.010965993100049285,2.2925347571405443,opponent,12,125,False
10867,91,172.0,1.0,0.01546067415730337,0.003768624014022787,1.3523928094442093,opponent,14,133,False
2,91,567.0,6.0,0.08997143763884481,0.03362989323843416,2.34660197841082,opponent,77,133,False
10,95,177.0,1.0,0.05181498829039813,0.0030194987973182754,1.3737155789130306,opponent,1,134,False
103,4181,1709.0,25.0,0.09246334469512525,0.02247146689107453,3.3838251319376846,opponent,3,95,False
10890,4181,1995.0,21.0,0.10793702321051778,0.03589937378535953,3.5336865647082343,opponent,37,95,False
13906,4181,1654.0,22.0,0.089487637288319,0.031097824656401,3.3522405369356245,opponent,63,95,False
4181,79,1496.0,13.0,0.08093924146513012,0.021943205820229992,3.2555291425162363,opponent,95,120,False
4181,89,1260.0,16.0,0.06817075150137965,0.014901895852305655,3.091042453358316,opponent,95,130,False
107,4181,1275.0,19.0,0.06898230806687226,0.018745038078155783,3.1023420086122493,opponent,6,95,False
10890,45,340.0,3.0,0.009380604221271899,0.004533998319753564,1.8971199848858813,opponent,37,98,False
4181,86,1784.0,24.0,0.09652112752258832,0.03378467948110974,3.4253478418944385,opponent,95,125,False
4181,99,659.0,11.0,0.035654385110642214,0.014494985043111032,2.483516795498946,opponent,95,136,False
4181,91,478.0,4.0,0.04296629213483146,0.01640920013731548,2.1935139979396836,opponent,95,133,False
10890,13029,1240.0,10.0,0.0447153005661534,0.018909645444147923,3.0757749812275277,opponent,37,57,False
10890,34,2670.0,36.0,0.06831439975437519,0.03088097523739027,3.817712325956905,opponent,37,89,False
13906,34,3355.0,47.0,0.09227680290445019,0.04039735099337748,4.041588209782789,opponent,63,89,False
107,13029,996.0,15.0,0.03591648335797483,0.012844155006770263,2.8678989020441064,opponent,6,57,False
107,14038,1107.0,18.0,0.04014069185582711,0.014324348805010286,2.9678470700644555,opponent,6,67,False
13906,21,1571.0,36.0,0.04320919742560097,0.019508984564183443,3.302604040398913,opponent,63,78,False
10890,14038,1733.0,31.0,0.06283994488360287,0.02669069291071786,3.397300911383032,opponent,37,67,False
14038,86,1665.0,32.0,0.06037421132787004,0.02684661152227543,3.3586377672433594,opponent,67,125,False
101,19,129.0,2.0,0.04673913043478261,0.014989542179874506,1.1474024528375417,opponent,2,76,False
14038,73,43.0,1.0,0.008293153326904532,0.0013141809290953546,0.5403844260075351,opponent,67,115,False
19,73,129.0,2.0,0.04673913043478261,0.01650460593654043,1.1474024528375417,opponent,76,115,False
22,73,129.0,2.0,0.024879459980713597,0.004501046755059316,1.1474024528375417,opponent,79,115,False
23,73,129.0,2.0,0.0254739336492891,0.012747035573122529,1.1474024528375417,opponent,80,115,False
28,73,129.0,2.0,0.024879459980713597,0.004762959680992468,1.1474024528375417,opponent,84,115,False
14038,91,43.0,1.0,0.0038651685393258427,0.0011122607346094155,0.5403844260075351,opponent,67,133,False
19,95,129.0,2.0,0.04673913043478261,0.021332892343310733,1.1474024528375417,opponent,76,134,False
10873,73,86.0,1.0,0.016586306653809064,0.0063931013975617006,0.8892620594862357,opponent,20,115,False
14843,39,665.0,6.0,0.027592216090618647,0.013535518013433747,2.4918270926325743,opponent,71,92,False
14982,39,268.0,2.0,0.027703121769691957,0.007635327635327635,1.698669046162043,opponent,74,92,False
39,80,144.0,2.0,0.024332544778641434,0.004576077284860811,1.2237754316221157,opponent,92,121,False
10887,35,517.0,10.0,0.3922610015174507,0.007252272472225339,2.263497704285999,opponent,34,90,False
14843,35,257.0,4.0,0.19499241274658574,0.010213814482155631,1.66455721165518,opponent,71,90,False
35,75,517.0,10.0,0.3922610015174507,0.008495325106396964,2.263497704285999,opponent,90,116,False
35,80,88.0,1.0,0.06676783004552352,0.012311135982092894,0.9028677115420143,opponent,90,121,False
35,87,250.0,5.0,0.18968133535660092,0.006855325216628277,1.6422277352570913,opponent,90,127,False
10885,35,267.0,5.0,0.20257966616084977,0.004922838652580342,1.6956156086751528,opponent,32,90,False
35,88,76.0,2.0,0.057663125948406675,0.0018854817902153418,0.8183103235139513,opponent,90,128,False
35,76,353.0,7.0,0.26783004552352047,0.0056016630433057745,1.929103030738932,opponent,90,117,False
10888,35,260.0,6.0,0.19726858877086495,0.00744154097140731,1.6739764335716716,opponent,35,90,False
1,14844,2231.0,24.0,0.11701458092940313,0.028393616208924072,3.642399120231395,opponent,0,72,False
1,4181,2354.0,25.0,0.1273602770113077,0.030230646735501104,3.694695839435376,opponent,0,95,False
10,14844,2200.0,24.0,0.11538864995279555,0.03045151288652659,3.628775530044231,opponent,1,72,False
10,4181,2254.0,23.0,0.12194989990802359,0.031476490385286764,3.6523883455315214,opponent,1,95,False
10867,14844,2049.0,19.0,0.1074687926151264,0.039629429057713134,3.5596246182566738,opponent,14,72,False
10867,4181,2049.0,19.0,0.11085862684629119,0.04008137555994601,3.5596246182566738,opponent,14,95,False
110,13907,1312.0,13.0,0.05191310885134333,0.01653100824030441,3.12968024606373,opponent,44,64,False
118,13907,2052.0,21.0,0.08119336841688758,0.026679148139480458,3.5610460826040513,opponent,48,64,False
121,13907,1910.0,22.0,0.07557472401376963,0.030618788073100353,3.4914442595099335,opponent,51,64,False
13907,14844,2158.0,25.0,0.113185775726424,0.05116047509542211,3.610016605688212,opponent,64,72,False
13907,4181,2255.0,24.0,0.12200400367905644,0.05433604009541939,3.6528204042982337,opponent,64,95,False
14,14844,1621.0,15.0,0.08502045526067345,0.021622270538489242,3.332799571186515,opponent,65,72,False
14,4181,1617.0,14.0,0.08748579776010387,0.021736792579647803,3.3304171996011083,opponent,65,95,False
14844,5,997.0,11.0,0.052292038183153255,0.016558161163887596,2.868845423648137,opponent,72,101,False
4181,5,1077.0,12.0,0.058269761402369745,0.018085946027641103,2.9418039315284354,opponent,95,101,False
116,13907,996.0,14.0,0.0394096466584893,0.01973175901895913,2.8678989020441064,opponent,47,64,False
116,14845,1250.0,17.0,0.050761421319796954,0.025214321734745335,3.0834378539730967,opponent,47,73,False
118,14845,2916.0,29.0,0.11841624365482234,0.03867271425161136,3.903990833730882,opponent,48,73,False
121,14845,933.0,16.0,0.03788832487309644,0.014878247141558628,2.806386101823072,opponent,51,73,False
14844,14845,971.0,16.0,0.05092835413825658,0.02272940074906367,2.8439399217948593,opponent,72,73,False
14845,4181,1068.0,15.0,0.05778282746307418,0.025404376784015224,2.9338568698359038,opponent,73,95,False
108,13907,203.0,5.0,0.0243668227103589,0.006077662345438759,1.4778094699556639,opponent,7,64,False
10891,13907,366.0,9.0,0.020512245698593286,0.00856140350877193,1.9600947840472698,opponent,38,64,False
108,14845,203.0,5.0,0.0243668227103589,0.006197905535370806,1.4778094699556639,opponent,7,73,False
10891,14845,2588.0,27.0,0.1450428739561733,0.06489468405215647,3.787215354834798,opponent,38,73,False
10865,4181,70.0,1.0,0.0037872639722988694,0.0013641767193498724,0.7731898882334818,opponent,13,95,False
3,4181,626.0,10.0,0.03386896066655846,0.01632972479457415,2.4365330655037845,opponent,86,95,False
10865,14844,49.0,2.0,0.00257001993076681,0.0009438141649170792,0.597003320007043,opponent,13,72,False
14844,3,609.0,12.0,0.0319416762823875,0.01564145370489277,2.411439497906128,opponent,72,86,False
108,14,4.0,1.0,0.0004801344376425399,6.0743192965938256e-05,0.06453852113757116,opponent,7,65,False
110,14845,1985.0,21.0,0.08060913705583757,0.025434044461528606,3.5288085062548014,opponent,44,73,False
118,2,511.0,7.0,0.08108536972389717,0.008590545356734584,2.2530446474339096,opponent,48,77,False
14844,2,60.0,2.0,0.00952078705172961,0.002370791844476055,0.6931471805599453,opponent,72,77,False
2,4181,60.0,2.0,0.00952078705172961,0.0024266936299292214,0.6931471805599453,opponent,77,95,False
14845,45,2348.0,19.0,0.0953502538071066,0.04012166364785893,3.692207244206611,opponent,73,98,False
13907,45,288.0,2.0,0.01139556047956317,0.004703576678098971,1.7578579175523736,opponent,64,98,False
1,13029,1743.0,20.0,0.06285384587645595,0.019868455549602745,3.4028626609812167,opponent,0,57,False
10,13029,898.0,9.0,0.03238253218419819,0.010922846751730261,2.77050321574876,opponent,1,57,False
10867,13029,1200.0,11.0,0.043272871515632326,0.019602077820248948,3.044522437723423,opponent,14,57,False
13029,13907,1580.0,17.0,0.06251731096427017,0.030724953329184818,3.3081069585961433,opponent,57,64,False
13907,34,1997.0,24.0,0.07901713290863768,0.027235655933336062,3.5346593274308566,opponent,64,89,False
13029,14,1462.0,15.0,0.05272078179654538,0.017447758165956583,3.2334359761995306,opponent,57,65,False
10867,21,709.0,9.0,0.0204399342693228,0.008893850824155147,2.550746407283543,opponent,14,78,False
13907,21,1016.0,14.0,0.04020100502512563,0.014514907781762076,2.886661178499629,opponent,64,78,False
10864,21,182.0,3.0,0.01386772325510515,0.0031014621178555605,1.3945931639345857,opponent,12,78,False
14845,32,1008.0,14.0,0.04093401015228426,0.020460773368517204,2.8791984572980396,opponent,73,88,False
1,23,181.0,4.0,0.03574249605055292,0.002716820269580619,1.3904523712685544,opponent,0,80,False
10864,13029,357.0,6.0,0.027202072538860103,0.008815250135809177,1.9387416595767009,opponent,12,57,False
13907,23,51.0,1.0,0.010071090047393365,0.0016839463778643598,0.6151856390902335,opponent,64,80,False
13029,14845,722.0,12.0,0.02931979695431472,0.013983034434674827,2.5675101783232104,opponent,57,73,False
14845,23,130.0,2.0,0.025671406003159557,0.0043979836936296895,1.1526795099383853,opponent,73,80,False
13029,5,649.0,12.0,0.023403411344704483,0.009375225713253882,2.4695109643100266,opponent,57,101,False
14845,21,875.0,11.0,0.03553299492385787,0.012591739818678947,2.7462019670665865,opponent,73,78,False
14845,24,322.0,5.0,0.013076142131979695,0.005964067419892573,1.8510760463844744,opponent,73,81,False
13029,3,130.0,1.0,0.006348276198847543,0.002703883192246095,1.1526795099383853,opponent,57,86,False
13,25,35.0,1.0,0.003671457043952586,0.001726604508904346,0.4595323293784402,opponent,56,82,False
13,13029,218.0,5.0,0.020235774621739533,0.005693987358303296,1.5332765514685365,opponent,56,57,False
13029,4,51.0,2.0,0.002755118578142726,0.0011041111904916542,0.6151856390902335,opponent,57,93,False
10877,14845,3853.0,38.0,0.15646700507614214,0.04063017367738398,4.177715059988312,opponent,24,73,False
10881,14845,3146.0,30.0,0.127756345177665,0.041172082553559045,3.9784347709473975,opponent,28,73,False
14845,43,3041.0,32.0,0.12349238578680204,0.042970792296061835,3.9451353568783483,opponent,73,96,False
13907,44,691.0,6.0,0.03648555889962511,0.015877392523149743,2.527061089542034,opponent,64,97,False
14845,44,1604.0,11.0,0.08469296161360157,0.038226882745471875,3.322635059159053,opponent,73,97,False
14845,8889,3214.0,32.0,0.13051776649746194,0.04244977744905102,3.9994231957089794,opponent,73,129,False
10863,44,40.0,1.0,0.0036496350364963502,0.0013396295924176964,0.5108256237659906,opponent,11,97,False
10879,3,948.0,17.0,0.04629358335774978,0.017895233600755074,2.8213788864092133,opponent,26,86,False
10864,10881,1310.0,13.0,0.0998171289241085,0.019626644293290984,3.1282214566000697,opponent,12,28,False
104,10867,1332.0,14.0,0.048441648179801435,0.02188917373299152,3.1441522786722644,opponent,4,14,False
104,3,473.0,8.0,0.023097958785037603,0.009957475474716855,2.184176861943744,opponent,4,86,False
10864,44,571.0,4.0,0.04350807680585187,0.018131588974977773,2.3529613003191128,opponent,12,97,False
104,14845,530.0,4.0,0.02152284263959391,0.01027291052876415,2.2857779746776643,opponent,4,73,False
10879,14845,1763.0,22.0,0.07159390862944162,0.03131049425471078,3.4138942124565625,opponent,26,73,False
14845,40,1559.0,15.0,0.06330964467005076,0.018303277918662535,3.2952193914555346,opponent,73,94,False
14845,47,456.0,3.0,0.022313564298297124,0.010223069162649928,2.151762203259462,opponent,73,99,False
104,13,160.0,1.0,0.01485194467650608,0.004198373130411965,1.2992829841302609,opponent,4,56,False
13,47,160.0,1.0,0.01485194467650608,0.005153145028825405,1.2992829841302609,opponent,56,99,False
3,47,201.0,3.0,0.009835584263065179,0.004936998010463488,1.4701758451005928,opponent,86,99,False
14844,16,2506.0,26.0,0.13143816217350257,0.034420712863127534,3.755758982953481,opponent,72,75,False
16,4181,2976.0,29.0,0.16101282259373478,0.04147619578548333,3.92395157629342,opponent,75,95,False
14844,54,2075.0,17.0,0.10883247666002308,0.023506355212180256,3.5718773634406245,opponent,72,103,False
4181,54,2809.0,23.0,0.15197749283125034,0.032303322331727176,3.867374253759264,opponent,95,103,False
14844,57,2356.0,22.0,0.1235707542221756,0.03098899075328502,3.695523996832605,opponent,72,106,False
4181,57,3112.0,29.0,0.16837093545420115,0.041666666666666664,3.967773020532638,opponent,95,106,False
14844,62,1197.0,12.0,0.06278191545158922,0.022822170108105017,3.0421386463681466,opponent,72,110,False
4181,62,1692.0,14.0,0.09154358058756695,0.03293687099725526,3.374168709274236,opponent,95,110,False
14844,68,400.0,5.0,0.020979754536871918,0.004931817621384361,2.03688192726104,opponent,72,112,False
4181,68,1307.0,14.0,0.07071362873992318,0.016416298231511254,3.1260292745018488,opponent,95,112,False
14844,3129,1404.0,13.0,0.07363893842442043,0.03350515463917526,3.1945831322991562,opponent,72,87,False
3129,4181,1831.0,20.0,0.09906400476113185,0.044774294517533134,3.4505165064363568,opponent,87,95,False
10861,4181,2130.0,22.0,0.11524103229995131,0.039165210995678955,3.597312260588446,opponent,9,95,False
4181,58,1060.0,14.0,0.057349997294811446,0.014748646881217737,2.9267394020670396,opponent,95,107,False
118,55,217.0,4.0,0.03356016084132385,0.0036201661606219343,1.529672943965238,opponent,48,104,False
10861,14844,1621.0,14.0,0.08502045526067345,0.02921931611298376,3.332799571186515,opponent,9,72,False
12,14844,845.0,13.0,0.04431973145914193,0.014481824881317589,2.7135903814778253,opponent,50,72,False
12,4181,1065.0,17.0,0.057620516149975654,0.01850693358356793,2.9311937524164198,opponent,50,95,False
14844,55,212.0,3.0,0.03278688524590164,0.008372827804107424,1.5114575040738967,opponent,72,104,False
4181,55,480.0,5.0,0.07423445716053201,0.019616657811925294,2.1972245773362196,opponent,95,104,False
14844,58,1063.0,14.0,0.05575369768173712,0.014671985203792908,2.9294143925163425,opponent,72,107,False
10884,4181,390.0,5.0,0.044642857142857144,0.014536509001453651,2.0149030205422647,opponent,31,95,False
4181,56,250.0,2.0,0.1429388221841052,0.012511260134120709,1.6422277352570913,opponent,95,105,False
51,56,250.0,2.0,0.1429388221841052,0.0060403981830482265,1.6422277352570913,opponent,102,105,False
4181,60,258.0,2.0,0.23583180987202926,0.013354728505616233,1.667706820558076,opponent,95,109,False
51,60,167.0,1.0,0.1526508226691042,0.004091532732261858,1.3306054552593019,opponent,102,109,False
4181,64,258.0,2.0,0.13395638629283488,0.012803334822093197,1.667706820558076,opponent,95,111,False
51,64,167.0,1.0,0.08670820353063344,0.004009796388782174,1.3306054552593019,opponent,102,111,False
104,21,629.0,11.0,0.0228752227515729,0.00866295724988982,2.440896708791558,opponent,4,78,False
104,32,747.0,14.0,0.02912507797878977,0.014256269323256613,2.598979106047848,opponent,4,88,False
13029,47,231.0,2.0,0.011303581914268937,0.0048189252336448595,1.5789787049493917,opponent,57,99,False
104,10873,543.0,9.0,0.06500658446067281,0.01537938652391877,2.307572634505085,opponent,4,20,False
10873,10877,372.0,6.0,0.0445348976415659,0.004534373476352998,1.9740810260220096,opponent,20,24,False
10873,10879,301.0,5.0,0.036034957500299294,0.007253536400221703,1.7945333961107803,opponent,20,26,False
10873,10881,281.0,4.0,0.03364060816473123,0.0044600342835375536,1.737537915061416,opponent,20,28,False
10873,39,397.0,6.0,0.04752783431102598,0.011797919762258543,2.030338828672104,opponent,20,92,False
10873,40,471.0,8.0,0.0563869268526278,0.006729340496056693,2.180417459019838,opponent,20,94,False
10873,10880,262.0,5.0,0.03136597629594158,0.004404767909080211,1.6802069833223074,opponent,20,27,False
104,19,125.0,5.0,0.04528985507246377,0.004148413646621532,1.1260112628562242,opponent,4,76,False
10879,19,117.0,4.0,0.042391304347826085,0.0032420749279538905,1.0818051703517284,opponent,26,76,False
10880,19,125.0,5.0,0.04528985507246377,0.0023137436372049976,1.1260112628562242,opponent,27,76,False
13029,48,184.0,3.0,0.02525044599972554,0.005282195556065913,1.4028236630711013,opponent,57,100,False
19,48,391.0,5.0,0.14166666666666666,0.040492957746478875,2.0171227772805778,opponent,76,100,False
34,48,166.0,4.0,0.022780293673665433,0.002903722362160649,1.3261904370501851,opponent,89,100,False
13029,38,180.0,2.0,0.05420054200542006,0.005830526043016326,1.3862943611198906,opponent,57,91,False
22,38,289.0,3.0,0.08702198133092443,0.01084997747409521,1.7607273599803264,opponent,79,91,False
24,38,117.0,2.0,0.03523035230352303,0.0035572040983855766,1.0818051703517284,opponent,81,91,False
10873,10878,379.0,3.0,0.3270060396893874,0.041497864885579765,1.9901548508530706,opponent,20,25,False
10878,13029,172.0,1.0,0.14840379637618636,0.005989275019151752,1.3523928094442093,opponent,25,57,False
10878,19,379.0,3.0,0.3270060396893874,0.10706214689265536,1.9901548508530706,opponent,25,76,False
10878,22,281.0,2.0,0.24245038826574633,0.011477820439506577,1.737537915061416,opponent,25,79,False
10878,23,281.0,2.0,0.24245038826574633,0.04729047458768092,1.737537915061416,opponent,25,80,False
10873,48,379.0,3.0,0.052010429532043365,0.024834545573684554,1.9901548508530706,opponent,20,100,False
10878,24,109.0,1.0,0.09404659188955997,0.0035462146598561994,1.0355541527009728,opponent,25,81,False
10864,16,327.0,2.0,0.024916184090216398,0.0047362475015208134,1.864080130807681,opponent,12,75,False
10864,62,299.0,1.0,0.022782688204815604,0.006307351545195654,1.7889778262661782,opponent,12,110,False
10867,10884,117.0,2.0,0.013392857142857142,0.0027017041518496284,1.0818051703517284,opponent,14,31,False
10884,13907,39.0,1.0,0.004464285714285714,0.0011480718280836033,0.5007752879124893,opponent,31,64,False
10860,10867,176.0,3.0,0.005073947011848819,0.0023790213571235467,1.3694872428035094,opponent,8,14,False
10860,14845,1493.0,14.0,0.06062944162436548,0.023849459273813517,3.2535992609265865,opponent,8,73,False
10884,14845,78.0,1.0,0.008928571428571428,0.002343538743502689,0.832909122935104,opponent,31,73,False
14845,62,298.0,3.0,0.012101522842639593,0.005058821532245743,1.7861884241785997,opponent,73,110,False
10860,13,211.0,4.0,0.019586002042142392,0.004217385221162879,1.5077742586576002,opponent,8,56,False
10880,14843,1091.0,9.0,0.045267831210323226,0.014663978494623656,2.954041846499782,opponent,27,71,False
10880,14982,584.0,5.0,0.06036799669216456,0.009656084656084656,2.373354163882253,opponent,27,74,False
110,14038,364.0,5.0,0.013198926680687504,0.004405766228107336,1.955388893009857,opponent,44,67,False
118,14038,552.0,10.0,0.020015954746537095,0.006838538634026685,2.322387720290225,opponent,48,67,False
119,14038,627.0,6.0,0.048301363531315,0.015701692877892418,2.4379897300002487,opponent,49,67,False
14038,14844,644.0,12.0,0.03377740480436379,0.014,2.4624337939359418,opponent,67,72,False
14844,21,709.0,8.0,0.03718661491660548,0.011061360126058942,2.550746407283543,opponent,72,78,False
14844,25,250.0,4.0,0.0262246931710899,0.008818653215280962,1.6422277352570913,opponent,72,82,False
14844,29,1599.0,20.0,0.0838665687611455,0.018878171450159974,3.3196257279683437,opponent,72,85,False
14844,34,1827.0,24.0,0.09582502884716249,0.027152750943732724,3.4483989831464497,opponent,72,89,False
14038,51,1063.0,10.0,0.03854521720211763,0.01600807180290344,2.9294143925163425,opponent,67,102,False
14038,4181,1187.0,16.0,0.06422117621598225,0.026451842938004188,3.0341513834579357,opponent,67,95,False
21,4181,250.0,5.0,0.013525942758210247,0.00390789864474075,1.6422277352570913,opponent,78,95,False
25,4181,62.0,3.0,0.006503723906430295,0.0022179294555340918,0.7096764825111559,opponent,82,95,False
29,4181,1042.0,14.0,0.05637612941622031,0.01230587540596398,2.910537427490759,opponent,85,95,False
34,4181,1279.0,20.0,0.06919872315100363,0.019018304560526982,3.1053337834690717,opponent,89,95,False
116,14038,1083.0,14.0,0.04133587786259542,0.020552234557358384,2.94706710157271,opponent,47,67,False
14038,45,1011.0,12.0,0.0366596562477337,0.016095650512640898,2.8820035082256483,opponent,67,98,False
10874,14844,599.0,11.0,0.0314171824189657,0.01120820313230919,2.3963789722804063,opponent,21,72,False
13029,14844,1349.0,16.0,0.07075422217560054,0.02968227424749164,3.1562909496765794,opponent,57,72,False
14844,24,1167.0,14.0,0.061208433861323824,0.02452401966965074,3.017982882488811,opponent,72,81,False
10874,4181,1107.0,16.0,0.05989287453335498,0.021145323960880195,2.9678470700644555,opponent,21,95,False
13029,4181,1502.0,16.0,0.08126386409132716,0.03359277151547683,3.2593777681775307,opponent,57,95,False
24,4181,1281.0,14.0,0.06930693069306931,0.02731984047431167,3.106826321059578,opponent,81,95,False
10872,14844,649.0,12.0,0.034039651736074684,0.00888809761842808,2.4695109643100266,opponent,19,72,False
10872,4181,1270.0,15.0,0.06871178921170805,0.017684327786674094,3.0985896589936988,opponent,19,95,False
14844,28,515.0,5.0,0.027011433966222596,0.012691293526208137,2.26002547857525,opponent,72,84,False
28,51,204.0,2.0,0.009260940621027784,0.003305624422731029,1.4816045409242156,opponent,84,102,False
28,4181,311.0,3.0,0.01682627279121355,0.007736318407960199,1.8218575003853346,opponent,84,95,False
10873,10891,357.0,5.0,0.04273913563988986,0.013816324161151748,1.9387416595767009,opponent,20,38,False
10891,14038,704.0,10.0,0.03945524855685703,0.015743453272804526,2.54422322694442,opponent,38,67,False
10873,116,376.0,6.0,0.04501376750867952,0.011001550750504725,1.9832976811269336,opponent,20,47,False
10873,14844,242.0,4.0,0.028971626960373517,0.008904588438753358,1.6160824551527688,opponent,20,72,False
10873,4181,507.0,7.0,0.06069675565665031,0.019256333320673023,2.2460147415056513,opponent,20,95,False
10873,45,376.0,6.0,0.04501376750867952,0.00850255528922256,1.9832976811269336,opponent,20,98,False
10873,51,265.0,3.0,0.031725128696276785,0.005523480000833733,1.6894806201076369,opponent,20,102,False
10891,23,122.0,1.0,0.024091627172195894,0.0053543998244459075,1.1096621248546947,opponent,38,80,False
116,23,122.0,1.0,0.024091627172195894,0.00391753901483527,1.1096621248546947,opponent,47,80,False
23,4181,122.0,1.0,0.024091627172195894,0.005208110992529349,1.1096621248546947,opponent,80,95,False
23,45,122.0,1.0,0.024091627172195894,0.002962099691650278,1.1096621248546947,opponent,80,98,False
23,51,122.0,1.0,0.024091627172195894,0.0027213312216992705,1.1096621248546947,opponent,80,102,False
10873,119,131.0,1.0,0.01568298814797079,0.006178370985237938,1.157928865824529,opponent,20,49,False
10860,14982,328.0,4.0,0.03390531321066777,0.006719246133360647,1.8666607774011728,opponent,8,74,False
10860,14843,280.0,4.0,0.011617775196049956,0.004424079633433402,1.7346010553881064,opponent,8,71,False
118,13,551.0,3.0,0.05114638447971781,0.008620824532582337,2.3207523969494948,opponent,48,56,False
13,45,551.0,3.0,0.05114638447971781,0.011857877633589428,2.3207523969494948,opponent,56,98,False
14845,51,1832.0,14.0,0.07439593908629441,0.029226891292556078,3.451045187389723,opponent,73,102,False
13275,14845,2216.0,21.0,0.1457223647004669,0.058911101658868564,3.635830233024121,opponent,58,73,False
13275,4,888.0,9.0,0.058394160583941604,0.027048431312823636,2.760009940032921,opponent,58,93,False
13275,5,1449.0,11.0,0.0952850660879858,0.02592082431441298,3.224857896545748,opponent,58,101,False
13,13275,226.0,2.0,0.020978371855564837,0.008775335870156092,1.561647248597752,opponent,56,58,False
10864,118,453.0,5.0,0.03451691557451996,0.006825989994575372,2.145931282948669,opponent,12,48,False
103,14843,2190.0,18.0,0.0908675988548193,0.0269740974762591,3.624340932976365,opponent,3,71,False
10890,14843,1102.0,8.0,0.0457242438073109,0.017750430874796642,2.963553375189756,opponent,37,71,False
13906,14843,2708.0,22.0,0.11236048296751172,0.04689096292704888,3.8315357545154596,opponent,63,71,False
14843,79,2799.0,22.0,0.11613625990622796,0.038611689727000596,3.863882630100211,opponent,71,120,False
14843,89,2789.0,22.0,0.1157213393635119,0.03146364026082444,3.8603787722758076,opponent,71,130,False
13906,82,929.0,5.0,0.07741021581534872,0.019586759434956778,2.802349769400611,opponent,63,122,False
107,14843,1355.0,11.0,0.056221733538027466,0.018421338843874056,3.1605402478552374,opponent,6,71,False
14843,99,482.0,5.0,0.01999917015891457,0.009403226750424315,2.2009214392175456,opponent,71,136,False
14843,86,879.0,7.0,0.036471515704742545,0.01481593851132686,2.750470916986162,opponent,71,125,False
13906,90,552.0,8.0,0.03271498844307474,0.010478558818504527,2.322387720290225,opponent,63,132,False
106,14845,1501.0,15.0,0.06095431472081218,0.023639656665879204,3.2587373582933314,opponent,5,73,False
13906,4,648.0,7.0,0.035006212522284044,0.011951089061433762,2.468099531471619,opponent,63,93,False
106,2,311.0,6.0,0.04934941288479848,0.006708079893015832,1.8218575003853346,opponent,5,77,False
13,86,506.0,9.0,0.046969275039450475,0.010911521790697173,2.2442495159810822,opponent,56,125,False
14845,91,638.0,7.0,0.05734831460674157,0.018170426065162906,2.4538745405402715,opponent,73,133,False
14845,77,125.0,1.0,0.005076142131979695,0.0021425388228034693,1.1260112628562242,opponent,73,118,False
101,11,343.0,3.0,0.05740585774058577,0.02095168285382689,1.9045919997245824,opponent,2,43,False
101,9,343.0,3.0,0.7297872340425532,0.05621107833497214,1.9045919997245824,opponent,2,131,False
73,9,343.0,3.0,0.7297872340425532,0.06457078313253012,1.9045919997245824,opponent,115,131,False
77,9,343.0,3.0,0.7297872340425532,0.010097441785157054,1.9045919997245824,opponent,118,131,False
83,9,343.0,3.0,0.7297872340425532,0.04063981042654029,1.9045919997245824,opponent,123,131,False
11,95,343.0,3.0,0.10040983606557377,0.024833478134955112,1.9045919997245824,opponent,43,134,False
9,95,343.0,3.0,0.7297872340425532,0.09681061247530341,1.9045919997245824,opponent,131,134,False
10864,73,177.0,1.0,0.03413693346190935,0.009761747187293184,1.3737155789130306,opponent,12,115,False
10861,10877,1609.0,19.0,0.042306478754732854,0.014563458300899694,3.3256353614397343,opponent,9,24,False
104,10861,951.0,14.0,0.03458559115539877,0.014726377404069497,2.8243506567983707,opponent,4,9,False
104,10884,209.0,4.0,0.023923992673992672,0.0058016877637130804,1.5003668173797384,opponent,4,31,False
104,16,1035.0,18.0,0.0376404698694403,0.012514055642206827,2.9041650800285006,opponent,4,75,False
104,3129,967.0,16.0,0.03988944806534114,0.01904593082801544,2.8400526477064574,opponent,4,87,False
104,54,1142.0,17.0,0.0415318034694694,0.01169626579815236,2.997397552873052,opponent,4,103,False
104,64,153.0,3.0,0.0794392523364486,0.005227195080286983,1.2669476034873244,opponent,4,111,False
104,68,1170.0,18.0,0.04255009637414991,0.013180573861908141,3.0204248861443626,opponent,4,112,False
10877,64,78.0,1.0,0.040498442367601244,0.0010275732145915396,0.832909122935104,opponent,24,111,False
10879,64,153.0,3.0,0.0794392523364486,0.004344369356579022,1.2669476034873244,opponent,26,111,False
47,64,143.0,2.0,0.07424714434060228,0.0064359332103154955,1.2188614168196867,opponent,99,111,False
104,12,722.0,12.0,0.026257409899261737,0.010791743270107469,2.5675101783232104,opponent,4,50,False
39,64,75.0,2.0,0.03894080996884735,0.0027228172082047557,0.8109302162163288,opponent,92,111,False
10880,64,10.0,1.0,0.005192107995846314,0.00018759614302329945,0.1541506798272583,opponent,27,111,False
104,62,686.0,11.0,0.02494817616467251,0.011174276359726995,2.52038103798166,opponent,4,110,False
104,57,855.0,12.0,0.031094301196494162,0.009946602450005235,2.7245795030534206,opponent,4,106,False
106,14843,939.0,9.0,0.03896103896103896,0.0147797207750303,2.812410216426453,opponent,5,71,False
106,14982,242.0,1.0,0.02501550547860244,0.00485914503142381,1.6160824551527688,opponent,5,74,False
13906,14982,242.0,1.0,0.02501550547860244,0.005284996724175584,1.6160824551527688,opponent,63,74,False
14982,79,242.0,1.0,0.02501550547860244,0.003992015968063872,1.6160824551527688,opponent,74,120,False
14982,86,242.0,1.0,0.02501550547860244,0.00531424304976064,1.6160824551527688,opponent,74,125,False
14982,89,242.0,1.0,0.02501550547860244,0.0031526015476407597,1.6160824551527688,opponent,74,130,False
14843,77,17.0,1.0,0.0007053649226173188,0.00029347788557815144,0.24946085963158315,opponent,71,118,False
10881,14844,1986.0,20.0,0.10416448127556907,0.027578736877187135,3.529297384289471,opponent,28,72,False
104,14844,1381.0,18.0,0.0724326025385503,0.030565269355052896,3.1787480337774214,opponent,4,72,False
113,14844,259.0,4.0,0.023713605566746017,0.00871203202260419,1.6708465405627437,opponent,46,72,False
10883,10891,174.0,2.0,0.23868312757201646,0.009457549733666703,1.3609765531356006,opponent,30,38,False
10883,110,174.0,2.0,0.23868312757201646,0.003109363831308077,1.3609765531356006,opponent,30,44,False
10883,14844,174.0,2.0,0.23868312757201646,0.008868049538759493,1.3609765531356006,opponent,30,72,False
10883,51,174.0,2.0,0.23868312757201646,0.0043022450796162594,1.3609765531356006,opponent,30,102,False
10878,118,118.0,1.0,0.10181190681622088,0.0021558811707530967,1.0874389880699844,opponent,25,48,False
10878,14844,118.0,1.0,0.10181190681622088,0.005868602974088626,1.0874389880699844,opponent,25,72,False
10878,51,118.0,1.0,0.10181190681622088,0.0028829709259711703,1.0874389880699844,opponent,25,102,False
14844,48,118.0,1.0,0.016193220804171814,0.004497808271393177,1.0874389880699844,opponent,72,100,False
10890,32,1371.0,25.0,0.053454460386774795,0.021637916068243872,3.1717842173343502,opponent,37,88,False
34,77,264.0,3.0,0.007800957390225164,0.00315695067264574,1.6863989535702288,opponent,89,118,False
14843,4,1306.0,14.0,0.07055264437361569,0.03161768266111461,3.1252974779086347,opponent,71,93,False
10862,13,1677.0,21.0,0.15566694514062934,0.025834180608189296,3.3655702040190043,opponent,10,56,False
13,14843,579.0,8.0,0.053745474798106374,0.016882927540457792,2.365559892155434,opponent,56,71,False
13,75,115.0,2.0,0.010674835236238744,0.0016262691970472607,1.0704414117014134,opponent,56,116,False
13,87,1611.0,19.0,0.14954051796157058,0.03615187828194426,3.326832966373293,opponent,56,127,False
13,88,1208.0,15.0,0.1121321823076209,0.02484012255557155,3.0508515727750707,opponent,56,128,False
13,14982,1039.0,10.0,0.10740128178623114,0.05353462489694971,2.9078113921815207,opponent,56,74,False
10887,13,226.0,2.0,0.020978371855564837,0.0027889527852506357,1.561647248597752,opponent,34,56,False
14982,4,631.0,7.0,0.06522637998759562,0.022900486317776005,2.4437952615455694,opponent,74,93,False
10885,13,38.0,1.0,0.003527336860670194,0.000594483815960326,0.4906229164484712,opponent,32,56,False
13,76,260.0,4.0,0.02413441009932238,0.0035829945566044235,1.6739764335716716,opponent,56,117,False
1,84,92.0,1.0,0.05811749842072015,0.0014550055353471454,0.9295359586241757,opponent,0,124,False
10864,80,533.0,6.0,0.09006421088205475,0.028796801555999785,2.290849836775625,opponent,12,121,False
10864,84,92.0,1.0,0.05811749842072015,0.006294902497434143,0.9295359586241757,opponent,12,124,False
10865,84,424.0,4.0,0.26784586228679724,0.012448985583839807,2.087740344494531,opponent,13,124,False
13,80,417.0,7.0,0.07046299425481582,0.02562369423620499,2.0731719286662407,opponent,56,121,False
13,84,715.0,9.0,0.4516740366392925,0.06142084013400911,2.5585184671312464,opponent,56,124,False
3,84,326.0,4.0,0.20593809222994314,0.014998849781458478,1.8614928072427301,opponent,86,124,False
10880,14845,1828.0,22.0,0.07423350253807107,0.024640435655842667,3.4489287844833454,opponent,27,73,False
14845,39,267.0,4.0,0.01084263959390863,0.005334452169743467,1.6956156086751528,opponent,73,92,False
10864,113,210.0,3.0,0.019227247756821095,0.008810203054203726,1.5040773967762742,opponent,12,46,False
113,14,419.0,5.0,0.03836293719099066,0.0061593190938891915,2.0773560351888145,opponent,46,65,False
113,14845,502.0,6.0,0.04596227797106757,0.014324440005706948,2.2371572876715904,opponent,46,73,False
14845,48,32.0,1.0,0.004391381912995746,0.0010037641154328732,0.4274440148269396,opponent,73,100,False
10872,84,72.0,1.0,0.045483259633607075,0.001283125122520628,0.7884573603642702,opponent,19,124,False
28,84,72.0,1.0,0.045483259633607075,0.0030587535579251453,0.7884573603642702,opponent,84,124,False
14437,80,297.0,2.0,0.054696132596685085,0.0268753958917745,1.7833912195575383,opponent,69,121,False
14845,80,525.0,8.0,0.08871240283879689,0.017489506296222267,2.277267285009756,opponent,73,121,False
5,80,712.0,10.0,0.12031091584994931,0.015037276394432829,2.5546399878026755,opponent,101,121,False
14845,82,185.0,2.0,0.015415382051495709,0.0050766993221920366,1.4069136483226263,opponent,73,122,False
3,82,185.0,2.0,0.015415382051495709,0.0057286183191924194,1.4069136483226263,opponent,86,122,False
4,82,325.0,3.0,0.02708107657695192,0.010766223871202836,1.8588987720656835,opponent,93,122,False
5,82,431.0,4.0,0.03591367386051163,0.00802412823711206,2.10209956557242,opponent,101,122,False
14437,82,255.0,2.0,0.04696132596685083,0.01484629715882627,1.6582280766035324,opponent,69,122,False
13,82,361.0,3.0,0.03350970017636684,0.01610672377637978,1.9482882714602807,opponent,56,122,False
10863,14982,539.0,6.0,0.055716353111432707,0.02682259268474745,2.3009170358933484,opponent,11,74,False
10863,82,348.0,3.0,0.031751824817518245,0.015389377791535843,1.916922612182061,opponent,11,122,False
10864,82,137.0,1.0,0.01141571535705358,0.005482631663198336,1.1888591665158879,opponent,12,122,False
10864,78,167.0,4.0,0.020571569352057156,0.007924080664294187,1.3306054552593019,opponent,12,119,False
13,78,727.0,11.0,0.0895540773589554,0.04002422373926448,2.5738836861953027,opponent,56,119,False
10863,80,573.0,10.0,0.09682325109834404,0.03514259429622815,2.3561258599220753,opponent,11,121,False
10863,14843,191.0,4.0,0.017427007299270072,0.00547748781187267,1.431108376909683,opponent,11,71,False
14845,78,793.0,11.0,0.09768415865976841,0.02482003129890454,2.6544149852695784,opponent,73,119,False
4,78,276.0,4.0,0.03399852180339985,0.01047319090805601,1.7227665977411035,opponent,93,119,False
4,80,90.0,3.0,0.015207840486650895,0.0036977690126956736,0.9162907318741551,opponent,93,121,False
3,78,483.0,6.0,0.05949741315594974,0.01718066374986661,2.2027647577118348,opponent,86,119,False
10864,90,227.0,1.0,0.01729655592807071,0.007625125965737319,1.5651376535375203,opponent,12,132,False
14437,90,382.0,2.0,0.0703499079189687,0.017426212307832672,1.9969653198555974,opponent,69,132,False
14845,90,485.0,3.0,0.028744147454513126,0.011825518737961135,2.2064412324411435,opponent,73,132,False
5,90,382.0,2.0,0.022639720263142298,0.006514991301974964,1.9969653198555974,opponent,101,132,False
10863,84,750.0,9.0,0.4737839545167404,0.0635970490969219,2.6026896854443837,opponent,11,124,False
14845,84,454.0,6.0,0.28679722046746686,0.017628329579871087,2.147878703233064,opponent,73,124,False
14,84,334.0,5.0,0.21099178774478838,0.005682881595290354,1.882006347075833,opponent,65,124,False
5,84,389.0,5.0,0.24573594440934934,0.008976163555391468,2.0126783255201537,opponent,101,124,False
10863,10886,309.0,4.0,0.6267748478701826,0.027727925340990667,1.8164520818184267,opponent,11,33,False
10886,13,182.0,3.0,0.3691683569979716,0.016420064958498737,1.3945931639345857,opponent,33,56,False
10886,14,98.0,2.0,0.19878296146044624,0.0016920181632970183,0.9682504708048661,opponent,33,65,False
10886,14845,13.0,1.0,0.02636916835699797,0.0005178251344353714,0.19611487892629045,opponent,33,73,False
10886,5,182.0,3.0,0.3691683569979716,0.004286992980637867,1.3945931639345857,opponent,33,101,False
10886,11,296.0,3.0,0.6004056795131846,0.027066569129480616,1.7805861686299298,opponent,33,43,False
11,78,296.0,3.0,0.03646218280364622,0.01594741662625936,1.7805861686299298,opponent,43,119,False
11,80,296.0,3.0,0.050016897600540726,0.018091803679481693,1.7805861686299298,opponent,43,121,False
11,84,296.0,3.0,0.18698673404927352,0.02461333776816897,1.7805861686299298,opponent,43,124,False
10886,2,211.0,2.0,0.4279918864097363,0.032047387606318346,1.5077742586576002,opponent,33,77,False
2,78,211.0,2.0,0.03348143446524913,0.014849743120557393,1.5077742586576002,opponent,77,119,False
2,80,211.0,2.0,0.03565393714092599,0.017570155716545924,1.5077742586576002,opponent,77,121,False
2,82,211.0,2.0,0.03348143446524913,0.011662613309750165,1.5077742586576002,opponent,77,122,False
2,84,211.0,2.0,0.13329121920404297,0.027495439145165494,1.5077742586576002,opponent,77,124,False
10865,10886,127.0,1.0,0.25760649087221094,0.003817711777791138,1.136764054632486,opponent,13,33,False
10886,9,127.0,1.0,0.2702127659574468,0.1519138755980861,1.136764054632486,opponent,33,131,False
78,9,127.0,1.0,0.2702127659574468,0.015010046093842336,1.136764054632486,opponent,119,131,False
80,9,127.0,1.0,0.2702127659574468,0.02028429963264654,1.136764054632486,opponent,121,131,False
82,9,127.0,1.0,0.2702127659574468,0.010288399222294232,1.136764054632486,opponent,122,131,False
84,9,127.0,1.0,0.2702127659574468,0.06593977154724819,1.136764054632486,opponent,124,131,False
10884,14038,582.0,8.0,0.06662087912087912,0.01628792119108922,2.3702437414678603,opponent,31,67,False
22,62,688.0,10.0,0.029147602101338755,0.011966049812160847,2.5230584157523768,opponent,79,110,False
110,14843,783.0,7.0,0.032488278494668274,0.009946267291642849,2.642622395779755,opponent,44,71,False
14843,45,1184.0,11.0,0.049126592257582674,0.020012846083634767,3.0317427110770243,opponent,71,98,False
4181,90,648.0,3.0,0.03840455165056599,0.018670047251354155,2.468099531471619,opponent,95,132,False
10862,119,633.0,6.0,0.04876357753639935,0.009286154387817974,2.446685436967803,opponent,10,49,False
10862,4181,881.0,7.0,0.04766542227993291,0.01199945518932171,2.752598577363279,opponent,10,95,False
116,14982,402.0,2.0,0.04155468265453793,0.011332882273342355,2.0412203288596382,opponent,47,74,False
119,14982,427.0,3.0,0.04413892908827786,0.019210005398596366,2.0939195608604892,opponent,49,74,False
122,14982,389.0,2.0,0.040210874508993175,0.013151222150850265,2.0126783255201537,opponent,52,74,False
116,82,454.0,3.0,0.03783018081826514,0.012027445889739582,2.147878703233064,opponent,47,122,False
10891,14982,517.0,4.0,0.053442216249741575,0.019148148148148147,2.263497704285999,opponent,38,74,False
4181,82,699.0,6.0,0.058245146237813517,0.02346818868557999,2.5376572151735295,opponent,95,122,False
110,14982,165.0,2.0,0.01705602646268348,0.0025418245678898235,1.3217558399823195,opponent,44,74,False
14982,45,555.0,5.0,0.05737027082902626,0.012234370866766599,2.327277705584417,opponent,74,98,False
10891,78,130.0,1.0,0.01601379650160138,0.0050327126321087065,1.1526795099383853,opponent,38,119,False
118,78,238.0,2.0,0.029317565902931757,0.0038653305832101735,1.6027489242833037,opponent,48,119,False
45,78,130.0,1.0,0.01601379650160138,0.002938982207853865,1.1526795099383853,opponent,98,119,False
4181,78,108.0,1.0,0.013303769401330377,0.004076548522251161,1.0296194171811583,opponent,95,119,False
116,90,351.0,2.0,0.02080246547738991,0.008215907494967464,1.9242486522741338,opponent,47,132,False
10877,14038,1318.0,15.0,0.047791718036115746,0.013138089494512506,3.1340438893515032,opponent,24,67,False
10880,14038,764.0,12.0,0.027703241714410038,0.009769321262339523,2.6198259676873707,opponent,27,67,False
10881,14038,1242.0,18.0,0.04503589817970846,0.015282768125215337,3.077312260546414,opponent,28,67,False
14038,40,1277.0,16.0,0.046305025745159184,0.014443904039090159,3.1038390148798425,opponent,67,94,False
14038,43,900.0,11.0,0.0326347088258757,0.011863490766249686,2.772588722239781,opponent,67,96,False
14038,39,433.0,6.0,0.01685218338911808,0.008194704668899865,2.1061646118205894,opponent,67,92,False
14038,8889,1166.0,14.0,0.04228007832330118,0.014446068835641895,3.017167554274056,opponent,67,129,False
10879,14038,972.0,14.0,0.03524548553194575,0.016186241694559626,2.8449093838194073,opponent,26,67,False
14038,47,280.0,2.0,0.013701311411235075,0.005865839862571752,1.7346010553881064,opponent,67,99,False
113,14038,252.0,5.0,0.023072697308185314,0.006588579795021962,1.6486586255873816,opponent,46,67,False
14038,44,222.0,4.0,0.011721843814351339,0.004795334269359542,1.547562508716013,opponent,67,97,False
32,48,260.0,4.0,0.035679978043090435,0.007957153787299158,1.6739764335716716,opponent,88,100,False
10883,21,149.0,2.0,0.20438957475994513,0.0032167530224525044,1.2479896897427103,opponent,30,78,False
10883,22,149.0,2.0,0.20438957475994513,0.006161098246774727,1.2479896897427103,opponent,30,79,False
10883,32,247.0,3.0,0.3388203017832647,0.00945273631840796,1.6325031853650964,opponent,30,88,False
10883,34,149.0,2.0,0.20438957475994513,0.0029430936061785214,1.2479896897427103,opponent,30,89,False
10874,10878,98.0,1.0,0.08455565142364108,0.00271942725532092,0.9682504708048661,opponent,21,25,False
10878,14038,98.0,1.0,0.08455565142364108,0.00342190718949684,0.9682504708048661,opponent,25,67,False
10883,14038,98.0,1.0,0.13443072702331962,0.0034740685596795348,0.9682504708048661,opponent,30,67,False
14038,48,98.0,1.0,0.013448607108549471,0.0028187649207581903,0.9682504708048661,opponent,67,100,False
10878,32,98.0,1.0,0.08455565142364108,0.003669175184394773,0.9682504708048661,opponent,25,88,False
10860,14844,1103.0,13.0,0.05785167313542432,0.019205321075358685,2.9644135902965636,opponent,8,72,False
10860,4181,1042.0,12.0,0.05637612941622031,0.018309611667545248,2.910537427490759,opponent,8,95,False
10884,14844,91.0,1.0,0.010416666666666666,0.0032838944823355347,0.9229352745928237,opponent,31,72,False
14844,60,91.0,1.0,0.08318098720292505,0.004534356470177886,0.9229352745928237,opponent,72,109,False
45,60,91.0,1.0,0.08318098720292505,0.0024430841924398625,0.9229352745928237,opponent,98,109,False
14844,64,91.0,1.0,0.047248182762201454,0.004353858667049424,0.9229352745928237,opponent,72,111,False
45,64,91.0,1.0,0.047248182762201454,0.0023897058823529414,0.9229352745928237,opponent,98,111,False
