player_id,node_idx,player_name_original,player_name_english,position,national_identity,height_cm,weight_kg,bmi,age,is_imported,pos_num,pos_PG,pos_SG,pos_SF,pos_PF,pos_C,minutes,log_minutes,min_per_game,points_p36,FGA_p36,three_PA_p36,FTA_p36,OREB_p36,DREB_p36,AST_p36,STL_p36,BLK_p36,TOV_p36,PF_p36,points_in_paint_p36,fast_break_points_p36,second_chance_points_p36,FG_pct,three_P_pct,FT_pct,TS_pct,three_PA_rate,FT_rate,paint_FGA_share,fastbreak_FGA_share,shot_rim_share,shot_mid_catch_share,shot_mid_create_share,shot_float_hook_share,shot_three_catch_share,shot_three_create_share,AST_TOV,OREB_share,low_minutes,team_id,team_name_english,stint_on_court_min,z_height_cm,z_weight_kg,z_bmi,z_age,z_pos_num,z_minutes,z_log_minutes,z_min_per_game,z_points_p36,z_FGA_p36,z_three_PA_p36,z_FTA_p36,z_OREB_p36,z_DREB_p36,z_AST_p36,z_STL_p36,z_BLK_p36,z_TOV_p36,z_PF_p36,z_points_in_paint_p36,z_fast_break_points_p36,z_second_chance_points_p36,z_FG_pct,z_three_P_pct,z_FT_pct,z_TS_pct,z_three_PA_rate,z_FT_rate,z_paint_FGA_share,z_fastbreak_FGA_share,z_shot_rim_share,z_shot_mid_catch_share,z_shot_mid_create_share,z_shot_float_hook_share,z_shot_three_catch_share,z_shot_three_create_share,z_AST_TOV,z_OREB_share
1,0,丁聖儒,Ting Sheng-Ju,PointGuard,Local,174.0,75.0,24.772096710265558,27.110198494182068,0.0,1.0,1.0,0.0,0.0,0.0,0.0,1053.8666666666666,6.961169655616773,36.34022988505747,13.039319603266517,9.82226936309077,5.1680585547572155,4.309874736305228,0.9467063547119278,2.820531034310595,6.885044971119864,1.334118807112744,0.07348361637629192,2.7142448056717745,2.5941829590367753,3.1003006082879296,0.4578391029270697,0.7621314871351461,0.39327821522309714,0.35794548908835927,0.8102901448631383,0.5552749278282775,0.5318882495457298,0.44689127801332523,0.3311099333737129,0.01761962447001817,0.23894457904300426,0.04604330708661418,0.11643095093882495,0.06669291338582677,0.4437916414294367,0.08809660811629315,2.5366337467912436,0.25129989351628507,0.0,8,Taipei Taishin Mars,1028.9833333333333,-1.8766595055424762,-1.3344752326542206,0.16905314465628501,-0.602201513282887,-1.5059574034544443,1.7609041053096024,1.1556268253706037,1.3944769088485278,-0.39853742766946676,-0.9894535389589918,0.07831159268157489,0.6924715638424058,-1.1113376220162519,-1.1223886953595956,3.576221330764145,-0.03389756416175107,-1.3050565674955072,0.7964593273653514,-0.9937225914931465,-1.1672085253477722,-1.8449568756241004,-1.2783330366918058,-0.9283113681322546,1.1422838142169953,1.7682440975758211,0.7168786435938101,0.7758936403126288,1.7374210393363207,-0.8974694957486318,-1.901025867294909,-0.7492828582194513,-1.1057200588246014,0.5189681705718255,-0.39401282211692845,0.3563414331589071,2.8676403381452724,2.8658249527324995,-0.4684941446661844
10,1,雷蒙恩,Samuel Manu,PointGuardAndShootingGuard,Local,197.0,91.0,23.448169239094025,25.018480492813143,0.0,1.5,1.0,1.0,0.0,0.0,0.0,945.2,6.852453963197048,32.59310344827586,12.453342827933207,11.005777283793876,4.08667163219663,3.30423355690003,1.8852982372465905,4.094105698760838,2.917331809105973,1.3035339692732848,0.3319408462455058,2.0601651126484293,2.7145996678055457,5.972200130438897,1.9158829810136409,1.1488048090602998,0.4163951193437635,0.28490124207795114,0.667730287266942,0.5019345708003659,0.368960003310397,0.3010200160790712,0.524356541580951,0.07125038424251022,0.35933029486179097,0.1019942186280769,0.11963981698233667,0.0500756662173985,0.3640609113050058,0.004899092005391219,1.4160669895800826,0.3152986915457401,0.0,8,Taipei Taishin Mars,923.0,0.2814989258313714,-0.11768250803772694,-0.5989730194628152,-1.0800945788680782,-1.1217559802267743,1.4481442476350648,1.0620855086598149,1.0574168958820156,-0.5715987884385374,-0.46544186205857385,-0.7084048013718016,-0.0750997125003769,0.06222829092292643,-0.36993633113085367,-0.14457378397755005,-0.13492392527486427,-0.40875670207731074,-0.4334225450827794,-0.8174704610107951,-0.023252098530375305,0.6295915381567662,-0.8467010584069963,-0.3253456668271987,-1.0611452978862599,-0.7274765561667043,-0.7942526122059516,-0.4724113718358614,0.2283183314065971,0.6540449613309868,1.0743022596668488,0.5776954790403299,0.6841374433581475,0.5883666005696674,-0.6821335837318372,-0.28729086022568906,-1.30867202010208,0.12734651732678776,0.6359173621406167
101,2,周柏臣,Chou Po-Chen,Center,Local,198.0,98.0,24.997449239873482,35.148528405201915,0.0,5.0,0.0,0.0,0.0,0.0,1.0,110.61666666666666,4.71507038168795,6.14537037037037,10.33289115163098,9.052367265334803,3.8248313135963325,2.9103662693413583,1.7353979974077236,4.199935116877968,2.2952032659381674,0.9812966731075794,0.29663140136401744,2.0324121489670492,3.8657279805899374,4.633890398815126,1.2686672421210121,1.2221213736197516,0.4187327090870398,0.29645434174270124,0.6515753700823685,0.5080442166105769,0.4239947721698722,0.33179779269394605,0.46902833354847034,0.06108816315993288,0.35503259326190784,0.06498483283851814,0.0793452304117723,0.07664257131792952,0.39725054859945785,0.026744223570414356,1.129300111251883,0.2923842628530507,1.0,3,Formosa Dreamers,99.58333333333333,0.37533190110849524,0.414664308981989,0.2997828429653292,1.2343090110078478,1.5676539823669169,-0.9539186163300419,-0.7769652307540188,-1.3215989725631097,-1.1978492952733613,-1.330336504114457,-0.8988954268541643,-0.37572504767200543,-0.12519908309317568,-0.307410278995889,-0.7279861299912949,-1.1993226190795874,-0.5312057847022537,-0.4856071141842427,0.8674187845207336,-0.556337607530575,-0.46884363524318895,-0.7648599485929408,-0.26437355604796897,-0.7126382329463828,-1.01029221800078,-0.6211664676785574,-0.050752270991638856,0.5467280401982981,0.20983269057979856,0.5105223999807186,0.5303231069589435,-0.49978476597938465,-0.28308799039511856,-0.22149910837426828,-0.019365026170327402,-0.2120997041577739,-0.5734639495523436,0.2404887056764323
103,3,忻沃克,Randall Walko,SmallForward,Local,196.0,93.0,24.20866305705956,27.028062970568104,0.0,3.0,0.0,0.0,1.0,0.0,0.0,1003.5833333333334,6.912328140827271,28.673809523809524,12.47738132511177,10.382177784726784,6.22146896339396,1.9774353827004758,1.584471542999207,3.2972954479437044,1.9981403208099369,0.7318206203241147,0.28592840029386124,1.691034621897097,2.911937580478497,3.4691105083807727,0.8358949164496198,1.9604884863276508,0.4144192913385827,0.3795869078080373,0.759178095103445,0.5533945911341369,0.6086778215223096,0.18557474349797184,0.329123419231687,0.026443569553805776,0.20199087329992843,0.045345681221665476,0.029818360773085185,0.11416726318301122,0.6037341923168695,0.00494362920544023,1.1816081675301902,0.32456926886081605,0.0,3,Formosa Dreamers,987.9666666666667,0.18766595055424762,0.034416582539334765,-0.15780145790324396,-0.6209669477953947,0.030848289456236296,1.6161807171801423,1.1136025370468827,0.7048701421795088,-0.5644993005276059,-0.7415476772408466,0.8446748812061435,-1.0877990618070363,-0.3139095818205743,-0.8407071259690649,-1.0065623046971495,-2.0233798833316037,-0.5683225580407522,-1.127507538066566,-0.5286299181228785,-1.0203014165750053,-1.2033318684942975,0.059357393249543706,-0.37688182896133815,1.7951118463460711,0.8734522508997221,0.6636087423733111,1.3642312048172316,-0.9660140625117104,-0.9134185746956791,-1.4114909043383468,-1.1566133016114868,-1.1280369586515122,-1.354209984590674,0.42912868153268796,1.6474896601574818,-1.3064363613028622,-0.4456317760612829,0.7958974332788243
104,4,貝奇,Beau Beech,SmallForwardAndPowerForward,Imported,203.0,95.0,23.053216530369586,31.586584531143053,1.0,3.5,0.0,0.0,1.0,1.0,0.0,466.4166666666667,6.147221079720337,25.912037037037038,17.40287838921962,13.456770507041258,8.373224488970735,3.8414529488987084,1.727213016823502,6.387249988076896,2.3122596790618886,1.7538683530500425,0.46238137869754137,1.757610734532922,4.340767097017748,3.8885035729077777,2.5360548053372334,2.730440816309899,0.41304727201652985,0.36895473895959646,0.8226428454020155,0.571484337364294,0.6373434530274232,0.28551579894108065,0.2828048635623133,0.06347576703774097,0.2183490870214499,0.042948598289437964,0.059655426961715996,0.04170343469997285,0.5613460494162368,0.07599740361118652,1.3155698435560377,0.21285610838085312,0.0,6,New Taipei CTBC DEA,458.28333333333336,0.8444967774941142,0.18651567311639647,-0.8280898105976509,0.42051466764877243,0.41504971268390645,0.07013007103744875,0.45528798900212286,0.45644429215625126,0.8901884281689904,0.6197634386566149,2.4100917663648844,0.33494134671361875,-0.13543315222423563,0.9848973430757029,-0.7119911686535287,1.3525988896535641,0.04359602081227087,-1.0023228626482092,1.5627264140759562,-0.8532456446624214,1.6821285894871327,0.9188323777677794,-0.41266865354681925,1.4743852823209307,1.9844963468709598,1.1760908939939339,1.5838582634216034,0.06792034926109755,-1.2852952633411705,0.6429819251453993,-0.9763012513230653,-1.2047191207718233,-0.7089211127103755,-0.8272968407242515,1.3053082003254912,2.260289786570121,-0.11825176179011188,-1.131909083322351
106,5,高柏鎧,Brandon Gilbeck,Center,Imported,213.0,107.0,23.584385814102145,28.810403832991103,1.0,5.0,0.0,0.0,0.0,0.0,1.0,679.05,6.5221663248787625,29.52391304347826,14.62666310966283,9.546460548775093,1.515336275742655,5.410395619546004,3.8485223153345043,7.012763604141872,1.3843676557512774,1.0839054679617381,1.947714756976683,2.642968075769276,4.3555651437016225,9.336628848619107,0.939729469150585,3.830966688283779,0.5356365816115091,0.27635574230251814,0.6955014917689879,0.6072917293032623,0.1382577828813065,0.5890725247885681,0.8083830016039661,0.04502952755905512,0.6141527230971129,0.04612997594050744,0.05944471784776903,0.14201480023330418,0.1307050160396617,0.0075527668416447945,0.5237928026612036,0.35433394755158437,0.0,3,Formosa Dreamers,672.85,1.7828265302653523,1.0991102165787667,-0.5199521547470519,-0.21375701887398152,1.5676539823669169,0.6821224428490678,0.7778989308628496,0.7813383127087441,0.07026584029049253,-1.1115710480734324,-2.5790688877669186,1.5324612503135153,2.516940397833069,1.354462797228744,-1.5821387741799136,-0.8603901971805392,5.194560873783979,0.6624359675676091,1.5843860930497315,1.31689222930762,-1.0271069746186667,2.14731681757521,2.7848680341776335,-1.3189260780752583,-0.2413006450530506,2.190513596851605,-2.239979271998813,3.208348908747986,2.934401460247012,-0.38037883629876246,3.386532389768227,-1.1029475410215364,-0.7134781373713841,0.9119675959874153,-2.171073810790022,-1.175464016648674,-2.053222916508437,1.3095391680401929
107,6,霍爾曼,Aric Holman,PowerForward,Imported,208.0,100.0,23.113905325443785,28.22450376454483,1.0,4.0,0.0,0.0,0.0,1.0,0.0,866.9833333333333,6.766172513247126,30.963690476190475,19.641889007840586,15.287789073931876,6.444389652938891,4.86231425298294,3.1031820627889806,8.78042754140575,3.671030526363886,1.3316113356457606,1.6046536095100077,3.425827726460877,3.1835169617497097,8.839279204028765,1.3477897404115857,2.8525387156961424,0.45366117429765723,0.33476520561431256,0.731978795632034,0.5623551659438557,0.4217056906017482,0.31935703062919885,0.49681359712490064,0.038363252185219965,0.3914151105251752,0.054963474319150475,0.08220197030990392,0.049713754244022246,0.3950281730838691,0.026677517517879074,1.0715747607531685,0.2611312695507605,0.0,3,Formosa Dreamers,846.8333333333334,1.3136616538797332,0.5667633995590508,-0.7928835145574289,-0.34761711839653553,0.7992511359115766,1.2230243071340512,0.9878470960038754,0.9108485943408969,1.5514539266429483,1.4304678647851214,1.0068512099372269,1.1141296200183715,1.5850061565451876,2.398832590286963,0.562220883542447,-0.04218012296536446,4.004864379473531,2.134465910289453,-0.1311232512030466,1.1187842112811586,-0.334559300195425,1.05512664703393,0.646676920750137,0.4430348860126612,0.397288381191005,0.9174616488660934,-0.06829049447793736,0.4180228554232378,0.43291157684086506,-0.7502105654404697,0.9313574982484263,-0.8203658473914551,-0.22130502371647054,-0.6884086515785041,-0.03730531904896812,-0.21544818527350384,-0.7145350874383102,-0.2988365080458527
108,7,魏莨哲,Wei Liang-Che,PointGuard,Local,185.0,78.0,22.79035792549306,23.84120465434634,0.0,1.0,1.0,0.0,0.0,0.0,0.0,145.91666666666666,4.98986553260987,13.265151515151514,11.984297393059341,10.938519331440363,4.163015234473373,2.613370087290528,1.8705185486720186,3.1469135520720157,3.2057674424133764,1.297442837711682,0.26636084929998527,2.6575796299830836,2.846811485148382,4.785440393289209,1.5554879012965217,1.409620623471516,0.40927051238160445,0.34362885154594464,0.6793531478601463,0.502944715412585,0.37345092161775234,0.2299961972083035,0.4273946403006443,0.06507247673586257,0.2801930476020043,0.11322812276306372,0.14590976198997854,0.08721814602720114,0.35491231209735147,0.01853860952040086,1.2062733346709849,0.3728039585019276,1.0,2,Kaohsiung Aquas,138.85,-0.8444967774941142,-1.106326596788628,-0.980577231853721,-1.3490658068806862,-1.5059574034544443,-0.8523196318891415,-0.5405255809586914,-0.6811632772467177,-0.7101258506682981,-0.49522109021677224,-0.6528643077342532,-0.6024120044059403,0.04374854585190121,-0.9295556373633284,0.12591197230199042,-0.15504385724769448,-0.636180568169738,0.6899104264868127,-0.6239540070246202,-0.4959710839716583,0.017939799651627245,-0.5555600886038925,-0.5111790989787218,0.7104127601709205,-0.5240012319965976,-0.7656352353930567,-0.4380033673200347,-0.5064544810319083,-0.12443075432552218,0.7315642106764453,-0.29461243614606697,1.0435075955299762,1.1565090268782574,-0.038132837844219426,-0.3611436128605825,-0.6240015128415665,-0.3853542175079235,1.6282716013433685
10860,8,麥卡洛,Chris McCullough,PowerForward,Imported,206.0,91.0,21.44405693279291,30.652977412731005,1.0,4.0,0.0,0.0,0.0,1.0,0.0,682.45,6.527153500598662,28.43541666666667,18.853836712050665,15.588210261658729,3.182113834428671,4.940799217362927,3.0585795697147664,8.821542122750198,2.2357395748066864,1.8548440156516128,1.3690732133495984,2.510398421445953,2.992531633034065,11.258840262200266,2.7311113262585094,3.4490467078427733,0.47585380893653356,0.2830498879584857,0.6246720706285248,0.5310823362086327,0.1941470715133211,0.3184648365872074,0.6235910365656347,0.08144213137741343,0.5086492827095244,0.15332623233739617,0.08723303850717291,0.05664437493258548,0.15954050264264913,0.03460656887067199,0.8905915314904208,0.25745355551826443,0.0,5,Taoyuan Taiwan Beer Leopards,657.8166666666667,1.1259957033254857,-0.11768250803772694,-1.7615825434651322,0.20721422868993658,0.7992511359115766,0.6919081807272284,0.7821900039648487,0.683426323596032,1.3187119334316664,1.5634827839110026,-1.3664767957952433,1.174034490181401,1.5292375456313057,2.4231238743399945,-0.7837492868607856,1.6861368278688502,3.1878987349814496,0.41316203898051523,-0.41066561223570835,2.0825618090779425,2.013172676498278,1.720990853623252,1.2255346016484223,-1.116992647001396,-1.4812741706550963,0.03150300322989724,-1.8117731092442808,0.40879271353706653,1.4507665961273948,1.639720166144335,2.2235972446099095,2.3262374075685055,-0.11249766642322544,-0.5682409913750268,-1.9382971844606631,0.18257085065186998,-1.1568279426534747,-0.3623019139799472
10861,9,迪亞洛,Cheick Diallo,PowerForward,Imported,203.0,99.0,24.023878279016728,29.048596851471594,1.0,4.0,0.0,0.0,0.0,1.0,0.0,670.95,6.5101839329930735,27.95625,22.202845406222067,15.339360635398982,1.198755787578599,6.080725953684958,4.132319353917901,8.89668734855148,2.141257693080154,0.9699834681804533,0.9738086653887744,2.998221582186097,2.949376588289696,15.37558251263405,2.9325095468819353,4.899949787399799,0.5655428977937164,0.31970566266369743,0.6801057805250966,0.6120397653276546,0.06176181102362204,0.40180696427777035,0.8265839783798212,0.08397281907558164,0.5329293451666,0.12419230170381244,0.06451994083366698,0.2165966012722986,0.057153343120245566,0.004608467903376485,0.7141759320933498,0.3171630384636079,0.0,5,Taoyuan Taiwan Beer Leopards,633.8666666666667,0.8444967774941142,0.4907138542705199,-0.2649973182189548,-0.1593372587877102,0.7992511359115766,0.6588093614334506,0.7675890235313054,0.6403245159563341,2.3078023312739333,1.453301763850788,-2.809383361596826,2.044101307108569,2.8717852850221073,2.467521116522167,-0.8723513882740966,-1.23669185191037,1.8171668683544504,1.3304277311493746,-0.47383100394112326,3.722373271356142,2.354979706363532,3.340590994152064,3.564924170420135,-0.011246412111015772,-0.5108252866900429,2.32502536317458,-2.8260673646748473,1.2710038777836623,3.0805312105318183,1.7801176977261646,2.491229635120029,1.3942492973489091,-0.603715840555521,2.205115919543293,-2.764825201872437,-1.323260641080028,-1.5879582715777458,0.6680899380665793
10862,10,提傑,TJ Holyfield,SmallForwardAndPowerForward,Imported,203.0,100.0,24.26654371617851,30.026009582477755,1.0,3.5,0.0,0.0,1.0,1.0,0.0,967.6500000000001,6.875903349532955,30.239062500000003,13.262166065643907,10.239212217189007,3.6381247404544004,3.024886112586746,2.1881929870207646,6.666869221274278,2.5529297201971137,1.5867829414737,0.8496883973111404,2.3288666012974617,3.1248743541051778,6.658984789430587,1.0774368944947728,2.113314150075669,0.4752858375579765,0.330749919970347,0.7381349846143603,0.5709279186902791,0.35194819397575305,0.2959989376327959,0.5447959630046244,0.04040119985001875,0.4274825021872266,0.08242563429571304,0.08838113985751782,0.049762529683789525,0.33407074115735536,0.017877452818397702,1.0962112294344475,0.24711209651028307,0.0,4,Hsinchu Toplus Lioneers,930.3,0.8444967774941142,0.5667633995590508,-0.1242241951242823,0.06397141191112954,0.41504971268390645,1.512758899212918,1.0822618642999202,0.8456671495267643,-0.33272234139805623,-0.8048473184802429,-1.034725737822304,-0.28831599557011284,0.44095195150187344,1.1501017547024217,-0.4862984643789819,0.8006904173821568,1.3867320934017486,0.07182336533792079,-0.21695755642589395,0.25031308661395324,-0.7933940554995933,0.22995215589783066,1.2107200201281094,0.3219110789582417,0.5050615527597722,1.160327564003949,-0.6027505079208192,0.17637305459520689,0.8181464590357437,-0.6371492731135625,1.3289183474861348,0.058142682782677514,-0.08766757688008502,-0.6875629509211443,-0.5293887559931306,-0.6571899664683932,-0.6543276631380038,-0.5407619269372049
10863,11,魏芃禾,Wei Peng-Ho,PointGuard,Local,177.0,72.0,22.981901752370007,22.743326488706366,0.0,1.0,1.0,0.0,0.0,0.0,0.0,185.23333333333335,5.227000367796993,8.053623188405798,11.13498712438118,11.223888929828014,5.700587574262129,3.0942500718921386,1.6796146265331722,3.2929908615235215,3.999987162208601,1.7257257980750174,0.23917623203345129,2.8535980453534178,4.144915305626662,4.110141704712188,0.8360366613917669,1.452655362124743,0.36261000463177395,0.25668661199817555,0.6921980300673924,0.45698758969355335,0.5229483602171088,0.2741715082944729,0.3845701781209388,0.02646968886170782,0.25880571057258617,0.06761237672960783,0.09553455393318555,0.05509899854751166,0.48769207247152363,0.0352562877455852,1.4017346166611924,0.33777355363648,1.0,8,Taipei Taishin Mars,182.66666666666666,-1.5951605797111046,-1.562623868519813,-0.869460366451103,-1.5998971148645367,-1.5059574034544443,-0.7391600453470807,-0.3364896756750239,-1.149948581138676,-0.9609596669556116,-0.3688704345332224,0.4657301023873031,-0.23537287443845864,-0.1949476754104548,-0.8432503582736207,0.8707059462559079,1.25963975949645,-0.7304536856591161,1.0584885956325982,1.2760610846178204,-0.7649610917559329,-1.20309130322255,-0.5075216842801061,-1.7282402431426722,-1.9122586962644132,-0.2991326163845033,-2.0675996947686826,0.7073990182024062,-0.04944135384155775,-0.46825449749424586,-1.4100418569672597,-0.5303591170266481,-0.4157302078638083,0.06703994261253786,-0.5950357436306906,0.710730952332928,0.21518515326001064,0.09232058610582652,1.0237605259369926
10864,12,劉彥廷,Liu Yan-Ting,PowerForward,Local,196.0,96.0,24.989587671803417,25.73305954825462,0.0,4.0,0.0,0.0,0.0,1.0,0.0,218.73333333333332,5.392414689927152,12.151851851851852,11.963624120082255,10.497889218438333,3.6110245658133593,3.276568068847114,2.4049758190450463,4.834986099874808,2.132451172874129,1.243767954812369,0.30601494297170806,1.7655654044061018,4.329150309435387,6.0166301290685205,1.9727810615908812,2.0242268762996063,0.42889890779781564,0.3172654499351339,0.6011574147543932,0.5064528940721471,0.3320350581177353,0.31656824146981627,0.5772450318710162,0.08310836145481815,0.4062570303712036,0.14251499812523435,0.055619610048743905,0.06357330333708286,0.3069741282339708,0.025060929883764533,1.2078007235259798,0.33218072774115504,0.0,8,Taipei Taishin Mars,218.73333333333332,0.18766595055424762,0.2625652184049273,0.2952222532802531,-0.9168352986092634,0.7992511359115766,-0.6427417456652063,-0.19416364021052235,-0.7813063616283852,-0.7162314591216878,-0.6903151156710696,-1.0544413005196345,-0.09621582668733049,0.7120058002599584,0.06779003465672888,-0.8806098626200145,-0.3323401414703974,-0.49866474460685734,-0.9873655044200216,1.545723096333036,-0.005554410263837769,0.7261572568951883,0.130506670420543,0.0007946993227598848,-0.08485707942442751,-1.8929329175159937,-0.6662486036046725,-0.7553186959024971,0.3891715983869742,1.0786695281443548,1.732159304361331,1.0949558619336321,1.9803883743824637,-0.7962040823704263,-0.44810267310580504,-0.748128194245041,-0.29659694103134226,-0.3816215336540026,0.9272465059155369
10865,13,謝銘駿,Xie Ming-Jun,PointGuardAndShootingGuard,Local,190.0,85.0,23.545706371191137,19.887748117727583,0.0,1.5,1.0,1.0,0.0,0.0,0.0,570.0833333333334,6.347535141797824,17.815104166666668,10.478824637873533,9.401341169225079,3.5996836098148437,2.4828589148731712,1.1674626658952005,3.47049433553197,2.2814782657134427,1.0035369786106687,0.1663958322090941,2.035235693546129,3.3356903446435373,4.0195177007405585,1.1661974113496223,0.9604301707640149,0.41230483208829666,0.31621200803887445,0.6790111456713324,0.5030291804933561,0.3796939190345772,0.2621720943170147,0.4109278714481342,0.052860749743238615,0.2807445010270455,0.11393518914755221,0.1621742339952071,0.06345215679561793,0.359958062307429,0.019735856727148237,1.1209897079479128,0.2517191654722013,0.0,8,Taipei Taishin Mars,548.3333333333334,-0.37533190110849524,-0.573979779768912,-0.5423905623003883,-2.2523087214160484,-1.1217559802267743,0.36849913771469217,0.627642510280185,-0.2718877629051401,-1.154749553484883,-1.1758243142311902,-1.0626919236981947,-0.7020266872977392,-0.8353155439526104,-0.7383778977853096,-0.7408569983481355,-1.1258595146873105,-0.9828477185157846,-0.4802979349956823,0.09161064687455635,-0.8010591205928278,-0.6427523639218474,-1.0569780885928268,-0.4320339547855693,-0.11663486668529925,-0.5299884849346993,-0.7632423413314354,-0.39017148336913177,-0.17358059749267235,-0.2566371106133364,0.05408183015331273,-0.28853391807554357,1.0661264955255574,1.5082622027981403,-0.45020319152742455,-0.3204114161970168,-0.563902623606086,-0.5937731904708287,-0.4612588717102428
10867,14,威力斯,Darral Willis,PowerForward,Imported,206.0,103.0,24.271844660194176,29.694729637234772,1.0,4.0,0.0,0.0,0.0,1.0,0.0,581.1,6.36664225427769,32.28333333333333,22.86719780636168,17.656914793753355,4.6550459008981955,6.2271261930123085,3.1328172337662217,8.952208227142378,2.3875667491846886,1.4502715421991625,0.4405820728720436,2.5595968339584965,3.2886436302277695,11.890108295197319,3.3620140697181173,3.297415525970881,0.46509454497274383,0.3439429983402323,0.7565528309792142,0.5593399811057425,0.25645814508842135,0.35584608020308933,0.6000293124220127,0.07848737145561722,0.44168576007917043,0.1693007508282776,0.06786901381179812,0.06468633019233251,0.2520007744933523,0.0044573705950690596,0.93279016347752,0.2592313308647911,0.0,8,Taipei Taishin Mars,578.1166666666667,1.1259957033254857,0.7949120354246433,-0.12114905408580894,-0.011715840622650454,0.7992511359115766,0.4002068472120648,0.6440826802329044,1.0295525788591702,2.504011012638415,2.47942539140145,-0.29490862732262024,2.1558435675277856,1.6220604153025664,2.500323917587476,-0.641370595245898,0.3497725478300452,-0.032001457685393385,0.5056710043983464,0.022749076642665577,2.3340131978962013,3.083921922485835,1.5517294557197856,0.9448972330981525,0.7198892106832885,0.8274931288379523,0.832041522253475,-1.3343652487079238,0.7955182084596629,1.2615971406751765,1.4757959491272044,1.48547691768639,2.837258782858752,-0.5312851427704112,-0.4288042813817137,-1.1919047116292094,-1.3308453573730128,-1.053701517604158,-0.3316232823544303
10868,15,齊曼加,Jordy Tshimanga,Center,Imported,211.0,122.0,27.40279867927495,28.906228610540726,1.0,5.0,0.0,0.0,0.0,0.0,1.0,226.6,5.427589702252176,28.325,14.359044084737715,10.219915952650597,2.447389482399392,5.494627916929008,4.5547199749057565,7.108696310878836,2.0931279601222696,1.8115496990430517,1.0598655816229563,3.4207714182020195,4.249319126982914,8.09977400229401,1.1769085556887522,4.180992187847762,0.48363201758871055,0.31970566266369743,0.6375883331969114,0.5637864140015263,0.2102277029073289,0.5792275514839491,0.7270262341005451,0.04544594185342217,0.4197787325863113,0.07657764233797698,0.07538518322228951,0.21803073894609326,0.1945411871592974,0.015686515748031496,0.6118877014069627,0.39051336789351015,0.0,8,Taipei Taishin Mars,212.28333333333333,1.5951605797111046,2.2398533959067297,1.6951548278632738,-0.19186401194272282,1.5676539823669169,-0.6201002344961293,-0.16389830413100048,0.6734941679225361,-0.008772296664488833,-0.8133909604464742,-1.900993795023421,1.5967528618103692,3.399932800060286,1.4111416822647072,-0.917485919917665,1.5431291295184288,2.1156023289451005,2.124958411531413,1.4288753919734,0.8242189865354933,-0.6245737304578427,2.5380399170503143,1.4284161384829384,-0.011246412111015772,-1.255155936499789,0.9580088779297643,-1.6885683658589123,3.106498306535519,2.281214311795445,-0.3572769975824164,1.244001833046473,-0.12893330918756196,-0.36873228153751647,2.229981941854101,-1.6557515359970953,-0.7671696628684117,-1.8379336631622838,1.9338785207391755
10869,16,基德,Stanton Kidd,SmallForward,Imported,202.0,101.0,24.752475247524753,33.53867214236824,1.0,3.0,0.0,0.0,1.0,0.0,0.0,577.7666666666667,6.360899402681983,33.98627450980392,20.512023580185712,17.177151860541823,8.285333673155934,4.633791114766959,1.7113661440382235,5.796815471076473,2.814376703966263,1.549059831498435,0.48875668425022917,2.47799394034841,2.9324470144056627,6.294128816755616,1.8026861396179084,2.8486837534854352,0.41950329383332036,0.3348506905266098,0.7248352551618493,0.5339235392039532,0.48549062458294406,0.26903860269584945,0.32940883713688335,0.038775078962587306,0.17417228301970727,0.13549173673206102,0.14079112727434495,0.06405422839094266,0.4441589928377597,0.041331631745184394,1.1357480170312915,0.2279335039782572,0.0,8,Taipei Taishin Mars,555.1,0.7506638022169905,0.6428129448475816,0.1576704993895538,0.866506494562701,0.030848289456236296,0.39061298654720156,0.6391414073772512,1.1827348599234262,1.8084379565246886,2.2670048619321714,2.3461505957758204,0.9397057793219848,-0.155247248290424,0.6360572941642398,-0.24112180461297147,0.6760852600595969,0.1350625386156244,0.3522311091365672,-0.49861056730677733,0.10498093568562233,0.4374772482299012,1.0508234668793324,-0.24427414439964826,0.44561359620697044,0.2722301649939562,0.11199422768972087,0.4204096212360699,-0.10254353199314967,-0.9111270467339223,-0.7273632330637698,-1.4632499023401448,1.7557157685564404,1.0458078607402437,-0.43976407818732544,0.35930690492930223,0.5201526019553362,-0.5577063422372888,-0.8717221782059851
10870,17,洛夫頓,Zach Lofton,ShootingGuard,Imported,193.0,82.0,22.014013799028163,32.86789869952088,1.0,2.0,0.0,1.0,0.0,0.0,0.0,308.4,5.734634938138965,34.266666666666666,21.67893038266937,17.780912953187933,7.93087402280012,4.185696831947118,1.3435160135617539,3.982238092488024,4.305523972832731,1.0244042124542998,0.39366376302193795,3.224431721095558,2.6450817064730745,8.071132158494542,1.5540306645492166,2.5877483621869697,0.4418286292558501,0.35302230444663113,0.7350959046137896,0.5511742200783354,0.44813538932633423,0.231793441685174,0.4214133690019517,0.03301870919981156,0.293405932431523,0.06394903762029747,0.14034213271417997,0.054167507907665384,0.3556935190793459,0.09244187024698836,1.3352814837616882,0.25226775153505304,0.0,8,Taipei Taishin Mars,296.8,-0.09383297527712381,-0.8021284156345047,-1.430943746990391,0.7132554460438901,-0.737554556999104,-0.3846668937803881,0.10029001142273337,1.2079565826547891,2.1530701802397636,2.534326995625,2.0882787719654825,0.5976908463323074,-0.6151876997586596,-0.43602986076064143,1.157228642308612,-1.056931874371408,-0.1947087451757793,1.755776128563678,-0.91922285830614,0.8128101537968878,0.015466621076041877,0.7595490169381534,0.33804481404089115,0.9937726198679359,0.4518579731989393,0.6007056744366065,0.13420554994533215,-0.48786119219013885,-0.1724524452505448,-1.0467152045263028,-0.14897047337473632,-0.5329196299338963,1.0360974156389204,-0.6111865410443305,-0.35483726096032503,3.085761897352118,-0.0700797976636782,-0.45179205703649755
10871,18,鍾理翔,Chung Li-Hsiang,SmallForward,Local,194.0,92.0,24.444680624933575,22.546201232032853,0.0,3.0,0.0,0.0,1.0,0.0,0.0,23.483333333333334,3.1979926139517767,2.609259259259259,13.395040077033824,11.293084400331471,4.510655618725844,3.0785663481031316,1.7676644401288497,4.7098359887578995,3.0289882368028653,1.6860635466258451,0.41228424395713276,2.019394825885517,3.43989651534452,5.796242476151653,1.4411329250062868,1.6986110851033867,0.43183816222001375,0.32609977591697137,0.7152237774321756,0.5313994638410287,0.39365436042192836,0.26867293121378694,0.48322128955578664,0.05144109344822463,0.3331507205467241,0.07479386421036993,0.11018979349279454,0.08821126132818304,0.3628732729163572,0.03078108750557124,1.4999484984193894,0.27289298696853165,1.0,7,New Taipei Kings,19.633333333333333,0.0,-0.04163296274919608,-0.020884843310605694,-1.644934157694555,0.030848289456236296,-1.204702134109564,-2.0822915253134777,-1.6396778196665027,-0.2934795621788557,-0.33823334803963223,-0.39995354672853056,-0.24734372063397353,-0.08485482057189864,-0.006151053857352818,-0.039865940002952654,1.128629323590408,-0.1301350647850913,-0.5100839017325235,0.24413565593060074,-0.09334086309789338,-0.17614004214182238,-0.23296859447503343,0.0774602248941652,0.1816363386187097,0.10396706563762598,0.04048722276072273,-0.2832109694109545,-0.10632656517237817,0.3237833396407711,-0.024677883919206216,0.28912529645264623,-0.18599598387805386,0.38399010596871497,-0.020913551521394215,-0.29687816011124796,-0.00945898206595704,0.3323389478156469,-0.09586744525161114
10872,19,林彥廷,Lin Yan-Ting,PointGuardAndShootingGuard,Local,185.0,85.0,24.835646457268076,24.941820670773442,0.0,1.5,1.0,1.0,0.0,0.0,0.0,946.7166666666667,6.854055582758849,27.04904761904762,12.342689888419788,11.022614838365255,5.650965527542329,2.2324680051991175,1.3491070516937886,3.3666292279879464,4.232020453574547,1.521567752811737,0.17453191615512686,1.7748944845471692,2.930767152220901,4.834117921641753,1.411045323480216,1.2100733404088675,0.40749825705380577,0.32824251879132954,0.7006916258898204,0.5154692901485105,0.5175559314441982,0.1983223513602716,0.40901415672591823,0.053072987882502705,0.3492724197274742,0.02983255929086709,0.062395386392569196,0.04094370314489132,0.47674336366636805,0.04081256777783017,2.3843786154162663,0.28608619559718884,0.0,7,New Taipei Kings,910.0333333333333,-0.8444967774941142,-0.573979779768912,0.2059191131355809,-1.0976089844130859,-1.1217559802267743,1.4525094542375774,1.063463576529743,0.5587202115791124,-0.6042788349717768,-0.4579868420696841,0.42962972346972655,-0.8931414447869058,-0.6081969598089596,-0.7997433975191703,1.0882993814964832,0.585274751802818,-0.9546327177222279,-0.9698238093108521,-0.5010693563901886,-0.4765814880018199,-0.22720381858215552,-0.7783088112746585,-0.5574054090001586,0.24627362659622629,-0.15043968924496207,-0.41081428173589535,0.6660839238561798,-0.8341344222759706,-0.2720017065862708,0.06585638095298957,0.4668303125932373,-1.624298358245313,-0.6496637675359108,-0.8404695661494865,0.6223466800847665,0.4940968569894322,2.4937387818131267,0.1318045090636199
10873,20,喬納森,Jonathan Smith Matthew,SmallForward,Local,187.0,87.0,24.879178701135288,22.39835728952772,0.0,3.0,0.0,0.0,1.0,0.0,0.0,143.06666666666666,4.970276155404676,6.503030303030303,12.083856023753722,11.344197858727396,5.981508996866248,2.4252087136472453,1.7811218654142897,3.2779921673753734,2.6027838742367675,1.0983494994513194,0.26857362161004633,2.0500420336328653,3.5000763881779378,4.195579836898441,1.148666507550005,1.7361385561674754,0.3934704305578824,0.3076580860233996,0.6899033330283902,0.49547593706658694,0.5479525395863979,0.20043588301462315,0.3144036082028208,0.04094920827204292,0.2379888811975426,0.07652829454010557,0.07516548412217704,0.06236480055377693,0.530025093017219,0.017927446569178853,1.2696246377077411,0.3520620120183682,1.0,7,New Taipei Kings,139.21666666666667,-0.6568308269398666,-0.42188068919185034,0.23117268857747908,-1.6787119398170685,0.030848289456236296,-0.8605223827575994,-0.5573807018389747,-1.2894268898822001,-0.6807223779888999,-0.31560227935162866,0.6701023617448922,-0.7460291003279762,-0.06802836395662426,-0.8521118747493662,-0.43954682553163865,-0.8126793690618764,-0.6285069289965857,-0.45245721548670803,0.332220033152823,-0.7309287380277161,-0.6725052889479569,-0.19107778986826016,-0.9232977532668989,-0.3746697094412598,-0.3393046738688846,-0.9772255776806477,0.8989731813850125,-0.812269002723251,-1.0315991721645585,-0.6067468533310119,-0.7598172503544985,-0.1305119345182841,-0.3734837334251929,-0.46905648927105953,1.0524674328242085,-0.6546804021330332,-0.23053418906733547,1.2703329356910729
10874,21,熊祥泰,Hsiung Shiarng-Tai,SmallForward,Local,192.0,76.0,20.616319444444446,22.466803559206024,0.0,3.0,0.0,0.0,1.0,0.0,0.0,608.1833333333334,6.4121192623626735,17.88774509803922,12.033863859127395,9.26994635548957,6.503544599853474,2.0094552836962505,1.3351469855785143,2.861442139226963,1.238491746247543,1.57984834498579,0.3812732141473921,1.1374907760264563,3.579335801989125,2.4046073572975915,1.4230300755069867,1.271507620798732,0.4252254386251511,0.38872017140386056,0.7760127379100942,0.5872054538727063,0.7270349795935194,0.21067887620068435,0.21262161437935442,0.05615904687306757,0.16050779156532136,0.04169672671806077,0.04104742960794822,0.029713072515150266,0.7080224265160573,0.019012553077462177,1.0887927817524015,0.3181505136365719,0.0,7,New Taipei Kings,582.9333333333333,-0.18766595055424762,-1.2584256873656898,-2.241762962647236,-1.663074077723312,0.030848289456236296,0.47815696511407785,0.6832120747265064,-0.2653535950078431,-0.6954869768641749,-1.2340008717996922,1.0498868390503142,-1.0633593741937735,-0.6256518920751762,-1.0982176290869956,-1.7189365590189014,0.7777843927486876,-0.23767773967569233,-2.168349424618186,0.4482308483282248,-1.4443222472678983,-0.2068636562844874,-0.7097315433960288,-0.09502158751030271,2.0706229196915507,1.1681675126807727,1.6214698126145966,2.2710465487357983,-0.7063007088357433,-1.8487738504292701,0.23706480975470937,-1.613869799612142,-1.244766220310824,-1.1113579188109621,-1.0351936271001168,2.4893642453506417,-0.6002107024064515,-0.6724571131424182,0.6851305540982358
10875,22,傑登,Jayden Gardner,SmallForwardAndPowerForward,Imported,201.0,104.0,25.741937080765336,25.38261464750171,1.0,3.5,0.0,0.0,1.0,1.0,0.0,552.8666666666667,6.316923983893793,30.714814814814815,18.417030292945775,14.828410712920498,3.012560462044958,5.40867121583536,3.8241081306492464,6.514526493696421,2.333651449289153,1.122120475000132,0.5049216201899671,2.3686811569179778,3.555423102237109,11.379655878923172,2.0535763612726754,4.855589215446545,0.4911933839902665,0.2624116328923361,0.5601347848626231,0.5352641918400093,0.19066102765311332,0.36941865308645294,0.6573744994759614,0.050260675606675444,0.39473374808524364,0.10567943618822391,0.10525617424954986,0.2036696138238693,0.1850931176265083,0.0055679100266050364,0.9852113031226187,0.3698852188512537,0.0,7,New Taipei Kings,535.1,0.6568308269398666,0.8709615807131742,0.7316691457455805,-0.9969011525292953,0.41504971268390645,0.318946847380674,0.6013040125651545,0.8884618307593674,1.1897062859980143,1.227072837954773,-1.4898280357061646,1.5311450723524138,2.486414185672096,1.0600947462884345,-0.691930647414417,-0.7341602292053623,0.1911206721590835,0.14668763759641273,0.41323018837022174,2.1306859861753926,0.8632806203778494,3.29107260137881,1.6256417086259036,-1.7395595690655896,-2.6110945825039202,0.14997489025736369,-1.8384820815914167,0.9359324766318902,1.722003083027979,-0.09016512333978599,0.967937919118759,0.8020267523163533,0.2772902858311246,1.980979308269664,-1.7320217852718205,-1.275098986939762,-0.9255929872076571,1.57790362952468
10876,23,尚迪,Chaundee Brown Jr.,PointGuardAndShootingGuard,Imported,196.0,98.0,25.510204081632654,26.82546201232033,1.0,1.5,1.0,1.0,0.0,0.0,0.0,191.88333333333333,5.262085515625977,27.41190476190476,14.62059679296332,13.513757016290763,5.511988312486491,3.317334927985153,2.4778893581290244,5.349984722207063,2.462284832530499,1.2371210010082065,0.41884572054698227,2.621446230608553,3.155938092725499,6.612589434045741,2.5672671029391956,1.887325140992273,0.41377405949256346,0.25981693653473864,0.6905683685737292,0.4946348665224341,0.4066437007874016,0.24030511811023622,0.4277748334342823,0.08251059963658389,0.312746062992126,0.11510826771653544,0.0833850696547547,0.0821168988491823,0.3864021804966687,0.02024152029073289,0.939284889302839,0.3165469107830407,1.0,7,New Taipei Kings,186.36666666666667,0.18766595055424762,0.414664308981989,0.5972380607359178,-0.6672550195929131,-1.1217559802267743,-0.7200202933206789,-0.30630166093796846,0.5913597916252735,0.06847422487659467,0.644994867825922,0.3285228474725422,-0.06509988718336263,0.8031730537308035,0.372061108638658,-0.5713023548908305,-0.35429603866515497,-0.1073806207039459,0.6219679213843375,-0.17149002813551376,0.23183254279352736,1.7351011664323144,-0.022312682482126447,-0.39371162029103124,-1.817830339528647,-0.32766224539033967,-1.0010530895013279,-0.18369072625248736,-0.39980413577094914,-0.1213783067364333,1.698996664887996,0.0642104187198641,1.1036530240395475,-0.19571802944784558,-0.12658161682785116,-0.10693929057981595,-0.5385195462207112,-1.0378294898984874,0.657457574318632
10877,24,阿巴西,Mohammed Al Bachir Gadiaga,SmallForwardAndPowerForward,Local,189.0,92.0,25.755158030290307,27.430527036276523,0.0,3.5,0.0,0.0,1.0,1.0,0.0,1271.8666666666668,7.149026853611255,37.40784313725491,16.904770499965423,14.653376310399997,6.775108492520776,2.3996795017858825,1.1244520844017543,3.576798065645152,3.3705012146400217,1.4055669229176777,0.38056345034900346,2.1165647388837177,2.16103782469262,7.728528573271101,3.8876274050118815,1.1628847273320877,0.4390495739061098,0.31874578192591496,0.7748322323207824,0.5380258935383436,0.4636833008631653,0.1602056105744514,0.4460665435506129,0.10949549476418541,0.3207164745515058,0.029147894850772522,0.047835153015666855,0.1386171767188895,0.4162066726195308,0.047476628243634494,1.5924394622664053,0.2391815046026715,0.0,6,New Taipei CTBC DEA,1234.3166666666666,-0.46916487638561905,-0.04163296274919608,0.7393387767267177,-0.529016318684108,0.41504971268390645,2.388342592791652,1.3172631932480237,1.4905104275194276,0.7430781112539426,1.1495743530054365,1.2474514312764124,-0.7655146684747,-0.889093712372405,-0.675571613016347,0.28039406057441046,0.20210640571538188,-0.24013911867173118,-0.3273729632665229,-1.6277106278446334,0.6763417397231605,3.975977137463411,-0.8309840626042277,0.2655578127895573,-0.0402018637494682,1.1475010205084166,0.22821384455166152,0.2533287612259221,-1.2284689606531218,0.02547991216571614,3.1960650975721694,0.1520660534719355,-1.6462006249076333,-0.9645592237679745,0.8530573646637954,0.1336597054191285,0.8286164361839281,0.5583714517561624,-0.6776181996835149
10878,25,曾信武,Tseng Hsin-Wu,SmallForwardAndPowerForward,Local,195.0,90.0,23.668639053254438,22.529774127310063,0.0,3.5,0.0,0.0,1.0,1.0,0.0,19.316666666666666,3.011441567259171,3.8633333333333333,14.30610930868201,12.49251225199823,5.909520570825659,3.301200407456106,1.637101031817596,4.635169144559213,2.922387967724722,1.2256574281256905,0.5842631983601484,2.2219063166121207,3.505249059522355,5.578069409736113,1.468512150726446,2.22332062011941,0.4172415661345084,0.3156032551008374,0.6921520426762989,0.5184041006544768,0.4892149339383424,0.25829941278526625,0.40018183638062194,0.04620979580942213,0.282321833711464,0.06718770852795942,0.08203489923929,0.07924062458294408,0.46156412651808354,0.02765080742025891,1.3152615598035968,0.261006140644801,1.0,6,New Taipei CTBC DEA,19.316666666666666,0.09383297527712381,-0.19373205332625779,-0.4710758427966061,-1.6486872445970562,0.41504971268390645,-1.216694459940643,-2.2428040525577604,-1.5268718520004025,-0.024405961276870895,0.19282706049533765,0.6177302886536744,-0.07741481100438637,-0.24810443770843768,-0.05026565900384667,-0.13983227935768155,-0.39216195967328926,0.46626811482101355,-0.12929664589241893,0.3397911946142215,-0.18024518532765835,-0.1296728400262865,0.35274912066567493,-0.30326752088971365,-0.13499831077088267,-0.2999376935198138,-0.3276711583575764,0.4489441089173537,-0.21364520041045015,-0.3429135473291108,-0.3148998959001202,-0.27114741762040784,-0.42931525135493337,-0.22491828455112228,-0.17645235196239412,0.4998111507809233,-0.16659140639986586,-0.11900515591198135,-0.3009958267804361
10879,26,簡廷兆,Chien Ting-Chao,PointGuardAndShootingGuard,Local,180.0,80.0,24.691358024691358,27.707049965776864,0.0,1.5,1.0,1.0,0.0,0.0,0.0,573.5666666666667,6.3536161334922365,15.932407407407409,12.572372396107781,10.987826274918014,5.072680251464964,2.099377260346337,0.7899041771380992,2.5706508978595823,2.736581705246038,0.9990181000712275,0.11910887721853736,1.6072319821669945,2.064152462064348,3.4429658155452554,1.8590113196752982,1.5145575912472813,0.4069863595117525,0.3840075480599128,0.793869880767237,0.5285770388518969,0.46513096393772696,0.18374276417502608,0.3315558371984324,0.06267752489842879,0.2495752885341387,0.054630478553194556,0.15908702764894114,0.07157624132599863,0.4485492395642326,0.01658172437349441,1.7026675275316305,0.23505169815990717,0.0,6,New Taipei CTBC DEA,557.4166666666666,-1.3136616538797332,-0.9542275062115663,0.12221566728095756,-0.46583935582533287,-1.1217559802267743,0.3785247221094742,0.6328747261392043,-0.4412393459899577,-0.536444802978398,-0.47338987668403265,0.008923223660674507,-0.9947250264740464,-1.3073948158823891,-1.270022677641685,-0.3140754782708292,-1.1407860563138577,-1.1468334248375593,-1.2850836691813354,-1.769520279930198,-1.0307155655261344,0.533070657359568,-0.43842205908907067,-0.5707573984719905,1.9284634492961297,1.4807831465406032,-0.03947202115651469,0.2644203006835275,-0.9849666986956269,-0.893889478293539,0.5986970352930681,-0.6321034976242804,-0.8310183095850266,1.441494917842934,-0.3093424702182776,0.3947475006026899,-0.7222323736259448,0.8277504760425577,-0.7488852530768401
10880,27,內馬,Nemanja Radovic,SmallForwardAndPowerForward,Imported,208.0,113.0,26.118713017751478,33.889117043121146,1.0,3.5,0.0,0.0,1.0,1.0,0.0,875.1666666666666,6.775556331591393,31.25595238095238,21.266998796976388,16.745139803504028,4.82163046336219,3.78732748661781,3.3139453182093908,6.738090075542625,2.2033127153509473,1.3549593256348778,0.8558102530959728,1.9934593895566408,3.7619837602581727,12.522117739307358,2.0741613918990747,3.600940567976304,0.4924565304102465,0.3211143903364372,0.8101347848626231,0.5758307416526672,0.28336165859702317,0.224098686033811,0.6223824603446309,0.05326372246947392,0.32641198382810843,0.04961506170424349,0.041076726822190705,0.2995345690484341,0.26342087673823383,0.01994078185878939,1.1052709309724034,0.32967903398641235,0.0,6,New Taipei CTBC DEA,856.5,1.3136616538797332,1.5554074883099518,0.9502413741470216,0.9465723484827322,0.41504971268390645,1.24657723506629,0.9959211348492407,0.9371380198702033,2.03141102280432,2.075726579387949,-0.1737172169657126,0.29362924552245145,1.84853344339273,1.1921804028355028,-0.8141581635418028,0.0349418313927757,1.407961983232385,-0.5588509301774488,0.715569925291273,2.585759911115984,0.898216918009053,1.8905454714912064,1.658588766025917,0.031248810883040688,1.76552429153372,1.2992244412078378,-1.1282389843357903,-0.5674668419689362,1.4410633289044104,0.07643795734324164,0.21484607166853262,-0.9914604047422514,-1.1107243053649132,3.6431489583641943,-1.0997150805159805,-0.5536158818883693,-0.6321872621906741,0.8840753924834858
10881,28,飛克,Viktor Gaddefors,SmallForwardAndPowerForward,Imported,201.0,98.0,24.256825326105798,32.98015058179329,1.0,3.5,0.0,0.0,1.0,1.0,0.0,957.8333333333333,6.8657172676352385,31.927777777777774,15.519995572087904,10.88569121525903,1.8034170316898641,4.88499346713279,2.890781811971898,7.15868994923355,3.4762588637870966,1.2582183114539507,0.20394874661323154,2.2864267341341424,2.560609937732182,11.44151166493044,2.2680891232389424,2.7530830004340197,0.5573872864455912,0.2288123599481071,0.5800994840652695,0.5921169764167177,0.1527437870941808,0.45717617223522733,0.7976298148542244,0.09227140526353124,0.6446155801470762,0.020913137546995815,0.02954972689224658,0.1521777683195006,0.13883568607978058,0.013908101014400228,1.5203893533476975,0.28765510075179757,0.0,6,New Taipei CTBC DEA,915.5333333333333,0.6568308269398666,0.414664308981989,-0.12986194946618307,0.7389015398776491,0.41504971268390645,1.4845049795548957,1.073497540662467,0.9975697882627566,0.3341010946459731,-0.5186113432631774,-2.369488164358215,1.1314398830703953,1.3194320567718987,1.440678883676169,0.37957021777758704,-0.2846084204147362,-0.8526185423247311,-0.007977343734712159,-1.0428629192115084,2.15532484397424,1.2273452571403523,0.9441071773777583,3.352198716768342,-2.75310436117315,-2.2615830651247757,1.7606131487931875,-2.1289920608628377,1.8438228179679386,2.848067604989849,2.2405067916671224,3.722316009289925,-1.9096287216580585,-1.3600197533132177,1.0881798214892573,-2.1054383676364465,-0.8564417442638826,0.38229299121574045,0.15887871919239305
10882,29,霸夫,Pavlin Ivanov,PointGuardAndShootingGuard,Imported,196.0,90.0,23.427738442315704,32.511978097193705,1.0,1.5,1.0,1.0,0.0,0.0,0.0,69.28333333333333,4.252534691524459,23.094444444444445,14.459001819208181,12.313484478804526,5.615113027882333,3.0897131993386706,1.734394533495559,5.3793520315191365,3.048567386723379,1.3992960386647249,0.34216249472186633,2.6117512669616203,2.9885233876496056,5.077787668671011,1.4633998509258714,1.677085847629592,0.4198346456692913,0.3485154499351339,0.7193150977342726,0.5304050550301826,0.46484908136482944,0.24319553805774277,0.3948097112860892,0.04968503937007874,0.28875984251968506,0.07952099737532808,0.0912007874015748,0.07566929133858268,0.4030971128608924,0.061751968503937014,1.1672502758158623,0.2438088730944235,1.0,6,New Taipei CTBC DEA,65.85,0.18766595055424762,-0.19373205332625779,-0.610825169086741,0.6319385631563573,-1.1217559802267743,-1.0728824885743449,-1.1749408727302106,0.2029973343831102,0.02074904662938599,0.11356046497711936,0.4035467843645221,-0.23883571300134415,-0.1264537615792081,0.38941187882883377,-0.02150523639350482,0.18139272332272907,-0.3733092040198948,0.6037382466664276,-0.41653242088486053,-0.37952113787985076,-0.1383492821775926,-0.25699657961661687,-0.23563138708612372,0.8578203054682557,0.1755916642531908,0.012315640888375036,0.2622606050094144,-0.36990146329114154,-0.3860446005813848,-0.12210027945001249,-0.20018303313764518,-0.034776021128255896,-0.02668680982672471,-0.23837447684364632,0.027831801930140065,1.5452036942436096,-0.4807200709661156,-0.5977648404661426
10883,30,林安龍,Lum Walter Joseph Uriah,PointGuardAndShootingGuard,Local,175.0,75.0,24.489795918367346,25.60164271047228,0.0,1.5,1.0,1.0,0.0,0.0,0.0,13.116666666666667,2.647356132429954,1.8738095238095238,14.553381746535274,12.518101878786634,5.5746759358328655,3.566160644538586,1.6847276513402474,4.770015701357213,3.1763277756541504,1.4302358721127675,0.4323390495989046,2.6243892406583953,3.26938080662037,5.740346864997068,1.5112341746624933,1.7812368843474868,0.4156946795202001,0.31463615992451943,0.7330222913426646,0.521265709822265,0.45374879126951234,0.2849064097251001,0.4142233043238016,0.04783119215361238,0.27468400331537507,0.10463289128332642,0.08491331675645808,0.08202099737532809,0.4075839204309988,0.04616487083851361,1.2103112322077982,0.26100614064480093,1.0,6,New Taipei CTBC DEA,12.15,-1.7828265302653523,-1.3344752326542206,0.005287078122813326,-0.9468599938292751,-1.1217559802267743,-1.2345390407772885,-2.5560709803685038,-1.7058326990251556,0.04862305007128369,0.20415716062401393,0.3741285228898656,0.12482021230459886,-0.18855461817519337,0.029404275789147696,0.09830438985221647,0.28359168880715063,-0.06058731173208481,0.6275017343880761,-0.0054456293464288695,-0.11560561961809439,-0.05716630016605258,-0.14073586166705926,-0.3436154657255431,-0.16417139082700333,0.4155563132794971,-0.24660182743680395,0.17721367126735318,0.061615948354263185,-0.23017914689347455,-0.22494804423352105,-0.35533710250404155,0.7685480082209372,-0.16266649408649433,-0.12824441966196717,0.06405189224934374,0.7627694143242097,-0.3754862687598619,-0.30099582678043707
10884,31,徐宏瑋,Hsu Hong-Wei,PointGuard,Local,173.0,77.0,25.727555214006482,22.9596167008898,0.0,1.0,1.0,0.0,0.0,0.0,0.0,161.06666666666666,5.0880077732139135,5.554022988505747,11.880266450929957,10.280140727660854,4.486862130331188,2.304306506726131,1.2935105464220709,3.114576752827487,2.772142876075038,1.3427079992940343,0.4545937697203284,3.1442976929606212,3.724407882858875,4.385238892296783,1.0914028522622463,1.2507697581310615,0.42264213756368685,0.34783565366938163,0.7193150977342726,0.5279772414026275,0.4402753616553745,0.21208913202710125,0.4024503296099616,0.04332997619483611,0.26345335103460904,0.0809776139901117,0.13767510529207105,0.07761856802783373,0.4213056216810109,0.018969739974363672,0.881641354214407,0.2934403197146937,1.0,5,Taoyuan Taiwan Beer Leopards,145.6,-1.9704924808195998,-1.1823761420771588,0.7233260527890608,-1.5504814706482672,-1.5059574034544443,-0.8087155351673384,-0.45608188928255217,-1.3747916148616164,-0.7408501680215908,-0.7867257520502967,-0.4172634725296221,-0.8383095908046965,-0.6777119052069897,-0.9486608392194277,-0.2807273441461644,-0.0055261588421703575,0.01658949102110344,1.605098176594468,0.6605706771463392,-0.6553823292297672,-0.7696914501391939,-0.7328806053589276,-0.1624026662255694,0.8373137913543627,0.1755916642531908,-0.05646427098839527,0.07398448844128296,-0.6917109887065059,-0.32470054957582933,-0.4746665733852452,-0.4791294659793437,0.011820827858600575,0.9784173774741004,-0.20457663544352206,0.17482135379698563,-0.602359815744485,-1.1787006845545653,0.2587128190309366
10885,32,劉丞勳,Liu Cheng-Hsun,PointGuardAndShootingGuard,Local,190.0,92.0,25.48476454293629,22.477754962354553,0.0,1.5,1.0,1.0,0.0,0.0,0.0,915.6333333333333,6.820707537694971,25.43425925925926,12.008935020361328,10.716617896023855,5.259843156226581,2.3592054761378427,1.5803073363065487,3.589503582019999,2.4460800033955246,1.2090057380965367,0.40527532085244855,1.8888832235844948,2.85107969127035,3.3553708709958103,1.1276726432132615,1.1792505906981285,0.39035433070866143,0.3584053448424247,0.7673418252733961,0.5124862248575625,0.49480533683289585,0.21663385826771656,0.3701927884014498,0.04040119985001875,0.252879327584052,0.05385420572428447,0.1264763779527559,0.07198475190601175,0.4642294713160855,0.0305758655168104,1.2949874152376921,0.30567991001459865,0.0,4,Hsinchu Toplus Lioneers,886.4333333333333,-0.37533190110849524,-0.04163296274919608,0.5824802800059515,-1.660572019788311,-1.1217559802267743,1.3630467035377285,1.0347702023205945,0.41346741729232067,-0.7028494167096695,-0.5934704903645415,0.14508551900817143,-0.7964070982614071,-0.31911628680052745,-0.6680649499977895,-0.586498727869071,-0.4471650189950076,-0.15444120177585702,-0.7554880253068934,-0.6177066977431546,-1.0656070368332506,-0.708135446911238,-0.8127153339889382,-1.0045759954188127,1.1561556740464434,1.016370393077156,-0.4953244622148935,0.49177601875771815,-0.6446937861021779,-0.583685905123058,-0.6371492731135625,-0.5956839920801589,-0.8558511086992235,0.7362215099046776,-0.302259445078906,0.5213273463848194,-0.019760625286933963,-0.16855178696518652,0.4699284165425427
10886,33,梁瀚,Breuer Karl,SmallForwardAndPowerForward,Local,190.0,90.0,24.930747922437675,25.451060917180012,0.0,3.5,0.0,0.0,1.0,1.0,0.0,8.216666666666667,2.221013439300234,2.0541666666666667,14.550075433678586,11.948208494680598,5.014278491274701,3.477186917611054,1.7243746480179096,4.536475688245791,3.0781800422068053,1.4638938683027263,0.44251336166022515,2.3403558168813654,3.173422906768164,6.221229117323102,1.5467983183710319,1.8231550500401275,0.43607186969275896,0.31970566266369743,0.7244101071924279,0.539185325806579,0.4204554058146578,0.29307048758328286,0.45405246820109024,0.052430345245305876,0.3010959267110842,0.09546297698364628,0.09307805875227135,0.0899076317383404,0.3890823743185948,0.03137303149606299,1.3152615598035966,0.27542179662562705,1.0,4,Hsinchu Toplus Lioneers,8.216666666666667,-0.37533190110849524,-0.19373205332625779,0.2610886107755687,-0.9812632904355395,0.41504971268390645,-1.2486420159546374,-2.9229053903578923,-1.6896092857148095,0.04764656938775951,-0.04816965750361276,-0.03356445695086843,0.05690963093885427,-0.13898209925923208,-0.10857564789562199,0.006264569375755079,0.3947691583519974,-0.025303970902737956,0.09342681538538679,-0.14589776807777455,0.07594298396215067,0.0031920996901508986,-0.0939438546728785,0.1878893888557054,-0.011246412111015772,0.26478732248504244,0.2610605376961493,-0.07786978353554873,0.14607694389350545,0.08959631588068688,0.030203842705389856,-0.06420580047957476,0.4752044423794307,0.013913103866055293,0.008499234459435928,-0.0853032251176115,0.020255162279237137,-0.1190051559119819,-0.052228399366172316
10887,34,德魯,Drew Pember,SmallForwardAndPowerForward,Imported,210.0,95.0,21.541950113378682,25.297741273100616,1.0,3.5,0.0,0.0,1.0,1.0,0.0,1203.8833333333332,7.094138022427,35.40833333333333,18.46703895614482,11.824213416642465,5.7184640365592445,6.516216876541438,1.8712691282239475,9.08378178116955,3.0208552855447346,1.3710591584854626,1.0400712241902959,2.219059812903481,2.599047551129067,7.436062058370444,2.947587660316139,1.6807744712897716,0.4847759730944563,0.3236938318197901,0.7753083521621331,0.624764219577546,0.4861794619422572,0.5613505976448889,0.46759173051003755,0.10298733773143222,0.4203986220472441,0.04496413243952614,0.03342355643044619,0.015034227140526353,0.46673937717244807,0.01944008476980918,1.3613221545354208,0.17081336670187564,0.0,4,Hsinchu Toplus Lioneers,1174.7833333333333,1.501327604433981,0.18651567311639647,-1.7047935383150405,-1.016292101525553,0.41504971268390645,2.1926758045317674,1.270035664016376,1.3106513243354603,1.2044757575330354,-0.10306989740362094,0.4787353511686706,2.3764965295181706,0.04468703103751159,2.5780600995022285,-0.04749276282860409,0.08812202270068871,2.0469577802439054,-0.13464899568779357,-0.9866023610121721,0.5598442972573079,2.3805698290218302,-0.25287907826000744,1.4582543006426856,0.10905940774738765,1.1558362008442549,2.685508899494807,0.4256872765724178,2.9215533140103993,0.19829866985937952,2.835005460222662,1.2508347025489617,-1.1402426212823114,-1.2762400989478058,-1.2897051034052591,0.5415887494848401,-0.5787496543637295,-0.00644073743058183,-1.8574303293088519
10888,35,帕塞獅,Anzejs Pasecniks,Center,Imported,216.0,103.0,22.076474622770917,29.782340862423,1.0,5.0,0.0,0.0,0.0,0.0,1.0,581.7833333333333,6.3678154763372055,29.089166666666664,14.604517287248099,11.378876686295111,1.6117718291831677,4.103449296730017,3.176127496486404,5.628886749808231,2.38547984879207,1.2187610824974089,1.36116825691733,2.004776797072908,3.8383518957565967,10.9587442250137,1.0105986609974908,3.2484847899066525,0.5231404668166479,0.2860524350148872,0.5145671332296528,0.5525551633707398,0.12114643957548785,0.3662594145840466,0.8243944710715508,0.03794077370763437,0.5072042964738104,0.04332206436152003,0.047130691543991785,0.28119650804519003,0.10970558028072579,0.011440859294762068,1.1898979738168414,0.36071804174797284,0.0,4,Hsinchu Toplus Lioneers,564.6833333333333,2.0643254560967237,0.7949120354246433,-1.394709475920831,0.008300622857357318,1.5676539823669169,0.40217358864836156,0.645092145690913,0.7422321811496715,0.06372533164957636,-0.3002478315538454,-2.508911362020614,0.5349141354382903,1.6762132893627886,0.5368417814288772,-0.6433276240100102,-0.41494163591223737,3.160485257749785,-0.5375705349965084,0.8273488197668619,1.9630253184193533,-0.906829904150229,1.497109524090722,2.458927822567034,-1.0264187843727302,-3.408823559233641,0.6398277704988328,-2.371081006086065,0.9032487573320181,3.062952365168489,-0.7736488330079774,2.207669562331413,-1.1927720222793985,-0.9797946743805269,3.3251915945937496,-2.3405933295027306,-0.9802912600447761,-0.4253728708210598,1.4197079103935244
10889,36,恩尼斯,James Ennis III,SmallForward,Imported,198.0,105.0,26.782981328435874,35.252566735112936,1.0,3.0,0.0,0.0,1.0,0.0,0.0,268.93333333333334,5.598175014929951,29.881481481481483,17.745738285219883,13.135803551465905,5.297248407431577,5.305675865855662,2.1475196359712734,7.081112836695148,3.746648538075406,1.648010594850226,0.5803354928639889,2.8048786330785784,4.019248378385508,8.136260142263204,2.606061678682446,1.6539904762635524,0.4631339740620658,0.30005482193240185,0.7307089165370659,0.5696201096266635,0.40171221495040393,0.4171406841190306,0.5169527814704981,0.08263881787503835,0.40686355966867777,0.06470178443603641,0.05090947438388383,0.07581296656099805,0.3651446978218632,0.036567517128540755,1.3357613744460521,0.2327018268775842,0.0,3,Formosa Dreamers,256.8666666666667,0.37533190110849524,0.947011126001705,1.335591367790828,1.2580785613903576,0.030848289456236296,-0.4982582040523675,-0.017123037338830117,0.8135021652990234,0.9914480730093457,0.47765164567364704,0.17229809549927147,1.4525322690381663,0.39009613307332547,1.3948448361177892,0.6331330480749998,1.002934648742606,0.45264728514102553,0.9668803059512777,1.0921242881060038,0.8387524178013118,1.8009421588136578,-0.2827772587240201,0.893759026704052,-0.6040273129596667,0.37505727393187177,1.1232773591916034,-0.22147422070422143,1.4296379900018121,0.5946025682422634,1.706109958320373,1.1016414660618923,-0.5088394228688854,-0.8980706033737164,-0.23588334133317754,-0.27854191235708675,0.2810056696950771,-0.06890702479492614,-0.7894364034674757
10890,37,湯普金斯,Trey Thompkins III,PowerForward,Imported,208.0,105.0,24.269600591715975,35.3429158110883,1.0,4.0,0.0,0.0,0.0,1.0,0.0,657.65,6.490192285675836,32.8825,17.38421058304566,13.520452568531155,6.422265904729879,2.942935077667947,1.8457920378881778,7.565521886808035,3.349767839780983,1.7825536076625266,0.6531086773396528,2.415089007176566,2.995114020370677,6.799234640446133,1.08910300222331,3.0031029759643855,0.46613895974270825,0.35031422169056325,0.8081075718884602,0.5834944488544562,0.47824157738479406,0.2139005421453466,0.3462646831031367,0.03516845230411772,0.2054327481605783,0.16709532722344134,0.09783625919710856,0.0513940880340777,0.46961404414612107,0.008627533238673036,1.3870163086440992,0.19612479752106005,0.0,3,Formosa Dreamers,651.4,1.3136616538797332,0.947011126001705,-0.1224508650557172,1.2787205393541161,0.7992511359115766,0.6205298573806465,0.7503877808068211,1.0834485783251577,0.8846751107901558,0.6479594002095989,0.9907560315595141,-0.35086639799838215,0.012831817567958361,1.6810430035166206,0.2609509615555128,1.4473506390763966,0.7050162960005691,0.23394944128963316,-0.40688581062460044,0.306178452791267,-0.7735946867641799,1.22319707194716,0.9721390419899395,0.9120814720099187,1.7300349372760573,1.5163371141106665,0.3648697000754305,-0.6729711500407692,-0.7757969162567878,-0.9274517230630982,-1.1186744701763984,2.766707760974472,0.11681912612099461,-0.6592739190652946,0.5647947140369591,-1.1215133652836167,0.05635149381294015,-1.420637197075559
10891,38,廖偉皓,Liao Wei-Hao,SmallForward,Local,190.0,95.0,26.315789473684212,22.236824093086927,0.0,3.0,0.0,0.0,1.0,0.0,0.0,303.6,5.718999440461062,14.457142857142859,13.164353070987111,10.873344212471693,5.718936364558341,2.938856769979974,0.9988950383137326,3.8772236819319126,1.8445758296031778,1.3201094154324184,0.3974159196194464,1.968429481741425,3.3136607219438265,4.287854625453981,0.7825043484051265,1.1112217381569802,0.41340178761438606,0.3559312627043978,0.7395521792877937,0.5405493362216249,0.5397309711286089,0.2684419655876349,0.3748942840478274,0.027602799650043745,0.2863480606590843,0.058993146689997084,0.07288932633420823,0.04203849518810149,0.5276465441819773,0.012084426946631671,0.9370799648719563,0.20485453608139612,0.0,2,Kaohsiung Aquas,297.3833333333333,-0.37533190110849524,0.18651567311639647,1.0645677838515257,-1.715617294358333,0.030848289456236296,-0.3984820531377909,0.08683689340759906,-0.5739417505739604,-0.36161026096888604,-0.5240781200562238,0.47907897302363056,-0.35397922979314583,-1.046083637557267,-0.49807439078051524,-1.150570196736877,-0.08017271102702687,-0.18169669883032938,-0.6059152714486019,0.05936621855354773,-0.6941731563692508,-1.293944741982537,-0.8886539274677642,-0.4034217083257311,1.0815233130901263,0.5298716365835087,0.29970292567892554,0.8359821080093373,-0.10871600670625503,-0.5459391186054436,-1.3471791189825386,-0.22676743529405005,-0.6914575038883568,-0.42271039940951854,-0.8214873415907186,1.033266419120149,-0.9479857338282421,-1.043217957802621,-1.2699902472217055
10892,39,詹姆斯,Justin James,SmallForward,Imported,201.0,82.0,20.29652731368036,28.684462696783026,1.0,3.0,0.0,0.0,1.0,0.0,0.0,135.1,4.91338990965742,33.775,18.60211341852912,15.696258267385094,5.156837819133335,5.0612004457234105,1.8234662527448393,6.149119206866342,3.9538298650795594,1.661614746677905,0.4898199257545605,3.817669612070968,2.938703490214596,9.88171766451395,1.9279892266691183,1.9922747458545365,0.4384320151321867,0.26149983994069387,0.7147709193614702,0.5212949235606625,0.31677272172373805,0.3274392663126412,0.5628738631508271,0.05214246475004578,0.43920145882927425,0.0539850759934078,0.11503921748153574,0.07500152597204418,0.2731184764695111,0.043654245254226946,1.0356658031847676,0.22871705320469138,1.0,2,Kaohsiung Aquas,135.1,0.6568308269398666,-0.8021284156345047,-2.42727820336422,-0.24253068512649312,0.030848289456236296,-0.8834517097466221,-0.6063268494603125,1.1637303800331862,1.244368414118412,1.6113222750339538,0.07014843064911457,1.265932600977298,-0.015083169671299348,0.8442051054558024,0.8274211021518425,1.0478712268730794,0.138749737529431,2.871255688535243,-0.4894530575067607,1.5340160699293712,0.6501378958033668,0.09483945343811737,0.2494498271669174,-1.7670644201125554,0.09603911691958811,-0.2457742028078932,-0.872253920198746,0.5016371574747714,0.9632880669049817,0.01423280410022041,1.4580931544266196,-0.8516645972278334,0.488869027883513,-0.24995263199997525,-1.0214304800159375,0.6367421343677782,-0.8022905962521718,-0.8582006620452411
10893,40,崔維斯,Reid Travis,Center,Imported,203.0,111.0,26.935863524958148,29.8507871321013,1.0,5.0,0.0,0.0,0.0,0.0,1.0,124.11666666666667,4.829246635350902,31.02916666666667,15.678207044425701,13.784592416518985,4.776231870802429,4.010926937919211,2.6627558223730006,5.246783091132549,2.5328175691515202,1.0514951456114545,0.5064184412619527,2.2809721407054506,3.59364284333083,7.995156855181648,1.4379673672756366,2.393000259173719,0.43617408094688803,0.3123844430130549,0.5841853898503249,0.5090840514082317,0.3351745897417029,0.29195948929281035,0.5384180219295018,0.0441717565678122,0.2678223195231437,0.12115957759952904,0.12000055191699169,0.1558429612186327,0.3012362940613732,0.03393829568032968,1.1104114442924233,0.33665120704145485,1.0,2,Kaohsiung Aquas,113.65,0.8444967774941142,1.4033083977328902,1.4242801589171294,0.023938484951113184,1.5676539823669169,-0.9150634806373462,-0.6787255298697719,0.9167382823413528,0.3808269954745224,0.7649103409334219,-0.20674500404967608,0.46429500557662384,1.0343203552570424,0.3110876035416475,-0.5051589994786029,-0.9674464106788431,0.196311475008958,-0.01823374773422192,0.4691718501473063,0.7825471046080736,-0.18151253194054645,0.5421574768331596,0.19055539811912173,-0.23209595433477972,-2.1900532556191235,-0.5917079685016183,-0.7312645913960466,0.13458317530313688,0.766940034890681,-0.42796626872678417,-0.43097153876160804,1.2972331122581702,0.5961682469366298,1.1517293468023224,-0.794447290555911,0.14902516667025104,-0.6196247041965164,1.0043924669681241
10894,41,凱帝,Cady Lalanne,Center,Imported,208.0,112.0,25.88757396449704,33.44284736481862,1.0,5.0,0.0,0.0,0.0,0.0,1.0,360.1166666666667,5.889201082484607,30.009722222222223,17.363468693812198,13.8896351570817,5.206158871410565,5.855937636852884,2.762002335158977,6.89243880064435,2.1726337747281703,1.0583636176006772,0.7429499636153538,2.219718071244053,3.300668681353726,8.097176640661692,1.6676332725744427,3.1843567125941417,0.4195957056572748,0.2748057164645492,0.749575620813385,0.5281250704561279,0.3711742768962925,0.43336515253432517,0.48045592133897835,0.04887627111937641,0.2997838602461125,0.10032198393542516,0.10472391484983976,0.12399596407233016,0.35292604756063783,0.01824822933565465,0.9787881636294945,0.28608619559718884,0.0,2,Kaohsiung Aquas,343.1,1.3136616538797332,1.479357943021421,0.8161548442466793,0.8446134876314424,1.5676539823669169,-0.23581814556503652,0.23328204172854247,0.8250376249281984,0.878549237331054,0.8114192165105146,0.10602983404780136,1.8725281269412728,1.1584129737326796,1.283372593101488,-0.842927897575888,-0.9447588052999688,1.016575515445334,-0.13341125660325587,0.04034996361075936,0.8231843860875521,0.2082695659771978,1.4255252504816984,-0.24186373684902207,-1.3656836557857426,0.705346770038371,-0.05227627683712107,-0.4554463035962579,1.5974872901009416,0.30158109346770823,-0.1669691370741878,-0.07866834501171269,0.6306430189136959,0.26577906467368073,0.5995451625065069,-0.3771778821697727,-0.6385778897676418,-0.9412900698458214,0.1318045090636199
109,42,于煥亞,Yu Huan-Ya,ShootingGuard,Local,182.0,81.0,24.453568409612362,31.835728952772072,0.0,2.0,0.0,1.0,0.0,0.0,0.0,527.3833333333333,6.2698220303894265,26.369166666666665,12.72722068585905,10.89359046637593,7.2259785347362655,3.2225212785948463,0.8400571105947745,2.4864053977328475,4.494093056556369,1.0129557110351248,0.22565633497287524,2.5011586100932313,2.244702984997701,2.770703557562897,1.1851648922257705,0.917825906563511,0.36948352058759454,0.3232439809276701,0.7823251753021746,0.5187166768248644,0.6840575423761684,0.2967471199720725,0.2542400411155502,0.042987083511112835,0.17565018812303634,0.03430578720763353,0.03862098056708429,0.06736550172607735,0.5725728249486056,0.11148471742756293,1.7968045042888545,0.25253767583182923,0.0,2,Kaohsiung Aquas,519.4,-1.1259957033254857,-0.8781779609230355,-0.015728933094221065,0.4774364856700447,-0.737554556999104,0.24560178259779536,0.5607764801327768,0.4975638330871086,-0.49071217864038574,-0.5151138594258363,1.5754624756106306,-0.1374678802286349,-1.2446862263091276,-1.319796536619445,1.3340627270472643,-1.0947480120487953,-0.7773391294209104,0.39578819813395727,-1.50525118760836,-1.2984960796402587,-0.6105613232948077,-1.1045359670331494,-1.5489560990765254,0.09548935134497678,1.2786760432062132,-0.31881588165510266,1.9417669331544343,0.1841133317358571,-1.5146329754035621,-0.49368957903982014,-1.446959364519234,-1.4812007692120313,-1.1638349470266498,-0.3823510430700062,1.3959371870654291,4.041666373039081,1.0578055612616957,-0.4471340398782822
11,43,蘇奕晉,Su Yi-Chin,PowerForward,Local,195.0,95.0,24.983563445101908,31.756331279945243,0.0,4.0,0.0,0.0,0.0,1.0,0.0,178.98333333333332,5.192864254010659,10.528431372549019,11.223628672894435,8.939221985313544,4.0847610357313355,2.8603059132642112,1.1373680670956392,4.012234081237287,3.2110340501908445,1.5642036191875612,0.5280935585215354,2.3307122221865035,3.9282981826049808,4.367906036444764,0.8498241519595982,1.0016568908109993,0.43684512369024736,0.3431536737822857,0.694066178608909,0.5478924816112405,0.4657620922384702,0.32778786174455465,0.4235159525513857,0.03540750587994682,0.2812595868698231,0.07745551692402086,0.10181894876776766,0.07370385519991819,0.4445751099294407,0.021186982309029555,1.3777050721339108,0.22086523081474127,1.0,8,Taipei Taishin Mars,178.98333333333332,0.09383297527712381,0.18651567311639647,0.29172752730311946,0.4592965656412879,0.7992511359115766,-0.7571485340936991,-0.3658611211388037,-0.9273356288643994,-0.9347804263233259,-1.3804328717687473,-0.7097947733885784,-0.41393439330663523,-0.8729442470896643,-0.41830765468840864,0.13085082944450563,0.7261074891043475,0.2714782818826461,0.07529373095094272,0.9590018507133101,-0.6622864815840134,-1.1796915870497975,-1.0109579218963556,0.20805842344826184,0.6960787015595545,-0.26642791971927504,0.5077340888060021,0.26925580735183474,0.5052435313643017,-0.1555714826068629,-0.914189505055515,-0.28285626977195305,-0.10085029194052718,0.20295310604557967,-0.2724525014067869,0.36266604133275904,-0.49105965924521006,0.03359638330656248,-0.9936976286112869
110,44,胡瓏貿,Hu Long-Mao,PowerForward,Local,196.0,101.0,26.29112869637651,32.77481177275838,0.0,4.0,0.0,0.0,0.0,1.0,0.0,950.7666666666667,6.858319906710716,27.96372549019608,14.207544135691375,10.014033669206684,5.161825177294772,4.007770126607116,1.2505085374632527,3.448631213585938,2.7468021792325352,1.1408108521377915,0.26776814626801254,2.1753333316962444,3.827673903980747,4.00373396522199,1.4999297771255293,1.5186495385706822,0.4489499453503156,0.4240908491756608,0.7299044123954336,0.5991474081594822,0.5210022478625815,0.40673156882617395,0.4178571892622333,0.05190223746784127,0.29589765078870095,0.0691883656869624,0.07537973285517528,0.03853200280657987,0.47601413684675553,0.04498811101582599,1.2627040367605091,0.26611435362909736,0.0,2,Kaohsiung Aquas,923.4166666666666,0.18766595055424762,0.6428129448475816,1.0502617719194147,0.6919879535963807,0.7992511359115766,1.464165994945386,1.0671326924454012,0.6409969482494342,-0.05351602788743859,-0.9045476977224183,0.07377676787676285,0.4618855202277526,-0.731479354980465,-0.7512950500001854,-0.3044910430744097,-0.6724230769614693,-0.631300224587612,-0.21686895627722097,0.8117196033648385,-0.8073462157876239,-0.07635178519449538,-0.4338543394712724,0.5237924094239453,3.1376033364532283,0.3609732418898333,1.9597851405123101,0.6924885170309181,1.321951089461508,-0.20100386112962598,0.0009054711920397412,-0.121504953399719,-0.36531466357749437,-0.3688501571096066,-0.8822852129421406,0.6164599419403612,0.7036989417919741,-0.24744698460770137,-0.21284465249618906
111,45,唐維傑,Tang Wei-Chieh,SmallForward,Local,192.0,89.0,24.14279513888889,26.017796030116358,0.0,3.0,0.0,0.0,1.0,0.0,0.0,151.56666666666666,5.027601658991487,15.156666666666666,12.713287778180838,12.401107837491454,3.276921455935093,3.595358687859813,2.966844243751197,4.632321549884074,2.847051449098778,1.481389309600169,0.26208018522903165,2.5124710922678917,3.415453321999368,6.142116969883261,1.8376861378311036,1.796561867836888,0.39272292667961956,0.3204627554786772,0.6403633331079406,0.46717675593409064,0.23907385675348272,0.2907660130224107,0.582795464869776,0.0646767110841914,0.3332402710478498,0.1438853346456693,0.15230826014536644,0.13149227740763172,0.22338734100545124,0.015686515748031496,1.1331678433477521,0.39041709633919236,1.0,2,Kaohsiung Aquas,151.01666666666668,-0.18766595055424762,-0.2697815986147886,-0.19601222520937592,-0.8517817922992373,0.030848289456236296,-0.8360580380621984,-0.5080566073382767,-0.5110184656818203,-0.4948270993399129,0.1523567098673995,-1.29750360168291,0.1471060731441896,1.4145365200135676,-0.051948072611374005,-0.21048046863424244,0.4525592561653772,-0.6510254174805418,0.4170593320759047,0.20835852045725195,0.04443044363645424,0.4968781972428039,-0.12362903643334779,-0.9427951391552652,0.011591804687261509,-1.2065754685555372,-1.7789408174282346,-1.467558201818054,0.12223613553925396,1.1232321578355964,0.7096079176815706,0.29011238677541695,2.0242251418996093,1.2948899129317164,0.7295211739107696,-1.4228887975479485,-0.7671696628684117,-0.5640118567874071,1.9322171862197708
113,46,林任鴻,Lin Jen-Hung,SmallForwardAndPowerForward,Local,194.0,85.0,22.584759273036454,31.786447638603697,0.0,3.5,0.0,0.0,1.0,1.0,0.0,182.25,5.2108513407667605,6.508928571428571,10.656816760102314,10.463874808111825,4.144032317047955,2.176607637310438,1.6927234566247107,3.8837667657839408,2.430159287869615,1.645015308336863,0.24104292248620857,2.028256604329579,4.083085780434038,5.460728814594179,1.5959952645044386,1.3698136490146637,0.40610646325459315,0.2773483150886147,0.6310798036166255,0.47841756843870714,0.39216682023789584,0.19403899313117773,0.4426673228346457,0.0715572122633607,0.3048615764784721,0.148553987267549,0.07276658569274586,0.08165103032333725,0.3641732283464567,0.027993591891439105,1.1981517933589478,0.3035463865466213,1.0,6,New Taipei CTBC DEA,182.03333333333333,0.0,-0.573979779768912,-1.0998474697124256,0.46617722496254077,0.41504971268390645,-0.7477465506421332,-0.35038464537428327,-1.2888963312110848,-1.1021816699513312,-0.7053753851311872,-0.6666745102010774,-0.9357777396755571,-0.1785570838869096,-0.49420861121435944,-0.6014286681478005,0.9930407628072087,-0.723980218453612,-0.49342088531073924,1.185562135980732,-0.2269851659237263,0.08668768363447449,-0.5999954353425793,-0.5937080176813971,-1.288984448689238,-1.3690973501130355,-1.4604888223015,-0.2946080347474216,-0.8784476572260599,-0.001811330524411046,1.0913244693921842,-0.0226980880982085,2.173574324784041,-0.4253649221284212,-0.13465915175998566,-0.2863841724923344,-0.1493844621288753,-0.4052019111880591,0.43311072713856247
116,47,呂威霆,Lu Wei-Ting,PowerForward,Local,201.0,103.0,25.494418454988743,28.459958932238195,0.0,4.0,0.0,0.0,0.0,1.0,0.0,443.0,6.095824562432225,16.40740740740741,12.381910119049937,9.91573273001671,4.64705498163543,4.429250807716819,3.133815771842606,4.54832013409162,2.172516932796517,1.3698399714024352,0.5352078648839086,1.9335942255131906,4.274898195289131,4.478014913497084,1.2287234678955234,2.15802685433259,0.39752062242219727,0.3171903694842721,0.716185703588503,0.5234100878833585,0.4741480068897638,0.46399790846456695,0.4600670521653544,0.04203986220472441,0.3916061761811024,0.06852546751968505,0.030250369094488187,0.03546998031496063,0.46395177165354334,0.010196235236220473,1.1235640364099218,0.407935476567373,0.0,2,Kaohsiung Aquas,436.6666666666667,0.6568308269398666,0.7949120354246433,0.5880806298769515,-0.2938228727940134,0.7992511359115766,0.0027331998667852026,0.4110653216532596,-0.3985123366775616,-0.5926956003313429,-0.9480715635831742,-0.30072207582696225,0.7835872076472647,1.6233089347826752,-0.10157772187805297,-0.8430374682204235,0.08409486273466603,0.2961498758572686,-0.6714168465841293,1.4663150905901552,-0.6184270928477014,-0.5366350128797921,0.27986362353358873,-0.8176552863890176,-0.08712193200282632,0.12080700232247785,-0.18585163953172504,0.3335060496059558,1.9143966957830127,0.13788546341318944,-0.546239537446348,0.933463561951128,-0.3865206319021625,-1.3448669023788156,-0.9353765729866311,0.5190855950501058,-1.0427683516700887,-0.5874819606681455,2.234527562357068
118,48,蘇文儒,Su Wen-Ju,ShootingGuard,Local,187.0,78.0,22.305470559638533,27.958932238193018,0.0,2.0,0.0,1.0,0.0,0.0,0.0,921.0166666666667,6.826563300038188,35.42371794871795,13.396382634705796,10.954178033690322,6.2301092935206865,2.41210353937222,1.3800361647565118,3.6364935218515138,2.851811648165945,1.1710861583489087,0.24276058083021654,1.7834713313851847,3.7686857521335497,3.5961673980868185,1.7003040601746822,1.3662698449346773,0.4210677291675439,0.36715272590670633,0.7727524804995962,0.5562265321483694,0.5767397564887722,0.21678909059978616,0.29818126032857006,0.05779746281714785,0.18721292650918636,0.0739631938368815,0.08283968844172257,0.07924443472343734,0.5346675415573053,0.0420722149314669,1.5990229828651088,0.27509777694341453,0.0,2,Kaohsiung Aquas,894.8833333333333,-0.6568308269398666,-1.106326596788628,-1.2618661934745015,-0.40829202332030967,-0.737554556999104,1.3785407885114824,1.0398086260084578,1.312035195082421,-0.2930830535331158,-0.488288020584918,0.8509607805627157,-0.7560318284888552,-0.5695248239389658,-0.6403023913444637,-0.20601650546173264,-0.572419145793055,-0.7180235774134375,-0.953696556681924,0.7253795302754026,-0.9696911690960826,0.2637174484779904,-0.6039512788905197,-0.2034684706155355,1.4200263398492206,1.111091896212747,0.7438375750927588,1.1195317890872944,-0.6430878389843003,-1.1618431515449539,0.3279608750494068,-1.3195065080614186,-0.21256894862282694,-0.20751303722365408,-0.17638628924035285,1.089943946536205,0.5573280713414535,0.5744604790921762,-0.05781992727741041
119,49,余純安,Yu Chun-An,ShootingGuard,Local,189.0,83.0,23.23563170124017,33.63175906913073,0.0,2.0,0.0,1.0,0.0,0.0,0.0,216.56666666666666,5.382505316973062,11.398245614035087,12.544374345560797,10.811753569818546,5.44464196173061,2.6886651260988597,1.6396980266339019,3.650243689415647,2.5756462858001767,1.5959200646837624,0.3076066026734893,2.293272994330595,4.524508777076685,4.665192260651256,1.723779762799444,1.429810196053105,0.42708437157380646,0.30947045642174786,0.6537312695944111,0.5250743800565039,0.5172563065033537,0.242959864391951,0.36676600320793235,0.07154053659959171,0.29312026100904054,0.08300069262175562,0.04481536162146398,0.06180737824438612,0.49289151356080496,0.02436479294254885,1.1231311283775032,0.309965234902135,0.0,2,Kaohsiung Aquas,216.35,-0.46916487638561905,-0.7260788703459737,-0.7222685877500791,0.8877739870102089,-0.737554556999104,-0.6489777550973673,-0.20268987752983408,-0.849094447399073,-0.5447136984884395,-0.5513480819833705,0.27952791595083964,-0.5449418945655956,-0.24485729201156053,-0.6321785283461058,-0.4649955922034428,0.8308717220469091,-0.49314505232655237,0.004895844960017539,1.83166635521802,-0.5438692165779652,0.3035597080735871,-0.5330230666269721,-0.04653443701582972,-0.31999833063896094,-0.9725500160210445,-0.1387022753025576,0.6637882917355186,-0.37233961157695256,-0.6111984540799177,1.0903993366575724,-0.15211935018815376,0.07653867367367893,-1.0298685195867947,-0.4787214439229926,0.7527038301353705,-0.33154131733647335,-0.588539915764228,0.5438792134625487
12,50,曹薰襄,Tsao Xun-Xiang,PointGuard,Local,183.0,80.0,23.888440980620498,26.546201232032853,0.0,1.0,1.0,0.0,0.0,0.0,0.0,706.0333333333333,6.561077812357061,19.612037037037037,10.41635871367769,9.818420380487192,3.2582204700249227,2.3487085861762798,1.3896216562615014,3.2676169157362622,6.031707870705449,1.1708256888397401,0.10169455552079013,2.6437229171167154,3.351708406133966,4.687866807010733,1.0309435155330802,0.935518855821186,0.41242618110236223,0.3394710461139286,0.5636673331852181,0.48465774454175387,0.3254942656624444,0.23582463197535092,0.48526403628894216,0.046636425881547414,0.3550303834303321,0.10419162957891133,0.08626112632660048,0.12902259500171173,0.2966621020198562,0.028832163642588157,2.2815204390949266,0.2983788858523971,0.0,5,Taoyuan Taiwan Beer Leopards,668.8,-1.0321627280483618,-0.9542275062115663,-0.34356611524970493,-0.7310574969354391,-1.5059574034544443,0.7597847449311348,0.811379210414792,-0.11025077872394973,-1.173198130797322,-0.9911577200575548,-1.3111086970410593,-0.8044190128393205,-0.5575396296299703,-0.8582417726212647,2.7759889589164235,-0.5732795161121766,-1.207224284098638,0.6638553140168146,0.11505604322155848,-0.5348373222400792,-0.8723012261891012,-1.0847858517374755,-0.428868769128061,0.584989747321465,-2.5492521118554436,-1.2837047571690838,-0.8054321918372005,-0.44615674607498895,0.340183891857678,-0.2912313061060008,0.5302987485987339,0.754432142182043,-0.1335172971940043,0.6867001958914656,-0.831372798568549,-0.10729020581799485,2.242370538066389,0.3439364394354288
121,51,吳曉謹,Wu Siao-Jin,SmallForward,Local,190.0,81.0,22.437673130193907,30.094455852156056,0.0,3.0,0.0,0.0,1.0,0.0,0.0,658.5,6.491481972157369,19.954545454545453,10.615688068199312,10.152377571812167,5.703035938487572,1.76588033705523,1.7600973107685447,1.8550609740488193,1.5013726124498081,1.2356518364726452,0.23312598383267705,1.448224912061714,2.866347745568912,3.6055487354439433,1.1299582875443468,0.987316560670769,0.379924838940587,0.3183860050370163,0.7067304400559485,0.4900888916092381,0.5727274715660542,0.16550962379702538,0.3627143482064742,0.03878390201224847,0.24291994750656168,0.06206255468066492,0.04817804024496938,0.07411198600174977,0.552143482064742,0.020583989501312336,1.0366985127416655,0.4868659051971396,0.0,2,Kaohsiung Aquas,650.2833333333333,-0.37533190110849524,-0.8781779609230355,-1.185173900761154,0.0796092740048854,0.030848289456236296,0.6229762918501867,0.7514974547549106,-0.07944159905141049,-1.1143285462218744,-0.843294351525817,0.46751130413349107,-1.2492717418525385,-0.09431636103618797,-1.6928069438645863,-1.4724152499462502,-0.35914891209490085,-0.7514352486467126,-1.5840685103245284,-0.5953590756734534,-0.9659543248649212,-0.7042563197882761,-1.0269656077560048,-1.2766118089242349,-0.05105477692616611,-0.044721337019832386,-1.129840468555005,1.088790923123744,-1.1735965984692047,-0.64372788043404,-0.7268737477770837,-0.7054634748491928,-0.59326780924352,-0.9571435713046939,-0.2653760611113309,1.2310197858054555,-0.5213284272628372,-0.7997668261747509,3.596610543599732
122,52,陳懷安,Chen Huai-An,PointGuard,Local,186.0,86.0,24.858365128916635,28.424366872005475,0.0,1.0,1.0,0.0,0.0,0.0,0.0,354.73333333333335,5.87418138649325,16.124242424242425,10.717885241946478,10.3253505805806,5.775849693290916,2.4083792861950153,0.7770283763275971,3.3251469406698315,4.465079415553708,2.042075053981071,0.4256795886077753,2.630635296848302,3.3975956127344866,4.0224076241652895,1.7487126364442163,1.138585387578155,0.3774965141076116,0.25499989906169884,0.7386815275617765,0.478862268785644,0.5765047964955085,0.22703989686148388,0.31416005877786407,0.07553787290673172,0.21589428302096042,0.08425404790950428,0.06225393700787402,0.06109293556615282,0.4875512920039925,0.08895350449151603,1.697338821882002,0.18941861726581208,0.0,2,Kaohsiung Aquas,338.23333333333335,-0.7506638022169905,-0.4979302344803812,0.21909848634148887,-0.3019545610827672,-1.5059574034544443,-0.2513122305387905,0.22035877271045962,-0.4239834795673189,-1.0841458108303947,-0.766708572252443,0.5204838095534133,-0.7588744226697551,-1.3234940398520167,-0.8242519293213519,1.3068546579919964,2.3045893627209804,-0.08368155441636695,0.6392463449671799,0.18222045925584807,-0.799907984750772,0.3458750346943726,-0.8581086959686025,-1.3399505924511566,-1.963139532745134,0.5146295934763074,-1.4478904703000388,1.1177315994699468,-0.537038715374447,-1.033554551652661,1.3121636226384583,-1.0033598745884,0.11663323697699385,-0.6527229059009586,-0.4911089210120899,0.7095944914596938,2.9106544458839014,0.8147280073531868,-1.536364099277811
123,53,勤明慶,Chin Ming-Ching,Center,Local,195.0,106.0,27.87639710716634,30.88021902806297,0.0,5.0,0.0,0.0,0.0,0.0,1.0,165.85,5.117095205197383,9.213888888888889,9.461714381711383,8.177712574554448,2.8537825698826857,3.159787534131242,1.571801397553084,4.943473681073968,2.0470913975349467,1.0299497105692659,0.44865014929712516,2.3159794642749256,5.446930544132598,4.131101788652796,0.8803312555878685,1.0376145068630729,0.4093045750746674,0.31970566266369743,0.6617840307666342,0.5030738151135882,0.3312678954903364,0.41272220233834406,0.5547080052493438,0.04130875685993796,0.31298466952994514,0.090364769744691,0.10363725841088045,0.16174540682414698,0.3065497494631353,0.024718146027201147,0.883898769014275,0.24124866234877465,1.0,2,Kaohsiung Aquas,160.88333333333333,0.09383297527712381,1.023060671290236,1.9698949415225158,0.2591319308412077,1.5676539823669169,-0.7949483451132597,-0.43105443807555843,-1.045580826634687,-1.4551411259725069,-1.7175998787037403,-1.6053400399400612,-0.1853503867267989,-0.3297516651415988,0.13188658057695035,-0.9606575430113738,-1.0386142524812618,-0.00402229913121553,0.04759136978626162,3.1818012601595833,-0.7566121148695367,-1.1279158442021582,-0.9708194999496602,-0.5102906307174084,-0.011246412111015772,-0.8315745498831684,-0.7619778434262536,-0.7611964548242486,1.3839268421598367,0.8977270373679335,-0.5867998111650679,0.06684051237060237,0.3121139006361683,0.24227784966867794,1.2540698311204719,-0.7515540236725442,-0.3138038544500683,-1.1731839389350636,-0.6419457672086053
12668,54,歐提斯,Chris Ortiz,PowerForward,Imported,203.0,102.0,24.75187459050208,32.498288843258045,1.0,4.0,0.0,0.0,0.0,1.0,0.0,314.95,5.755583973219464,26.245833333333334,15.880314994755041,14.478718604526156,6.291982431676048,3.1537203017029123,1.4662463176906408,5.259869591651444,2.4331068798682596,1.5007420169176926,0.38865648532935865,2.7639597766870208,3.0308953093910302,6.710095328436984,2.0935414891869533,1.7858263274800565,0.40616387795275594,0.31522311424864796,0.7224413093386656,0.5040333470236475,0.4361246373808537,0.21178771239121427,0.4347933070866142,0.061717778698715295,0.3034578325735599,0.0892846042271032,0.09389504765851638,0.07723787815996684,0.4275383340240365,0.00858630335681724,0.8802974994030727,0.21799301966445916,0.0,2,Kaohsiung Aquas,300.96666666666664,0.8444967774941142,0.7188624901361125,0.15732205106506472,0.6288109907376064,0.7992511359115766,-0.365814957573932,0.11831501114112525,0.4864698025989779,0.44051720569889197,1.0722426548076254,0.8959739124240592,-0.18998129627411464,-0.4617321840116426,0.3188193593073559,-0.5986645101905651,0.5164841855123656,-0.21207340672632452,0.8899395902341044,-0.35451327457271364,0.27067181752480296,0.9311082388557027,-0.13561280221037367,-0.5922104515037535,-0.14646551667273341,0.23032061110127788,-0.734794323460888,0.042182943677542224,-0.6948293081253456,-0.06502925389019842,0.5454522206593424,-0.038171167609426335,0.2775596404464854,0.031582195267892126,-0.21117728677627,0.22513539122129428,-1.1235830047773474,-1.1819848417879233,-1.0432626695498748
12908,55,布里茲克,Bogdan Bliznyuk,SmallForward,Imported,198.0,98.0,24.997449239873482,30.50513347022587,1.0,3.0,0.0,0.0,1.0,0.0,0.0,424.3,6.052794802259588,38.57272727272727,19.095896534597323,15.344892111806416,4.324934091288773,3.8122829879255407,2.016728401881781,6.010843899120474,5.120820739689509,1.5838652917055358,0.43591007067171755,2.2798351545811015,1.865704852748536,10.493934950149969,2.2458260289233087,2.799313258586986,0.46983053748716197,0.3536596783077172,0.772165108090458,0.5591033057295607,0.27254490402555104,0.2459424311418904,0.6410069411504284,0.05914208013154982,0.4122770609999052,0.0841930714985928,0.12787172311292413,0.10311324036302691,0.24992884925528888,0.022616054770262153,2.246136405695706,0.25122519315459657,0.0,2,Kaohsiung Aquas,414.6666666666667,0.37533190110849524,0.414664308981989,0.2997828429653292,0.17343644656742305,0.030848289456236296,-0.05108835846309693,0.3740415918244683,1.5952936176335122,1.3902014600491954,1.4557508883368095,-0.5350672301984652,0.31267692016310056,0.22656165456902355,0.7625093987712257,1.9217880001341812,0.7910529773987457,-0.048203422495991806,-0.020371650253559262,-2.059985069149817,1.7778790230411448,1.189561000059624,0.9957126454866879,1.068427660569135,1.0129994334540986,1.1008090755250541,0.825336513544229,-1.2111135580131234,-0.34148363967932566,1.590593255943588,0.402557575385395,1.161312988936575,0.11468261484199602,0.7663987632108918,0.23746676295368527,-1.2086304833688506,-0.41932370774491523,2.1558978564542732,-0.4697832304232862
13,56,陳冠全,Chen Kuan-Chuan,Center,Local,197.0,105.0,27.055579891262337,31.753593429158112,0.0,5.0,0.0,0.0,0.0,0.0,1.0,190.95000000000002,5.257234921446806,9.547500000000001,11.340499313337023,10.138933739354764,3.499312835890985,2.128170531684141,1.8392212336482814,3.613172646683492,2.4681631609877486,1.3321578248158739,0.6040124238914266,2.443537759317001,3.6238893453661873,5.707542113770622,1.0079784879315046,1.339330521385996,0.42992538957105886,0.3217498132641428,0.7193150977342726,0.5162623982842357,0.33186753873507746,0.19612543391753448,0.5657067564135129,0.040068580137160276,0.3296450342900686,0.07488252476504953,0.09505439844213023,0.1685505037676742,0.3143256286512573,0.01754191008382017,1.010077765967337,0.33732361858207616,1.0,8,Taipei Taishin Mars,179.55,0.2814989258313714,0.947011126001705,1.4937290551723916,0.45867105115753787,1.5676539823669169,-0.7227065743068404,-0.31047521634888003,-1.0155719738953959,-0.9002640548213283,-0.8492467622082793,-1.135712349303814,-0.9727481141484053,0.004616029620043859,-0.6540808121515673,-0.5657898455653128,-0.040374986298168006,0.5347561512932592,0.2874423182654698,0.5134432015060894,-0.1286726526762468,-0.9112767834257529,-0.6340228479842432,0.027568756049807967,0.050416773244333385,0.1755916642531908,-0.38834554399392107,-0.75660217675886,-0.856862504682133,0.98603244981134,-0.655602354730306,0.25048308970767236,-0.18315975199962656,0.056655577300231165,1.3720610780676519,-0.6887826562572225,-0.6740333932272918,-0.8648234954956643,1.0159961074369666
13029,57,杰倫,Jalen Harris,PointGuardAndShootingGuard,Imported,193.0,88.0,23.624795296518027,27.132101300479125,1.0,1.5,1.0,1.0,0.0,0.0,0.0,478.98333333333335,6.173751381076884,34.21309523809524,23.549279373400097,18.085592889468195,7.5820069513609765,4.088477777110751,0.8999389400252275,5.367686756504939,4.6023639084731975,1.2442236210193172,0.45382359476720574,2.3613261302510837,2.8288758284261926,9.224620519961647,2.6481786836056185,1.5134558050062914,0.48256505537075245,0.3533635684596883,0.7779171968518781,0.5887919122337454,0.4193323490813648,0.222961930105959,0.39694669242733543,0.05779746281714785,0.26437342033634686,0.06779035433070867,0.20938289831826576,0.039120977933313886,0.3710872946437251,0.04824505443763974,1.9490589840649502,0.14358530384535323,0.0,7,New Taipei Kings,462.18333333333334,-0.09383297527712381,-0.3458311439033195,-0.49651013058054316,-0.597197397412885,-1.1217559802267743,0.10629892574398275,0.47811523009666757,1.203137747018053,2.705455795292173,2.66922752441342,1.8344755876282057,0.5234868901560834,-1.1698131370232503,0.3825198103786494,1.435595685815025,-0.330835006834346,0.01391861310764128,0.13285780299755337,-0.6502061587501444,1.2722762368481035,1.8724218785204532,-0.43965195044148603,1.4005862171985413,1.004067079624311,1.2015078764785379,1.6664141464917879,-0.0864742912344276,-0.579227084707837,-0.36888747080866247,0.3279608750494068,-0.4689877973944957,-0.41003674307879323,2.529248165406287,-0.8720731747888384,-0.23056985421657097,0.8671895566379961,1.4298901397819765,-2.3272983089068786
13275,58,吳彥侖,Wu Yen-Lun,PointGuard,Local,182.0,72.0,21.736505252988767,28.28747433264887,0.0,1.0,1.0,0.0,0.0,0.0,0.0,257.26666666666665,5.553992642864731,16.079166666666666,10.719277314220244,9.849430264034288,5.196215964116302,2.2918973670256197,1.3362958331275603,3.7189893123361526,2.8187674321070717,1.217685744886498,0.20149873987538974,2.5615273808244243,3.728151785036254,4.092499466493567,1.2554363388033716,1.381275551835228,0.4017679158776039,0.26482941813464284,0.7364178330741317,0.5002102510814406,0.5450340842811315,0.22444134587343248,0.32046970691163607,0.04376275882181394,0.21904618693496647,0.09225995188101488,0.09111165791776028,0.05254811898512686,0.49289151356080496,0.05214257072032663,1.1004244784609154,0.2643363914549244,0.0,2,Kaohsiung Aquas,253.45,-1.1259957033254857,-1.562623868519813,-1.5919297743717138,-0.33323028527027976,-1.5059574034544443,-0.5318367163793886,-0.05513849919534457,-0.42803811601721947,-1.083734678628355,-0.977427739215224,0.09879630087872268,-0.8477810597473971,-0.6242154335378584,-0.5915622944174566,-0.23700431951528655,-0.4184936392404434,-0.8611148831332761,0.509301058380517,0.6660505706081983,-0.7719884796007968,-0.49129872820000836,-0.587200852657855,-0.706871754839127,-1.666625442043195,0.47500028139758177,-0.8431025556155236,0.8766128941452342,-0.5639218744063424,-0.9828964294250544,-0.45065665205707484,-0.9686173124283995,0.3727403653576284,-0.028614421063645264,-0.6392645713572584,0.7527038301353705,1.062835366497969,-0.6440311845679169,-0.2435265081604179
13399,59,賽克維奇,Rade Zagorac,PowerForward,Imported,205.0,100.0,23.79535990481856,30.138261464750173,1.0,4.0,0.0,0.0,0.0,1.0,0.0,166.55,5.12128181418332,23.792857142857144,18.086395325464764,15.233436489976116,5.401872468125988,4.135883970432178,2.845569612044184,5.621524611160582,3.221738883612496,1.6172612238760495,0.5460064305561403,3.3919003874095797,2.98120185396511,8.444587612545696,1.3697154272454555,2.410615925073947,0.43340069525883734,0.3286362181279035,0.7444662891125523,0.5311636623037853,0.34683826885769714,0.2698526474951501,0.5479038285975123,0.034249115599680476,0.39606513180417663,0.07944981741412759,0.09304390619650806,0.08460287572749058,0.3060310395983111,0.040807229259386055,0.9498329890734092,0.3360739277290274,1.0,2,Kaohsiung Aquas,164.66666666666666,1.0321627280483618,0.5667633995590508,-0.39756356084767336,0.08961750574489011,0.7992511359115766,-0.7929336343736385,-0.42745218978571803,0.26582067305463675,1.0920571302655984,1.406402636184363,0.2484128163670161,0.5596704047728998,1.26290110048356,0.5324920885637204,0.14088948150250546,0.9013648097150356,0.33359805621433786,2.0706715137890512,-0.4272488399224259,0.9615677142535483,-0.29734768099024017,0.5618213230055922,0.11821628049091379,0.2581498333493631,0.6159003798160376,0.0338069698912568,-0.6419011480581912,-0.09412187857964596,0.8430985057638025,-0.9784546990877535,0.9826133923805854,-0.03705305261978714,0.013174483519101702,-0.08347811452837971,-0.7557413479247737,0.4938288763862232,-1.0120516916813564,0.9944304999481658
13400,60,史東,Diamond Stone,Center,Imported,208.0,132.0,30.510355029585796,28.637919233401778,1.0,5.0,0.0,0.0,0.0,0.0,1.0,200.33333333333331,5.304961909266705,25.041666666666664,18.178771540089368,14.667317598836167,5.4855695749997855,4.596190514642585,2.605437655190997,5.416910523449404,2.050612126032041,1.2110085802125714,0.6797801593347708,2.116488976698539,3.538949724157147,7.192415294034867,1.2541278680853165,3.28628959367824,0.4361190342278644,0.36512034693793455,0.7170437632736334,0.5437649694193925,0.36892932261891925,0.316710036673498,0.4904844407291555,0.03237245173120483,0.3332670423902492,0.16413749865170965,0.06739766476108296,0.06626847157803904,0.35775536619566395,0.011173956423255313,0.9688744654983945,0.32477244781372194,0.0,8,Taipei Taishin Mars,195.61666666666667,1.3136616538797332,3.0003488487920382,3.497885442253524,-0.25316443135024785,1.5676539823669169,-0.6956998565352508,-0.26940989096717755,0.3781530860087805,1.11933936068597,1.1557470180157812,0.30930303497308137,0.9110065362721025,0.9626527343787373,0.41160215697950303,-0.9573559158882905,-0.4405493275230055,0.7975099195483605,-0.3275154207364036,0.38911835196045963,0.46279310177321475,-0.49351942552503747,1.539309906985919,0.18911959670871803,1.358718253724655,0.1358286031744482,0.39080175034166864,-0.47264643765061626,0.39063853246987806,0.38209682909333514,-1.0825682864472301,0.29040747985337645,2.672087467695403,-0.5414790504178639,-0.40137207336242664,-0.33819284561365587,-0.9936891331163653,-0.9655174961659683,0.7994036424646117
13777,61,布依德,Julian Boyd,PowerForward,Imported,201.0,104.0,25.741937080765336,35.66050650239562,1.0,4.0,0.0,0.0,0.0,1.0,0.0,246.88333333333333,5.512958205370497,27.43148148148148,17.73520651896269,13.86450485675026,4.591928586562296,3.634076610663294,2.57571373877178,5.8193484792173455,2.803703549296596,1.7293263005521933,0.52841231593709,2.218254772696039,3.814775384114223,9.18218085864012,1.8485119677547943,2.299506807897338,0.4852650278471289,0.3836074531120072,0.6152984521958084,0.5693686230624004,0.3217011684023368,0.25961074422148844,0.5845853441706884,0.0562992125984252,0.4171418592837186,0.10299403098806198,0.08283909067818136,0.0753238506477013,0.3111760223520447,0.010525146050292101,1.2639231452611774,0.3068129421664659,0.0,3,Formosa Dreamers,246.88333333333333,0.6568308269398666,0.8709615807131742,0.7316691457455805,1.3512802194691451,0.7992511359115766,-0.5617215923504372,-0.09044541053688343,0.5931207488456117,0.9883376394964567,0.8002924884275576,-0.34082690587836123,0.17665813011264703,0.9254875129893891,0.6493702280047569,-0.2511307493456655,1.2715327656113473,0.27258369583762526,-0.13616273226803846,0.7928402333024227,1.2553713545754979,0.5152514716470601,0.4377935058972229,1.471010474236803,1.9163943146017175,-1.645373192057712,1.116152749818014,-0.8344937108234165,-0.200078896841429,1.1376025193004409,0.2448409260518062,1.2149363103900621,0.7161212234967108,-0.20752596510867863,-0.2443639547602186,-0.7142080891167617,-1.0262578311427994,-0.24446768657122495,0.48948087353600545
13778,62,辛巴,Sim Bhullar,Center,Imported,226.0,140.0,27.410133918082863,32.82956878850103,1.0,5.0,0.0,0.0,0.0,0.0,1.0,28.433333333333337,3.3821278189418047,28.433333333333337,15.153516152994788,11.52115633474717,4.412912679957306,4.115022337787458,2.202145956346691,4.922967370002531,2.963352055106495,1.1767420178539296,0.40335031571729124,2.1332310827592953,3.050165794123352,7.246593853984934,1.4099045229395375,2.764969797180163,0.46678613876095676,0.32609977591697137,0.6609922519720343,0.5613691306896402,0.37256573397075365,0.3792797384701912,0.5109058633295838,0.04868532058492688,0.38673193194600675,0.07078705005624297,0.08642962598425197,0.08348565804274466,0.34343363329583804,0.02913210067491564,1.3891378571483468,0.3090682008106431,1.0,4,Hsinchu Toplus Lioneers,28.433333333333334,3.002655208867962,3.6087452111002847,1.6994100876469178,0.7044982432713863,1.5676539823669169,-1.1904552510222424,-1.9238576401565906,0.6832389244323813,0.22586570097181713,-0.2372518888398563,-0.47106220425703504,0.5437474390833157,0.4583980103160337,0.11977105827738141,-0.10141746205960134,-0.5537369834824839,-0.16111689757451556,-0.2960348336300349,-0.32630735510998016,0.4843739096575279,-0.2291399511024478,0.9573760565687577,0.989019622043878,0.1816363386187097,-0.8454358059492032,0.8895272896868741,-0.44478539684513224,1.0379497654274916,0.546053820073062,-0.17756269380200934,0.8797361203980005,-0.31417309799533844,-0.12987314018102095,-0.10284916961084946,-0.45380610761653367,-0.09223409845614113,0.061536204845247286,0.5283993169153407
13906,63,班提爾,Benjamin Bentil,PowerForward,Imported,204.0,107.0,25.71126489811611,30.510609171800137,1.0,4.0,0.0,0.0,0.0,1.0,0.0,611.3,6.417222358483909,33.96111111111111,18.687992366016406,14.426002890916733,5.990455260928856,5.995326351980666,2.2174824864967286,7.99774417135574,3.408022171561889,1.3519131044148476,0.37980852597109976,3.4405288882102574,3.3880926162589806,6.743946245998552,1.1069508071697542,2.287207281321158,0.428713214270004,0.33952222162960877,0.7154569405682553,0.5469737550743838,0.41514182176091624,0.42285605634522955,0.430554312813171,0.03157914919725943,0.2910941174966766,0.09403920390632989,0.08064954238674711,0.1190753144493302,0.39361130994989263,0.021530511811023622,0.9905518256917534,0.2170761903547333,0.0,3,Formosa Dreamers,605.9666666666667,0.9383297527712381,1.0991102165787667,0.7138758456606443,0.17468747553492395,0.7992511359115766,0.48712722483572457,0.6876028882315076,1.1804713719859963,1.2697317529727739,1.048902169286358,0.6766108301355761,1.9789187324271118,0.4775740007989724,1.9364082278402823,0.3155800197188101,0.024879700391114742,-0.24275710934917671,2.1621088604258754,0.16831106585106342,0.2841555673564192,-0.7433039266001898,0.4240639086195736,-0.00404880513788612,0.5865334913628066,0.10804893036601057,0.4817065842534869,-0.11858079442544214,1.4887660429782141,-0.09906276661126893,-1.1265791367959963,-0.1744529678503486,0.4296582510193115,-0.25487951984407736,0.5142277027221642,-0.04874305286766217,-0.47381531624477785,-0.9125416399360579,-1.0590841673063318
13907,64,梅克,Makur Maker,Center,Imported,208.0,107.0,24.73187869822485,24.906228610540726,1.0,5.0,0.0,0.0,0.0,0.0,1.0,430.93333333333334,6.068271255347748,39.17575757575758,21.063347749179695,15.754146468830427,6.904146798169242,6.910410401566854,2.5661087404291982,7.659398530569915,3.1269997693176674,1.0536883478631116,0.5454437718517855,3.0546826188794083,2.7590229388803533,6.617757168288184,1.366339586628521,2.598707629970185,0.42549945213159035,0.30982509647446554,0.798914494870949,0.5587604407585226,0.43962811236433286,0.4488017967348676,0.3691533912990606,0.03369257896816952,0.23805786945550725,0.09252538534034598,0.17312764113945217,0.056660991700361776,0.38313622959292254,0.05649188277141033,1.0236741944944803,0.2509517300630181,0.0,8,Taipei Taishin Mars,421.21666666666664,1.3136616538797332,1.0991102165787667,0.1457221947449675,-1.1057406727018388,1.5676539823669169,-0.03199657574001932,0.3873578644586894,1.6495371573666344,1.9712650768601387,1.636952938742649,1.3413276825946183,2.677370870512023,0.9134779283568744,1.7365071270707566,0.052046155574118104,-0.9602019307887408,0.3316468207188372,1.4365927845356958,-0.7524487854477736,0.23389099322089443,-0.3030770566073683,0.7717825230157664,-0.08787440442666962,-0.3093003735997895,1.5690965597347735,0.815623155720557,0.06902546781235021,1.7571862003282746,-0.5920308879714716,-1.009330247009199,-0.7590568119318689,0.3812315240434349,1.7451525087910515,-0.567952878925428,-0.13330392397749152,1.2811602218290146,-0.8315960897382574,-0.4745023156924697
14,65,錢肯尼,Kenneth Chien,ShootingGuard,Local,186.0,88.0,25.4364666435426,30.650239561943874,0.0,2.0,0.0,1.0,0.0,0.0,0.0,982.1,6.890710844372879,28.88529411764706,11.942786741011005,9.9617766224522,3.593652274081365,2.257007249269871,1.0041819992342407,3.0831315846552,2.521722686564724,1.0801176733032452,0.32157910254661476,2.2699442407621877,3.1780386934869393,6.577585305286039,2.1301659672251265,1.204306968391723,0.4707759186351706,0.3236070628274898,0.6053730979172385,0.5445969411130296,0.35762477774955553,0.22335375920751843,0.5697120269240538,0.09266573533147066,0.46986125222250447,0.0676260477520955,0.018838900177800356,0.0860490220980442,0.34591059182118367,0.011714185928371857,1.110918339438151,0.24568264181939095,0.0,8,Taipei Taishin Mars,958.7333333333333,-0.7506638022169905,-0.3458311439033195,0.5544620907817939,0.20658871420618652,-0.737554556999104,1.5543482851950994,1.0950025508897376,0.723893519464403,-0.7223855343832545,-0.9276851032443116,-1.0670797617611263,-0.8744114849586735,-1.0394730997561152,-0.9672392483188433,-0.5155634272287758,-0.8729018577948562,-0.44469003420933684,-0.038969774820919366,-0.139141710290159,0.2178894372806249,0.9932662063880987,-0.7847456415915119,1.0930863434072058,0.10644196241134184,-1.8191311635261087,0.4143714919078503,-0.5592583072714408,-0.5751734393882022,1.0181894701040568,2.262383441325341,1.796047548608392,-0.4152928748251154,-1.591663750875685,-0.0584038775342894,-0.43381067431498627,-0.966570929785624,-0.618385936923925,-0.5654296747338686
14037,66,奧迪傑,Efe Odigie,Center,Imported,206.0,110.0,25.921387501178245,25.82614647501711,1.0,5.0,0.0,0.0,0.0,0.0,1.0,118.64999999999999,4.784570814354383,23.729999999999997,18.771593304720255,15.828702794290745,5.08412475503399,3.8537839929763535,2.4824840461157875,5.901678475508902,2.350316610036593,1.408464150672418,0.4021297885465346,2.8849869355248132,2.9774346134345246,9.939945361301193,2.0275198175327844,3.9027499367200864,0.4536377497610487,0.2881341611320682,0.7434825182881172,0.535824859552483,0.30783480571026184,0.23772085653927405,0.5659408808655016,0.05468599961590167,0.3305446194225722,0.08913881953780169,0.047480154919659436,0.22500160040970488,0.27831124767940596,0.029523558030855903,0.8146714916090401,0.29609207117740005,1.0,2,Kaohsiung Aquas,118.65,1.1259957033254857,1.3272588524443594,0.8357704813854613,-0.8955678061617548,1.5676539823669169,-0.9307974121277218,-0.7171655657848786,0.26016657257419895,1.294422308678553,1.6699636051222913,0.017249178406119548,0.34435320795712454,0.8089180098743562,0.6980123705392635,-0.6763025901019306,0.21167638868909266,-0.16534954503979254,1.1175098852855805,-0.43276289338181895,1.5572097601837758,0.8190582345160635,2.227446332008768,0.6460659309709614,-0.9636221081421068,0.5986780199842363,0.165858595422545,-0.9407334233885682,-0.42653946446437935,0.9879121592426532,0.15534307105136244,0.2603989669796083,0.2728960199144708,-0.9722367990176339,2.350847323084256,-0.9795114453146359,-0.07258389410195205,-1.3423638696229063,0.3044734413985127
14038,67,飛米,Olufemi Olujobi,SmallForwardAndPowerForward,Imported,206.0,112.0,26.392685455745124,29.574264202600958,1.0,3.5,0.0,0.0,1.0,1.0,0.0,462.5,6.13880638500591,30.833333333333332,19.570668991017524,14.134062106265276,5.379707702930688,5.005295500923644,2.0091223264827103,6.479350711276847,2.59762775515194,0.8948031722441749,0.19341684093638223,2.6917752256678966,2.736240814446658,7.171869568873397,2.061991229972561,1.7684698374880834,0.4794516406438956,0.3826858578169304,0.7422981876016046,0.5943471480549519,0.37803983992741647,0.35901096853634035,0.4099206927837724,0.06471760474385146,0.2907694987200674,0.09861759178250867,0.15983563397167946,0.07273743559832799,0.334289232364473,0.04375060756294352,0.9650240222072792,0.2366883086681744,0.0,7,New Taipei Kings,459.6333333333333,1.1259957033254857,1.479357943021421,1.1091760629486824,-0.03923847790766195,0.41504971268390645,0.05885728475623452,0.448047804942328,0.8991227609581717,1.530419930852954,0.9196420456786087,0.23228779785079734,1.2232622820677144,0.21705141802671593,1.039312218664403,-0.44438206989494694,-1.4850237791782717,-0.8891419765716042,0.7542092324257642,-0.785794639269965,0.454609175364646,0.8775620835810024,-0.15498733799168102,1.3193780119633756,1.8885937692355592,0.5779445638414646,1.8237938670356706,-0.40284451758921713,0.8282603777579374,-0.2647234220529848,0.7118766167698761,-0.17803115054003374,0.5761198843031311,1.4576850930574912,-0.2892089201341183,-0.5276249693514928,0.6415792872008726,-0.9749273379729074,-0.7206426683229927
14303,68,喬丹,Jordan Tolbert,SmallForwardAndPowerForward,Imported,201.0,104.0,25.741937080765336,32.8952772073922,1.0,3.5,0.0,0.0,1.0,1.0,0.0,171.36666666666667,5.149623990734066,34.27333333333333,14.846696543979292,11.64298396571424,3.2960856831296494,3.597544931411673,3.2933584273264405,6.033308983630494,3.1799525746023525,1.014649766479937,0.6358639003330577,1.9907577964410241,3.427231504095443,7.55954651120714,2.0305247011672787,1.9915930365385204,0.46718516803046684,0.362589085640153,0.6970148608951098,0.5576320207284734,0.2608124378870117,0.3130064597507836,0.6078711489947252,0.07501337818209618,0.4238542542619066,0.11615606604999619,0.06640834034095253,0.132768901460133,0.23526488800550416,0.025547549881507533,1.5973578404602058,0.3531120262160753,1.0,7,New Taipei Kings,171.36666666666667,0.6568308269398666,0.8709615807131742,0.7316691457455805,0.7195105908813921,0.41504971268390645,-0.7790705057129114,-0.4030659723593415,1.208556259978472,0.135250131751257,-0.18331131093655514,-1.283561495117,0.1487747575495855,1.822792678057764,0.7757822020265106,0.10170361093188383,-1.0891522898150674,0.6452133981748848,-0.5639308010786068,0.22559806892912249,0.6090315450509798,0.8241580330496248,0.09407848151685262,0.9994276317875483,1.2823610447431268,-0.21480688552996718,0.7836550386682924,-1.3010040258970466,0.3523233915093962,1.3245567078597729,1.2830656961262998,1.2889251774795312,1.1371718650423348,-0.562875257235036,0.7516561214489768,-1.3270064093709348,-0.27216980419668757,0.5703911485160532,1.2884527722811996
14437,69,弗利沙,Michael Frazier II,PointGuardAndShootingGuard,Imported,191.0,91.0,24.94449165318933,31.567419575633128,1.0,1.5,1.0,1.0,0.0,0.0,0.0,90.5,4.516338972281476,22.625,13.526912931322235,12.653411860243528,4.709316189988231,3.2358288101959207,1.607723033717025,3.8711526548052024,3.6933851558972814,1.544946993500055,0.4410969264039698,2.17315348366603,2.894180859108128,5.20262853486618,1.108671910006271,1.554599887558882,0.4035505978419364,0.30508314659747615,0.6880192789990612,0.49054276343877434,0.3631021306160259,0.24987841593330243,0.4307144511347847,0.032075034738304774,0.29008221398795736,0.11722440944881891,0.16282422417786013,0.06676702176933766,0.3439092172301992,0.019192913385826772,1.6995509906031472,0.2934403197146937,1.0,8,Taipei Taishin Mars,90.5,-0.2814989258313714,-0.11768250803772694,0.26906151340031736,0.41613606626252053,-1.1217559802267743,-1.011817565442491,-0.94795800368235,0.160770056173783,-0.254532462955218,0.2640672035094628,-0.2554266202385603,-0.12731069969029404,-0.2848371410300529,-0.5016612701699241,0.5831843435919383,0.6624999319632028,-0.0302160050145238,-0.22096777727051667,-0.554620164857812,-0.32979359340557485,-0.7403829223985569,-0.3937240295327719,-0.6603734834781848,-0.45234449869843085,-0.3722878195667566,-1.1169822886335548,-0.5172925512131268,-0.3007641365480836,-0.0977770678690193,-1.0990683910171788,-0.18560689941386405,1.1713479382216472,1.522319598020773,-0.39272788221787125,-0.4499669206695181,-0.5911570548942313,0.8201341790956111,0.2587128190309366
14707,70,金恩,Nick King,SmallForwardAndPowerForward,Imported,203.0,105.0,25.479870901987436,30.157426420260094,1.0,3.5,0.0,0.0,1.0,1.0,0.0,56.64999999999999,4.054390246715068,28.324999999999996,15.872075614841652,13.480678532634894,5.470704668582041,3.9431454095535363,1.6794994790368043,5.223338578690479,3.198629993330062,1.1876372554520398,0.49927394163394984,2.319505501675362,3.4161680871650546,5.608274262141536,1.6757030580822978,2.601251772202826,0.42232039309039854,0.31647522616145196,0.7296593159734684,0.5244746147384622,0.4033377354729393,0.29417297916874313,0.42545225755008476,0.047169341174125384,0.28679731884780224,0.06283638991328616,0.17519062095086216,0.07183793481511014,0.35737067676667,0.04596705870626931,1.3790137557422109,0.24330564689355744,1.0,6,New Taipei CTBC DEA,56.65,0.8444967774941142,0.947011126001705,0.5796414203490863,0.09399610713114119,0.41504971268390645,-1.109243220494176,-1.3454286087126175,0.6734941679225358,0.4380838015782365,0.6303489906107215,0.2984887137242004,0.4125596994797933,-0.19509164978229007,0.29723613545921584,0.11921869972997974,-0.5177483601725457,0.17153517427130904,0.054221463223845426,0.20940471150943193,-0.16821376334936594,0.2219653643191658,0.7746224736475956,-0.17079483158493844,-0.10869471399897182,0.3566824673845066,-0.1556936148573927,-0.20901999338319444,0.15748270685891885,-0.14002551661725332,-0.2616662231942244,-0.22181538695334285,-0.568512988304918,1.7897687558040984,-0.3048050563717937,-0.34129827985510547,0.752839727824893,0.036794587980256276,-0.6064488911651474
14843,71,馬力,Marin Marić,Center,Imported,211.0,113.0,25.3812807439186,31.60848733744011,1.0,5.0,0.0,0.0,0.0,0.0,1.0,414.3,6.029001150636708,29.592857142857145,18.17608368313383,14.246811241088631,4.219528492905065,5.16361430793084,3.045814001782184,8.745840544067903,2.918652755637572,1.7268551222721245,0.6188159809870638,2.72717090510334,3.7713813113640096,9.023870404327896,2.3409884256174864,2.7276758380853905,0.46188163300239643,0.31175519995583584,0.7015829628582351,0.5491387412704856,0.28700743850602745,0.36831710333774653,0.5646492404710474,0.06516096439272524,0.4321105672078601,0.0839118354121664,0.0523896418368058,0.14458051703714028,0.2709393073653404,0.016068131140687062,1.0702126332368511,0.2583025130136735,0.0,4,Hsinchu Toplus Lioneers,401.68333333333334,1.5951605797111046,1.5554074883099518,0.5224480902231553,0.42551878351877437,1.5676539823669169,-0.07986994045768632,0.35356902293745623,0.7875399446586313,1.1185455336916943,0.9695630155127253,-0.6117505250889889,1.3441015747023453,1.513276151053152,2.3783979281938143,-0.14333504236470773,1.263370088712174,0.5860931800126506,0.8207645848774158,0.7293249798900587,1.1923119542566414,1.3510677704184109,0.9157459144580866,0.8610938090185408,-0.2510774967232963,-0.13483552044859698,0.5430406002142802,-1.1003061645899324,0.9245364573841689,0.9775419966616119,0.7364733302837251,1.3799322238753802,0.10568593354929218,-0.8660588908329607,0.956453681565653,-1.0390219859008243,-0.7480135010628068,-0.717863900117879,-0.34765166341917647
14844,72,杭特,Hunter Maldonado,PointGuardAndShootingGuard,Imported,198.0,95.0,24.232221201918172,26.524298425735797,1.0,1.5,1.0,1.0,0.0,0.0,0.0,311.1166666666667,5.743377049538408,34.568518518518516,20.295891100953682,16.136856188216804,5.353095548684085,6.69907379794942,1.6885450966083326,5.088016133735112,5.550451732066703,1.3006954086381437,0.25070334324261234,2.714255232670261,2.4197206239363047,9.71864921129284,1.264034675429918,1.9400879133971798,0.45221118591092146,0.27862233465151603,0.6363840879525026,0.5322033061725764,0.32482868444510477,0.4256587988411826,0.5358996620115882,0.031728197890358044,0.35215560466498297,0.08001922076957362,0.16433990120338732,0.07865658891695142,0.2935485069083346,0.03128017753677017,2.044926234371193,0.24917432886867827,0.0,2,Kaohsiung Aquas,317.76666666666665,0.37533190110849524,0.18651567311639647,-0.14413509624559886,-0.736061612805441,-1.1217559802267743,-0.3768478973385246,0.10781191183044181,1.2351086392548691,1.7446057663478474,1.8064020470364093,0.21292727333353678,2.5160649197428553,-0.18378148543827097,0.21728503680585748,2.3246822700332945,-0.1443001218488822,-0.6904789934028391,0.7964789335028898,-1.249080494601345,1.469061428015665,-0.4767058887250421,0.03658483783175052,0.608856403784342,-1.250552786933783,-1.2762380263623887,0.06326006005727676,-0.8105316659234609,1.5177616534513638,0.7467209383848182,-1.1183102110760468,0.4986108600474461,-0.01883796300935497,1.5550992792318568,-0.18657874649636863,-0.8565075284170298,0.01559412002901066,1.6641737252407016,-0.5051744906657807
14845,73,恩多,Youssoupha Ndoye,Center,Imported,213.0,113.0,24.906874738257404,34.21492128678987,1.0,5.0,0.0,0.0,0.0,0.0,1.0,416.3833333333333,6.034005064122201,32.02948717948718,15.83684645358534,11.512018190088547,2.745136446245433,6.0222398442991345,2.4514672275826124,8.833090630107204,2.2079253513043726,0.9617506988807278,0.5583192122656678,2.133901122686069,2.7657456770476885,8.175697357237583,1.3985926342213801,3.711345105593146,0.4846927422115714,0.2942751999398343,0.6268132747628532,0.5571401887010261,0.2214648950131234,0.5457759186351706,0.5978373797025373,0.048479877515310583,0.4258721566054244,0.1831337489063867,0.0768892169728784,0.09263998250218722,0.21240157480314964,0.009063320209973753,1.0346896244775976,0.21724087540674622,0.0,8,Taipei Taishin Mars,410.4166666666667,1.7828265302653523,1.5554074883099518,0.24723949103862597,1.021008572049012,1.5676539823669169,-0.07387377754214693,0.35787449757245965,1.0067187115343268,0.4276792824190897,-0.24129790697168157,-1.6843808391513055,1.999460874169902,0.7701362116980757,2.4299469542163856,-0.809832580360564,-1.263885938359374,0.3762973631548233,-0.29477494134390303,-0.7426088144272807,0.8544613432625797,-0.24833814993931433,2.013786787302493,1.4560833625530958,-0.7783735192195645,-1.44378923294522,0.7697214470935293,-1.6024725319426893,2.7604263726441443,1.2439988224704654,-0.18896026762180554,1.3111679550245394,3.279773385492799,-0.33620441046428035,0.05587452924197619,-1.5115722184113898,-1.0996379223751969,-0.8046762143525521,-1.0562422378944947
14982,74,徐小龍,Mel Tse-Jade,PointGuardAndShootingGuard,Local,185.0,86.0,25.127830533235937,25.53593429158111,0.0,1.5,1.0,1.0,0.0,0.0,0.0,164.65,5.109877128745905,11.760714285714286,14.132917061700562,12.351065803923612,3.949146724781519,3.8612594799449202,1.2807995099267675,4.071218555384372,3.929599308345428,1.7244127289504072,0.25267697002702105,2.718500170039714,3.490359357112056,4.934494966073291,0.8832282732944514,1.633377944154272,0.4080970298016546,0.3597578838040092,0.7091342664593054,0.5079984698778534,0.3042933435403908,0.3170339384660251,0.43158081802274717,0.02524424030329542,0.274601742490522,0.12003772965879266,0.2022227690288714,0.09884441528142315,0.2891878098571012,0.015105533683289589,1.4455026899218555,0.23931150722906017,1.0,4,Hsinchu Toplus Lioneers,161.23333333333332,-0.8444967774941142,-0.4979302344803812,0.37541859099119573,-0.9618723414392809,-1.1217559802267743,-0.7984021349526106,-0.4372650260814155,-0.8164898109563593,-0.07555625801041235,0.1302000267842706,-0.8084551136115253,0.3500589896924552,-0.6936051165447332,-0.38345849486791106,0.8046984572825076,1.2553024928990053,-0.683634683332092,0.8044607919462181,0.3179973605284322,-0.436598555382927,-1.122999112491774,-0.30578641789613914,-0.5417874253833019,1.1969559265671452,-0.002638808992465059,-0.6224624717085462,-0.9678669934056351,0.3939894397406074,-0.09082128859672606,-1.4780273112001734,-0.3562438407482155,1.2613454404094768,2.374395415391913,0.163451065814071,-0.8917095821228042,-0.7963335452812876,0.1992824641128832,-0.6753747763549603
16,75,米勒,Malcolm Miller,SmallForward,Imported,201.0,95.0,23.514269448776027,32.57221081451061,1.0,3.0,0.0,0.0,1.0,0.0,0.0,964.6666666666666,6.8728187091012405,32.15555555555555,17.22172427580061,13.232812946823767,4.0492756323911685,4.207219464248926,2.441079171117455,6.931227687081494,2.4667387416612714,1.3435664867874353,1.4082472728566284,1.9948206242172137,2.978328167920073,9.334313328029731,2.4711527102376833,2.582379451061124,0.4912783746391788,0.3026469855937815,0.690181723285478,0.5692595706673937,0.30137148686706133,0.3193179205701477,0.5756952027894323,0.0747600436806713,0.4541532559342491,0.0875038316378336,0.10666681035308542,0.05030461520777056,0.26577197923252294,0.03559950763453838,1.2365717056034764,0.2604565992183648,0.0,5,Taoyuan Taiwan Beer Leopards,937.4166666666666,0.6568308269398666,0.18651567311639647,-0.5606274970720658,0.6456998817988631,0.030848289456236296,1.504172393917865,1.0796077734217802,1.018058763488584,0.8366866876616543,0.5206036657212771,-0.7356106474063648,0.6141183302942568,0.7571475323838309,1.3062898119502375,-0.5671256206717497,-0.0026904443625099155,3.3237498554233227,-0.5562913677096886,-0.43145501108383694,1.3159698938849447,1.5719786969541245,0.7535558604438125,1.6278585472630436,-0.5258329429909239,-0.33443104165481075,1.113063297632154,-0.9902533408584175,0.41761824456816754,1.0662264521784308,1.2690112007058212,1.622902664645181,0.22059311227431047,0.30779823772322223,-0.6781639155426143,-1.0807356294558947,0.23241395444105484,-0.31131004754428065,-0.3104791279284333
19,76,蘇培凱,Su Pei-Kai,PointGuardAndShootingGuard,Local,187.0,83.0,23.735308416025617,25.913757700205338,0.0,1.5,1.0,1.0,0.0,0.0,0.0,49.85000000000001,3.928880122494569,3.3233333333333337,14.430931385027455,12.694881510509285,5.763683622940087,3.7622904517186906,2.0133821944958803,4.068720617253997,3.2856849621299187,1.0758739308055472,0.5128623458889462,2.958979735861443,3.2209707407280814,6.049083807799179,1.5772230932832567,1.8075295870956782,0.4171845513112514,0.31137078702981563,0.6339652249450072,0.5096239907771273,0.46286874792059446,0.299150216258179,0.4170525119219253,0.05248419651768881,0.26277448153487853,0.08400105356548741,0.11042336697349452,0.07993235000554508,0.4258068093600976,0.037061938560496846,1.1104114442924233,0.33103389679738277,1.0,7,New Taipei Kings,46.0,-0.6568308269398666,-0.7260788703459737,-0.43240014789006875,-0.875551342681747,-1.1217559802267743,-1.1288146962504968,-1.4534202152489883,-1.5754457152187056,0.012458773462958974,0.2824283657763983,0.5116329100312144,0.2745193390996432,0.22237773288933319,-0.38493432467543104,0.20085607859233884,-0.8869195833193111,0.21865819308244588,1.256640338036767,-0.07630271668545524,0.007372780980651883,0.054828116705967815,-0.1113860962238332,-0.3047546570006097,-0.26267357262152585,-1.318583792331652,-0.57641149689855,0.24708791260472737,0.20897442544747336,-0.20746435499471588,0.033191404434392446,-0.48661245608196335,0.10854000288709313,0.38904162031362993,-0.16445876159401748,0.2111575286234766,0.30582441949655104,-0.6196247041965164,0.9074559265661987
2,77,江均,Chiang Chun,SmallForward,Local,193.0,93.0,24.967113211092915,24.05475701574264,0.0,3.0,0.0,0.0,1.0,0.0,0.0,111.31666666666666,4.721322262724116,6.548039215686274,11.234760554255933,10.41966747277931,4.6256963002031615,3.1350980331770915,1.8471338121787968,3.727939973941575,2.636956114743274,1.4416417418869298,0.4116023035077463,2.2591180052625357,3.51012218931713,3.929643736962231,1.034538861363526,1.2193734161438683,0.402270981371231,0.31137078702981563,0.5909661400780334,0.4879398101140211,0.45018741236112614,0.30465295005932475,0.350831895156941,0.037347643188437064,0.2555751806709093,0.09539828497465214,0.1347953295221659,0.06404379247114658,0.4278394995146155,0.022347912846510627,1.1672502758158616,0.3313200655348089,1.0,8,Taipei Taishin Mars,105.03333333333333,-0.09383297527712381,0.034416582539334765,0.28218454976099766,-1.300275677148167,0.030848289456236296,-0.9519039055904207,-0.7715859780350607,-1.2853782662396898,-0.9314927558602006,-0.7249486887936828,-0.3162606628836107,-0.20419503245903964,0.014509501553543483,-0.5862740716894088,-0.40750118605505625,0.3212670076910398,-0.13249995561564615,-0.05932660737496289,0.34692392160226254,-0.836858387828601,-0.86619931289593,-0.7679274121449974,-0.6937501345484555,-0.26267357262152585,-2.071346217912227,-1.19072390465544,0.14992750545987812,0.265902639889522,-0.7391282492319747,-0.8065545372011211,-0.5659683516292654,0.47313495906916087,0.9161362119572846,-0.43994502302911065,0.22756657221119764,-0.4327837782166703,-0.48072007096611724,0.9123942700387802
21,78,李愷諺,Lee Kai-Yan,PointGuardAndShootingGuard,Local,182.0,80.0,24.151672503320853,32.40520191649555,0.0,1.5,1.0,1.0,0.0,0.0,0.0,771.8833333333333,6.650128110073017,30.875333333333334,13.155455771319373,12.005367048926393,4.333911498147837,4.115728845398365,1.3695507430193568,3.3795927284354206,4.141369904948975,1.6471185858505986,0.428177583510044,2.760929213388076,2.9394058335920747,5.259235768400144,2.1834608301992575,1.0202986647943222,0.3878972848982113,0.26838121435862283,0.6922681419915186,0.47985847030196727,0.3578621534278899,0.3460575418707841,0.4254421118777091,0.08379927671907461,0.34090224165790356,0.107374836492344,0.1590881402446844,0.034772628177178175,0.34277616763702584,0.015085985790864091,1.4999913380129333,0.2883784731396692,0.0,7,New Taipei Kings,762.3333333333334,-1.1259957033254857,-0.9542275062115663,-0.19086235990283068,0.6075434982900969,-1.1217559802267743,0.949311462365506,0.8879999991568497,0.9029007280973732,-0.3642379739644962,-0.022862053443177918,-0.52853610521002,0.5442866920094644,-0.582635243667172,-0.7920843125572432,1.0032901823175078,0.9999882076404649,-0.07501879618804537,0.8842411487377015,-0.48842504803966486,-0.30724537815428665,1.0837166520964783,-0.9901486616580258,-1.0686639175083563,-1.5594831068082136,-0.29790520370279994,-1.4196681011171044,-0.5574396094343638,0.6942514509909187,-0.14010697293627325,1.7704899121656954,0.3745681625384397,0.8562622396378335,1.4415189800495694,-0.9474677230438683,-0.45911354841310603,-0.7973148017962716,0.33244364064393805,0.17136177846022563
22,79,簡祐哲,Chien You-Che,PointGuardAndShootingGuard,Local,180.0,80.0,24.691358024691358,30.05886379192334,0.0,1.5,1.0,1.0,0.0,0.0,0.0,404.7,6.005613970212401,14.453571428571427,9.772727313625118,9.055426071441614,4.822319089121185,1.61403715786657,1.6653605776331994,3.6457248986619994,1.6552478713215812,1.6352027478282882,0.3905054690265474,1.5797934298081389,4.1289226716899465,2.856562906199148,1.1279464029383524,1.1040371545160497,0.39718557139816985,0.33305814364901526,0.6962292979727702,0.505167328536102,0.5471383785360163,0.16473826188393118,0.31563502478856814,0.049825021872265965,0.227088801399825,0.09603018372703413,0.08029673374161564,0.0494459025955089,0.5202391367745699,0.026899241761446487,1.0477622201040588,0.3135631284915581,0.0,7,New Taipei Kings,393.4,-1.3136616538797332,-0.9542275062115663,0.12221566728095756,0.07147758571613246,-1.1217559802267743,-0.1075002591724922,0.3334461905997259,-0.5742630062830764,-1.3632871080668423,-1.3289821827032484,-0.1732162370087088,-1.3651684108043025,-0.2127701882849558,-0.6348483166835683,-1.3281159298817162,0.960628386237254,-0.20566134450701903,-1.3366770430657788,1.252652906199798,-1.2642959438356356,-0.707670830102607,-0.8966738654211971,-0.8263945308233562,0.3915402073151822,-0.22855932358058903,-0.7026686497224771,0.8927353353185948,-1.1815766785508384,-1.0217125270472185,-0.1143343280108206,-0.8799658050862471,0.49334926284744146,-0.2625097436458147,-0.6930528396433058,0.9734695677653062,-0.20431816911653963,-0.7727289689185194,0.6059671776551963
23,80,王柏智,Wang Po-Chih,Center,Local,197.0,130.0,33.49738462727718,28.922655715263517,0.0,5.0,0.0,0.0,0.0,0.0,1.0,91.33333333333333,4.5254052175192285,4.349206349206349,13.858929770763535,12.617217890391574,4.819415399971102,3.2265730069630947,2.3445430479226395,4.848637916090086,2.447122612545173,1.5405278087360388,0.5634050015572766,2.0433675755319736,4.121600250243402,7.659142755304206,1.846919415984514,2.1680020617935534,0.4257728200641586,0.2672948982925995,0.6609922519720343,0.5014060311096897,0.3748668364983789,0.24987841593330243,0.5365968040759611,0.06736915238536359,0.4430233904585456,0.058400880037054195,0.05694187123668365,0.06676702176933766,0.3439092172301992,0.030957619268179717,1.197592954810436,0.3259396725388003,1.0,7,New Taipei Kings,84.4,0.2814989258313714,2.848249758214976,5.230697045592403,-0.18811092504022178,1.5676539823669169,-1.0094191002762751,-0.9401572115585405,-1.4831667975291432,-0.15647518756358825,0.24804190912483523,-0.1753286907567128,-0.13437533551318268,0.6364438424661325,0.07585578978984966,-0.5855210021938037,0.6479026940069801,0.3939342938760915,-0.46500736054435066,1.2419351877582367,0.6487034634600125,0.5125486404660239,0.29099865221552723,-0.0807440600555139,-1.5922525656333584,-0.8454358059492032,-0.8092261311513439,-0.4271550725454824,-0.3007641365480836,0.7523180663320933,0.8589792181731967,1.5002212461527613,-0.7104039854175616,-0.7676074226015828,-0.39272788221787125,-0.4499669206695181,-0.0005975182114085831,-0.40656761948176373,0.8195461522788217
24,81,蘇士軒,Su Shih-Hsuan,PowerForward,Local,197.0,95.0,24.478857996856398,29.478439425051334,0.0,4.0,0.0,0.0,0.0,1.0,0.0,507.18333333333334,6.230842274860939,17.489080459770115,10.799983323347234,9.881194615353035,5.090697395571512,1.7364779562516766,1.8821760617870833,5.102735989565522,2.484402989966996,1.1437021540078232,0.6902575811840681,1.8090091023143193,3.2760380941824288,4.071594243895206,0.7608623740050742,1.1476674139226346,0.40299264629366266,0.3303687606217096,0.7212602960658949,0.510420140306618,0.5246535655500689,0.16519584945949553,0.36503236353930335,0.026702700298055965,0.28054795586992304,0.061943925441523204,0.04429411895546955,0.08856043418301525,0.48153832465857027,0.043115240891498735,1.3733501875632494,0.2694631010311155,0.0,7,New Taipei Kings,494.78333333333336,0.2814989258313714,0.18651567311639647,-0.001058140995614178,-0.061131484838920655,0.7992511359115766,0.1874629869687248,0.5272374612842176,-0.30121411650646834,-1.0598991063843641,-0.9633637091322632,0.022030819422125644,-1.271713566454678,0.05832448697823637,0.2259818102498228,-0.5505606508471252,-0.6628726680842975,0.8338444101648812,-0.9056772681097675,0.00429854260482129,-0.7803156037083742,-1.3306748529398396,-0.8479706989162451,-0.6749267145182516,0.31041314942221404,0.20964523118088996,-0.5538565965315704,0.7204637654949164,-1.1768427327396997,-0.6251172857437578,-1.3971148448680206,-0.2907003807993059,-0.5970627328257512,-1.041141480868879,-0.014859362891363446,0.6610543619946695,0.6096854301963407,0.022953771067093846,-0.15505614274205215
25,82,林金榜,Lin Chin-Pang,SmallForward,Local,190.0,92.0,25.48476454293629,40.29568788501027,0.0,3.0,0.0,0.0,1.0,0.0,0.0,164.3,5.107762004826979,7.823809523809524,11.08308593617653,10.287719312107452,4.941137395530005,2.6791333224318277,1.2820300337490962,3.877490656659103,2.8463584622238822,1.3307908361563712,0.3517393827075301,1.5352761103622883,4.185450287046146,3.951039224207041,1.0817161401504851,1.0420292817344365,0.3903600781654118,0.3097915110534524,0.6962292979727702,0.49269957853420115,0.49268598968232424,0.2556283374061001,0.3518474522581229,0.04283193049144719,0.2604251515974296,0.08004683681781156,0.06712711557607023,0.09971490632636437,0.47393429269617166,0.018751696986152595,1.8539717012545776,0.24847851393104262,1.0,7,New Taipei Kings,158.88333333333333,-0.37533190110849524,-0.04163296274919608,0.5824802800059515,2.410276240458319,0.030848289456236296,-0.7994094903224211,-0.43908492412905825,-1.170620687638299,-0.9762880735313145,-0.783370247051197,-0.08677510514802789,-0.5522171920140154,-0.6920665342920881,-0.4979166569858104,-0.21113032966839648,-0.04489035730249864,-0.34009766098424754,-1.4203840359298427,1.3353915289331986,-0.8283359778522733,-0.7861314479000071,-0.9658914175003166,-1.0044260826419065,-0.31031350053902845,-0.22855932358058903,-1.0558797597926861,0.4755382470289298,-0.24127865633819048,-0.7309746700354702,-0.5022971606842446,-0.5125084680204833,-0.0179545316271387,-0.5473302415933394,0.17854421212797664,0.5996702441860113,-0.6133050418625492,1.1975126649177454,-0.5171819977970739
26,83,洪志善,Hung Chih-Shan,PointGuardAndShootingGuard,Local,176.0,75.0,24.212293388429753,40.24093086926762,0.0,1.5,1.0,1.0,0.0,0.0,0.0,53.2,3.9926809084456005,17.733333333333334,13.671280436607859,10.678578773304682,5.118705976270066,2.717252248664751,1.418023464829367,4.29924899771292,3.1000331271254358,1.203819516634147,0.36389675008038397,2.4932902330370523,3.0361751167887485,4.831609752680195,1.2719952206035614,1.9257948946913714,0.44888269174686496,0.3673273930318719,0.7152237774321756,0.5669828219965366,0.4976496741786587,0.2455114716263915,0.38984014390442573,0.047006516426825955,0.26994807222373063,0.06834611729568286,0.08344929405376052,0.08060684224816726,0.45228074938908497,0.045368924789573724,1.2433502871221358,0.24802446868149042,1.0,7,New Taipei Kings,53.2,-1.6889935549882285,-1.3344752326542206,-0.15569545924588304,2.3977659507833136,-1.1217559802267743,-1.1191728662823095,-1.3985246487285488,-0.2792431800784364,-0.21189521525652769,-0.610312747298532,0.04240725374920605,-0.5231223284974609,-0.5220275023451489,-0.24873373138472163,0.026757696849215064,-0.4642958955758206,-0.29793731303947346,0.3809930983774573,-0.34678529967704314,-0.4775805605602391,-0.4631954898074724,0.020629964325261214,0.522038211891341,1.4252952918101098,0.10396706563762598,1.048563052980014,0.513568437488037,-0.3459421064343511,-0.4259436482780647,-0.27069941706394685,-0.4075399566601533,-0.3922580065955235,-0.1943290426848828,-0.15276397143546003,0.4248703932766773,0.7228148642838605,-0.2947443238227528,-0.5250173449232124
28,84,呂政儒,Lu Cheng-Ju,SmallForward,Local,194.0,88.0,23.381868423849507,39.46885694729637,0.0,3.0,0.0,0.0,1.0,0.0,0.0,372.46666666666664,5.922828754717844,12.015053763440859,12.020906381534488,10.005501593223613,6.728874496084046,1.7049172051273696,0.8158440805196152,3.2850294274267693,2.125762876071085,0.9097596977030964,0.28672177207468247,1.857402620830875,3.040805065047591,2.7658616327797105,1.0027993301330296,1.857944452083129,0.4139548474409449,0.3667053395027021,0.7488608769201386,0.5561279908737007,0.7032653598757902,0.15661736165021625,0.24373752356659645,0.040326605301097926,0.16659850837307308,0.04904278030387047,0.04816942996562049,0.03292392148164578,0.6706498835532883,0.032615476322501946,1.1444814668777434,0.19894397594530283,0.0,7,New Taipei Kings,367.1333333333333,0.0,-0.3458311439033195,-0.6374349155402163,2.221370866365744,0.030848289456236296,-0.20027289180171873,0.26221601315992993,-0.7936115683598683,-0.6993138157403195,-0.9083253720118094,1.2138158821491365,-1.2958028007849085,-1.2749609253278769,-0.8479541263965038,-0.8868819344796842,-1.4356201056998714,-0.5655712362041121,-0.8146817643472459,-0.3400085138556415,-1.3004247512150022,-0.9200666949692629,-0.055109475428910516,-0.38899606964833655,1.406530626397597,0.6928341235852289,0.7410459027374299,2.0889311935649877,-1.265590982472127,-1.5989542887973764,-0.6412876306617991,-1.5467335184736342,-1.0097675623845042,-0.9573297865784239,-0.9795218157416876,2.1876715918505236,0.08262286176897662,-0.5363632460609141,-1.3719873288383113
29,85,林書緯,Lin Shu-Wei,PointGuardAndShootingGuard,Local,182.0,69.0,20.830817534114235,33.27857631759069,0.0,1.5,1.0,1.0,0.0,0.0,0.0,1164.5833333333333,7.060976955991303,36.393229166666664,12.139653036860416,12.08560572487383,4.959797022186197,1.7705098767843042,0.9490395417122167,2.7499748491389884,6.405565841432545,1.120347188967401,0.3049565731569001,2.7050756057441085,2.040739815258072,4.273365683819451,0.7372720780630144,1.3070739058339094,0.3838682906490049,0.3252618514088027,0.7494450426021189,0.47495537134973437,0.41012172585569656,0.14113302801435534,0.3732669577017158,0.024322852500580285,0.1511496330815791,0.09288905851054333,0.2082541021658007,0.13758548038638027,0.3724088060421019,0.037712919813594724,2.3679803358658846,0.25656551757665014,0.0,7,New Taipei Kings,1120.5666666666666,-1.1259957033254857,-1.7907725043854057,-2.1173300547975447,0.8070826186064269,-1.1217559802267743,2.0795641872930313,1.2415031702347679,1.3992442789514044,-0.6642433852684092,0.012664538647989821,-0.07320009893047362,-1.2457381736261193,-1.1084203277342497,-1.1640746442287602,3.126581064315133,-0.7400176620954716,-0.5023350490632468,0.7792182588897909,-1.8037890198918665,-0.6999444996118547,-1.3707115968824517,-0.6700299526745811,-1.1737534801221905,0.15635977912757615,0.7030608057825087,-1.5585727971078183,-0.15704319136857486,-1.4257832609957541,-0.5590043950198738,-1.529144078087074,-1.7170221835981492,0.39286534973254705,2.5048355910867466,0.8351691350391779,-0.2199018544284876,0.3385020904101394,2.45366411902531,-0.3776265661827662
3,86,陳文宏,Chen Wen-Hong,SmallForward,Local,188.0,98.0,27.727478497057493,34.217659137577,0.0,3.0,0.0,0.0,1.0,0.0,0.0,355.0,5.87493073085203,11.833333333333334,10.128951723511909,8.374443505226568,5.124425861606452,2.1477626474989457,1.1658442185491815,2.999224948145786,1.8683394374561446,1.0032560389401188,0.2308804632799157,1.4618037603693363,3.006773945172813,2.9826370979795045,1.0992237655077868,1.0083085897943338,0.4165390784485273,0.3198513742163225,0.737652575521938,0.542543677305102,0.6416400098425197,0.2521398692350956,0.27331007452193473,0.03327123172103487,0.18443739454443195,0.05325066788526434,0.052143384420697415,0.06852854330708662,0.627073959505062,0.01456605033745782,1.278105507803656,0.2799099299170325,0.0,8,Taipei Taishin Mars,341.3,-0.5629978516627429,0.414664308981989,1.8835054742908723,1.0216340865327629,0.030848289456236296,-0.25054472168560143,0.2210035246908776,-0.8099576115376722,-1.2580804109599462,-1.630495007602892,0.04656850951470531,-0.957794126930897,-0.837339165371587,-1.0168129001653519,-1.1282854416657526,-1.126787501056143,-0.7592224549487079,-1.5585358733073578,-0.38981935358011605,-1.2140771319201935,-0.7564180303492027,-1.0035328273053006,-0.32159073484711836,-0.006850924578944271,0.4966162698041598,0.35620256898635155,1.616777131274135,-0.27736840214269465,-1.3615258507741494,-1.032705756156109,-1.3501004266717063,-0.8751581530218315,-0.8713847217718379,-0.3621854631328635,1.8359016797006935,-0.8234142932361008,-0.20980835571409448,0.02522221226608933
3129,87,董永全,Dong Yong-Cyuan,SmallForward,Local,190.0,92.0,25.48476454293629,25.965776865160848,0.0,3.0,0.0,0.0,1.0,0.0,0.0,413.78333333333336,6.027756295541706,14.268390804597702,8.220438601921053,7.748363122818712,4.281733000013437,1.8834142385129091,1.1714940798242526,4.002340423419086,1.8653624587202222,1.2004351724741618,0.44337902699707266,1.2631510907839059,4.361082150983101,2.5796783708343747,0.8766435330439434,0.7357828777839985,0.37866261035552373,0.3084735662720902,0.6850398447201225,0.48754770838581274,0.5727276617596714,0.23686665525504963,0.31835415953440604,0.04979459089352961,0.23179989729544676,0.09533978089695311,0.05078312221841835,0.049349537829510445,0.5585415953440603,0.014186066415611093,1.4767532342964504,0.22642666267927095,0.0,5,Taoyuan Taiwan Beer Leopards,404.03333333333336,-0.37533190110849524,-0.04163296274919608,0.5824802800059515,-0.8636665674904922,0.030848289456236296,-0.08135698886074007,0.35249792287720894,-0.5909202994304462,-1.8217373539851511,-1.9076992622774964,-0.5664963200443327,-1.1595621629262092,-0.8302748760583737,-0.42415301768437363,-1.1310771575698548,-0.4754748979636184,-0.022301943351385477,-1.9320672943903678,1.592461253857477,-1.374586656053746,-1.1341745364875435,-1.3077452090202886,-1.309534926138687,-0.35007019621670643,-0.4244472127633891,-1.2018321388324011,1.0887923803274586,-0.43537655447132756,-0.9998814744452976,-0.11602257832368841,-0.8280367024038843,0.4712634263363958,-0.9008032328419554,-0.6947236753413549,1.2826690346819598,-0.8424885591868824,0.27565358730906325,-0.8977253676528589
32,88,奧帝,Austin Daye,PowerForward,Imported,207.0,91.0,21.23736843333567,37.322381930184804,1.0,4.0,0.0,0.0,0.0,1.0,0.0,440.5833333333333,6.090366752704762,24.47685185185185,17.82370475849998,14.673838135138409,7.81171799639638,2.8161960754966806,0.6728922200517171,7.76880943861727,3.5294836286533013,1.0940139481385704,0.4810282145758084,2.615274234949887,5.190206123956152,5.843679338173995,1.3457565081672773,1.716578015874888,0.4404058867641545,0.33108688693073646,0.7943723495568077,0.5582308697686451,0.5404249225506648,0.18540846456692914,0.29758495223957665,0.035763844068671745,0.16662700077449336,0.11870522460307216,0.11000024202917259,0.06424261004259713,0.5009519814121596,0.03947294113850523,1.3495654036911857,0.0797104952602427,0.0,7,New Taipei Kings,427.46666666666664,1.2198286786026096,-0.11768250803772694,-1.8814850146067024,1.730967511105547,0.7992511359115766,-0.004222349115240622,0.4063693049430613,0.327347090530103,1.01447455550525,1.1586340600898197,2.0015919464949934,-0.4476019132609415,-1.4537004113154592,1.8011491922206495,0.4294827081746831,-0.827000353035874,0.10826109710602842,0.6103625686140433,2.806037576983085,-0.07444545858949833,-0.3380100410823208,-0.21291264172918958,0.30093496058457053,0.332075915214728,1.4895796040928033,0.8006204200892609,0.8412989456870023,-0.9677342915806911,-1.1666307161471468,-0.8944205694647932,-1.5464194546396979,1.2187188932278394,0.3798906596843323,-0.4364977932004786,0.8177725608596923,0.4268508675563776,-0.0351722774751066,-3.429570160387753
34,89,沃許本,Jason Washburn,Center,Imported,213.0,111.0,24.466045096872318,35.32375085557837,1.0,5.0,0.0,0.0,0.0,0.0,1.0,870.6666666666666,6.770407087830914,33.48717948717949,18.935462210350977,13.486752315131458,1.580376419543818,4.845586802019223,3.899480268955289,6.665538461601102,1.977205841645231,1.1589107424767429,1.061150676015274,1.900966146019597,2.2647193707075757,12.171261135783276,1.3431530415848272,4.322177397885295,0.542579103015349,0.26528969269345754,0.7577852472449372,0.602728312424593,0.10381166953740158,0.36260329519356954,0.689090438402231,0.040954109251968504,0.42619007340879267,0.16917727813320207,0.11416682045603675,0.18665415846456693,0.09956323818897639,0.004248431348425197,1.0401057618965341,0.3690935499884276,0.0,7,New Taipei Kings,834.1166666666667,1.7828265302653523,1.4033083977328902,-0.008491057556599997,1.2743419379678635,1.5676539823669169,1.2336255231687248,0.991490614924293,1.137840464808806,1.342819066007476,0.6330382273242892,-2.5317517376031233,1.101362132818041,2.5806555422694264,1.149315516337093,-1.02619399293294,-0.6126363922293534,2.1200588880882396,-0.7327682139022017,-1.4759535040726275,2.4460040932689555,-0.3424285666142054,2.6956407859430813,2.9659520697059603,-1.6527409486852405,0.8490683939948896,2.0612320872622933,-2.50389456556997,0.86542458552791,1.976640089185371,-0.6064749566902756,1.3146722637230532,2.8333089181736715,0.4700016201813952,1.6859541511148053,-2.4224681460335216,-1.3413335978719056,-0.791440076987684,1.5642419947970494
35,90,李睿麒,Li Ruei-Ci,SmallForwardAndPowerForward,Local,193.0,87.0,23.35633171360305,32.73100616016427,0.0,3.5,0.0,0.0,1.0,1.0,0.0,25.4,3.2733640101522705,5.08,15.197729399064372,12.47478325377438,5.590312125960873,3.052388062830146,2.231781460935207,4.669786363003156,2.8435154737717854,1.5120102112323246,0.5684944858933151,2.1619391615127843,3.25092963429863,6.70525106201697,1.4288783933310634,2.3230313546399963,0.4457597361140668,0.3211401543131328,0.7152237774321756,0.5471544574380717,0.4567816574157738,0.2334371369562411,0.4362414483025687,0.044694720536982056,0.3058522653930554,0.06498483283851814,0.0793452304117723,0.09303601394088035,0.43003743384535953,0.026744223570414356,1.315261559803597,0.32337311142465114,1.0,6,New Taipei CTBC DEA,21.966666666666665,-0.09383297527712381,-0.42188068919185034,-0.6522490666488501,0.6819797218563768,0.41504971268390645,-1.199185664227268,-2.0174403572253876,-1.4174307404283004,0.2389235641003815,0.18497734362692406,0.38550395832153433,-0.2673247041606581,0.4954526862034003,-0.029813141700974988,-0.21379639374911238,0.5537047414590134,0.4115840385852942,-0.24205433854918657,-0.03245233352274423,0.2687422132118218,-0.1969380663812211,0.46405326076790554,0.4405811481147382,0.032025998664668466,0.10396706563762598,0.48682587862983867,0.2004505384099926,-0.4708564377807566,-0.05340259687774081,-0.39895326549022136,-0.011777999118596857,-0.49978476597938465,-0.28308799039511856,0.06274118282082554,0.2453095617937307,-0.2120997041577739,-0.11900515591198081,0.7752556387900428
38,91,余維豪,Yu Wei-Hao,PointGuardAndShootingGuard,Local,174.0,70.0,23.120623596247853,23.93702943189596,0.0,1.5,1.0,1.0,0.0,0.0,0.0,55.35,4.031582240485785,6.91875,13.556170771682435,11.575547857453476,4.934624449546038,3.3992883076636575,1.8290328619337997,4.122067147918196,2.791965489673626,1.4756495069973212,0.36083280642394056,3.6001609046601986,4.13847479761469,5.072894416990895,1.2612852549709095,1.4866311624666348,0.412863745292708,0.3211401543131328,0.7559060949418648,0.5224756380172862,0.42867201695941853,0.2959948516050878,0.42478043609933375,0.041944276196244704,0.2716459721380981,0.0917549969715324,0.12061629315566323,0.0873107207752877,0.40357359176256813,0.025098425196850394,0.7755113073028456,0.3073436606519553,1.0,6,New Taipei CTBC DEA,55.35,-1.8766595055424762,-1.7147229590968749,-0.7889861652935783,-1.3271727999494276,-1.1217559802267743,-1.1129848261534725,-1.3650531071336738,-1.2520322385900513,-0.2458915033147605,-0.2131694196616476,-0.09151331796739323,-0.002547695080767339,-0.008122974386873788,-0.35341617011241994,-0.26213832804863935,0.4335998170630011,-0.30856271627663123,2.4622688033017,1.2666342096425343,-0.3814702543668061,-0.481372122806135,-0.46959550452100945,-0.4174556405568381,0.032025998664668466,0.8161710602476169,-0.21232458568881227,-0.014916691534146735,0.1763307828317549,-0.1454193535548651,-0.5515424595153272,-0.38882447708787277,0.35658696752904323,0.6094849372157813,-0.036527715969659764,0.031678213567865134,-0.29471476777982236,-1.4380648348344045,0.4986393518246105
39,92,魏嘉豪,Wei Chia-Hao,PointGuardAndShootingGuard,Local,182.0,78.0,23.54788069073783,25.71663244353183,0.0,1.5,1.0,1.0,0.0,0.0,0.0,454.6166666666667,6.1216518127008275,13.776262626262627,9.962423107491574,10.344704756576233,4.949547602706287,1.8759196517482215,1.043425222845119,3.3677264244533616,4.553700722236668,2.33542343093174,0.1957460963724621,2.5592093393156015,4.08904886763894,3.848608991590944,1.4268949102887007,0.579898567613395,0.36415986746000645,0.30629454282007657,0.6545936293992282,0.45577392256426164,0.4845829304231708,0.17099219505456553,0.38368846986231986,0.06272735644886494,0.2903917437951835,0.06411739650964683,0.10432783073168486,0.05658009854031403,0.4516507804945435,0.03293214992862734,1.7793388966978547,0.2365425871232841,0.0,6,New Taipei CTBC DEA,428.23333333333335,-1.1259957033254857,-1.106326596788628,-0.5411292135200519,-0.9205883855117645,-1.1217559802267743,0.03616780428383324,0.4332876424918825,-0.6351880157643731,-1.3072626825253615,-0.7581392893257416,-0.08065662181432948,-1.1652825228780912,-0.9904054374413647,-0.7990951527813706,1.3899608986660614,3.2735635720113403,-0.8810643873513706,0.5049423888457607,1.1942902172815943,-0.8691367516947454,-0.20030437441214322,-1.4817542480910635,-1.6878146687546038,-0.4158019123563562,-0.9574531352291491,-2.1019828604503408,0.4134551538841887,-1.1168769744564873,-0.4753334476650388,0.6014615908252247,-0.18219503824635166,-0.5275338656476826,0.25721291838577043,-0.5693554577428555,0.4197849221700927,0.09851910430858951,1.015122526590698,-0.7231573491595363
4,93,張兆辰,Chang Chao-Chen,PowerForward,Local,196.0,97.0,25.249895876718035,25.078713210130047,0.0,4.0,0.0,0.0,0.0,1.0,0.0,319.1,5.768633446975818,15.195238095238096,11.314906966960335,10.687374581777586,5.8255757141043745,2.0188947589326043,1.7319274538524285,2.998593423658084,2.27495354996756,1.4193933762507531,0.3161985303801834,1.840302614149454,3.977575687865365,3.188910786705115,0.7591392599823189,1.2860937532958103,0.392937597372521,0.32363196977215636,0.6364178330741317,0.4949537344599057,0.5610487671705271,0.17693186390022414,0.2964286740617277,0.02719983907121099,0.21647436634289327,0.10922682338065406,0.06452597850451176,0.048724064601413875,0.5418414851428244,0.019207282027702745,1.2361844907876696,0.36611770642134317,0.0,8,Taipei Taishin Mars,308.51666666666665,0.18766595055424762,0.33861476369345817,0.4462301570080854,-1.0663332602255733,0.7992511359115766,-0.35387060104617735,0.12954305863255383,-0.5075489040233699,-0.9078224538495216,-0.6064183024309024,0.5566598303363864,-1.0561545478565508,-0.1295384681780607,-1.0171860169578761,-0.7469756690990312,0.24777727945592345,-0.4633492379432996,-0.846835320650164,1.0311285960446064,-1.131912658518192,-1.3335992704665385,-0.6934494756446442,-0.9371958139074162,0.10719329724218785,-1.275647268217474,-0.9920195671622554,0.9993123608167526,-1.055428473769428,-1.1759140993122188,-1.3695345722586796,-0.9969657771095157,0.9155068977615785,-0.6035852633136574,-0.7055685415831782,1.1478561436947319,-0.5904357841226633,-0.3122563360327913,1.5128885947467485
40,94,謝亞軒,Hsieh Ya-Hsuan,PointGuardAndShootingGuard,Local,187.0,81.0,23.163373273470786,26.921286789869953,0.0,1.5,1.0,1.0,0.0,0.0,0.0,1062.5166666666667,6.969336306042334,32.19747474747475,11.894946500943176,11.722471897718112,6.472830473412825,1.4859275278440536,0.8831911456969247,3.285952538887337,4.7563161313684255,1.6956664083207609,0.3296104266243508,2.2394168422898564,2.2627499620368665,4.2766671774988785,2.3081431451916052,1.3271993246313754,0.390719213307796,0.31046180239296617,0.578677989253417,0.4835866369528613,0.5580296474679244,0.11989762780286982,0.3391135237219713,0.08559994404252767,0.26562687357608217,0.06843673807905992,0.06812197729725408,0.039784763579679444,0.5158179783364643,0.042211669131460086,2.1239083504011607,0.21183993944909932,0.0,6,New Taipei CTBC DEA,1035.1666666666667,-0.6568308269398666,-0.8781779609230355,-0.7641865661238406,-0.6453620126616544,-1.1217559802267743,1.7858001737349225,1.16265358679686,1.0218294618117412,-0.7365145876054547,-0.14811711931851343,1.0275421016618946,-1.4629500790990966,-1.1907536979915967,-0.8474087344219777,1.5799671802910622,1.1603490331537591,-0.4168383285571198,-0.09637118078809867,-1.478836098004583,-0.6986294240378146,1.2953237439185263,-0.647564543667021,-0.995058644343912,-0.29009370895345793,-2.286468429216377,-1.3140492139010271,0.9761808146047372,-1.6454728663243756,-0.8332112598651382,1.8703873620153395,-0.455171330178397,-0.38935906742701853,-0.5258142790760784,-0.8605640226385801,0.9377794349834587,0.5643283319990516,1.857192856085773,-1.1494448604876026
4181,95,艾德,Edgaras Zelionis,PowerForward,Imported,208.0,100.0,23.113905325443785,36.32580424366872,1.0,4.0,0.0,0.0,0.0,1.0,0.0,309.98333333333335,5.739739320175149,34.4425925925926,18.29386883208427,15.11385890793963,6.2826687536028905,4.172701596840253,2.751155674292877,5.80522862751249,2.739164785361927,1.0212237686429608,0.4630321065139774,2.1555627706885487,2.9192317518302775,8.610798240554185,1.125662648825429,3.356210204259986,0.439187573719277,0.3180629621247619,0.7208101903280753,0.5394336537249658,0.4155516807226508,0.27532825052959753,0.5208666413525721,0.029067908389623885,0.38912176745673294,0.0607313441784244,0.034721111954914265,0.09987409568727766,0.3768136216475479,0.03873805907510292,1.270742296447697,0.3215325045314284,0.0,2,Kaohsiung Aquas,308.05,1.3136616538797332,0.5667633995590508,-0.7928835145574289,1.503280239020456,0.7992511359115766,-0.380109809964578,0.1046819313565741,1.22378140091864,1.1533319945444418,1.3534582931964334,0.8891981478237825,0.5877720309520034,1.1448508796015318,0.6410279485181715,-0.31165314795517,-1.0674373629625478,0.04585266983149407,-0.25404402049470454,-0.5179535489212972,1.0277739706525393,-0.7115467492039005,1.6173602139427634,0.2691573066357916,-0.06079958485359249,0.20176546611107307,0.26809566269476204,-0.1154405838847343,-0.037474343916120596,0.6260256821916154,-1.2658977934816054,0.9060786140300643,-0.6358529439406367,-1.2481777507500096,0.18130434197634704,-0.18434365038790107,0.38996158063162983,-0.2278028173415407,0.7434927386267063
43,96,林韋翰,Lin Wei-Han,PointGuardAndShootingGuard,Local,180.0,71.0,21.91358024691358,35.23066392881588,0.0,1.5,1.0,1.0,0.0,0.0,0.0,834.4833333333333,6.728010399701632,26.918817204301074,10.862976564677158,10.304483215841156,6.612050801390304,1.9874735562312087,0.6950750370988374,2.6182827300786977,6.361560573994903,1.9650457731992776,0.08906731906783086,3.0114560444070126,2.2395329774002266,2.992183140742037,0.798533106565424,0.9237570452263016,0.36923808726036905,0.29389145658419136,0.742010490043607,0.4895121623730937,0.655425380295205,0.18723894392233228,0.2745904241808484,0.02769311094177744,0.1851504953009906,0.03929775915107386,0.03885325826207208,0.08127310699065843,0.5707250303389496,0.08470034995625546,2.11245340466112,0.20977965132057957,0.0,6,New Taipei CTBC DEA,819.75,-1.3136616538797332,-1.638673413808344,-1.4892064520547121,1.2530744455203555,-1.1217559802267743,1.1294841656516357,0.9550115938784765,0.5470057775925169,-1.04129479214749,-0.7759478368136071,1.1288258439749843,-1.080137269681845,-1.425964183862517,-1.2418808766415126,3.0853143251585724,2.0501499578958606,-1.2510140838234058,1.355312810675185,-1.5128184501833117,-1.2102746810041203,-1.2667412135588976,-1.0979152125891762,-1.555357816084204,-0.7899493970745226,0.5729079935920769,-1.1461791963669552,1.7223963067580175,-0.9487971732242778,-1.3512463378535853,-1.342168827731447,-1.3422401149245777,-1.3215086714875606,-1.158811456754046,-0.14121183508591853,1.3810207266183654,2.6971564632822678,1.8291988774263361,-1.184998745662562
44,97,黃泓瀚,Huang Hung-Han,SmallForwardAndPowerForward,Local,192.0,92.0,24.95659722222222,30.962354551676935,0.0,3.5,0.0,0.0,1.0,1.0,0.0,323.55,5.7824396074794775,9.516176470588235,9.018371132745889,9.290069994080309,4.744640155078944,1.5204054423873843,1.5796839677104302,4.5546172213177565,2.80570793198006,1.1322836436095234,0.5197949711018113,1.274569930293156,4.700142373356721,3.849419519393803,1.4403002384811798,0.725071659508844,0.37785315898012745,0.2670877889653689,0.7108094946353112,0.4650020362368648,0.5242684839183238,0.146098858935006,0.3695824436140398,0.0739523555318297,0.2852287134659015,0.0505430068063526,0.06644117843320432,0.0735186173762178,0.49349392766582145,0.030774556252502337,2.201297759578195,0.2575165318807387,0.0,6,New Taipei CTBC DEA,315.65,-0.18766595055424762,-0.04163296274919608,0.2760840988147452,0.27789736535371545,0.41504971268390645,-0.34106279705858505,0.14142217565318474,-1.0183895754382877,-1.5860773493579934,-1.2250909005026631,-0.22972819365316183,-1.4366342744029181,-0.3198957140992442,-0.09785728184157787,-0.24925110306273665,-0.7005897408681258,0.24269973778378803,-1.9105961741788435,2.088738615746883,-0.8688138962180676,-0.17755325278030065,-1.319701824777815,-1.3306481086691206,-1.5985001585607388,0.026688532021240403,-1.8405505832826647,0.7175133910687447,-1.3744095442670083,-0.5885861658327015,1.2242022649895183,-0.23910568877473679,-0.9617756425665197,-0.5621650649068125,-0.2756642766366725,0.7575668631387542,-0.009786835037795068,2.0463196767738516,-0.361215146391884
45,98,施晉堯,Shih Chin-Yao,ShootingGuard,Local,188.0,86.0,24.332277048438208,34.926762491444215,0.0,2.0,0.0,1.0,0.0,0.0,0.0,616.15,6.425112106189937,21.24655172413793,11.431193048519402,9.752883839246149,5.249104151432435,1.9898404329619739,0.9251283971019981,2.8335108083329184,2.5937981838977646,1.564427006814637,0.28933242310893004,1.9644686479262166,3.323849218367838,3.7044214781334626,1.8502348708654313,1.2590960820141581,0.42708397916795837,0.3496807716017629,0.6510127379100942,0.5377265852005197,0.5483513779527559,0.1972532615408368,0.3314251389532191,0.08199204878801913,0.25812249112243324,0.05864742550563533,0.07274538752508879,0.06213331789408676,0.5207464875714065,0.027604890381349393,1.3203561108678916,0.24613386561931272,0.0,2,Kaohsiung Aquas,604.0833333333334,-0.5629978516627429,-0.4979302344803812,-0.08609150271515235,1.1836423378240777,-0.737554556999104,0.5010862921031005,0.6943913966106705,0.03677643023817248,-0.8734787249505933,-1.0201747737445046,0.13727281945437272,-1.0783307141922875,-1.1383175650490798,-1.114719995657197,-0.4479733199254455,0.726845372339159,-0.556517799502674,-0.6133629231049125,0.07427896795107626,-0.9265705969300297,0.5181755312200269,-0.7235861765847679,-0.04654467226472622,0.8929730216684679,-1.0201419243380474,0.21973444528235286,0.9020289555878642,-0.8451946292018303,-0.8949388121930809,1.67022849282518,-0.5378900554256204,-0.7025170494515213,-0.4258233767769741,-0.47307008788547333,0.9775651950900383,-0.16889632974392726,-0.10655492201215891,-0.5576430166696136
47,99,曾文鼎,Tseng Wen Ting,Center,Local,204.0,98.0,23.548635140330642,41.23750855578371,0.0,5.0,0.0,0.0,0.0,0.0,1.0,349.0833333333333,5.858171221381382,11.260752688172042,10.959298600484036,8.530246432661853,3.3438573741537367,3.154363216321594,2.0963002725053195,3.8183090233193107,3.46200343807223,0.751811385542752,0.49562359773019266,2.723268029148548,4.416013731196075,5.112818799900365,0.9799408526759541,1.674811839130409,0.45692840925559153,0.3329450519979256,0.634859547846869,0.5503763357739301,0.38817416904745317,0.38265190579053726,0.518679011915546,0.05067591108633545,0.3509467981325343,0.06162898055884607,0.08708016862936381,0.11216988363180265,0.37373702181032686,0.014437147237126333,1.2712679769367592,0.3544275145925844,0.0,6,New Taipei CTBC DEA,340.6,0.9383297527712381,0.414664308981989,-0.540691548285811,2.6254532228684058,1.5676539823669169,-0.26757382436573357,0.20658328278818303,-0.8614621558701023,-1.0128472097679604,-1.5615114783478825,-1.2488072626436586,-0.18949058168868682,0.3260541355186898,-0.532882302242791,0.3662019332790383,-1.957347351901932,0.1588762026057715,0.8134259127883544,1.6728637838908313,-0.36556727654194104,-0.9588614184909464,-0.2595349879615526,0.7318972689185603,0.38812872117430625,-1.3029273503645609,0.5781016279307312,-0.3251984732254206,1.0728363275045374,0.608461913648578,-0.06712868292413933,0.48528652109587134,-0.6071377511856574,-0.11580379680388275,0.3944968010716663,-0.20917973311242735,-0.8298849144288439,-0.22651814182002797,1.3111538314388829
48,100,李沛澄,Li Pei-Cheng,PointGuardAndShootingGuard,Local,181.0,79.0,24.114038033027075,24.933607118412045,0.0,1.5,1.0,1.0,0.0,0.0,0.0,121.45,4.8077027833981765,6.747222222222223,12.000523274378939,11.211125044021605,6.383749737724625,2.364312550511479,1.1169498873690955,3.1624509137374752,2.777814241058206,1.0602180793646476,0.2866344909639235,1.6279392969512574,2.7275145110309884,4.253736473413051,1.3379038415206774,1.4049191704335207,0.3945814338997099,0.29499985817529834,0.7017722913426646,0.49846239001812037,0.6007672421971351,0.19565861872687598,0.3206111848970686,0.04489611991272175,0.22478299022863105,0.04775993738734466,0.058313964519495304,0.06837586566739398,0.5811118489706859,0.019655393226449106,1.7063377278626977,0.261006140644801,1.0,6,New Taipei CTBC DEA,121.45,-1.2198286786026096,-1.0302770515000972,-0.2126945663399456,-1.0994855278643367,-1.1217559802267743,-0.9227385691692368,-0.6972623228002707,-1.2674614363973054,-0.7053337271250917,-0.37452179105410516,0.9627352562135526,-0.7925090442878534,-0.8984740648701336,-0.9203758657760076,-0.2754089185791866,-0.9386332366498834,-0.5658739170301288,-1.246147204172731,-0.7985671986927657,-0.7077633530308399,-0.3513373517938438,-0.5608081814009329,-0.8943190930769126,-0.756513713448423,-0.1315210459752079,-0.8926194248445103,1.3036228324276429,-0.8616919142518054,-0.981760548481045,-0.38778002778236764,-0.9053821217412211,-1.0508054285247936,-0.7379330397054037,-0.36483268847554157,1.4648690983375376,-0.5679416950599703,0.8367198340888916,-0.3009958267804361
5,101,黃聰翰,Huang Tsung-Han,SmallForward,Local,193.0,96.0,25.77250395983785,31.236139630390145,0.0,3.0,0.0,0.0,1.0,0.0,0.0,724.0166666666667,6.58619464309619,23.35537634408602,13.096699056527598,10.990944765138522,8.337572936842676,1.5237909879279756,0.8560922868939548,3.048180782692496,1.4728396541781286,1.303880270859219,0.33347738004763977,1.228658668139083,2.5462306302962547,2.181090084282706,1.2836015113617953,1.306915027509448,0.40469628796400453,0.3699363932027482,0.7491342664593055,0.5597101444583877,0.7806176645372158,0.12920628435596496,0.17211595602436489,0.0480240677462487,0.12323391769425049,0.04137386718169663,0.02958512850987966,0.025189422076957364,0.748046352696479,0.03257131184073689,1.1987378532142539,0.21927059701913576,0.0,8,Taipei Taishin Mars,702.3833333333333,-0.09383297527712381,0.2625652184049273,0.7494013579659226,0.34044881372874053,0.030848289456236296,0.8115436232180714,0.8329902710321451,0.22646857586918778,-0.3815910798284629,-0.4720091294484119,2.384155017965728,-1.43405020409541,-1.2246366854353357,-0.9878888531693604,-1.4991725500360853,-0.13378003857982043,-0.40342818005933473,-1.996924231244044,-1.0639096958287761,-1.5333553137097806,-0.4434976406430441,-0.6702073038431395,-0.6304900767587923,1.503997546474629,0.697620210853558,0.8425282426862087,2.6815802390265397,-1.5491706980618216,-2.1739806683616134,-0.21424768909759406,-2.0247293674292877,-1.2550944267223383,-1.3592541193946293,-1.1136276538869394,2.812460388551105,0.08040591251841082,-0.40376967855641577,-1.0212158315656483
51,102,克力斯,Kristijan Krajina,Center,Imported,208.0,111.0,25.656434911242602,34.75975359342916,1.0,5.0,0.0,0.0,0.0,0.0,1.0,671.2333333333333,6.510605502477686,30.51060606060606,15.21242094335514,13.39229767616874,2.8098745301965575,2.1532788032619448,3.0979571580075707,8.108700133398147,2.843013797820898,1.176271685669854,0.3536809776795576,2.501397735399986,2.7004930247207914,10.32945279417526,1.0308021462181831,3.28684768795484,0.47753313923994795,0.2478332088427619,0.7691541797296074,0.5308843259464523,0.19825303290671728,0.1538751314473313,0.6958004180666342,0.034939341865654415,0.2562116879119752,0.04548558567801175,0.04508162558670394,0.45496806791659183,0.18968170509630922,0.008571327810408065,1.1365700694401106,0.2764390020549094,0.0,2,Kaohsiung Aquas,664.8166666666667,1.3136616538797332,1.4033083977328902,0.6820683143463369,1.145485954315313,1.5676539823669169,0.6596248395899639,0.7679517509701695,0.8700929268798931,0.24326253921643995,0.59121735490928,-1.6372834395976321,-0.953583835222263,1.578473210475745,2.001963140555292,-0.21426684948797897,-0.5552905620667794,-0.3333644335446224,0.3962378312339576,-0.8381181429069714,1.7123612645078927,-0.8725411539575267,1.5399328910994312,1.2693371181461157,-2.1793275901506846,1.0480983319551584,0.025893376432812393,-1.7803145236061502,-1.293960566515388,2.03051234367207,-0.9401623155408512,-0.5589523089479655,-1.123561445493972,-1.024110005238707,6.338157200129397,-1.6949800690856693,-1.1243347406760102,-0.5556973831281258,-0.034674735618163505
54,103,高錦瑋,Gao Jin-Wei,PointGuard,Local,172.0,66.0,22.30935640886966,24.93908281998631,0.0,1.0,1.0,0.0,0.0,0.0,0.0,1218.7666666666667,7.106414862604781,33.85462962962963,15.355286192149832,12.588268786552225,7.333169433445655,2.2357504894123403,0.963543599813074,3.5076732229078624,4.9429751576168215,1.2044313852020059,0.24256184276509168,1.7897947186558616,1.5821907804226047,4.313157147789366,1.9270745881564892,1.6631425891049894,0.42245620171769643,0.3836173273178411,0.8328960941713663,0.5644560654598576,0.5884419229694409,0.1737780070027781,0.3186027731658803,0.05579619614354051,0.2685949649039173,0.03332792234477997,0.06855962224450544,0.04107556753735637,0.4952657274834383,0.09317619548600266,2.7617553600387215,0.21549918915064253,0.0,5,Taoyuan Taiwan Beer Leopards,1188.05,-2.0643254560967237,-2.018921140250998,-1.2596119658492617,-1.0982344988968358,-1.5059574034544443,2.235512392400382,1.2805989209824808,1.1708931925105077,0.28545611309819957,0.23522436208331707,1.653444588718039,-0.8906360376409805,-1.0902852165073242,-0.7164118972937246,1.7550100739247734,-0.46227480083552014,-0.7187127781029095,-0.9418065386005994,-2.4749603643567917,-0.6840944670498644,0.6485855987054363,-0.27256102619065725,-0.1672524911497958,1.9166921766987852,2.1639945952075363,0.976980090451773,1.2091901105161966,-1.0880565179862787,-0.9978854360825143,0.21693457132381208,-0.42245488314597235,-1.5124824536865071,-0.5163492930579975,-0.8381832145774222,0.7718698499325712,3.1226232330508954,3.4159846636597355,-1.0862980889684926
55,104,汪哲宇,Wang Jhe-Yu,ShootingGuard,Local,190.0,88.0,24.37673130193906,22.954140999315538,0.0,2.0,0.0,1.0,0.0,0.0,0.0,117.36666666666666,4.773787151280932,5.588888888888889,13.062393256640405,11.355370692366595,5.5584172456409435,2.3947324945759316,1.35818782048565,4.791208422080384,2.3598205686004423,1.5275930100150172,0.2903224150415499,1.8757517708380895,3.8969421475819064,4.989067081331662,1.3551177077727812,1.6498622014573738,0.4246566218696347,0.31415477177251505,0.7330222913426646,0.528339892258933,0.5043817000284603,0.19565861872687598,0.3808521487524903,0.04489611991272175,0.2609275685418841,0.07185632292951333,0.08241035006166397,0.08042405843847833,0.48472630680201123,0.019655393226449106,1.2580665551210275,0.22086523081474127,1.0,5,Taoyuan Taiwan Beer Leopards,107.76666666666667,-0.37533190110849524,-0.3458311439033195,-0.060303058454814096,-1.5517324996157673,-0.737554556999104,-0.934491048483694,-0.7264440611005469,-1.3716553713871835,-0.3917228950482248,-0.310655379387049,0.36230021439734894,-0.7692905486951825,-0.5968428442282544,0.04192534208993896,-0.6673900802628553,0.6051770907726404,-0.5530846216557194,-0.7801794136254367,0.913106492562404,-0.41486098361437274,-0.32212249340077553,-0.2873855296350376,-0.10985821927179333,-0.1786927900029973,0.4155563132794971,-0.04619037942784545,0.5651471035842914,-0.8616919142518054,-0.49810535164640896,-0.38778002778236764,-0.5069704654673658,-0.2799672911304193,-0.2167983763776924,-0.1559331973562556,0.6867895867323558,-0.5679416950599703,-0.2587802169944241,-0.9936976286112869
56,105,丁冠皓,Ting Kuang-Hao,SmallForward,Local,192.0,86.0,23.328993055555557,24.93908281998631,0.0,3.0,0.0,0.0,1.0,0.0,0.0,30.266666666666666,3.442552567344069,2.522222222222222,13.469462390919702,11.4294273830374,4.846799449297542,2.987876097402642,1.7155915227046719,4.258409870675643,3.0960989626005806,1.1673730527436277,0.4001389278533001,2.116246758851976,4.120264358298688,5.62549329492744,1.398679168457535,1.648572382755596,0.429050289704353,0.32650922256318055,0.7152237774321756,0.5305107997700561,0.4261371625421822,0.2542797384701912,0.4573344347581552,0.04868532058492688,0.3331605033745782,0.07078705005624297,0.08642962598425197,0.08348565804274466,0.3970050618672666,0.02913210067491564,1.4630141544930968,0.2871762843252244,1.0,5,Taoyuan Taiwan Beer Leopards,29.15,-0.18766595055424762,-0.4979302344803812,-0.668108549233497,-1.0982344988968358,0.030848289456236296,-1.1851786276565677,-1.871866888852316,-1.6475069402812497,-0.27149980554883085,-0.2778659320286828,-0.15540660728111028,-0.3165644654757812,-0.14996405709254887,-0.2728622717443885,0.023068362578579103,-0.5846840971293763,-0.17225362031876781,-0.32797086881382953,1.2399798627559389,-0.16135494984733162,-0.24819128662468223,-0.28882531605501943,0.004743242646889017,0.1939875736171592,0.10396706563762598,0.015311387269967178,-0.034337949340680754,-0.25523050867089,0.1159461628879753,-0.17756269380200934,0.28923312984925154,-0.31417309799533844,-0.12987314018102095,-0.10284916961084946,-0.0213467362109751,-0.09223409845614113,0.24207756560247592,0.1506159019608549
57,106,莊博元,Chuang Po-Yuan,PointGuardAndShootingGuard,Local,185.0,85.0,24.835646457268076,24.83230663928816,0.0,1.5,1.0,1.0,0.0,0.0,0.0,1012.5833333333334,6.9212471858304365,28.127314814814817,8.376800115359034,6.890921156264788,4.334593927448214,1.398673577921997,1.2164471510918524,1.8477656624734335,1.448913521645105,1.052964416146051,0.2541175098236711,1.2034645759095441,3.246588858143834,2.255814931794619,1.0078228491706314,0.8177675216844382,0.4206767196553261,0.3708630285467177,0.6975295400511253,0.556159472002113,0.6458775865226148,0.1964635597875847,0.2912126899835195,0.06384361838491119,0.2542185497161692,0.037042208386742353,0.03181422816334005,0.03104742721113349,0.6243362021607765,0.021541384361838493,1.2039519489388024,0.39698520471771237,0.0,5,Taoyuan Taiwan Beer Leopards,988.6166666666667,-0.8444967774941142,-0.573979779768912,0.2059191131355809,-1.1226295637630956,-1.1217559802267743,1.6420841409752729,1.1212766749273448,0.6557120695049993,-1.7755578167976982,-2.287341506219375,-0.528039633219109,-1.5295480139084436,-0.7740679206145282,-1.6971171540123786,-1.5216097155791586,-0.9625931871181972,-0.6786390574541843,-2.0442972924419403,-0.0388058624727748,-1.5035903553973884,-0.9115409288706396,-1.2162281789352076,-0.2136672984309173,1.5319501283243036,-0.20579666749680148,0.741937762480454,1.6492441118705248,-0.8533644430396425,-1.2177915468923517,0.6633895879198827,-0.5809221181650392,-1.3936632503115547,-1.3110451838512842,-1.0120577076921442,1.8138009283908414,-0.4732695407161756,-0.39102729742657233,2.045561416026292
58,107,林信寬,Lin Sin-Kuan,SmallForward,Local,192.0,97.0,26.31293402777778,23.397672826830938,0.0,3.0,0.0,0.0,1.0,0.0,0.0,927.4333333333334,6.8334985778200865,27.27745098039216,13.511724158012987,12.935413309346371,5.811480075562411,2.9731321314152335,1.2763890322811067,3.424211199084272,2.803649931515383,1.387937588278774,0.33717173856874305,2.092630240077741,2.94896331452347,5.172246923139839,1.9141435028147902,1.8374578842821647,0.38237290116132744,0.2760048470384734,0.7255453204131276,0.47758871297098343,0.45067959047000566,0.22742181792353275,0.3727080627485997,0.061150458641123465,0.25942522729117623,0.0875362752658495,0.115567162513191,0.08679174445977758,0.4155471223313581,0.03513246813864762,1.3397732087687062,0.2715374568048207,0.0,5,Taoyuan Taiwan Beer Leopards,907.4666666666667,-0.18766595055424762,0.33861476369345817,1.062911305521616,-1.4503991532482268,0.030848289456236296,1.3970089702913442,1.04577588796517,0.5792654590467982,-0.2590182888240269,0.3889265725493754,0.5464051567368987,-0.32781802690810374,-0.6991197457686191,-0.7657228634289416,-0.25118103039428297,0.14387403787473887,-0.390616570777029,-0.37237758047385067,-0.4744359065540131,-0.3418954234742632,0.626639347840367,-0.07797802437397507,-1.2127582087162572,-1.329511071031448,0.284660904916127,-1.483970281249411,0.15369841943201196,-0.5330875731048126,-0.5634915816659575,0.5139784296576285,-0.5235303561595637,0.22163097688459962,0.5002869418210919,-0.04552606869134096,0.128335436295836,0.20896971103505954,-0.05910277019937565,-0.11925949567632446
5948,108,克雷格,Craig Sword,PointGuardAndShootingGuard,Imported,191.0,89.0,24.39626106740495,31.707049965776864,1.0,1.5,1.0,1.0,0.0,0.0,0.0,142.9,4.969118613893322,23.816666666666666,19.333823874450598,16.074121158940642,6.719324447919455,3.686230006888058,2.096948210250206,4.644414832956872,3.1289833414644517,2.25373899565986,0.5836647918353842,2.8909334704140615,3.921725108109977,9.446962931987825,2.619041090279445,2.996824926613751,0.44881360596054526,0.30587196274242523,0.7490589852818538,0.5451416534170428,0.41811530222325155,0.22235048054654932,0.5044906496062992,0.0715174849467346,0.38718373668364986,0.06591231472904123,0.07235337540528022,0.05643527095877721,0.4061197313571098,0.011995570866141734,1.0823436006004992,0.3110570068412488,1.0,4,Hsinchu Toplus Lioneers,138.86666666666667,-0.2814989258313714,-0.2697815986147886,-0.048973607874231724,0.44803730493378313,-1.1217559802267743,-0.8610020757908425,-0.5583766754165648,0.267962377782075,1.4604705064218126,1.778625394834649,1.206868156688121,0.2164650212042887,0.3268642827885042,-0.0448031287824688,0.053906286398128174,3.0037474854126756,0.46419291000711493,1.1286912987160471,0.9493809401651878,1.3608413239027255,1.8229704275522585,1.2161890713757928,0.5202362249392375,-0.4285493261966157,0.6963023027651783,0.4298031806680574,-0.09579892172733763,-0.5855528007785149,0.4945481459022758,1.0891204767009044,0.8847162386408177,-0.4701148218416345,-0.43430145759616207,-0.5718665736137509,0.05223211623443618,-0.9524460923149172,-0.6882178372553337,0.5627196531191048
60,109,黃鎮,Huang Zhen,SmallForward,Local,193.0,86.0,23.087868130688072,35.26351813826147,0.0,3.0,0.0,0.0,1.0,0.0,0.0,24.266666666666666,3.2294860039802162,2.206060606060606,13.990345748584021,12.056255107316046,5.618562811496347,3.3888597028622844,2.0825365991147256,4.8539083511633985,3.018408387878242,1.1986047931559125,0.4108441904890899,2.012341351092368,2.9463118589666073,5.775996979987925,1.4360992413354121,1.853201251497571,0.42110491396908717,0.30359629466401,0.7017722913426646,0.5210703965432214,0.4804082948683139,0.27999423024708114,0.40708152321477054,0.047006516426825955,0.2871894515340755,0.06834611729568286,0.08344929405376052,0.08060684224816726,0.45228074938908497,0.02812754547922889,1.4999484984193892,0.3002311146477453,1.0,5,Taoyuan Taiwan Beer Leopards,18.233333333333334,-0.09383297527712381,-0.4979302344803812,-0.8079880027171591,1.2605806193253593,0.030848289456236296,-1.2024475768533214,-2.0551939361303715,-1.6759461830559013,-0.11766302144066479,-0.00033078318760882547,0.40605652557597993,-0.01050748994775848,0.30884476238368136,0.0789696640228458,-0.049787385577779224,-0.4815209186405975,-0.13512900413147744,-0.5233467210470415,-0.47831680228314055,-0.10140520005396399,-0.18468305935169121,-0.0604041697769791,-0.20249856738699865,-0.49719639285403083,-0.1315210459752079,-0.25213504875516074,0.38147040840614477,0.010797279523823007,-0.2875181953909105,-0.27069941706394685,-0.21749301717319916,-0.3922580065955235,-0.1943290426848828,-0.15276397143546003,0.4248703932766773,-0.14266031878579366,0.3323389478156463,0.3758998959034708
62,110,王皓吉,Wang Hao-Chi,SmallForwardAndPowerForward,Local,195.0,95.0,24.983563445101908,36.02464065708419,0.0,3.5,0.0,0.0,1.0,1.0,0.0,600.9833333333333,6.400229759432769,17.675980392156863,9.625129370002426,9.21843918358777,6.247391356280715,1.443236358678185,0.762866736255181,3.741113855328964,1.5642377758024433,0.8299886825923544,0.2948109496082148,1.10277086956239,3.072173211557766,2.3363327443916333,0.7616502921702345,0.8784343419578291,0.37176189373387153,0.3186645266822893,0.6850398447201225,0.49332900367481514,0.7014025590551181,0.1448918369911208,0.21601451248115264,0.030459457195510135,0.15774993717540625,0.0689578446976043,0.03638329284637293,0.03550636622549841,0.6767674652370581,0.024635093818059978,1.4184612769316043,0.1693761153590728,0.0,5,Taoyuan Taiwan Beer Leopards,576.3333333333334,0.09383297527712381,0.18651567311639647,0.29172752730311946,1.4344736458079288,0.41504971268390645,0.45743422607797335,0.6729820910475514,-0.28440216881894254,-1.406878427800513,-1.256806261648393,0.8635335996090009,-1.4955347781709791,-1.3412010095899396,-0.5784906896288927,-1.413462300693437,-1.6991158751147437,-0.5375189014394094,-2.233634104801226,-0.294095428302728,-1.4715179000474718,-1.3293376218214281,-1.148507604056961,-1.489528553986205,-0.04265298312770409,-0.4244472127633891,-1.0380481580531207,2.0746589991799786,-1.386896720012898,-1.8215333699614698,-1.1886974271292154,-1.6442688632206757,-0.3726889799352795,-1.2122296174607168,-0.9347456901364251,2.2370562284009154,-0.3179728727528943,0.1331977566555583,-1.8822326220086996
64,111,劉元凱,Liu Yuan-Kai,Center,Local,206.0,105.0,24.74314261476105,34.23134839151266,0.0,5.0,0.0,0.0,0.0,0.0,1.0,38.65,3.680090948080857,2.415625,13.599699168443786,10.575387158603583,4.223994775577543,3.7880086711163417,1.806174486883703,5.466456510458459,3.1381872524121532,1.428062441281232,0.38608278701174614,2.494452491116621,3.5229815192579554,5.729577160606014,1.3495461548578322,1.7415096054299402,0.4415469000840914,0.32609977591697137,0.7349087034157019,0.5512508971566258,0.39365436042192836,0.38188047838359823,0.46435336502748475,0.05144109344822463,0.31428279601842224,0.11252971326697371,0.09132186896449264,0.08821126132818304,0.3628732729163572,0.03078108750557124,1.2580665551210277,0.2483522796005714,1.0,5,Taoyuan Taiwan Beer Leopards,32.1,1.1259957033254857,0.947011126001705,0.15225652747741025,1.0247616589515138,1.5676539823669169,-1.161050068084437,-1.6674837643105247,-1.6570955308213855,-0.23303590238871605,-0.6560020157146325,-0.6085012738491135,0.29414917018909265,-0.03670388402731278,0.44087487738109976,0.06253742113301497,0.2764125169183333,-0.22099869566821417,0.3831785203656567,0.36574592995824734,-0.11989548855607281,-0.3315783661870432,-0.18508224663533035,0.33069638075843905,0.1816363386187097,0.44858074001176723,0.6028779345425409,-0.2832109694109545,1.064855569860118,0.17229888176426256,-0.024677883919206216,0.08114940041031951,1.0211656275131367,-0.024068168146380034,-0.020913551521394215,-0.29687816011124796,-0.00945898206595704,-0.25878021699442355,-0.5193603925703989
68,112,克羅馬,Lasannah Kromah,SmallForward,Imported,198.0,91.0,23.21191715131109,34.27241615331965,1.0,3.0,0.0,0.0,1.0,0.0,0.0,1070.7333333333333,6.977032554466882,35.69111111111111,22.83844095788451,17.794304715440486,4.277889161002766,6.859038037900882,1.2457716341966283,5.729423833655824,6.028745911380431,2.5912652286961064,0.7241005118726875,3.528121100943011,2.7863906979467847,9.575072338318,2.8881505612429734,1.545258329050828,0.4530700918436632,0.3081213225193559,0.7804613174820761,0.5483113931600089,0.23545610655051094,0.3882809580267278,0.46908466177816155,0.06665528306506695,0.3873273129115816,0.08013760196914829,0.2763339755402915,0.020745003028467594,0.1853228861940539,0.05013322035645708,1.7087695515239096,0.17860024710965997,0.0,5,Taoyuan Taiwan Beer Leopards,1040.6666666666667,0.37533190110849524,-0.11768250803772694,-0.7360256818601696,1.0341443762077687,0.030848289456236296,1.8094490402738101,1.1692756042383357,1.3360876374816708,2.4955180150685745,2.540256351628332,-0.5692927392562801,2.638160114672492,-0.7374021296283646,0.596241020865255,2.7732113277378136,4.118647858037029,0.951207790701446,2.326810617347396,-0.7123910069940479,1.411870817649569,2.2796949641142974,-0.4041517346535176,0.6312595255599652,-0.3606958672462216,1.246046461950351,0.5196018446672563,-1.4952762667663988,1.1310713620142254,0.21028493170070808,0.819375164889896,0.8862988395575055,-0.015050974158974759,3.977205039538698,-1.1906879147236202,-1.7301669612930826,0.9619708798047465,0.8426628059038974,-1.7230540505461258
7,113,孫思堯,Sun Szu-Yao,Center,Local,203.0,105.0,25.479870901987436,27.994524298425734,0.0,5.0,0.0,0.0,0.0,0.0,1.0,15.566666666666666,2.8073926444344734,2.5944444444444446,13.552968330983964,11.37381851894578,4.843310746211137,3.1916264235128264,1.6655800585810843,4.715802595736407,2.973225859539943,1.4139806785763074,0.42742534615905314,2.761563725088828,3.900229810905727,5.675105563840846,1.4940584035417739,1.7609924261752987,0.4304884228580338,0.31970566266369743,0.7152237774321756,0.5320212354022371,0.42869962945808243,0.27920912459471975,0.44334761463640576,0.053458391230507954,0.3069997684113015,0.07772695692450209,0.09490311872780609,0.09167052647830787,0.3967114404817045,0.03198818897637795,1.0766457541892527,0.26100614064480093,1.0,8,Taipei Taishin Mars,15.566666666666666,0.8444967774941142,0.947011126001705,0.5796414203490863,-0.40016033503155674,1.5676539823669169,-1.227487553188614,-2.418372128238592,-1.641010435941353,-0.2468373065758957,-0.3024873930374653,-0.15794466267534468,-0.16104885904431676,-0.21249576085406688,-0.0026258678963557245,-0.09215812253586388,0.229898317575368,-0.07762746856605082,0.885434236440828,0.9179185960574826,-0.1415930210490788,-0.08631650464276308,-0.1633341508033784,0.04225453572717534,-0.011246412111015772,0.10396706563762598,0.05810199874765256,-0.01470513324835815,0.002675014382087825,0.0036505121193240128,0.08723779390349949,0.0008706082082467509,-0.09216698530853827,0.05338383752603718,0.039065463027749624,-0.02371701684782821,0.051134567186988014,-0.702142424456444,-0.30099582678043707
71,114,李漢昇,Li Han-Sheng,PointGuardAndShootingGuard,Local,177.0,76.0,24.258674071946118,30.937713894592743,0.0,1.5,1.0,1.0,0.0,0.0,0.0,72.28333333333333,4.29433320695871,12.047222222222222,12.845326093710387,11.516739225319503,5.421030861938842,2.7912405069299693,1.318639436719578,4.262360945905288,3.940484989122215,1.1194482522314968,0.33839257068134876,2.450759944928622,2.558950380991288,5.02184093546658,1.1828457728719657,1.790823042183468,0.4123277559055118,0.30642839358489793,0.7017722913426646,0.5107060289181499,0.48376687289088866,0.23199521934758152,0.3944389763779528,0.038948256467941506,0.28081411698537684,0.07091535433070867,0.08342941507311585,0.08107424071991001,0.4318897637795276,0.051877109111361085,1.6078624906842847,0.23627295221567307,1.0,4,Hsinchu Toplus Lioneers,70.16666666666667,-1.5951605797111046,-1.2584256873656898,-0.12878946988773934,0.27226773499996265,-1.1217559802267743,-1.064248013975968,-1.1389765323185164,-0.7907179640695173,-0.4558311330813493,-0.23920761459188114,0.262350679107777,-0.46664963923805397,-0.646292062747343,-0.2705279006385727,0.8149067022339517,-0.7429869865619279,-0.3863828658085883,0.30102236861397014,-1.045291987521294,-0.40180625771604633,-0.6144972632240349,-0.13003511756013603,-0.4314360254325917,-0.4117642135100302,-0.1315210459752079,-0.5457573778417334,0.40720277756953827,-0.485773713047906,-0.38902111113985693,-0.7177556887212467,-0.28776656068596507,-0.3100686721354602,-0.19475896715913332,-0.14465990929500966,0.26026263398776306,1.0495098412901587,0.5960627632815257,-0.7278103724001502
73,115,陳振傑,Chen Jen-Jie,ShootingGuard,Local,183.0,80.0,23.888440980620498,28.041067761806982,0.0,2.0,0.0,1.0,0.0,0.0,0.0,90.83333333333333,4.5199753399248594,11.354166666666666,14.25410271592817,13.010256087337806,6.436869982320622,2.6132089490954096,2.1010093110422776,4.98075591823809,3.194023109873331,1.171829575742462,0.3168091362304409,2.046880528383891,3.014645981332646,5.44423010674599,1.107401225868728,1.8003825810974965,0.4165168891931987,0.3014187675114671,0.6705222913426646,0.5093184387645878,0.5098145579813887,0.18454165175375803,0.37057645848246246,0.03098156764495347,0.22337486578382248,0.10186448639942736,0.10045521653543309,0.06449087329992842,0.46854867573371517,0.04126588224767359,1.560434556673986,0.29667875777008457,1.0,3,Formosa Dreamers,86.41666666666667,-1.0321627280483618,-0.9542275062115663,-0.34356611524970493,-0.389526588807802,-0.737554556999104,-1.0108581793760048,-0.9448291948615096,-0.8530594191773702,-0.03976549784864571,0.4220640690655613,1.00138059804998,-0.6025349956404159,0.3319420695745087,0.15391364210772449,0.11489851105704416,-0.5699635253168862,-0.4612317272755335,-0.4584018702999315,-0.3782971723264415,-0.23355705422676237,-0.74253948947053,-0.11936408736749352,-0.3221695043843716,-0.5628829721081726,-0.6785984052299129,-0.5850677793486145,0.606771953600388,-0.97670185343132,-0.5806055422490992,-1.15973177547335,-0.9209034867280738,0.6799873375542199,0.17345954832825636,-0.43219324154650834,0.5561944476966638,0.5168521375684317,0.4801567954422768,0.3145977475386349
75,116,高國豪,Kao Kuo-Hao,PointGuardAndShootingGuard,Local,180.0,76.0,23.456790123456788,27.025325119780973,0.0,1.5,1.0,1.0,0.0,0.0,0.0,1041.2833333333333,6.94916909833952,32.540104166666666,15.955719113188591,13.663130479531194,4.7854153791304,2.55542645597587,1.4783438172548269,2.5591013436799908,3.7065899978152936,1.6666679121971342,0.07422854609102399,1.639674869023979,2.591478877697204,6.205967149089216,2.5506418275629965,2.5679965095284625,0.4453954974378203,0.3706149133467838,0.7621890234642956,0.539400675154626,0.34771735925630437,0.18334728051614693,0.4242527056089354,0.08309774879461652,0.27016957750875853,0.08582395331090222,0.1340089406500399,0.16228016927399494,0.3132869679836276,0.034430391272676816,2.2605640104868177,0.36615824075057796,0.0,4,Hsinchu Toplus Lioneers,1000.9333333333333,-1.3136616538797332,-1.2584256873656898,-0.5939719413126743,-0.6215924622791448,-1.1217559802267743,1.7246872812997442,1.1453012881460085,1.0526495257791388,0.4627869267749186,0.7111316782247407,-0.200063938830732,-0.6466383825167029,-0.4466061069759178,-1.2768463760009587,0.5955674240448957,1.0645625994803047,-1.3024732371572605,-1.2240805240586707,-0.9976805147910848,0.06986372300180892,1.7068852468505027,0.7375006087486901,0.4310805926891943,1.5244655655138775,0.9261629944696179,0.26716138045165716,-0.6351658337338231,-0.9890581520267531,-0.14965633081873858,1.7315705350331745,-0.4050983653731685,0.1668541696302005,0.8991289102023026,1.263341894222836,-0.6971673223265231,0.17372716499696658,2.1911565185025266,1.513588085690422
76,117,曾柏喻,Tseng Po-Yu,PointGuardAndShootingGuard,Local,184.0,88.0,25.99243856332703,28.826830937713893,0.0,1.5,1.0,1.0,0.0,0.0,0.0,1060.7166666666667,6.967642373990565,31.197549019607845,11.969039995676354,10.511335731317434,3.169670441303159,3.601132902736736,0.94156250383628,3.03364740654462,6.333642283718118,1.1269836745859625,0.13019472293829162,2.7566075541728763,1.8376528214673487,5.367870329874774,1.0264552092250347,1.072097564085921,0.41266666012135017,0.2804886375627712,0.6894650607515713,0.4970856650054141,0.2959079233685533,0.3454121520066402,0.46327842833748345,0.03340848419588577,0.22694298629338,0.1138577629719362,0.2958406240886556,0.06745070327747493,0.2713170469075981,0.024590876460955202,2.2976220442153346,0.2368585622050989,0.0,4,Hsinchu Toplus Lioneers,1034.2,-0.9383297527712381,-0.3458311439033195,0.8769880525190464,-0.21000393197148048,-1.1217559802267743,1.7806194889758964,1.1611960912779122,0.9318845441564282,-0.7146319438515856,-0.6843615182012236,-1.3755294495357853,0.15151333248651133,-1.1177692225459737,-0.9964754508364987,3.0591334411500424,-0.7180963429064657,-1.1083889904075739,0.8761150283515075,-2.1010444065808125,-0.263973249789463,-0.8799186452682252,-0.9323270843563052,-0.4225962769476057,-1.194254497404195,-0.34697727674365714,-0.9316220171266187,-1.0321134471135849,0.6875746074596076,0.16366856307223251,-1.0250912612160532,-0.8815730845394757,1.0636496489921645,4.399077054580703,-0.38087376252945526,-1.035972655140828,-0.3201924762165308,2.2817201779819927,-0.7177046449374995
77,118,馬建豪,Ma Chien-Hao,SmallForward,Local,201.0,90.0,22.276676319893078,24.424366872005475,0.0,3.0,0.0,0.0,1.0,0.0,0.0,583.7166666666667,6.371127399421632,25.378985507246377,15.808733862002562,12.223570778641191,6.614707296248534,5.057960916183886,1.0093488819872771,4.512561741557422,2.7930098731958743,1.2616895156988273,0.5309809971125022,2.7347907453862765,3.139858630335254,4.592684757729569,1.1918455094615252,1.4949423907481727,0.40294090538013855,0.3331625831075215,0.7558406059749196,0.5463489404660984,0.5496533377604907,0.42264925845112733,0.33980212187332004,0.04307782310343737,0.24360236220472442,0.060096685956424124,0.0796789520285868,0.06696866204977389,0.49490876893400376,0.05474456882648705,1.0212883299783782,0.1827897897665251,0.0,3,Formosa Dreamers,564.0333333333333,0.6568308269398666,-0.19373205332625779,-1.2785700764152026,-1.2158312218418832,0.030848289456236296,0.4077380278339824,0.6479417954449344,0.40849545494077216,0.4193765585589278,0.07375014518566457,1.1307584621822946,1.2634599796543784,-1.0330127013785562,-0.1227044667438445,-0.26115893842322435,-0.2731425059841606,0.28149158590898926,0.8350923549257656,-0.195025296058619,-0.5727509456635362,-0.5992231797503837,-0.4603179265198273,-0.676276289532552,0.394690694215159,0.8150245792525236,0.46400559880327014,0.9120041624115098,1.4866266273191895,-0.8276827282295912,-0.4886555265218711,-0.6979414070080818,-0.6561555225523785,-0.27587056344453076,-0.3892317104041721,0.7689882752943205,1.1934493241599817,-0.8374267450607533,-1.6507561440077834
78,119,朱雲豪,Chu Yun-Hao,SmallForwardAndPowerForward,Local,195.0,94.0,24.720578566732414,27.90965092402464,0.0,3.5,0.0,0.0,1.0,1.0,0.0,143.15,4.970854424084411,9.543333333333333,14.074218873813521,12.600367610085225,6.18987717672033,2.94917170147724,1.2561373780993612,4.221389614515259,2.602151793058897,0.9931723782945242,0.47832917709559447,1.9446337957306765,3.0795848450266976,5.033844060552601,1.2532979450876345,1.3160753820074464,0.4018256909062838,0.3247529480968959,0.7296593159734684,0.5111757439833458,0.5035308844889534,0.22562781897408454,0.37486144025686113,0.036178426725785494,0.2879319241648192,0.05790363886553016,0.08582581606910787,0.06480773641158932,0.47798333460744596,0.025547549881507533,1.3381191866415982,0.22932563906905762,1.0,4,Hsinchu Toplus Lioneers,135.3,0.09383297527712381,0.11046612782786562,0.13916685328317438,-0.4195512840278145,0.41504971268390645,-0.8602825362409778,-0.5568831470471033,-1.0159467722226978,-0.09289207864021745,0.24058125467114452,0.8216916399859417,-0.34610619784408836,-0.7244413487683669,-0.29473454986815184,-0.44013957114169366,-1.1600953625223767,0.09890114640355215,-0.6506588755984445,-0.2832471315620989,-0.39702508345206533,-0.4949279459875145,-0.6599818713926263,-0.7053647900438395,0.14100836654416776,0.3566824673845066,-0.5324503593685329,0.5586284223431875,-0.5516472855302497,-0.5462028107705076,-0.8714203463485477,-0.20930894740791015,-0.726310622445037,-0.14293179066998687,-0.42669926049573215,0.6323564384212411,-0.27216980419668757,-0.06314492466953142,-0.8476984455633519
79,120,張宗憲,Chang Tsung-Hsien,ShootingGuard,Local,192.0,88.0,23.87152777777778,36.761122518822724,0.0,2.0,0.0,1.0,0.0,0.0,0.0,860.05,6.758152574750908,27.743548387096773,14.370612901796246,12.874690953634966,3.803647330967012,2.8225161731634496,1.323563550110651,2.690976695647292,2.676221298795491,1.4082421599092174,0.12087982370676216,1.7162408254374621,2.2194797788509137,6.384004140727915,2.782952870012567,1.3429661500267491,0.430775074535586,0.3306342447451386,0.7176246098187795,0.5105737567603279,0.28967867707834866,0.21613167224953236,0.4685379236089964,0.09040435898551355,0.3084447187540784,0.11316042763300997,0.19016590899203897,0.09855026754252404,0.2713598990733893,0.018318778004959325,1.5593506803529942,0.32969243526932507,0.0,3,Formosa Dreamers,853.15,-0.18766595055424762,-0.3458311439033195,-0.35337766655074965,1.6027370419367457,-0.737554556999104,1.2030690769511356,0.980946568672647,0.6211916658610122,-0.005355582373211536,0.3620410546030537,-0.9143069193349187,-0.44277800038620996,-0.6401352104084912,-1.1989318860686962,-0.3706795462249312,0.21094311950765704,-1.1406919866589411,-1.0801117036778864,-1.5421700161199705,0.140780744723998,2.1011565923409927,-0.6299645033984201,0.049731364323398086,0.3184216575567596,0.14599717898407244,-0.54950464544724,-1.079839974254485,-0.6498891225233284,0.2058953479374199,2.1369267691410467,0.016797894848858682,1.041342043029582,2.113640636004427,0.15835093883756815,-1.0356267278214413,-0.6350365186636984,0.47750798231929087,0.8843066551245118
80,121,田浩,Tien Hao,PointGuardAndShootingGuard,Local,174.0,70.0,23.120623596247853,27.041752224503764,0.0,1.5,1.0,1.0,0.0,0.0,0.0,98.63333333333333,4.601496780621782,5.1912280701754385,14.846193347078167,13.032088889610712,5.907097956886642,3.87099543262166,1.4433872350534516,3.524622768905831,4.074991810876751,1.6234192486162495,0.3085344026800532,2.837262262545982,4.141398168001711,5.784229007853416,2.042870375678608,1.512260075909773,0.4005626291394427,0.31415477177251505,0.7315514726270993,0.5093657631926524,0.46004045167430996,0.29933698191572206,0.4462717400709527,0.0629272302500649,0.29293393614259755,0.054550272562083585,0.06417647313316605,0.12829886648784286,0.4201349831271092,0.03990546854720083,1.436240796161053,0.2905362980153294,1.0,4,Hsinchu Toplus Lioneers,98.63333333333334,-1.8766595055424762,-1.7147229590968749,-0.7889861652935783,-0.6178393753766437,-1.1217559802267743,-0.9884085454202249,-0.8746863964004563,-1.4074255977121197,0.13510151845443494,0.43173079214390275,0.61596782041726,0.35749010704876527,-0.49031397838175794,-0.7063977800889979,0.9410429184491598,0.9217057000088626,-0.4899275489065899,1.0277720279705622,1.2709131030300855,-0.09812615734726929,0.8451107421815037,-0.44098670742149515,-0.7383096394085993,-0.1786927900029973,0.3898074614761733,-0.5837270792409314,0.22541839573668132,0.21090659876118287,0.02712736859873255,0.6125501926849735,-0.15417315748398647,-0.8335840818120545,-0.6111440469207976,0.6741517148762405,0.16537128635126802,0.4485626883733387,0.1766479390640586,0.20859883127575266
82,122,蕭順議,Hsiao Shun-Yi,SmallForwardAndPowerForward,Local,193.0,86.0,23.087868130688072,32.93908281998631,0.0,3.5,0.0,0.0,1.0,1.0,0.0,202.13333333333333,5.313862577883499,13.475555555555555,12.278435526895995,10.304582589690181,3.9391321780294613,3.322301730840306,1.609027373909472,3.602212813878261,2.5785686035846163,1.2951104980398689,0.2291246446958386,1.8384476633081441,3.5231089346093607,6.085950570404406,2.0542171498428923,1.2125611754041494,0.4356711534369015,0.2924998302401298,0.6761815275617765,0.5242056488944712,0.37616001124859394,0.32897617708500726,0.5062319219026193,0.08904467298730516,0.43527538968343243,0.08126606941989395,0.04938835770528684,0.05791017194279287,0.3595130965772136,0.016646914671380363,1.402579281993093,0.30876093135759564,0.0,4,Hsinchu Toplus Lioneers,200.01666666666668,-0.09383297527712381,-0.4979302344803812,-0.8079880027171591,0.729518822621396,0.41504971268390645,-0.6905191717762247,-0.26175156452423054,-0.6622370974704876,-0.6232556062513727,-0.7759038379046376,-0.8157407649769056,-0.06130889762869095,-0.2832062626715073,-0.6605560918002934,-0.4622551355998343,-0.16274792915286035,-0.7653114313004371,-0.8503232295981766,0.3659324258969834,0.022057824692283356,0.8643681475530123,-0.7755317147444055,0.17743737690046135,-0.8319287469230888,-0.5795251250331026,-0.16331341187871304,-0.4172471740712934,0.5175371790257562,0.5085282574629182,2.061494088129869,1.4148171837544987,0.021048454376508097,-0.9309679284433031,-0.546293770217738,-0.3240034353967549,-0.7189599796961067,0.09438480743102556,0.5230968435863933
83,123,吳家駿,Wu Chia-Chun,PointGuard,Local,174.0,70.0,23.120623596247853,31.581108829568787,0.0,1.0,1.0,0.0,0.0,0.0,0.0,142.96666666666667,4.969581791298546,7.5245614035087725,10.19798291344866,11.032606119352934,4.303789541816252,2.5308823093456554,1.361775317216821,3.5938473502407753,4.073073343730664,1.5185356252651354,0.2686519305676544,1.8407068335260421,2.5563986963871446,4.616669033079867,1.3589343663820244,1.106845953938736,0.358545874700445,0.2746823618388662,0.6987632377990076,0.44032913534683277,0.3848145579813887,0.21863256084466712,0.49557645848246246,0.0537088403722262,0.2801930476020043,0.09050085003579099,0.11181885289906944,0.1326726914817466,0.3662759484609879,0.01853860952040086,2.2127767820192856,0.2747939882831027,1.0,3,Formosa Dreamers,138.55,-1.8766595055424762,-1.7147229590968749,-0.7889861652935783,0.41926363868127153,-1.5059574034544443,-0.8608101985775451,-0.5579781476291682,-1.1975385344231562,-1.2376928594922842,-0.4535630880641964,-0.550450034787516,-0.6653720842997197,-0.5923572270448695,-0.6654985683331576,0.9392438410225723,0.5752591743434277,-0.6282353625629414,-0.8460752571761551,-1.0490268500034012,-0.5631973503103876,-0.31564497468587915,-0.8935384858057034,-1.8342462611391677,-1.3694047314962479,-0.18419896810384404,-2.5395333757425544,-0.3509387572433329,-0.6240163241317613,0.4229789911827702,0.10113221529318009,-0.29461243614606697,0.31646707957846365,0.4192219179657564,0.7499879695603587,-0.26940980680485754,-0.6240015128415665,2.074372494878772,-0.06306233342277887
84,124,李家瑞,Lee Chia-Jul,SmallForwardAndPowerForward,Local,200.0,97.0,24.25,30.82546201232033,0.0,3.5,0.0,0.0,1.0,1.0,0.0,26.383333333333333,3.3099345558151674,2.9314814814814816,14.018559404619493,12.420596975929081,5.566029683537867,3.357174126607885,2.2220873501941947,4.967546990595206,2.990186502782126,1.1873979309950642,0.5660251363631889,2.3115707296104615,2.918764070842573,5.403947240132335,1.4226718244430026,1.835873963053178,0.4097237000780308,0.3211401543131328,0.7017722913426646,0.5115672575583299,0.4567816574157738,0.26622402220214275,0.4362414483025687,0.044694720536982056,0.3222457080160062,0.06498483283851814,0.0793452304117723,0.07664257131792952,0.43003743384535953,0.026744223570414356,1.2935734409848765,0.3090682008106432,1.0,4,Hsinchu Toplus Lioneers,26.383333333333333,0.5629978516627429,0.33861476369345817,-0.13382140279126517,0.2466216411662029,0.41504971268390645,-1.1963554753311332,-1.9859742742892434,-1.610693415688503,-0.10933044938097522,0.16098574895991233,0.3678383151153064,-0.03469199900061053,0.48333168011586936,0.1461095540465783,-0.07625297114473846,-0.5185388851751803,0.4030206192039033,0.039301519325998846,-0.5186380865682054,-0.24960282595306726,-0.2074716692636857,-0.07974610873550027,-0.49935845743553897,0.032025998664668466,-0.1315210459752079,-0.5213587875607396,0.2004505384099926,-0.13166161178773836,-0.05340259687774081,-0.39895326549022136,0.16892236957391676,-0.49978476597938465,-0.28308799039511856,-0.22149910837426828,0.2453095617937307,-0.2120997041577739,-0.1720073044295734,0.5283993169153417
86,125,林俊吉,Lin Chun-Chi,PointGuard,Local,175.0,70.0,22.857142857142858,27.67145790554415,0.0,1.0,1.0,0.0,0.0,0.0,0.0,624.2666666666667,6.438178225406729,21.526436781609195,17.607855313671678,12.233681832821997,5.634167364758469,5.464261083826328,0.8286681591250351,3.198685513855845,5.14509267363494,0.9812444616771667,0.11178258304798597,2.6876024187216694,3.116418076153645,5.76435246204136,1.3952634946499778,1.552423892756214,0.4520106412417298,0.3463906542771429,0.8195346567865094,0.5970808163041541,0.46336000419149126,0.45718503937007876,0.3901548606329152,0.04838926978234185,0.16599615280979613,0.05689762282566391,0.15148311427801564,0.1622631058950331,0.3735067812340948,0.08985322295739648,1.9143801321931204,0.20575996706832286,0.0,3,Formosa Dreamers,601.7666666666667,-1.7828265302653523,-1.7147229590968749,-0.9418344940581505,-0.4739710441140858,-1.5059574034544443,0.5244473428220422,0.7056337662137643,0.06195253856864673,0.9507259562165047,0.07822693014318931,0.41740894497099323,1.5735749039855924,-1.2589263720825077,-0.8989677683263619,1.9445494472352747,-1.1994950813581446,-1.172240168082475,0.7463630025624448,-0.2293348836269768,-0.1060435312488471,-0.2539882659402675,-0.3961530280908749,0.6036255321905094,0.7937244074104544,1.9300829190361881,1.9012386342725156,0.25085176374398344,1.8439145523989595,-0.42341688954907014,-0.19398700484435724,-1.5533731166880902,-0.7584928569549507,1.2770444102099245,1.263046038134738,-0.21103836741665555,2.955818118114105,1.345140804318923,-1.2543654475165438
867,126,桑尼,Sani Sakakini,PowerForward,Imported,204.0,102.0,24.50980392156863,37.1170431211499,1.0,4.0,0.0,0.0,0.0,1.0,0.0,195.2,5.279134547131263,39.04,18.597085542887424,14.857834376014031,6.923219517185174,3.8360533131627403,2.2749077461912846,5.851644347724978,2.805992884079353,1.135645500029772,0.32423749271344443,2.599446070356735,3.3116385110599977,6.739280337496521,1.8169766949818362,3.3289758788862738,0.4361190342278644,0.3500509060800875,0.801070062697458,0.559063384317999,0.4716690486463165,0.2550662010570597,0.4151419749757308,0.04607108186819114,0.2853218369107971,0.08194571782979183,0.08109629489806926,0.07996710171502534,0.4467964620860749,0.024872586560241616,1.0794580107192886,0.2799351705250664,1.0,7,New Taipei Kings,192.16666666666666,0.9383297527712381,0.7188624901361125,0.01689396013483668,1.6840539248242785,0.7992511359115766,-0.71047440195914,-0.2916323080584316,1.6373255464116399,1.2428834900788286,1.2401005015373163,1.3552032163337153,0.3308199907284805,0.549375524521102,0.6684512471956329,-0.24898388405377828,-0.6894850188975454,-0.4354710437018389,0.580600487762302,0.05640633881423482,0.2822970078989342,0.4617307509120445,1.5869593430479696,0.18911959670871803,0.9041383785352078,1.6068329550698428,0.8242055407471215,0.31451305071408536,-0.24709420544165228,-0.2228034376327233,-0.32259547009480066,-0.2380792148843172,0.04279025932281054,-0.24521756373156228,-0.1638562135966634,0.3805980730695557,-0.306051316430887,-0.695269738101283,0.02565778322694692
87,127,蔡宸綱,Tsai Chen-Kang,SmallForwardAndPowerForward,Local,197.0,95.0,24.478857996856398,22.89664613278576,0.0,3.5,0.0,0.0,1.0,1.0,0.0,604.7166666666667,6.406412329980575,18.324747474747475,12.756748594597406,11.815110260838072,5.413155379564129,2.957572979345005,1.6987886518585782,3.857966380988229,2.5859143646270866,1.005083074720004,0.6513331695880785,2.260797075995669,4.131590256907289,4.651778376710591,1.160742940401576,1.2769851923068432,0.3921862986823617,0.29583908248845153,0.6942430301683802,0.4902233215047405,0.46098656316745834,0.24793386783129842,0.3830393860180433,0.03937804839172431,0.23747768497561286,0.06463188179412796,0.10866420670088305,0.1282396633619178,0.4300902164557366,0.030896346711721766,1.143806488465239,0.30571595145310265,0.0,4,Hsinchu Toplus Lioneers,590.0,0.2814989258313714,0.18651567311639647,-0.001058140995614178,-1.5648683037745232,0.41504971268390645,0.4681793500226201,0.678301707533701,-0.22604453265173166,-0.4819914574752541,-0.10710042381979555,0.25662121173027785,-0.339693791801125,-0.17097348284130265,-0.5094519739157717,-0.4553665147029017,-1.1207525245938152,0.6988590398867034,-0.056169410049827194,1.2565574106710398,-0.5492123348257143,-0.6520095286995046,-0.7036170925348437,-0.9567921811042015,-0.7311979444608513,-0.26333187222693605,-1.1260320722838413,0.23266720462180573,-0.32088134652845984,-0.48054473172117024,-0.6939116856715661,-0.7654520244468909,-0.5110755931938232,0.35099610536274506,0.673125212137332,0.24573565337115374,-0.003673251078428815,-0.5380127808299162,0.47055037477662337
88,128,盧冠軒,Lu Kuan-Hsuan,PointGuardAndShootingGuard,Local,184.0,88.0,25.99243856332703,30.49965776865161,0.0,1.5,1.0,1.0,0.0,0.0,0.0,673.8833333333333,6.514539836427888,18.71898148148148,13.765645536073592,12.733754862854399,7.250460229082731,2.5998988454163388,0.7816186843722035,2.60511873768914,2.999174246510587,1.0903138499934384,0.18782673940497768,1.6287083558121582,1.7448090396173146,3.212515312164429,1.2748488812657925,1.423086148802306,0.375670557627665,0.32982317573660896,0.749415044904936,0.4987661743846191,0.5783002777478158,0.1994509087477079,0.2520915354330709,0.036734171071081866,0.15978420612663144,0.06837011918886853,0.13986321594218531,0.05368218099449897,0.5144941214539963,0.06380615629381943,1.8414433964238144,0.23078809691023228,0.0,4,Hsinchu Toplus Lioneers,651.1,-0.9383297527712381,-0.3458311439033195,0.8769880525190464,0.17218541759992298,-1.1217559802267743,0.6672519588185299,0.7713369364009994,-0.1905825535422851,-0.184025591049392,0.2996399874248637,1.5932730759561227,-0.6126941393573049,-1.3177545601577187,-1.2496584160922424,-0.06782455114765538,-0.839222338757237,-0.9085278039783568,-1.244701124188967,-2.2369384575013527,-1.1225103279725424,-0.45835234237458444,-0.5405289214464692,-1.3875776070261416,0.2939552123750571,0.7025356518318367,-0.8840132197716913,1.1314880124815776,-0.8224589970630054,-1.5318826319869758,-0.8405887528940698,-1.621845681100802,-0.3914901912480809,1.0257398402134001,-0.6196014582948479,0.9270925010992959,1.6483189103470695,1.1668955754936219,-0.8224611705246901
8889,129,馬可,Marko Todorovic,Center,Imported,208.0,113.0,26.118713017751478,33.451060917180016,1.0,5.0,0.0,0.0,0.0,0.0,1.0,928.0833333333334,6.834198436979571,34.373456790123456,21.545897797044343,14.71506195943037,4.212504708450836,7.407261522666984,4.3073444999289014,8.145293503335372,2.865859544467601,1.7700882927783992,0.7518404288575191,2.7935002618054052,4.000377814497372,11.296473596257922,1.5939152159475405,4.229839344613302,0.500970305078262,0.3396427843886271,0.7055831823990341,0.5967708173545667,0.2812245069873023,0.5118010480953394,0.6635376764559836,0.042176526920621404,0.41364186529048735,0.04946863694403065,0.04018031318720295,0.2154846775909768,0.25502766546073635,0.026196841526565935,1.025902729866018,0.3458981541742236,0.0,6,New Taipei CTBC DEA,905.0333333333333,1.3136616538797332,1.5554074883099518,0.9502413741470216,0.8464900310826933,1.5676539823669169,1.3988797731209925,1.0463780618172902,1.217562524969337,2.1137805679820088,1.1768863800934286,-0.6168603763948979,3.0566002188972345,3.090627519957084,2.023583206102252,-0.19284283544142558,1.4061758122068622,1.0474066235713873,0.9454852791431899,1.064503726784452,2.097552199245067,0.08315748750360479,2.592566551583377,1.880656309614674,0.590170348527186,-0.06480577507837683,1.8924563701841544,-1.144613168234403,2.4089413134668973,1.771485235779608,-0.5386576502067022,1.1763568478851556,-0.9961445010036332,-1.1301111224065894,2.1858366553743895,-1.167469907481272,-0.23957694748508157,-0.8261499206294367,1.1639647578658963
89,130,蔣淯安,Chiang Yu-An,PointGuard,Local,174.0,75.0,24.772096710265558,34.16016427104723,0.0,1.0,1.0,0.0,0.0,0.0,0.0,1135.8,7.035972576782891,31.549999999999997,12.697685436853654,10.190010589460059,4.770217362772557,3.4795689993725967,1.077289670081446,3.5907844334637757,4.576230264851146,1.4948398724448018,0.14982681323577876,2.3052111745807617,2.7584664916685964,3.93424434000496,1.1843608248666129,0.9040359839316181,0.4172246489261835,0.348266275356023,0.7318336665926091,0.5414326181445929,0.4705365127489257,0.3441541976574258,0.3839632364167775,0.040793290727855695,0.3009888869500731,0.08023289419155016,0.11313035749340197,0.03511134861604903,0.40507557746417433,0.06546093528475146,1.985167482837404,0.2307781852184579,0.0,3,Formosa Dreamers,1122.1666666666667,-1.8766595055424762,-1.3344752326542206,0.16905314465628501,1.008498282374008,-1.5059574034544443,1.9967212004519383,1.2199888653296338,0.9635880732540674,-0.49943506766720747,-0.8266319022599268,-0.21112059984295842,0.05872779190471853,-0.9480631141413195,-0.6673081983726215,1.4110883866356725,0.49698850657530924,-1.0403071654169564,0.02734349413229373,-0.7532632488854137,-0.8350258413284979,-0.6119259623417392,-1.1199292492910615,-0.30370877791654183,0.8503037857684801,0.39474768321853165,0.3247262850235457,0.30583591663931625,0.6745605134586447,-0.4731274359501745,-0.6153968492787663,-0.06538567006062229,-0.01200259667116095,0.44758594393239604,-0.9415947652769869,0.04380310569223122,1.7313847790538388,1.518133294049139,-0.8226322141502675
9,131,張耕淯,Chang Keng-Yu,ShootingGuard,Local,188.0,88.0,24.898143956541425,28.958247775496236,0.0,2.0,0.0,1.0,0.0,0.0,0.0,7.833333333333334,2.178532444324067,3.916666666666667,14.057264827020575,12.143461806258596,5.196742677746178,3.310384616015629,1.9007708482508214,4.71805860250639,3.083857519429801,1.4665939131279837,0.4433295450859016,2.3446724314594145,3.1792760524662924,5.88627228249539,1.5496512743712352,1.8265177257539145,0.4221294243559361,0.3135574768432417,0.7152237774321756,0.521690725976951,0.4313902094785321,0.26867293121378694,0.44548544049918287,0.05144109344822463,0.31428279601842224,0.07479386421036993,0.09132186896449264,0.08821126132818304,0.40060912197296095,0.03078108750557124,1.3152615598035966,0.28717628432522435,1.0,8,Taipei Taishin Mars,7.833333333333333,-0.5629978516627429,-0.3458311439033195,0.24217466011918679,-0.179979236751468,-0.737554556999104,-1.2497453099310967,-2.959456950825478,-1.5220744334109406,-0.09789925730674548,0.03828098083226143,0.09917948865263577,-0.07040482092979419,0.08157442974707341,-0.001292975781606884,0.011588726806696342,0.4036878161840205,-0.022473540912597772,0.10154345021829,-0.13733060651135348,-0.057479519489706477,0.008034051191743847,-0.09019019935617392,-0.17577593097010863,-0.1967105955049833,0.10396706563762598,-0.23456112821108147,0.005909245183376171,-0.10632656517237817,0.020814423887754008,-0.024677883919206216,0.08114940041031951,-0.18599598387805386,-0.024068168146380034,-0.020913551521394215,0.007747309054931696,-0.00945898206595704,-0.1190051559119819,0.15061590196085395
90,132,李啓瑋,Lee Chi-Wei,SmallForward,Local,192.0,87.0,23.600260416666668,32.48186173853525,0.0,3.0,0.0,0.0,1.0,0.0,0.0,289.3666666666667,5.671144492156737,13.153030303030304,11.708129296129234,10.82177538056143,6.2530951975851385,2.215124860762717,1.6900283522133281,3.3279133156206893,3.2223861885188207,1.3585050778797751,0.4089748459648932,1.878552728707135,3.7042971314711077,3.9711809605175907,1.5409083642602446,1.9527510401250363,0.3915518372703412,0.2925699887462483,0.742846666413787,0.5016995497491125,0.5989513930950939,0.19415127195639006,0.3123902180496669,0.05174136886735312,0.2665922168382798,0.0458774984857662,0.05261583888552392,0.03596305269533616,0.578709872804361,0.02024152029073289,1.7153557306515128,0.3367971299958982,0.0,4,Hsinchu Toplus Lioneers,281.21666666666664,-0.18766595055424762,-0.42188068919185034,-0.5107431078921234,0.6250579038351045,0.030848289456236296,-0.4394478381767565,0.04566146807681135,-0.6912487595086546,-0.7916888556671622,-0.5469108105793585,0.86768318323134,-0.9063788696094641,-0.18192690066016914,-0.8226175018863381,0.1414965034405479,0.04665398918124964,-0.14161167535064037,-0.7749127047742462,0.6311348719832756,-0.8203129712944194,-0.006804154072265308,0.050720311191027025,-0.9733410437137036,-0.8298123681366654,0.5875464947270945,-0.8009107539228149,1.2897103673532369,-0.8772860831303516,-1.047764029904313,-0.008019199534382758,-0.44453061929136606,-1.1110242399358288,-0.8611669072355388,-0.926827359730961,1.445478965747831,-0.5385195462207112,0.8587583302415535,1.0069106234797565
91,133,簡偉儒,Chien Wei-Ju,ShootingGuard,Local,186.0,85.0,24.56931437160365,33.6974674880219,0.0,2.0,0.0,1.0,0.0,0.0,0.0,187.28333333333333,5.237947920504828,9.364166666666666,10.239449687694048,10.049015308518515,4.647905546821658,2.055364124530486,1.8566343537327428,3.3685153321536636,2.5844860897400537,1.7165910443132057,0.33086540548354754,1.4441651340663124,2.7286470875868085,4.460206367548199,1.389342487903314,1.352010846501326,0.3934704305578824,0.2820137332756746,0.6805064643322808,0.4794417142750559,0.47102946266332096,0.18944687202561217,0.3803376741368868,0.0629272302500649,0.28194492515358655,0.08751730552911656,0.08615449511118803,0.07335381154278792,0.45310201609414213,0.017927446569178853,1.7896056543498997,0.355326539017184,1.0,3,Formosa Dreamers,185.41666666666666,-0.7506638022169905,-0.573979779768912,0.051416684121335356,0.9027863346202147,-0.737554556999104,-0.7332598210381899,-0.3270701661979741,-1.0320631002966718,-1.2254461345712688,-0.8890591765593088,-0.3001032838273028,-1.0283187371592062,0.026388478912759507,-0.7986290509651046,-0.4567059054313088,1.2294662814788708,-0.412486206609632,-1.591702209116841,-0.7969094633756431,-0.6255207256274588,-0.2640372213065289,-0.6198681765743447,-0.9232977532668989,-1.1482489537769693,-0.503810725437869,-1.4314747910869368,0.3096127439427228,-0.9259551806659658,-0.5022359017829128,0.6125501926849735,-0.27530197605808904,0.22102413912860105,-0.13582341992958818,-0.2785217885798429,0.43150013029315026,-0.6546804021330332,1.040212771549985,1.3266680746746877
95,134,李德威,Lee Te-Wei,Center,Local,200.0,105.0,26.25,33.96303901437371,0.0,5.0,0.0,0.0,0.0,0.0,1.0,66.78333333333333,4.216316343685124,3.9284313725490194,12.165558342784195,11.349345206724855,4.588203985224892,2.8487846668154493,1.750647371630396,4.620115622743468,2.4024303909095788,1.1425267755798063,0.6152507919798336,2.501284764184351,3.8261743221249875,5.6651349636232595,1.2072312982700883,2.3675064684295193,0.4058062453731745,0.29116051421158157,0.7017722913426646,0.49401208666123136,0.40095046421436126,0.24238306499001055,0.4718019156187566,0.040692208250088145,0.33816400282054293,0.07409066870372547,0.10209043365847925,0.08470443060289105,0.3766012457398049,0.024349218474556355,0.9604785609818369,0.27479398828310275,1.0,3,Formosa Dreamers,56.93333333333333,0.5629978516627429,0.947011126001705,1.0264025231304168,0.9634612395439889,1.5676539823669169,-1.080077884072992,-1.2061039170945957,-1.5210161793103238,-0.6565925573123728,-0.31332323211539537,-0.34353657886618544,-0.4227281639107453,-0.1061320677967581,-0.05915956871829278,-0.6274319451320951,-0.6667551214141691,0.5737295157073886,0.3960254087238261,0.8095246878949446,-0.14556458485559828,-0.573110879659003,0.5136995132009339,-0.6015386979692512,-0.872330120725864,-0.1315210459752079,-1.0186964306070807,-0.2273105154154307,-0.3783068564465616,0.23210088312334454,-0.621004704556607,0.344385315722207,-0.20849105533253928,0.2088245338110408,-0.08171728929965678,-0.1860580708170997,-0.3323231176376204,-0.9860356878010123,-0.06306233342277791
97,135,史承平,Shih Cheng-Ping,SmallForward,Local,190.0,80.0,22.1606648199446,26.001368925393567,0.0,3.0,0.0,0.0,1.0,0.0,0.0,30.883333333333333,3.4620834072181523,2.8075757575757576,14.057178401281064,11.71074631661335,4.833854124846232,2.979895774324327,1.71100934654499,4.402958981683006,3.0878295868973957,1.4761009237497986,0.3990701961467692,2.2665173767630766,2.8618762993037374,6.234159774974194,1.7067892435868983,1.9560150176966227,0.4396234324876057,0.32650922256318055,0.7152237774321756,0.5392050442187588,0.41144277762693454,0.2455114716263915,0.4760470404561499,0.06424789573717078,0.35615496877545477,0.06834611729568286,0.08344929405376052,0.08060684224816726,0.3660738528373609,0.045368924789573724,1.3623674887978467,0.27985250408401935,1.0,3,Formosa Dreamers,30.883333333333333,-0.37533190110849524,-0.9542275062115663,-1.3458697353763454,-0.8555348792017384,0.030848289456236296,-1.1834037634335681,-1.8550621347489622,-1.6218389336236165,-0.0979247821342042,-0.15330875454955464,-0.1648244194995814,-0.3226555712263165,-0.15569336910573534,-0.1874598816366961,0.015313605250618258,0.43509091510601416,-0.17595985862061958,-0.04541339011246059,-0.6019038645041109,0.08109361991192932,0.274723907588698,0.05436379269444911,0.28052595213189496,0.1939875736171592,0.10396706563762598,0.26161915992179574,-0.1469217079214254,-0.3459421064343511,0.26618361615770736,0.685818093172731,0.5426947407746157,-0.3922580065955235,-0.1943290426848828,-0.15276397143546003,-0.27104123887019843,0.7228148642838605,-0.0038861146764957127,0.02423122879889189
99,136,盧冠良,Lu Kuan-Liang,ShootingGuard,Local,185.0,90.0,26.296566837107374,34.48049281314169,0.0,2.0,0.0,1.0,0.0,0.0,0.0,469.8833333333333,6.154610363404495,15.15752688172043,10.702711725746935,9.356578725749376,5.266672833366378,1.4032417625386235,1.2346083267655497,2.6460873976377646,2.5689971703353724,1.046162916346278,0.13754433426768822,1.3185894364764734,2.491119657011287,3.2234920349990674,0.6957468064441397,0.9966082661197551,0.4226054623606832,0.3442082399654048,0.7150463060260883,0.5366248323287602,0.5787495611615427,0.13528449270274337,0.2905141932895331,0.03010431817041978,0.20800629419730177,0.05072659110286373,0.09452266914087969,0.06799488439741211,0.5301419328953307,0.04860762826621195,1.9482919393016154,0.3181409763723178,0.0,3,Formosa Dreamers,460.6666666666667,-0.8444967774941142,-0.19373205332625779,1.053416502413653,1.0816834769727879,-0.737554556999104,0.08010768612890633,0.4616458873880992,-0.5109410879626354,-1.0886271306909825,-1.1956433983771826,0.15005415591312632,-1.526061275926187,-0.7513601419663742,-1.225453345201536,-0.4712309210512166,-0.9850595731912377,-1.0829013859449412,-1.8278252316370631,-1.1445748008108736,-1.118137997904855,-1.4411870445426112,-1.0165935521287435,-0.1633592774302607,0.7278904036939219,0.10086016681569197,0.18852180829509488,1.1349302807818236,-1.4862889449745096,-1.2233995507222561,-1.2083998355011192,-1.0903069863977302,-0.9559028208136534,0.04515582062910082,-0.37143839232983256,1.0534106314954168,0.8853898783762644,1.4280156101924937,0.6849659718762259
