stint_id,game_id,competition_phase,quarter,start_sec,end_sec,duration_sec,valid,leo_is_home,opp_team_id,leo_ids,opp_ids,leo_pts,opp_pts,leo_poss,opp_poss,margin_at_start,sec_remaining_regulation,is_ot,garbage_time,opp_prior_ORtg,opp_prior_DRtg,opp_prior_Net_Rating,opp_prior_games,margin,poss_avg,net_per100,leo_ortg,leo_drtg,mcc_on,mcc_PTS,mcc_FGA,mcc_FGM,mcc_2PA,mcc_2PM,mcc_3PA,mcc_3PM,mcc_FTA,mcc_FTM,mcc_OREB,mcc_DREB,mcc_AST,mcc_STL,mcc_BLK,mcc_TOV,mcc_PF,mcc_FGM_assisted,mcc_FGM_unassisted,mcc_rim_FGA,mcc_rim_FGM,mcc_paint_FGA,mcc_paint_FGM,mcc_mid_FGA,mcc_mid_FGM,mcc_c3_FGA,mcc_c3_FGM,mcc_ab3_FGA,mcc_ab3_FGM,mcc_TSA,mcc_usage_poss,mcc_usage_share,leo_node_idx,opp_node_idx,all_nodes_known,use,fold
1375_001,1375,regular_season,1,0.0,286.0,286.0,True,False,3,10860|54|57|62|68,101|103|107|10889|89,10.0,11.0,9.44,9.88,0.0,2880.0,False,False,107.67917382985875,110.59434382728679,-2.9151699974280483,4,-1.0,9.66,-10.351966873706004,105.93220338983052,111.33603238866395,True,0.0,1.0,0.0,1.0,0.0,0.0,0.0,0.0,0.0,0.0,2.0,0.0,0.0,0.0,1.0,0.0,0.0,0.0,0.0,0.0,1.0,0.0,0.0,0.0,0.0,0.0,0.0,0.0,1.0,2.0,0.21186440677966104,8|103|106|110|112,2|3|6|36|130,True,True,2
1375_002,1375,regular_season,1,286.0,322.0,36.0,True,False,3,10860|54|57|62|68,103|106|107|89|99,0.0,2.0,2.0,1.0,-1.0,2594.0,False,False,107.67917382985875,110.59434382728679,-2.9151699974280483,4,-2.0,1.5,-133.33333333333334,0.0,200.0,True,0.0,0.0,0.0,0.0,0.0,0.0,0.0,0.0,0.0,0.0,0.0,0.0,0.0,0.0,0.0,0.0,0.0,0.0,0.0,0.0,0.0,0.0,0.0,0.0,0.0,0.0,0.0,0.0,0.0,0.0,0.0,8|103|106|110|112,3|5|6|130|136,True,True,2
1375_003,1375,regular_season,1,322.0,373.0,51.0,True,False,3,10860|16|54|57|58,103|106|107|89|99,2.0,3.0,1.88,2.0,-3.0,2558.0,False,False,107.67917382985875,110.59434382728679,-2.9151699974280483,4,-1.0,1.94,-51.54639175257732,106.38297872340426,150.0,True,2.0,0.0,0.0,0.0,0.0,0.0,0.0,2.0,2.0,0.0,0.0,0.0,0.0,0.0,1.0,0.0,0.0,0.0,0.0,0.0,0.0,0.0,0.0,0.0,0.0,0.0,0.0,0.0,0.88,1.88,1.0,8|75|103|106|107,3|5|6|130|136,True,True,2
1375_004,1375,regular_season,1,373.0,413.0,40.0,True,False,3,10860|16|54|57|58,103|106|107|86|99,0.0,0.0,1.0,1.0,-4.0,2507.0,False,False,107.67917382985875,110.59434382728679,-2.9151699974280483,4,0.0,1.0,0.0,0.0,0.0,True,0.0,0.0,0.0,0.0,0.0,0.0,0.0,0.0,0.0,0.0,1.0,0.0,0.0,0.0,0.0,0.0,0.0,0.0,0.0,0.0,0.0,0.0,0.0,0.0,0.0,0.0,0.0,0.0,0.0,0.0,0.0,8|75|103|106|107,3|5|6|125|136,True,True,2
1375_005,1375,regular_season,1,413.0,458.0,45.0,True,False,3,16|54|58|62|68,106|107|79|86|99,0.0,2.0,2.0,2.0,-4.0,2467.0,False,False,107.67917382985875,110.59434382728679,-2.9151699974280483,4,-2.0,2.0,-100.0,0.0,100.0,False,,,,,,,,,,,,,,,,,,,,,,,,,,,,,,,,75|103|107|110|112,5|6|120|125|136,True,True,2
1375_006,1375,regular_season,1,458.0,570.0,112.0,True,False,3,16|54|58|62|68,101|106|79|86|99,10.0,4.0,4.0,4.0,-6.0,2422.0,False,False,107.67917382985875,110.59434382728679,-2.9151699974280483,4,6.0,4.0,150.0,250.0,100.0,False,,,,,,,,,,,,,,,,,,,,,,,,,,,,,,,,75|103|107|110|112,2|5|120|125|136,True,True,2
1375_007,1375,regular_season,1,570.0,628.0,58.0,True,False,3,12|16|58|62|68,106|107|79|86|99,4.0,3.0,1.88,1.88,0.0,2310.0,False,False,107.67917382985875,110.59434382728679,-2.9151699974280483,4,1.0,1.88,53.19148936170213,212.76595744680853,159.5744680851064,False,,,,,,,,,,,,,,,,,,,,,,,,,,,,,,,,50|75|107|110|112,5|6|120|125|136,True,True,2
1375_008,1375,regular_season,1,628.0,688.0,60.0,True,False,3,12|16|58|62|68,103|106|107|79|86,5.0,3.0,2.3200000000000003,2.0,1.0,2252.0,False,False,107.67917382985875,110.59434382728679,-2.9151699974280483,4,2.0,2.16,92.59259259259258,215.51724137931032,150.0,False,,,,,,,,,,,,,,,,,,,,,,,,,,,,,,,,50|75|107|110|112,3|5|6|120|125,True,True,2
1375_009,1375,regular_season,1,688.0,720.0,32.0,True,False,3,10860|12|58|62|68,103|106|107|79|86,3.0,0.0,1.44,1.0,3.0,2192.0,False,False,107.67917382985875,110.59434382728679,-2.9151699974280483,4,3.0,1.22,245.9016393442623,208.33333333333334,0.0,True,0.0,0.0,0.0,0.0,0.0,0.0,0.0,0.0,0.0,0.0,0.0,0.0,0.0,0.0,0.0,0.0,0.0,0.0,0.0,0.0,0.0,0.0,0.0,0.0,0.0,0.0,0.0,0.0,0.0,0.0,0.0,8|50|107|110|112,3|5|6|120|125,True,True,2
1375_010,1375,regular_season,2,720.0,854.0,134.0,True,False,3,10860|12|56|62|68,103|107|10889|79|89,4.0,8.0,5.0,5.32,6.0,2160.0,False,False,107.67917382985875,110.59434382728679,-2.9151699974280483,4,-4.0,5.16,-77.51937984496124,80.0,150.37593984962405,True,2.0,1.0,1.0,1.0,1.0,0.0,0.0,0.0,0.0,0.0,0.0,0.0,0.0,1.0,0.0,0.0,0.0,1.0,0.0,0.0,1.0,1.0,0.0,0.0,0.0,0.0,0.0,0.0,1.0,1.0,0.2,8|50|105|110|112,3|6|36|120|130,True,True,2
1375_011,1375,regular_season,2,854.0,894.0,40.0,True,False,3,10860|12|57|58|68,103|106|10889|83|89,0.0,2.0,1.0,1.0,2.0,2026.0,False,False,107.67917382985875,110.59434382728679,-2.9151699974280483,4,-2.0,1.0,-200.0,0.0,200.0,True,0.0,0.0,0.0,0.0,0.0,0.0,0.0,0.0,0.0,0.0,0.0,0.0,0.0,0.0,0.0,0.0,0.0,0.0,0.0,0.0,0.0,0.0,0.0,0.0,0.0,0.0,0.0,0.0,0.0,0.0,0.0,8|50|106|107|112,3|5|36|123|130,True,True,2
1375_012,1375,regular_season,2,894.0,915.0,21.0,True,False,3,10860|54|57|58|68,103|106|10889|83|89,0.0,0.0,1.0,0.0,0.0,1986.0,False,False,107.67917382985875,110.59434382728679,-2.9151699974280483,4,0.0,0.5,0.0,0.0,,True,0.0,0.0,0.0,0.0,0.0,0.0,0.0,0.0,0.0,0.0,0.0,0.0,0.0,0.0,0.0,0.0,0.0,0.0,0.0,0.0,0.0,0.0,0.0,0.0,0.0,0.0,0.0,0.0,0.0,0.0,0.0,8|103|106|107|112,3|5|36|123|130,True,True,2
1375_013,1375,regular_season,2,915.0,1097.0,182.0,True,False,3,10860|16|54|57|58,103|106|10889|83|89,4.0,5.0,6.0,6.88,0.0,1965.0,False,False,107.67917382985875,110.59434382728679,-2.9151699974280483,4,-1.0,6.4399999999999995,-15.527950310559007,66.66666666666667,72.67441860465117,True,2.0,3.0,1.0,2.0,1.0,1.0,0.0,0.0,0.0,0.0,2.0,0.0,0.0,0.0,0.0,1.0,1.0,0.0,0.0,0.0,2.0,1.0,0.0,0.0,0.0,0.0,1.0,0.0,3.0,3.0,0.5,8|75|103|106|107,3|5|36|123|130,True,True,2
1375_014,1375,regular_season,2,1097.0,1169.0,72.0,True,False,3,10860|16|54|57|58,101|107|86|89|99,6.0,2.0,3.0,2.88,-1.0,1783.0,False,False,107.67917382985875,110.59434382728679,-2.9151699974280483,4,4.0,2.94,136.0544217687075,200.0,69.44444444444444,True,2.0,1.0,1.0,1.0,1.0,0.0,0.0,0.0,0.0,0.0,1.0,0.0,0.0,0.0,0.0,0.0,1.0,0.0,0.0,0.0,1.0,1.0,0.0,0.0,0.0,0.0,0.0,0.0,1.0,1.0,0.3333333333333333,8|75|103|106|107,2|6|125|130|136,True,True,2
1375_015,1375,regular_season,2,1169.0,1276.0,107.0,True,False,3,10860|16|54|57|58,101|107|79|86|99,5.0,0.0,3.0,3.0,3.0,1711.0,False,False,107.67917382985875,110.59434382728679,-2.9151699974280483,4,5.0,3.0,166.66666666666666,166.66666666666666,0.0,True,3.0,1.0,1.0,0.0,0.0,1.0,1.0,0.0,0.0,0.0,1.0,0.0,0.0,0.0,0.0,0.0,0.0,1.0,0.0,0.0,0.0,0.0,0.0,0.0,0.0,0.0,1.0,1.0,1.0,1.0,0.3333333333333333,8|75|103|106|107,2|6|120|125|136,True,True,2
1375_016,1375,regular_season,2,1276.0,1289.0,13.0,True,False,3,10860|16|54|57|58,101|107|10889|79|86,0.0,1.0,1.0,0.88,8.0,1604.0,False,False,107.67917382985875,110.59434382728679,-2.9151699974280483,4,-1.0,0.94,-106.38297872340426,0.0,113.63636363636364,True,0.0,0.0,0.0,0.0,0.0,0.0,0.0,0.0,0.0,0.0,0.0,0.0,0.0,0.0,0.0,0.0,0.0,0.0,0.0,0.0,0.0,0.0,0.0,0.0,0.0,0.0,0.0,0.0,0.0,0.0,0.0,8|75|103|106|107,2|6|36|120|125,True,True,2
1375_017,1375,regular_season,2,1289.0,1342.0,53.0,True,False,3,10860|54|58|62|68,101|103|106|10889|86,1.0,1.0,1.88,1.88,7.0,1591.0,False,False,107.67917382985875,110.59434382728679,-2.9151699974280483,4,0.0,1.88,0.0,53.19148936170213,53.19148936170213,True,0.0,0.0,0.0,0.0,0.0,0.0,0.0,0.0,0.0,0.0,0.0,0.0,0.0,0.0,0.0,0.0,0.0,0.0,0.0,0.0,0.0,0.0,0.0,0.0,0.0,0.0,0.0,0.0,0.0,0.0,0.0,8|103|107|110|112,2|3|5|36|125,True,True,2
1375_018,1375,regular_season,2,1342.0,1384.0,42.0,True,False,3,10860|54|57|62|68,101|103|106|10889|89,2.0,0.0,2.0,1.0,7.0,1538.0,False,False,107.67917382985875,110.59434382728679,-2.9151699974280483,4,2.0,1.5,133.33333333333334,100.0,0.0,True,0.0,0.0,0.0,0.0,0.0,0.0,0.0,0.0,0.0,0.0,0.0,0.0,0.0,0.0,0.0,0.0,0.0,0.0,0.0,0.0,0.0,0.0,0.0,0.0,0.0,0.0,0.0,0.0,0.0,0.0,0.0,8|103|106|110|112,2|3|5|36|130,True,True,2
1375_019,1375,regular_season,2,1384.0,1440.0,56.0,True,False,3,10860|54|57|62|68,101|103|107|10889|89,0.0,3.0,1.0,2.0,9.0,1496.0,False,False,107.67917382985875,110.59434382728679,-2.9151699974280483,4,-3.0,1.5,-200.0,0.0,150.0,True,0.0,0.0,0.0,0.0,0.0,0.0,0.0,0.0,0.0,0.0,0.0,0.0,0.0,0.0,0.0,0.0,0.0,0.0,0.0,0.0,0.0,0.0,0.0,0.0,0.0,0.0,0.0,0.0,0.0,0.0,0.0,8|103|106|110|112,2|3|6|36|130,True,True,2
1375_020,1375,regular_season,3,1440.0,1629.0,189.0,True,False,3,10860|54|57|62|68,103|107|10889|79|89,5.0,7.0,6.0,6.0,6.0,1440.0,False,False,107.67917382985875,110.59434382728679,-2.9151699974280483,4,-2.0,6.0,-33.333333333333336,83.33333333333333,116.66666666666667,True,0.0,0.0,0.0,0.0,0.0,0.0,0.0,0.0,0.0,0.0,2.0,1.0,1.0,1.0,0.0,0.0,0.0,0.0,0.0,0.0,0.0,0.0,0.0,0.0,0.0,0.0,0.0,0.0,0.0,0.0,0.0,8|103|106|110|112,3|6|36|120|130,True,True,2
1375_021,1375,regular_season,3,1629.0,1750.0,121.0,True,False,3,10860|54|57|62|68,103|106|10889|79|89,2.0,4.0,4.0,4.0,4.0,1251.0,False,False,107.67917382985875,110.59434382728679,-2.9151699974280483,4,-2.0,4.0,-50.0,50.0,100.0,True,2.0,2.0,1.0,1.0,1.0,1.0,0.0,0.0,0.0,0.0,1.0,0.0,0.0,0.0,0.0,0.0,1.0,0.0,0.0,0.0,0.0,0.0,1.0,1.0,0.0,0.0,1.0,0.0,2.0,2.0,0.5,8|103|106|110|112,3|5|36|120|130,True,True,2
1375_022,1375,regular_season,3,1750.0,1760.0,10.0,True,False,3,10860|54|57|62|68,106|10889|79|86|99,3.0,0.0,1.44,0.0,2.0,1130.0,False,False,107.67917382985875,110.59434382728679,-2.9151699974280483,4,3.0,0.72,416.6666666666667,208.33333333333334,,True,0.0,0.0,0.0,0.0,0.0,0.0,0.0,0.0,0.0,0.0,0.0,0.0,0.0,0.0,0.0,0.0,0.0,0.0,0.0,0.0,0.0,0.0,0.0,0.0,0.0,0.0,0.0,0.0,0.0,0.0,0.0,8|103|106|110|112,5|36|120|125|136,True,True,2
1375_023,1375,regular_season,3,1760.0,1851.0,91.0,True,False,3,16|54|57|58|68,106|10889|79|86|99,5.0,2.0,2.0,2.88,5.0,1120.0,False,False,107.67917382985875,110.59434382728679,-2.9151699974280483,4,3.0,2.44,122.95081967213115,250.0,69.44444444444444,False,,,,,,,,,,,,,,,,,,,,,,,,,,,,,,,,75|103|106|107|112,5|36|120|125|136,True,True,2
1375_024,1375,regular_season,3,1851.0,1957.0,106.0,True,False,3,16|54|58|62|68,103|106|107|83|99,6.0,3.0,3.88,3.44,8.0,1029.0,False,False,107.67917382985875,110.59434382728679,-2.9151699974280483,4,3.0,3.66,81.96721311475409,154.63917525773195,87.20930232558139,False,,,,,,,,,,,,,,,,,,,,,,,,,,,,,,,,75|103|107|110|112,3|5|6|123|136,True,True,2
1375_025,1375,regular_season,3,1957.0,2125.0,168.0,True,False,3,10860|12|16|57|58,103|107|10889|79|89,3.0,0.0,5.88,6.0,11.0,923.0,False,False,107.67917382985875,110.59434382728679,-2.9151699974280483,4,3.0,5.9399999999999995,50.50505050505051,51.02040816326531,0.0,True,0.0,0.0,0.0,0.0,0.0,0.0,0.0,0.0,0.0,0.0,1.0,0.0,0.0,0.0,0.0,0.0,0.0,0.0,0.0,0.0,0.0,0.0,0.0,0.0,0.0,0.0,0.0,0.0,0.0,0.0,0.0,8|50|75|106|107,3|6|36|120|130,True,True,2
1375_026,1375,regular_season,3,2125.0,2160.0,35.0,True,False,3,10860|12|16|57|58,103|107|10889|89|91,3.0,0.0,0.88,1.0,14.0,755.0,False,False,107.67917382985875,110.59434382728679,-2.9151699974280483,4,3.0,0.94,319.1489361702128,340.90909090909093,0.0,True,3.0,1.0,1.0,1.0,1.0,0.0,0.0,2.0,1.0,1.0,0.0,0.0,0.0,0.0,0.0,0.0,0.0,1.0,0.0,0.0,1.0,1.0,0.0,0.0,0.0,0.0,0.0,0.0,1.88,1.88,2.1363636363636362,8|50|75|106|107,3|6|36|130|133,True,True,2
1375_027,1375,regular_season,4,2160.0,2241.0,81.0,True,False,3,10860|12|16|57|58,103|106|10889|86|91,0.0,2.0,2.0,3.0,17.0,720.0,False,False,107.67917382985875,110.59434382728679,-2.9151699974280483,4,-2.0,2.5,-80.0,0.0,66.66666666666667,True,0.0,0.0,0.0,0.0,0.0,0.0,0.0,0.0,0.0,0.0,1.0,0.0,0.0,0.0,0.0,0.0,0.0,0.0,0.0,0.0,0.0,0.0,0.0,0.0,0.0,0.0,0.0,0.0,0.0,0.0,0.0,8|50|75|106|107,3|5|36|125|133,True,True,2
1375_028,1375,regular_season,4,2241.0,2318.0,77.0,True,False,3,10860|12|57|62|68,103|106|10889|86|91,5.0,2.0,3.44,2.0,15.0,639.0,False,False,107.67917382985875,110.59434382728679,-2.9151699974280483,4,3.0,2.7199999999999998,110.29411764705884,145.34883720930233,100.0,True,3.0,1.0,1.0,1.0,1.0,0.0,0.0,1.0,1.0,0.0,0.0,0.0,0.0,0.0,0.0,0.0,0.0,1.0,1.0,1.0,0.0,0.0,0.0,0.0,0.0,0.0,0.0,0.0,1.44,1.44,0.41860465116279066,8|50|106|110|112,3|5|36|125|133,True,True,2
1375_029,1375,regular_season,4,2318.0,2338.0,20.0,True,False,3,10860|12|57|62|68,103|106|107|86|91,0.0,2.0,0.0,1.0,18.0,562.0,False,False,107.67917382985875,110.59434382728679,-2.9151699974280483,4,-2.0,0.5,-400.0,,200.0,True,0.0,0.0,0.0,0.0,0.0,0.0,0.0,0.0,0.0,0.0,0.0,0.0,0.0,0.0,0.0,1.0,0.0,0.0,0.0,0.0,0.0,0.0,0.0,0.0,0.0,0.0,0.0,0.0,0.0,0.0,,8|50|106|110|112,3|5|6|125|133,True,True,2
1375_030,1375,regular_season,4,2338.0,2393.0,55.0,True,False,3,12|16|57|62|68,103|106|107|86|91,3.0,2.0,1.0,2.0,16.0,542.0,False,False,107.67917382985875,110.59434382728679,-2.9151699974280483,4,1.0,1.5,66.66666666666667,300.0,100.0,False,,,,,,,,,,,,,,,,,,,,,,,,,,,,,,,,50|75|106|110|112,3|5|6|125|133,True,True,2
1375_031,1375,regular_season,4,2393.0,2531.0,138.0,True,False,3,16|54|57|62|68,103|106|107|79|86,4.0,2.0,5.88,5.0,17.0,487.0,False,False,107.67917382985875,110.59434382728679,-2.9151699974280483,4,2.0,5.4399999999999995,36.76470588235294,68.02721088435375,40.0,False,,,,,,,,,,,,,,,,,,,,,,,,,,,,,,,,75|103|106|110|112,3|5|6|120|125,True,True,2
1375_032,1375,regular_season,4,2531.0,2601.0,70.0,True,False,3,12|16|54|62|68,103|106|107|79|89,0.0,0.0,2.0,2.0,19.0,349.0,False,False,107.67917382985875,110.59434382728679,-2.9151699974280483,4,0.0,2.0,0.0,0.0,0.0,False,,,,,,,,,,,,,,,,,,,,,,,,,,,,,,,,50|75|103|110|112,3|5|6|120|130,True,True,2
1375_033,1375,regular_season,4,2601.0,2754.0,153.0,True,False,3,16|54|57|62|68,103|106|107|79|89,6.0,6.0,5.0,5.0,19.0,279.0,False,False,107.67917382985875,110.59434382728679,-2.9151699974280483,4,0.0,5.0,0.0,120.0,120.0,False,,,,,,,,,,,,,,,,,,,,,,,,,,,,,,,,75|103|106|110|112,3|5|6|120|130,True,True,2
1375_034,1375,regular_season,4,2754.0,2766.0,12.0,True,False,3,10860|54|57|62|68,101|103|83|91|95,0.0,0.0,0.0,1.0,19.0,126.0,False,False,107.67917382985875,110.59434382728679,-2.9151699974280483,4,0.0,0.5,0.0,,0.0,True,0.0,0.0,0.0,0.0,0.0,0.0,0.0,0.0,0.0,0.0,0.0,0.0,0.0,0.0,0.0,0.0,0.0,0.0,0.0,0.0,0.0,0.0,0.0,0.0,0.0,0.0,0.0,0.0,0.0,0.0,,8|103|106|110|112,2|3|123|133|134,True,True,2
1375_035,1375,regular_season,4,2766.0,2807.0,41.0,True,False,3,10860|54|57|62|68,101|83|91|95|97,2.0,0.0,1.0,1.0,19.0,114.0,False,False,107.67917382985875,110.59434382728679,-2.9151699974280483,4,2.0,1.0,200.0,200.0,0.0,True,0.0,0.0,0.0,0.0,0.0,0.0,0.0,0.0,0.0,0.0,0.0,1.0,0.0,0.0,0.0,0.0,0.0,0.0,0.0,0.0,0.0,0.0,0.0,0.0,0.0,0.0,0.0,0.0,0.0,0.0,0.0,8|103|106|110|112,2|123|133|134|135,True,True,2
1375_036,1375,regular_season,4,2807.0,2880.0,73.0,True,False,3,10884|3129|55|56|64,101|83|91|95|97,1.0,1.0,1.88,1.88,21.0,73.0,False,True,107.67917382985875,110.59434382728679,-2.9151699974280483,4,0.0,1.88,0.0,53.19148936170213,53.19148936170213,False,,,,,,,,,,,,,,,,,,,,,,,,,,,,,,,,31|87|104|105|111,2|123|133|134|135,True,True,2
1380_001,1380,regular_season,1,0.0,310.0,310.0,True,False,6,16|54|57|62|68,10877|10880|10881|39|44,16.0,11.0,10.32,10.0,0.0,2880.0,False,False,111.31098390041959,97.93881032514732,13.37217357527227,4,5.0,10.16,49.21259842519685,155.03875968992247,110.0,False,,,,,,,,,,,,,,,,,,,,,,,,,,,,,,,,75|103|106|110|112,24|27|28|92|97,True,True,3
1380_002,1380,regular_season,1,310.0,331.0,21.0,True,False,6,16|54|57|62|68,10877|10880|113|39|44,3.0,0.0,1.0,0.0,5.0,2570.0,False,False,111.31098390041959,97.93881032514732,13.37217357527227,4,3.0,0.5,600.0,300.0,,False,,,,,,,,,,,,,,,,,,,,,,,,,,,,,,,,75|103|106|110|112,24|27|46|92|97,True,True,3
1380_003,1380,regular_season,1,331.0,345.0,14.0,True,False,6,16|54|58|62|68,10877|10880|113|43|44,2.0,0.0,0.88,1.0,8.0,2549.0,False,False,111.31098390041959,97.93881032514732,13.37217357527227,4,2.0,0.94,212.76595744680853,227.27272727272728,0.0,False,,,,,,,,,,,,,,,,,,,,,,,,,,,,,,,,75|103|107|110|112,24|27|46|96|97,True,True,3
1380_004,1380,regular_season,1,345.0,401.0,56.0,True,False,6,10860|54|58|62|68,10877|10880|10882|113|43,2.0,0.0,1.88,2.0,10.0,2535.0,False,False,111.31098390041959,97.93881032514732,13.37217357527227,4,2.0,1.94,103.09278350515464,106.38297872340426,0.0,True,0.0,1.0,0.0,1.0,0.0,0.0,0.0,0.0,0.0,0.0,0.0,0.0,0.0,0.0,0.0,0.0,0.0,0.0,0.0,0.0,0.0,0.0,1.0,0.0,0.0,0.0,0.0,0.0,1.0,1.0,0.5319148936170213,8|103|107|110|112,24|27|29|46|96,True,True,3
1380_005,1380,regular_season,1,401.0,456.0,55.0,True,False,6,10860|12|54|58|68,10877|10882|113|43|47,4.0,0.0,1.88,2.0,12.0,2479.0,False,False,111.31098390041959,97.93881032514732,13.37217357527227,4,4.0,1.94,206.18556701030928,212.76595744680853,0.0,True,0.0,1.0,0.0,1.0,0.0,0.0,0.0,0.0,0.0,0.0,0.0,0.0,0.0,0.0,0.0,0.0,0.0,0.0,0.0,0.0,1.0,0.0,0.0,0.0,0.0,0.0,0.0,0.0,1.0,1.0,0.5319148936170213,8|50|103|107|112,24|29|46|96|99,True,True,3
1380_006,1380,regular_season,1,456.0,552.0,96.0,True,False,6,10860|12|56|58|68,10882|113|40|43|47,4.0,4.0,4.0,4.0,16.0,2424.0,False,False,111.31098390041959,97.93881032514732,13.37217357527227,4,0.0,4.0,0.0,100.0,100.0,True,0.0,0.0,0.0,0.0,0.0,0.0,0.0,0.0,0.0,0.0,0.0,0.0,0.0,0.0,0.0,0.0,0.0,0.0,0.0,0.0,0.0,0.0,0.0,0.0,0.0,0.0,0.0,0.0,0.0,0.0,0.0,8|50|105|107|112,29|46|94|96|99,True,True,3
1380_007,1380,regular_season,1,552.0,720.0,168.0,True,False,6,10860|12|16|56|58,10882|113|40|43|47,7.0,8.0,5.0,5.0,16.0,2328.0,False,False,111.31098390041959,97.93881032514732,13.37217357527227,4,-1.0,5.0,-20.0,140.0,160.0,True,2.0,1.0,1.0,1.0,1.0,0.0,0.0,0.0,0.0,0.0,1.0,1.0,0.0,0.0,0.0,0.0,0.0,1.0,0.0,0.0,1.0,1.0,0.0,0.0,0.0,0.0,0.0,0.0,1.0,1.0,0.2,8|50|75|105|107,29|46|94|96|99,True,True,3
1380_008,1380,regular_season,2,720.0,834.0,114.0,True,False,6,10860|10884|12|16|58,10877|10880|10882|40|43,0.0,2.0,2.88,4.32,15.0,2160.0,False,False,111.31098390041959,97.93881032514732,13.37217357527227,4,-2.0,3.6,-55.55555555555556,0.0,46.29629629629629,True,0.0,0.0,0.0,0.0,0.0,0.0,0.0,2.0,0.0,0.0,1.0,0.0,1.0,1.0,0.0,0.0,0.0,0.0,0.0,0.0,0.0,0.0,0.0,0.0,0.0,0.0,0.0,0.0,0.88,0.88,0.3055555555555556,8|31|50|75|107,24|27|29|94|96,True,True,3
1380_009,1380,regular_season,2,834.0,991.0,157.0,True,False,6,10860|10884|12|16|58,10877|10880|10881|40|47,4.0,8.0,4.0,4.32,13.0,2046.0,False,False,111.31098390041959,97.93881032514732,13.37217357527227,4,-4.0,4.16,-96.15384615384615,100.0,185.18518518518516,True,2.0,2.0,1.0,2.0,1.0,0.0,0.0,0.0,0.0,0.0,0.0,0.0,0.0,0.0,0.0,0.0,0.0,1.0,0.0,0.0,2.0,1.0,0.0,0.0,0.0,0.0,0.0,0.0,2.0,2.0,0.5,8|31|50|75|107,24|27|28|94|99,True,True,3
1380_010,1380,regular_season,2,991.0,1099.0,108.0,True,False,6,16|54|58|62|68,10877|10880|10881|40|47,5.0,7.0,3.0,2.64,9.0,1889.0,False,False,111.31098390041959,97.93881032514732,13.37217357527227,4,-2.0,2.8200000000000003,-70.92198581560282,166.66666666666666,265.1515151515151,False,,,,,,,,,,,,,,,,,,,,,,,,,,,,,,,,75|103|107|110|112,24|27|28|94|99,True,True,3
1380_011,1380,regular_season,2,1099.0,1220.0,121.0,True,False,6,10860|54|58|62|68,10877|10880|10881|40|47,5.0,2.0,5.0,4.0,7.0,1781.0,False,False,111.31098390041959,97.93881032514732,13.37217357527227,4,3.0,4.5,66.66666666666667,100.0,50.0,True,0.0,0.0,0.0,0.0,0.0,0.0,0.0,0.0,0.0,0.0,1.0,1.0,1.0,0.0,0.0,0.0,0.0,0.0,0.0,0.0,0.0,0.0,0.0,0.0,0.0,0.0,0.0,0.0,0.0,0.0,0.0,8|103|107|110|112,24|27|28|94|99,True,True,3
1380_012,1380,regular_season,2,1220.0,1266.0,46.0,True,False,6,10860|54|57|62|68,10877|10880|10881|40|47,3.0,3.0,1.0,2.0,10.0,1660.0,False,False,111.31098390041959,97.93881032514732,13.37217357527227,4,0.0,1.5,0.0,300.0,150.0,True,0.0,0.0,0.0,0.0,0.0,0.0,0.0,0.0,0.0,0.0,0.0,0.0,0.0,0.0,0.0,0.0,0.0,0.0,0.0,0.0,0.0,0.0,0.0,0.0,0.0,0.0,0.0,0.0,0.0,0.0,0.0,8|103|106|110|112,24|27|28|94|99,True,True,3
1380_013,1380,regular_season,2,1266.0,1295.0,29.0,True,False,6,10860|54|57|62|68,10879|10880|10881|40|47,3.0,0.0,1.44,1.0,10.0,1614.0,False,False,111.31098390041959,97.93881032514732,13.37217357527227,4,3.0,1.22,245.9016393442623,208.33333333333334,0.0,True,0.0,0.0,0.0,0.0,0.0,0.0,0.0,0.0,0.0,0.0,0.0,0.0,0.0,0.0,0.0,0.0,0.0,0.0,0.0,0.0,0.0,0.0,0.0,0.0,0.0,0.0,0.0,0.0,0.0,0.0,0.0,8|103|106|110|112,26|27|28|94|99,True,True,3
1380_014,1380,regular_season,2,1295.0,1433.0,138.0,True,False,6,10860|54|57|62|68,10879|10880|10882|39|40,6.0,6.0,3.88,3.88,13.0,1585.0,False,False,111.31098390041959,97.93881032514732,13.37217357527227,4,0.0,3.88,0.0,154.63917525773195,154.63917525773195,True,4.0,1.0,1.0,1.0,1.0,0.0,0.0,2.0,2.0,0.0,0.0,0.0,0.0,0.0,0.0,0.0,0.0,1.0,0.0,0.0,1.0,1.0,0.0,0.0,0.0,0.0,0.0,0.0,1.88,1.88,0.4845360824742268,8|103|106|110|112,26|27|29|92|94,True,True,3
1380_015,1380,regular_season,2,1433.0,1433.0,0.0,True,False,6,10860|54|57|58|68,10879|10880|10882|39|40,0.0,0.0,0.0,0.0,13.0,1447.0,False,False,111.31098390041959,97.93881032514732,13.37217357527227,4,0.0,0.0,,,,True,0.0,0.0,0.0,0.0,0.0,0.0,0.0,0.0,0.0,0.0,0.0,0.0,0.0,0.0,0.0,0.0,0.0,0.0,0.0,0.0,0.0,0.0,0.0,0.0,0.0,0.0,0.0,0.0,0.0,0.0,,8|103|106|107|112,26|27|29|92|94,True,False,3
1380_016,1380,regular_season,2,1433.0,1440.0,7.0,True,False,6,10860|54|57|58|68,10879|10882|39|40|47,2.0,0.0,1.0,0.0,13.0,1447.0,False,False,111.31098390041959,97.93881032514732,13.37217357527227,4,2.0,0.5,400.0,200.0,,True,0.0,0.0,0.0,0.0,0.0,0.0,0.0,0.0,0.0,0.0,0.0,0.0,0.0,0.0,0.0,0.0,0.0,0.0,0.0,0.0,0.0,0.0,0.0,0.0,0.0,0.0,0.0,0.0,0.0,0.0,0.0,8|103|106|107|112,26|29|92|94|99,True,True,3
1380_017,1380,regular_season,3,1440.0,1630.0,190.0,True,False,6,16|54|57|62|68,10877|10880|10881|39|40,1.0,2.0,6.88,6.0,15.0,1440.0,False,False,111.31098390041959,97.93881032514732,13.37217357527227,4,-1.0,6.4399999999999995,-15.527950310559007,14.534883720930234,33.333333333333336,False,,,,,,,,,,,,,,,,,,,,,,,,,,,,,,,,75|103|106|110|112,24|27|28|92|94,True,True,3
1380_018,1380,regular_season,3,1630.0,1680.0,50.0,True,False,6,16|54|57|62|68,10877|10881|39|40|47,2.0,0.0,1.0,0.88,14.0,1250.0,False,False,111.31098390041959,97.93881032514732,13.37217357527227,4,2.0,0.94,212.76595744680853,200.0,0.0,False,,,,,,,,,,,,,,,,,,,,,,,,,,,,,,,,75|103|106|110|112,24|28|92|94|99,True,True,3
1380_019,1380,regular_season,3,1680.0,1729.0,49.0,True,False,6,16|54|57|62|68,10877|10881|10882|39|47,3.0,0.0,1.0,2.0,16.0,1200.0,False,False,111.31098390041959,97.93881032514732,13.37217357527227,4,3.0,1.5,200.0,300.0,0.0,False,,,,,,,,,,,,,,,,,,,,,,,,,,,,,,,,75|103|106|110|112,24|28|29|92|99,True,True,3
1380_020,1380,regular_season,3,1729.0,1866.0,137.0,True,False,6,16|54|57|62|68,10881|10882|113|39|47,2.0,2.0,4.0,3.88,19.0,1151.0,False,False,111.31098390041959,97.93881032514732,13.37217357527227,4,0.0,3.94,0.0,50.0,51.54639175257732,False,,,,,,,,,,,,,,,,,,,,,,,,,,,,,,,,75|103|106|110|112,28|29|46|92|99,True,True,3
1380_021,1380,regular_season,3,1866.0,1963.0,97.0,True,False,6,10860|54|57|58|68,10882|113|40|43|47,4.0,2.0,4.0,3.0,19.0,1014.0,False,False,111.31098390041959,97.93881032514732,13.37217357527227,4,2.0,3.5,57.142857142857146,100.0,66.66666666666667,True,0.0,0.0,0.0,0.0,0.0,0.0,0.0,0.0,0.0,0.0,1.0,0.0,0.0,0.0,0.0,0.0,0.0,0.0,0.0,0.0,0.0,0.0,0.0,0.0,0.0,0.0,0.0,0.0,0.0,0.0,0.0,8|103|106|107|112,29|46|94|96|99,True,True,3
1380_022,1380,regular_season,3,1963.0,2027.0,64.0,True,False,6,10860|12|16|54|58,10877|10880|10882|40|43,0.0,3.0,2.0,2.0,21.0,917.0,False,False,111.31098390041959,97.93881032514732,13.37217357527227,4,-3.0,2.0,-150.0,0.0,150.0,True,0.0,0.0,0.0,0.0,0.0,0.0,0.0,0.0,0.0,0.0,0.0,0.0,0.0,0.0,1.0,0.0,0.0,0.0,0.0,0.0,0.0,0.0,0.0,0.0,0.0,0.0,0.0,0.0,0.0,1.0,0.5,8|50|75|103|107,24|27|29|94|96,True,True,3
1380_023,1380,regular_season,3,2027.0,2107.0,80.0,True,False,6,10860|10884|12|16|58,10877|10880|10882|40|43,6.0,0.0,2.88,3.0,18.0,853.0,False,False,111.31098390041959,97.93881032514732,13.37217357527227,4,6.0,2.94,204.08163265306123,208.33333333333334,0.0,True,0.0,0.0,0.0,0.0,0.0,0.0,0.0,0.0,0.0,0.0,0.0,0.0,1.0,0.0,0.0,0.0,0.0,0.0,0.0,0.0,0.0,0.0,0.0,0.0,0.0,0.0,0.0,0.0,0.0,0.0,0.0,8|31|50|75|107,24|27|29|94|96,True,True,3
1380_024,1380,regular_season,3,2107.0,2160.0,53.0,True,False,6,10860|10884|12|16|58,10881|10882|40|43|47,0.0,0.0,1.0,1.0,24.0,773.0,False,False,111.31098390041959,97.93881032514732,13.37217357527227,4,0.0,1.0,0.0,0.0,0.0,True,0.0,0.0,0.0,0.0,0.0,0.0,0.0,0.0,0.0,0.0,1.0,0.0,0.0,1.0,0.0,0.0,0.0,0.0,0.0,0.0,0.0,0.0,0.0,0.0,0.0,0.0,0.0,0.0,0.0,0.0,0.0,8|31|50|75|107,28|29|94|96|99,True,True,3
1380_025,1380,regular_season,4,2160.0,2369.0,209.0,True,False,6,10860|10884|12|16|58,10881|10882|40|43|47,5.0,4.0,6.0,7.0,24.0,720.0,False,True,111.31098390041959,97.93881032514732,13.37217357527227,4,1.0,6.5,15.384615384615385,83.33333333333333,57.142857142857146,True,0.0,1.0,0.0,1.0,0.0,0.0,0.0,0.0,0.0,0.0,0.0,0.0,0.0,0.0,0.0,0.0,0.0,0.0,0.0,0.0,1.0,0.0,0.0,0.0,0.0,0.0,0.0,0.0,1.0,1.0,0.16666666666666666,8|31|50|75|107,28|29|94|96|99,True,True,3
1380_026,1380,regular_season,4,2369.0,2389.0,20.0,True,False,6,10860|12|16|54|58,10880|10881|43|44|48,2.0,0.0,1.0,0.0,25.0,511.0,False,True,111.31098390041959,97.93881032514732,13.37217357527227,4,2.0,0.5,400.0,200.0,,True,2.0,1.0,1.0,1.0,1.0,0.0,0.0,0.0,0.0,0.0,0.0,0.0,0.0,0.0,0.0,0.0,1.0,0.0,1.0,1.0,0.0,0.0,0.0,0.0,0.0,0.0,0.0,0.0,1.0,1.0,1.0,8|50|75|103|107,27|28|96|97|100,True,True,3
1380_027,1380,regular_season,4,2389.0,2414.0,25.0,True,False,6,16|54|58|62|68,10880|10881|43|44|48,0.0,3.0,1.0,2.44,27.0,491.0,False,True,111.31098390041959,97.93881032514732,13.37217357527227,4,-3.0,1.72,-174.41860465116278,0.0,122.95081967213115,False,,,,,,,,,,,,,,,,,,,,,,,,,,,,,,,,75|103|107|110|112,27|28|96|97|100,True,True,3
1380_028,1380,regular_season,4,2414.0,2496.0,82.0,True,False,6,16|54|58|62|68,10880|35|43|44|48,5.0,3.0,3.0,2.3200000000000003,24.0,466.0,False,True,111.31098390041959,97.93881032514732,13.37217357527227,4,2.0,2.66,75.18796992481202,166.66666666666666,129.3103448275862,False,,,,,,,,,,,,,,,,,,,,,,,,,,,,,,,,75|103|107|110|112,27|90|96|97|100,True,True,3
1380_029,1380,regular_season,4,2496.0,2674.0,178.0,True,False,6,16|54|58|62|68,10880|10882|35|39|48,3.0,6.0,4.88,5.88,26.0,384.0,False,True,111.31098390041959,97.93881032514732,13.37217357527227,4,-3.0,5.38,-55.762081784386616,61.47540983606557,102.04081632653062,False,,,,,,,,,,,,,,,,,,,,,,,,,,,,,,,,75|103|107|110|112,27|29|90|92|100,True,True,3
1380_030,1380,regular_season,4,2674.0,2674.0,0.0,True,False,6,16|54|58|64|68,10879|10882|35|39|47,0.0,0.0,1.0,0.0,23.0,206.0,False,True,111.31098390041959,97.93881032514732,13.37217357527227,4,0.0,0.5,0.0,0.0,,False,,,,,,,,,,,,,,,,,,,,,,,,,,,,,,,,75|103|107|111|112,26|29|90|92|99,True,False,3
1380_031,1380,regular_season,4,2674.0,2737.0,63.0,True,False,6,16|54|58|64|68,10881|10882|35|39|47,0.0,2.0,1.0,1.88,23.0,206.0,False,True,111.31098390041959,97.93881032514732,13.37217357527227,4,-2.0,1.44,-138.88888888888889,0.0,106.38297872340426,False,,,,,,,,,,,,,,,,,,,,,,,,,,,,,,,,75|103|107|111|112,28|29|90|92|99,True,True,3
1380_032,1380,regular_season,4,2737.0,2814.0,77.0,True,False,6,10860|54|58|64|68,10881|10882|35|39|47,5.0,2.0,3.0,2.88,21.0,143.0,False,True,111.31098390041959,97.93881032514732,13.37217357527227,4,3.0,2.94,102.04081632653062,166.66666666666666,69.44444444444444,True,2.0,1.0,1.0,1.0,1.0,0.0,0.0,0.0,0.0,0.0,0.0,0.0,0.0,0.0,0.0,1.0,1.0,0.0,1.0,1.0,0.0,0.0,0.0,0.0,0.0,0.0,0.0,0.0,1.0,1.0,0.3333333333333333,8|103|107|111|112,28|29|90|92|99,True,True,3
1380_033,1380,regular_season,4,2814.0,2822.0,8.0,True,False,6,10884|55|58|60|64,10881|10882|35|39|47,0.0,0.0,0.0,0.0,24.0,66.0,False,True,111.31098390041959,97.93881032514732,13.37217357527227,4,0.0,0.0,,,,False,,,,,,,,,,,,,,,,,,,,,,,,,,,,,,,,31|104|107|109|111,28|29|90|92|99,True,True,3
1380_034,1380,regular_season,4,2822.0,2880.0,58.0,True,False,6,10884|55|58|60|64,10881|10882|10883|35|47,0.0,0.0,1.0,1.0,24.0,58.0,False,True,111.31098390041959,97.93881032514732,13.37217357527227,4,0.0,1.0,0.0,0.0,0.0,False,,,,,,,,,,,,,,,,,,,,,,,,,,,,,,,,31|104|107|109|111,28|29|30|90|99,True,True,3
1384_001,1384,regular_season,1,0.0,254.0,254.0,True,False,2,10860|16|54|57|58,10894|110|118|12668|45,8.0,1.0,8.44,9.88,0.0,2880.0,False,False,101.51068654968199,104.73044647781145,-3.2197599281294664,8,7.0,9.16,76.41921397379913,94.7867298578199,10.121457489878543,True,0.0,1.0,0.0,1.0,0.0,0.0,0.0,0.0,0.0,0.0,1.0,1.0,1.0,1.0,1.0,0.0,0.0,0.0,0.0,0.0,0.0,0.0,1.0,0.0,0.0,0.0,0.0,0.0,1.0,2.0,0.23696682464454977,8|75|103|106|107,41|44|48|54|98,True,True,4
1384_002,1384,regular_season,1,254.0,366.0,112.0,True,False,2,10860|16|54|58|62,10894|110|118|12668|45,0.0,5.0,3.0,3.0,7.0,2626.0,False,False,101.51068654968199,104.73044647781145,-3.2197599281294664,8,-5.0,3.0,-166.66666666666666,0.0,166.66666666666666,True,0.0,0.0,0.0,0.0,0.0,0.0,0.0,0.0,0.0,0.0,0.0,0.0,0.0,0.0,0.0,0.0,0.0,0.0,0.0,0.0,0.0,0.0,0.0,0.0,0.0,0.0,0.0,0.0,0.0,0.0,0.0,8|75|103|107|110,41|44|48|54|98,True,True,4
1384_003,1384,regular_season,1,366.0,397.0,31.0,True,False,2,10861|16|54|58|62,10894|110|118|12668|45,3.0,0.0,1.0,1.0,2.0,2514.0,False,False,101.51068654968199,104.73044647781145,-3.2197599281294664,8,3.0,1.0,300.0,300.0,0.0,False,,,,,,,,,,,,,,,,,,,,,,,,,,,,,,,,9|75|103|107|110,41|44|48|54|98,True,True,4
1384_004,1384,regular_season,1,397.0,459.0,62.0,True,False,2,10861|16|3129|54|62,109|110|123|12668|45,5.0,0.0,2.0,1.0,5.0,2483.0,False,False,101.51068654968199,104.73044647781145,-3.2197599281294664,8,5.0,1.5,333.3333333333333,250.0,0.0,False,,,,,,,,,,,,,,,,,,,,,,,,,,,,,,,,9|75|87|103|110,42|44|53|54|98,True,True,4
1384_005,1384,regular_season,1,459.0,490.0,31.0,True,False,2,10861|12|16|3129|62,109|110|122|123|12668,0.0,0.0,1.0,2.0,10.0,2421.0,False,False,101.51068654968199,104.73044647781145,-3.2197599281294664,8,0.0,1.5,0.0,0.0,0.0,False,,,,,,,,,,,,,,,,,,,,,,,,,,,,,,,,9|50|75|87|110,42|44|52|53|54,True,True,4
1384_006,1384,regular_season,1,490.0,612.0,122.0,True,False,2,10861|12|16|3129|62,109|121|122|123|12668,4.0,4.0,4.0,3.88,10.0,2390.0,False,False,101.51068654968199,104.73044647781145,-3.2197599281294664,8,0.0,3.94,0.0,100.0,103.09278350515464,False,,,,,,,,,,,,,,,,,,,,,,,,,,,,,,,,9|50|75|87|110,42|51|52|53|54,True,True,4
1384_007,1384,regular_season,1,612.0,720.0,108.0,True,False,2,10860|10861|10884|12|3129,109|121|122|123|12668,9.0,0.0,3.88,3.0,10.0,2268.0,False,False,101.51068654968199,104.73044647781145,-3.2197599281294664,8,9.0,3.44,261.6279069767442,231.95876288659795,0.0,True,4.0,1.0,1.0,1.0,1.0,0.0,0.0,2.0,2.0,0.0,1.0,0.0,0.0,0.0,0.0,0.0,0.0,1.0,1.0,1.0,0.0,0.0,0.0,0.0,0.0,0.0,0.0,0.0,1.88,1.88,0.4845360824742268,8|9|31|50|87,42|51|52|53|54,True,True,4
1384_008,1384,regular_season,2,720.0,868.0,148.0,True,False,2,10860|10861|10884|12|3129,108|10894|109|121|123,6.0,4.0,5.0,4.88,19.0,2160.0,False,False,101.51068654968199,104.73044647781145,-3.2197599281294664,8,2.0,4.9399999999999995,40.48582995951418,120.0,81.9672131147541,True,0.0,1.0,0.0,0.0,0.0,1.0,0.0,0.0,0.0,0.0,2.0,0.0,0.0,0.0,0.0,0.0,0.0,0.0,0.0,0.0,0.0,0.0,0.0,0.0,0.0,0.0,1.0,0.0,1.0,1.0,0.2,8|9|31|50|87,7|41|42|51|53,True,True,4
1384_009,1384,regular_season,2,868.0,896.0,28.0,True,False,2,10860|10861|10884|12|58,108|10894|109|121|123,0.0,0.0,1.0,1.0,21.0,2012.0,False,False,101.51068654968199,104.73044647781145,-3.2197599281294664,8,0.0,1.0,0.0,0.0,0.0,True,0.0,0.0,0.0,0.0,0.0,0.0,0.0,0.0,0.0,0.0,0.0,0.0,0.0,0.0,0.0,0.0,0.0,0.0,0.0,0.0,0.0,0.0,0.0,0.0,0.0,0.0,0.0,0.0,0.0,0.0,0.0,8|9|31|50|107,7|41|42|51|53,True,True,4
1384_010,1384,regular_season,2,896.0,962.0,66.0,True,False,2,10860|10861|10884|12|58,10894|109|110|121|45,4.0,0.0,2.0,2.0,21.0,1984.0,False,False,101.51068654968199,104.73044647781145,-3.2197599281294664,8,4.0,2.0,200.0,200.0,0.0,True,0.0,0.0,0.0,0.0,0.0,0.0,0.0,0.0,0.0,0.0,1.0,0.0,0.0,0.0,0.0,0.0,0.0,0.0,0.0,0.0,0.0,0.0,0.0,0.0,0.0,0.0,0.0,0.0,0.0,0.0,0.0,8|9|31|50|107,41|42|44|51|98,True,True,4
1384_011,1384,regular_season,2,962.0,1035.0,73.0,True,False,2,10860|10861|10884|12|58,10894|110|119|121|45,0.0,6.0,3.0,2.88,25.0,1918.0,False,False,101.51068654968199,104.73044647781145,-3.2197599281294664,8,-6.0,2.94,-204.08163265306123,0.0,208.33333333333334,True,0.0,0.0,0.0,0.0,0.0,0.0,0.0,0.0,0.0,0.0,0.0,0.0,0.0,0.0,0.0,0.0,0.0,0.0,0.0,0.0,0.0,0.0,0.0,0.0,0.0,0.0,0.0,0.0,0.0,0.0,0.0,8|9|31|50|107,41|44|49|51|98,True,True,4
1384_012,1384,regular_season,2,1035.0,1092.0,57.0,True,False,2,10860|16|54|58|62,10894|110|119|121|45,2.0,2.0,1.88,1.0,19.0,1845.0,False,False,101.51068654968199,104.73044647781145,-3.2197599281294664,8,0.0,1.44,0.0,106.38297872340426,200.0,True,0.0,1.0,0.0,1.0,0.0,0.0,0.0,0.0,0.0,0.0,0.0,0.0,0.0,0.0,0.0,0.0,0.0,0.0,0.0,0.0,0.0,0.0,1.0,0.0,0.0,0.0,0.0,0.0,1.0,1.0,0.5319148936170213,8|75|103|107|110,41|44|49|51|98,True,True,4
1384_013,1384,regular_season,2,1092.0,1155.0,63.0,True,False,2,10860|16|54|58|62,10894|110|119|121|122,2.0,2.0,1.88,2.0,19.0,1788.0,False,False,101.51068654968199,104.73044647781145,-3.2197599281294664,8,0.0,1.94,0.0,106.38297872340426,100.0,True,2.0,1.0,1.0,1.0,1.0,0.0,0.0,0.0,0.0,0.0,0.0,0.0,0.0,0.0,0.0,0.0,0.0,1.0,1.0,1.0,0.0,0.0,0.0,0.0,0.0,0.0,0.0,0.0,1.0,1.0,0.5319148936170213,8|75|103|107|110,41|44|49|51|52,True,True,4
1384_014,1384,regular_season,2,1155.0,1213.0,58.0,True,False,2,10860|16|54|58|62,10894|109|110|119|122,0.0,3.0,1.0,1.76,19.0,1725.0,False,False,101.51068654968199,104.73044647781145,-3.2197599281294664,8,-3.0,1.38,-217.3913043478261,0.0,170.45454545454547,True,0.0,0.0,0.0,0.0,0.0,0.0,0.0,0.0,0.0,0.0,0.0,0.0,0.0,0.0,0.0,1.0,0.0,0.0,0.0,0.0,0.0,0.0,0.0,0.0,0.0,0.0,0.0,0.0,0.0,0.0,0.0,8|75|103|107|110,41|42|44|49|52,True,True,4
1384_015,1384,regular_season,2,1213.0,1279.0,66.0,True,False,2,10860|16|54|58|62,10894|109|110|122|12668,2.0,2.0,1.88,1.0,16.0,1667.0,False,False,101.51068654968199,104.73044647781145,-3.2197599281294664,8,0.0,1.44,0.0,106.38297872340426,200.0,True,0.0,1.0,0.0,1.0,0.0,0.0,0.0,2.0,0.0,0.0,0.0,0.0,0.0,0.0,0.0,0.0,0.0,0.0,0.0,0.0,1.0,0.0,0.0,0.0,0.0,0.0,0.0,0.0,1.88,1.88,1.0,8|75|103|107|110,41|42|44|52|54,True,True,4
1384_016,1384,regular_season,2,1279.0,1365.0,86.0,True,False,2,10860|16|54|57|58,109|110|122|123|12668,4.0,0.0,2.0,2.0,16.0,1601.0,False,False,101.51068654968199,104.73044647781145,-3.2197599281294664,8,4.0,2.0,200.0,200.0,0.0,True,0.0,0.0,0.0,0.0,0.0,0.0,0.0,0.0,0.0,0.0,1.0,0.0,0.0,0.0,0.0,0.0,0.0,0.0,0.0,0.0,0.0,0.0,0.0,0.0,0.0,0.0,0.0,0.0,0.0,0.0,0.0,8|75|103|106|107,42|44|52|53|54,True,True,4
1384_017,1384,regular_season,2,1365.0,1440.0,75.0,True,False,2,10861|16|54|57|58,109|110|122|123|12668,1.0,0.0,2.88,4.0,20.0,1515.0,False,False,101.51068654968199,104.73044647781145,-3.2197599281294664,8,1.0,3.44,29.069767441860467,34.72222222222222,0.0,False,,,,,,,,,,,,,,,,,,,,,,,,,,,,,,,,9|75|103|106|107,42|44|52|53|54,True,True,4
1384_018,1384,regular_season,3,1440.0,1607.0,167.0,True,False,2,10861|16|3129|54|57,10894|110|118|122|12668,6.0,3.0,4.0,5.88,21.0,1440.0,False,False,101.51068654968199,104.73044647781145,-3.2197599281294664,8,3.0,4.9399999999999995,60.72874493927126,150.0,51.02040816326531,False,,,,,,,,,,,,,,,,,,,,,,,,,,,,,,,,9|75|87|103|106,41|44|48|52|54,True,True,4
1384_019,1384,regular_season,3,1607.0,1753.0,146.0,True,False,2,10861|16|54|57|58,10894|110|118|122|12668,7.0,8.0,4.44,2.88,24.0,1273.0,False,False,101.51068654968199,104.73044647781145,-3.2197599281294664,8,-1.0,3.66,-27.3224043715847,157.65765765765764,277.77777777777777,False,,,,,,,,,,,,,,,,,,,,,,,,,,,,,,,,9|75|103|106|107,41|44|48|52|54,True,True,4
1384_020,1384,regular_season,3,1753.0,1936.0,183.0,True,False,2,10860|10861|54|58|62,10894|109|110|118|121,6.0,6.0,6.0,6.76,23.0,1127.0,False,False,101.51068654968199,104.73044647781145,-3.2197599281294664,8,0.0,6.38,0.0,100.0,88.75739644970415,True,2.0,2.0,1.0,2.0,1.0,0.0,0.0,0.0,0.0,1.0,0.0,0.0,1.0,1.0,0.0,0.0,0.0,1.0,1.0,1.0,1.0,0.0,0.0,0.0,0.0,0.0,0.0,0.0,2.0,2.0,0.3333333333333333,8|9|103|107|110,41|42|44|48|51,True,True,4
1384_021,1384,regular_season,3,1936.0,2010.0,74.0,True,False,2,10860|16|54|58|62,10894|109|110|119|121,4.0,5.0,1.88,2.0,23.0,944.0,False,False,101.51068654968199,104.73044647781145,-3.2197599281294664,8,-1.0,1.94,-51.54639175257732,212.76595744680853,250.0,True,0.0,0.0,0.0,0.0,0.0,0.0,0.0,0.0,0.0,0.0,0.0,1.0,0.0,0.0,0.0,0.0,0.0,0.0,0.0,0.0,0.0,0.0,0.0,0.0,0.0,0.0,0.0,0.0,0.0,0.0,0.0,8|75|103|107|110,41|42|44|49|51,True,True,4
1384_022,1384,regular_season,3,2010.0,2030.0,20.0,True,False,2,10860|16|54|58|62,109|119|121|123|12668,2.0,0.0,1.0,1.0,22.0,870.0,False,False,101.51068654968199,104.73044647781145,-3.2197599281294664,8,2.0,1.0,200.0,200.0,0.0,True,0.0,0.0,0.0,0.0,0.0,0.0,0.0,0.0,0.0,0.0,0.0,1.0,0.0,0.0,0.0,0.0,0.0,0.0,0.0,0.0,0.0,0.0,0.0,0.0,0.0,0.0,0.0,0.0,0.0,0.0,0.0,8|75|103|107|110,42|49|51|53|54,True,True,4
1384_023,1384,regular_season,3,2030.0,2053.0,23.0,True,False,2,10860|12|16|58|62,10891|119|121|123|12668,2.0,2.0,1.0,0.88,24.0,850.0,False,False,101.51068654968199,104.73044647781145,-3.2197599281294664,8,0.0,0.94,0.0,200.0,227.27272727272728,True,2.0,1.0,1.0,1.0,1.0,0.0,0.0,0.0,0.0,0.0,0.0,0.0,0.0,0.0,0.0,0.0,1.0,0.0,0.0,0.0,1.0,1.0,0.0,0.0,0.0,0.0,0.0,0.0,1.0,1.0,1.0,8|50|75|107|110,38|49|51|53|54,True,True,4
1384_024,1384,regular_season,3,2053.0,2160.0,107.0,True,False,2,10860|12|16|58|60,10891|119|121|123|12668,5.0,2.0,2.88,3.3200000000000003,24.0,827.0,False,False,101.51068654968199,104.73044647781145,-3.2197599281294664,8,3.0,3.1,96.77419354838709,173.61111111111111,60.24096385542168,True,0.0,1.0,0.0,1.0,0.0,0.0,0.0,0.0,0.0,0.0,0.0,0.0,0.0,0.0,0.0,0.0,0.0,0.0,0.0,0.0,1.0,0.0,0.0,0.0,0.0,0.0,0.0,0.0,1.0,1.0,0.3472222222222222,8|50|75|107|109,38|49|51|53|54,True,True,4
1384_025,1384,regular_season,4,2160.0,2456.0,296.0,True,False,2,10860|10884|12|16|60,10894|110|118|122|12668,10.0,7.0,9.0,9.0,27.0,720.0,False,True,101.51068654968199,104.73044647781145,-3.2197599281294664,8,3.0,9.0,33.333333333333336,111.11111111111111,77.77777777777777,True,4.0,2.0,2.0,2.0,2.0,0.0,0.0,0.0,0.0,0.0,3.0,0.0,0.0,0.0,0.0,0.0,1.0,1.0,1.0,1.0,0.0,0.0,1.0,1.0,0.0,0.0,0.0,0.0,2.0,2.0,0.2222222222222222,8|31|50|75|109,41|44|48|52|54,True,True,4
1384_026,1384,regular_season,4,2456.0,2557.0,101.0,True,False,2,10860|10861|10884|12|58,108|10894|110|118|121,2.0,6.0,2.88,3.0,30.0,424.0,False,True,101.51068654968199,104.73044647781145,-3.2197599281294664,8,-4.0,2.94,-136.0544217687075,69.44444444444444,200.0,True,0.0,0.0,0.0,0.0,0.0,0.0,0.0,0.0,0.0,0.0,0.0,0.0,0.0,0.0,0.0,0.0,0.0,0.0,0.0,0.0,0.0,0.0,0.0,0.0,0.0,0.0,0.0,0.0,0.0,0.0,0.0,8|9|31|50|107,7|41|44|48|51,True,True,4
1384_027,1384,regular_season,4,2557.0,2582.0,25.0,True,False,2,10860|10861|12|55|58,108|10894|110|118|121,0.0,3.0,1.0,1.0,26.0,323.0,False,True,101.51068654968199,104.73044647781145,-3.2197599281294664,8,-3.0,1.0,-300.0,0.0,300.0,True,0.0,1.0,0.0,1.0,0.0,0.0,0.0,0.0,0.0,0.0,0.0,0.0,0.0,0.0,0.0,0.0,0.0,0.0,1.0,0.0,0.0,0.0,0.0,0.0,0.0,0.0,0.0,0.0,1.0,1.0,1.0,8|9|50|104|107,7|41|44|48|51,True,True,4
1384_028,1384,regular_season,4,2582.0,2662.0,80.0,True,False,2,10861|12|16|55|58,108|10894|118|121|123,1.0,2.0,2.88,2.88,23.0,298.0,False,True,101.51068654968199,104.73044647781145,-3.2197599281294664,8,-1.0,2.88,-34.72222222222222,34.72222222222222,69.44444444444444,False,,,,,,,,,,,,,,,,,,,,,,,,,,,,,,,,9|50|75|104|107,7|41|48|51|53,True,True,4
1384_029,1384,regular_season,4,2662.0,2723.0,61.0,True,False,2,10861|12|16|55|58,108|10891|10894|118|123,3.0,3.0,1.0,2.0,22.0,218.0,False,True,101.51068654968199,104.73044647781145,-3.2197599281294664,8,0.0,1.5,0.0,300.0,150.0,False,,,,,,,,,,,,,,,,,,,,,,,,,,,,,,,,9|50|75|104|107,7|38|41|48|53,True,True,4
1384_030,1384,regular_season,4,2723.0,2813.0,90.0,True,False,2,10861|10884|16|55|58,108|10891|10894|109|123,0.0,2.0,3.44,2.88,22.0,157.0,False,True,101.51068654968199,104.73044647781145,-3.2197599281294664,8,-2.0,3.16,-63.291139240506325,0.0,69.44444444444444,False,,,,,,,,,,,,,,,,,,,,,,,,,,,,,,,,9|31|75|104|107,7|38|41|42|53,True,True,4
1384_031,1384,regular_season,4,2813.0,2880.0,67.0,True,False,2,10861|10884|55|56|58,108|10891|10894|109|123,2.0,0.0,1.0,2.0,20.0,67.0,False,True,101.51068654968199,104.73044647781145,-3.2197599281294664,8,2.0,1.5,133.33333333333334,200.0,0.0,False,,,,,,,,,,,,,,,,,,,,,,,,,,,,,,,,9|31|104|105|107,7|38|41|42|53,True,True,4
1389_001,1389,regular_season,1,0.0,382.0,382.0,True,True,8,16|54|57|62|68,10|10867|10870|14|4,14.0,15.0,9.44,9.44,0.0,2880.0,False,False,102.889800694745,106.82915995810075,-3.9393592633557204,5,-1.0,9.44,-10.593220338983052,148.3050847457627,158.89830508474577,False,,,,,,,,,,,,,,,,,,,,,,,,,,,,,,,,75|103|106|110|112,1|14|17|65|93,True,True,0
1389_002,1389,regular_season,1,382.0,449.0,67.0,True,True,8,16|54|58|62|68,10|10869|10870|14|2,3.0,5.0,3.44,3.44,-1.0,2498.0,False,False,102.889800694745,106.82915995810075,-3.9393592633557204,5,-2.0,3.44,-58.139534883720934,87.20930232558139,145.34883720930233,False,,,,,,,,,,,,,,,,,,,,,,,,,,,,,,,,75|103|107|110|112,1|16|17|65|77,True,True,0
1389_003,1389,regular_season,1,449.0,483.0,34.0,True,True,8,10861|54|58|62|68,10|10869|10870|14|2,2.0,2.0,3.0,2.0,-3.0,2431.0,False,False,102.889800694745,106.82915995810075,-3.9393592633557204,5,0.0,2.5,0.0,66.66666666666667,100.0,False,,,,,,,,,,,,,,,,,,,,,,,,,,,,,,,,9|103|107|110|112,1|16|17|65|77,True,True,0
1389_004,1389,regular_season,1,483.0,495.0,12.0,True,True,8,10861|10884|54|58|68,10|10869|10870|14|2,2.0,0.0,1.0,1.0,-3.0,2397.0,False,False,102.889800694745,106.82915995810075,-3.9393592633557204,5,2.0,1.0,200.0,200.0,0.0,False,,,,,,,,,,,,,,,,,,,,,,,,,,,,,,,,9|31|103|107|112,1|16|17|65|77,True,True,0
1389_005,1389,regular_season,1,495.0,502.0,7.0,True,True,8,10861|10884|54|58|68,10869|10870|14|2|7,0.0,2.0,1.0,1.0,-1.0,2385.0,False,False,102.889800694745,106.82915995810075,-3.9393592633557204,5,-2.0,1.0,-200.0,0.0,200.0,False,,,,,,,,,,,,,,,,,,,,,,,,,,,,,,,,9|31|103|107|112,16|17|65|77|113,True,True,0
1389_006,1389,regular_season,1,502.0,537.0,35.0,True,True,8,10861|10884|54|58|68,10865|10869|10870|14|7,3.0,1.0,0.76,1.88,-3.0,2378.0,False,False,102.889800694745,106.82915995810075,-3.9393592633557204,5,2.0,1.3199999999999998,151.51515151515153,394.7368421052632,53.19148936170213,False,,,,,,,,,,,,,,,,,,,,,,,,,,,,,,,,9|31|103|107|112,13|16|17|65|113,True,True,0
1389_007,1389,regular_season,1,537.0,623.0,86.0,True,True,8,10861|10884|12|58|68,10865|10869|10870|13|14,3.0,4.0,3.88,3.0,-1.0,2343.0,False,False,102.889800694745,106.82915995810075,-3.9393592633557204,5,-1.0,3.44,-29.069767441860467,77.31958762886597,133.33333333333334,False,,,,,,,,,,,,,,,,,,,,,,,,,,,,,,,,9|31|50|107|112,13|16|17|56|65,True,True,0
1389_008,1389,regular_season,1,623.0,720.0,97.0,True,True,8,10861|12|16|3129|58,10|10863|10865|10867|10869,2.0,4.0,3.0,2.88,-2.0,2257.0,False,False,102.889800694745,106.82915995810075,-3.9393592633557204,5,-2.0,2.94,-68.02721088435375,66.66666666666667,138.88888888888889,False,,,,,,,,,,,,,,,,,,,,,,,,,,,,,,,,9|50|75|87|107,1|11|13|14|16,True,True,0
1389_009,1389,regular_season,2,720.0,762.0,42.0,True,True,8,10861|12|16|3129|58,10|10863|10865|10867|10869,1.0,0.0,1.76,2.0,-4.0,2160.0,False,False,102.889800694745,106.82915995810075,-3.9393592633557204,5,1.0,1.88,53.19148936170213,56.81818181818182,0.0,False,,,,,,,,,,,,,,,,,,,,,,,,,,,,,,,,9|50|75|87|107,1|11|13|14|16,True,True,0
1389_010,1389,regular_season,2,762.0,861.0,99.0,True,True,8,10861|12|16|3129|58,10863|10865|10867|10869|3,2.0,4.0,2.0,2.88,-3.0,2118.0,False,False,102.889800694745,106.82915995810075,-3.9393592633557204,5,-2.0,2.44,-81.9672131147541,100.0,138.88888888888889,False,,,,,,,,,,,,,,,,,,,,,,,,,,,,,,,,9|50|75|87|107,11|13|14|16|86,True,True,0
1389_011,1389,regular_season,2,861.0,897.0,36.0,True,True,8,12|16|58|62|68,10865|10869|10870|13|3,0.0,0.0,1.0,1.0,-5.0,2019.0,False,False,102.889800694745,106.82915995810075,-3.9393592633557204,5,0.0,1.0,0.0,0.0,0.0,False,,,,,,,,,,,,,,,,,,,,,,,,,,,,,,,,50|75|107|110|112,13|16|17|56|86,True,True,0
1389_012,1389,regular_season,2,897.0,955.0,58.0,True,True,8,12|16|58|62|68,10|10865|10869|10870|3,6.0,2.0,3.44,2.0,-5.0,1983.0,False,False,102.889800694745,106.82915995810075,-3.9393592633557204,5,4.0,2.7199999999999998,147.05882352941177,174.41860465116278,100.0,False,,,,,,,,,,,,,,,,,,,,,,,,,,,,,,,,50|75|107|110|112,1|13|16|17|86,True,True,0
1389_013,1389,regular_season,2,955.0,990.0,35.0,True,True,8,16|54|58|62|68,10|10865|10869|10870|14,2.0,3.0,1.0,2.44,-1.0,1925.0,False,False,102.889800694745,106.82915995810075,-3.9393592633557204,5,-1.0,1.72,-58.139534883720934,200.0,122.95081967213115,False,,,,,,,,,,,,,,,,,,,,,,,,,,,,,,,,75|103|107|110|112,1|13|16|17|65,True,True,0
1389_014,1389,regular_season,2,990.0,1045.0,55.0,True,True,8,16|54|58|62|68,10|10865|10867|10870|14,4.0,2.0,1.88,1.0,-2.0,1890.0,False,False,102.889800694745,106.82915995810075,-3.9393592633557204,5,2.0,1.44,138.88888888888889,212.76595744680853,200.0,False,,,,,,,,,,,,,,,,,,,,,,,,,,,,,,,,75|103|107|110|112,1|13|14|17|65,True,True,0
1389_015,1389,regular_season,2,1045.0,1074.0,29.0,True,True,8,16|54|57|62|68,10|10867|10870|14|5,2.0,2.0,0.88,1.0,0.0,1835.0,False,False,102.889800694745,106.82915995810075,-3.9393592633557204,5,0.0,0.94,0.0,227.27272727272728,200.0,False,,,,,,,,,,,,,,,,,,,,,,,,,,,,,,,,75|103|106|110|112,1|14|17|65|101,True,True,0
1389_016,1389,regular_season,2,1074.0,1152.0,78.0,True,True,8,16|54|57|62|68,10|10869|10870|14|5,3.0,2.0,1.88,2.0,0.0,1806.0,False,False,102.889800694745,106.82915995810075,-3.9393592633557204,5,1.0,1.94,51.54639175257732,159.5744680851064,100.0,False,,,,,,,,,,,,,,,,,,,,,,,,,,,,,,,,75|103|106|110|112,1|16|17|65|101,True,True,0
1389_017,1389,regular_season,2,1152.0,1226.0,74.0,True,True,8,16|54|57|62|68,10|10869|10870|14|3,6.0,4.0,2.0,2.88,1.0,1728.0,False,False,102.889800694745,106.82915995810075,-3.9393592633557204,5,2.0,2.44,81.9672131147541,300.0,138.88888888888889,False,,,,,,,,,,,,,,,,,,,,,,,,,,,,,,,,75|103|106|110|112,1|16|17|65|86,True,True,0
1389_018,1389,regular_season,2,1226.0,1327.0,101.0,True,True,8,16|54|57|58|68,10|10869|10870|14|3,5.0,2.0,5.44,4.0,3.0,1654.0,False,False,102.889800694745,106.82915995810075,-3.9393592633557204,5,3.0,4.720000000000001,63.5593220338983,91.91176470588235,50.0,False,,,,,,,,,,,,,,,,,,,,,,,,,,,,,,,,75|103|106|107|112,1|16|17|65|86,True,True,0
1389_019,1389,regular_season,2,1327.0,1438.0,111.0,True,True,8,16|54|57|58|68,10|10865|10869|10870|3,9.0,3.0,3.88,5.44,6.0,1553.0,False,False,102.889800694745,106.82915995810075,-3.9393592633557204,5,6.0,4.66,128.75536480686694,231.95876288659795,55.147058823529406,False,,,,,,,,,,,,,,,,,,,,,,,,,,,,,,,,75|103|106|107|112,1|13|16|17|86,True,True,0
1389_020,1389,regular_season,2,1438.0,1440.0,2.0,True,True,8,16|54|57|58|68,10865|10869|10870|2|3,0.0,2.0,0.0,0.0,12.0,1442.0,False,False,102.889800694745,106.82915995810075,-3.9393592633557204,5,-2.0,0.0,,,,False,,,,,,,,,,,,,,,,,,,,,,,,,,,,,,,,75|103|106|107|112,13|16|17|77|86,True,True,0
1389_021,1389,regular_season,3,1440.0,1785.0,345.0,True,True,8,16|54|57|62|68,10|10867|10870|14|4,9.0,12.0,10.44,9.88,10.0,1440.0,False,False,102.889800694745,106.82915995810075,-3.9393592633557204,5,-3.0,10.16,-29.52755905511811,86.20689655172414,121.4574898785425,False,,,,,,,,,,,,,,,,,,,,,,,,,,,,,,,,75|103|106|110|112,1|14|17|65|93,True,True,0
1389_022,1389,regular_season,3,1785.0,1806.0,21.0,True,True,8,10861|54|57|62|68,10|10867|10870|14|3,0.0,0.0,1.0,1.0,7.0,1095.0,False,False,102.889800694745,106.82915995810075,-3.9393592633557204,5,0.0,1.0,0.0,0.0,0.0,False,,,,,,,,,,,,,,,,,,,,,,,,,,,,,,,,9|103|106|110|112,1|14|17|65|86,True,True,0
1389_023,1389,regular_season,3,1806.0,1918.0,112.0,True,True,8,10861|12|54|58|68,10|10867|10870|14|3,4.0,7.0,2.0,3.0,7.0,1074.0,False,False,102.889800694745,106.82915995810075,-3.9393592633557204,5,-3.0,2.5,-120.0,200.0,233.33333333333334,False,,,,,,,,,,,,,,,,,,,,,,,,,,,,,,,,9|50|103|107|112,1|14|17|65|86,True,True,0
1389_024,1389,regular_season,3,1918.0,1998.0,80.0,True,True,8,10861|12|54|58|68,10|10867|10870|13|14,5.0,0.0,3.88,3.0,4.0,962.0,False,False,102.889800694745,106.82915995810075,-3.9393592633557204,5,5.0,3.44,145.34883720930233,128.8659793814433,0.0,False,,,,,,,,,,,,,,,,,,,,,,,,,,,,,,,,9|50|103|107|112,1|14|17|56|65,True,True,0
1389_025,1389,regular_season,3,1998.0,2075.0,77.0,True,True,8,10861|12|16|54|58,10|10869|10870|13|14,2.0,3.0,1.0,2.0,9.0,882.0,False,False,102.889800694745,106.82915995810075,-3.9393592633557204,5,-1.0,1.5,-66.66666666666667,200.0,150.0,False,,,,,,,,,,,,,,,,,,,,,,,,,,,,,,,,9|50|75|103|107,1|16|17|56|65,True,True,0
1389_026,1389,regular_season,3,2075.0,2134.0,59.0,True,True,8,10861|12|16|58|62,10869|10870|14|3|7,4.0,0.0,2.88,2.0,8.0,805.0,False,False,102.889800694745,106.82915995810075,-3.9393592633557204,5,4.0,2.44,163.9344262295082,138.88888888888889,0.0,False,,,,,,,,,,,,,,,,,,,,,,,,,,,,,,,,9|50|75|107|110,16|17|65|86|113,True,True,0
1389_027,1389,regular_season,3,2134.0,2160.0,26.0,True,True,8,10861|12|16|57|58,10869|10870|14|3|7,0.0,0.0,1.0,1.0,12.0,746.0,False,False,102.889800694745,106.82915995810075,-3.9393592633557204,5,0.0,1.0,0.0,0.0,0.0,False,,,,,,,,,,,,,,,,,,,,,,,,,,,,,,,,9|50|75|106|107,16|17|65|86|113,True,True,0
1389_028,1389,regular_season,4,2160.0,2260.0,100.0,True,True,8,10861|12|16|57|58,10863|10867|10869|3|5,4.0,0.0,3.0,3.0,12.0,720.0,False,False,102.889800694745,106.82915995810075,-3.9393592633557204,5,4.0,3.0,133.33333333333334,133.33333333333334,0.0,False,,,,,,,,,,,,,,,,,,,,,,,,,,,,,,,,9|50|75|106|107,11|14|16|86|101,True,True,0
1389_029,1389,regular_season,4,2260.0,2282.0,22.0,True,True,8,10861|12|16|58|62,10863|10867|10869|3|5,2.0,0.0,1.0,0.0,16.0,620.0,False,False,102.889800694745,106.82915995810075,-3.9393592633557204,5,2.0,0.5,400.0,200.0,,False,,,,,,,,,,,,,,,,,,,,,,,,,,,,,,,,9|50|75|107|110,11|14|16|86|101,True,True,0
1389_030,1389,regular_season,4,2282.0,2386.0,104.0,True,True,8,10861|12|16|58|62,10865|10867|10869|3|5,4.0,4.0,4.0,4.88,18.0,598.0,False,False,102.889800694745,106.82915995810075,-3.9393592633557204,5,0.0,4.4399999999999995,0.0,100.0,81.9672131147541,False,,,,,,,,,,,,,,,,,,,,,,,,,,,,,,,,9|50|75|107|110,13|14|16|86|101,True,True,0
1389_031,1389,regular_season,4,2386.0,2447.0,61.0,True,True,8,12|16|54|62|68,10|10865|10867|10869|3,0.0,2.0,2.0,1.0,18.0,494.0,False,False,102.889800694745,106.82915995810075,-3.9393592633557204,5,-2.0,1.5,-133.33333333333334,0.0,200.0,False,,,,,,,,,,,,,,,,,,,,,,,,,,,,,,,,50|75|103|110|112,1|13|14|16|86,True,True,0
1389_032,1389,regular_season,4,2447.0,2564.0,117.0,True,True,8,12|16|54|62|68,10|10865|10867|10869|14,3.0,8.0,3.0,4.0,16.0,433.0,False,False,102.889800694745,106.82915995810075,-3.9393592633557204,5,-5.0,3.5,-142.85714285714286,100.0,200.0,False,,,,,,,,,,,,,,,,,,,,,,,,,,,,,,,,50|75|103|110|112,1|13|14|16|65,True,True,0
1389_033,1389,regular_season,4,2564.0,2655.0,91.0,True,True,8,10861|54|58|62|68,10|10865|10867|10869|14,3.0,3.0,3.0,2.0,11.0,316.0,False,False,102.889800694745,106.82915995810075,-3.9393592633557204,5,0.0,2.5,0.0,100.0,150.0,False,,,,,,,,,,,,,,,,,,,,,,,,,,,,,,,,9|103|107|110|112,1|13|14|16|65,True,True,0
1389_034,1389,regular_season,4,2655.0,2769.0,114.0,True,True,8,10861|54|57|58|68,10|10869|10870|13|14,7.0,2.0,5.32,5.0,11.0,225.0,False,False,102.889800694745,106.82915995810075,-3.9393592633557204,5,5.0,5.16,96.89922480620154,131.57894736842104,40.0,False,,,,,,,,,,,,,,,,,,,,,,,,,,,,,,,,9|103|106|107|112,1|16|17|56|65,True,True,0
1389_035,1389,regular_season,4,2769.0,2780.0,11.0,True,True,8,16|54|57|58|68,10|10869|10870|13|14,0.0,0.0,0.0,0.0,16.0,111.0,False,False,102.889800694745,106.82915995810075,-3.9393592633557204,5,0.0,0.0,,,,False,,,,,,,,,,,,,,,,,,,,,,,,,,,,,,,,75|103|106|107|112,1|16|17|56|65,True,True,0
1389_036,1389,regular_season,4,2780.0,2819.0,39.0,True,True,8,16|54|57|58|68,10|10869|10870|14|4,6.0,0.0,2.0,1.0,16.0,100.0,False,False,102.889800694745,106.82915995810075,-3.9393592633557204,5,6.0,1.5,400.0,300.0,0.0,False,,,,,,,,,,,,,,,,,,,,,,,,,,,,,,,,75|103|106|107|112,1|16|17|65|93,True,True,0
1389_037,1389,regular_season,4,2819.0,2841.0,22.0,True,True,8,12|57|60|64|68,10863|10865|14|2|4,0.0,0.0,1.0,1.0,22.0,61.0,False,True,102.889800694745,106.82915995810075,-3.9393592633557204,5,0.0,1.0,0.0,0.0,0.0,False,,,,,,,,,,,,,,,,,,,,,,,,,,,,,,,,50|106|109|111|112,11|13|65|77|93,True,True,0
1389_038,1389,regular_season,4,2841.0,2880.0,39.0,True,True,8,12|55|56|60|64,10863|10864|10865|2|4,0.0,2.0,0.0,0.88,22.0,39.0,False,True,102.889800694745,106.82915995810075,-3.9393592633557204,5,-2.0,0.44,-454.54545454545456,,227.27272727272728,False,,,,,,,,,,,,,,,,,,,,,,,,,,,,,,,,50|104|105|109|111,11|12|13|77|93,True,True,0
1391_001,1391,regular_season,1,0.0,391.0,391.0,True,True,6,16|54|57|62|68,10877|10881|40|44|8889,16.0,11.0,12.88,14.0,0.0,2880.0,False,False,105.64241897267365,101.45438671107098,4.188032261602675,8,5.0,13.440000000000001,37.20238095238095,124.22360248447204,78.57142857142857,False,,,,,,,,,,,,,,,,,,,,,,,,,,,,,,,,75|103|106|110|112,24|28|94|97|129,True,True,1
1391_002,1391,regular_season,1,391.0,483.0,92.0,True,True,6,10860|54|58|62|68,10877|10880|10881|113|40,0.0,5.0,3.0,3.0,5.0,2489.0,False,False,105.64241897267365,101.45438671107098,4.188032261602675,8,-5.0,3.0,-166.66666666666666,0.0,166.66666666666666,True,0.0,0.0,0.0,0.0,0.0,0.0,0.0,0.0,0.0,0.0,1.0,0.0,0.0,0.0,0.0,0.0,0.0,0.0,0.0,0.0,0.0,0.0,0.0,0.0,0.0,0.0,0.0,0.0,0.0,0.0,0.0,8|103|107|110|112,24|27|28|46|94,True,True,1
1391_003,1391,regular_season,1,483.0,592.0,109.0,True,True,6,10860|12|16|3129|58,10877|10880|10881|113|40,4.0,2.0,3.0,3.0,0.0,2397.0,False,False,105.64241897267365,101.45438671107098,4.188032261602675,8,2.0,3.0,66.66666666666667,133.33333333333334,66.66666666666667,True,2.0,3.0,1.0,3.0,1.0,0.0,0.0,0.0,0.0,0.0,1.0,0.0,0.0,0.0,0.0,0.0,0.0,1.0,1.0,1.0,0.0,0.0,2.0,0.0,0.0,0.0,0.0,0.0,3.0,3.0,1.0,8|50|75|87|107,24|27|28|46|94,True,True,1
1391_004,1391,regular_season,1,592.0,688.0,96.0,True,True,6,10860|12|16|3129|58,10880|113|39|40|8889,0.0,4.0,3.0,2.0,2.0,2288.0,False,False,105.64241897267365,101.45438671107098,4.188032261602675,8,-4.0,2.5,-160.0,0.0,200.0,True,0.0,0.0,0.0,0.0,0.0,0.0,0.0,0.0,0.0,0.0,0.0,0.0,0.0,0.0,0.0,0.0,0.0,0.0,0.0,0.0,0.0,0.0,0.0,0.0,0.0,0.0,0.0,0.0,0.0,0.0,0.0,8|50|75|87|107,27|46|92|94|129,True,True,1
1391_005,1391,regular_season,1,688.0,712.0,24.0,True,True,6,10860|10884|12|16|58,10880|113|39|40|8889,1.0,0.0,0.88,1.0,-2.0,2192.0,False,False,105.64241897267365,101.45438671107098,4.188032261602675,8,1.0,0.94,106.38297872340426,113.63636363636364,0.0,True,1.0,0.0,0.0,0.0,0.0,0.0,0.0,2.0,1.0,0.0,1.0,0.0,0.0,0.0,0.0,0.0,0.0,0.0,0.0,0.0,0.0,0.0,0.0,0.0,0.0,0.0,0.0,0.0,0.88,0.88,1.0,8|31|50|75|107,27|46|92|94|129,True,True,1
1391_006,1391,regular_season,1,712.0,720.0,8.0,True,True,6,10860|10884|12|16|58,10880|10881|113|39|40,0.0,0.0,1.0,1.0,-1.0,2168.0,False,False,105.64241897267365,101.45438671107098,4.188032261602675,8,0.0,1.0,0.0,0.0,0.0,True,0.0,0.0,0.0,0.0,0.0,0.0,0.0,0.0,0.0,0.0,0.0,0.0,0.0,0.0,0.0,0.0,0.0,0.0,0.0,0.0,0.0,0.0,0.0,0.0,0.0,0.0,0.0,0.0,0.0,0.0,0.0,8|31|50|75|107,27|28|46|92|94,True,True,1
1391_007,1391,regular_season,2,720.0,834.0,114.0,True,True,6,10860|10884|12|16|58,10877|10880|10881|113|39,0.0,6.0,3.0,2.88,-1.0,2160.0,False,False,105.64241897267365,101.45438671107098,4.188032261602675,8,-6.0,2.94,-204.08163265306123,0.0,208.33333333333334,True,0.0,0.0,0.0,0.0,0.0,0.0,0.0,0.0,0.0,0.0,0.0,0.0,0.0,0.0,0.0,0.0,0.0,0.0,0.0,0.0,0.0,0.0,0.0,0.0,0.0,0.0,0.0,0.0,0.0,0.0,0.0,8|31|50|75|107,24|27|28|46|92,True,True,1
1391_008,1391,regular_season,2,834.0,964.0,130.0,True,True,6,10884|16|54|58|68,10877|10880|10881|113|39,5.0,3.0,4.0,3.88,-7.0,2046.0,False,False,105.64241897267365,101.45438671107098,4.188032261602675,8,2.0,3.94,50.76142131979695,125.0,77.31958762886597,False,,,,,,,,,,,,,,,,,,,,,,,,,,,,,,,,31|75|103|107|112,24|27|28|46|92,True,True,1
1391_009,1391,regular_season,2,964.0,1103.0,139.0,True,True,6,10884|16|54|58|68,10877|10880|10881|113|40,4.0,4.0,5.32,5.0,-5.0,1916.0,False,False,105.64241897267365,101.45438671107098,4.188032261602675,8,0.0,5.16,0.0,75.18796992481202,80.0,False,,,,,,,,,,,,,,,,,,,,,,,,,,,,,,,,31|75|103|107|112,24|27|28|46|94,True,True,1
1391_010,1391,regular_season,2,1103.0,1138.0,35.0,True,True,6,16|54|57|62|68,10877|10881|40|44|8889,1.0,0.0,0.44,1.0,-5.0,1777.0,False,False,105.64241897267365,101.45438671107098,4.188032261602675,8,1.0,0.72,138.88888888888889,227.27272727272728,0.0,False,,,,,,,,,,,,,,,,,,,,,,,,,,,,,,,,75|103|106|110|112,24|28|94|97|129,True,True,1
1391_011,1391,regular_season,2,1138.0,1203.0,65.0,True,True,6,10860|54|57|62|68,10877|10881|40|44|8889,0.0,2.0,2.0,2.0,-4.0,1742.0,False,False,105.64241897267365,101.45438671107098,4.188032261602675,8,-2.0,2.0,-100.0,0.0,100.0,True,0.0,0.0,0.0,0.0,0.0,0.0,0.0,0.0,0.0,0.0,0.0,0.0,0.0,0.0,0.0,0.0,0.0,0.0,0.0,0.0,0.0,0.0,0.0,0.0,0.0,0.0,0.0,0.0,0.0,0.0,0.0,8|103|106|110|112,24|28|94|97|129,True,True,1
1391_012,1391,regular_season,2,1203.0,1255.0,52.0,True,True,6,10860|54|57|62|68,10877|10880|40|44|8889,5.0,0.0,1.88,1.0,-6.0,1677.0,False,False,105.64241897267365,101.45438671107098,4.188032261602675,8,5.0,1.44,347.22222222222223,265.95744680851067,0.0,True,0.0,0.0,0.0,0.0,0.0,0.0,0.0,0.0,0.0,0.0,0.0,0.0,0.0,0.0,0.0,0.0,0.0,0.0,0.0,0.0,0.0,0.0,0.0,0.0,0.0,0.0,0.0,0.0,0.0,0.0,0.0,8|103|106|110|112,24|27|94|97|129,True,True,1
1391_013,1391,regular_season,2,1255.0,1337.0,82.0,True,True,6,10860|54|57|62|68,10879|10880|10881|40|44,0.0,3.0,3.0,3.0,-1.0,1625.0,False,False,105.64241897267365,101.45438671107098,4.188032261602675,8,-3.0,3.0,-100.0,0.0,100.0,True,0.0,0.0,0.0,0.0,0.0,0.0,0.0,0.0,0.0,0.0,1.0,0.0,0.0,1.0,1.0,0.0,0.0,0.0,0.0,0.0,0.0,0.0,0.0,0.0,0.0,0.0,0.0,0.0,0.0,1.0,0.3333333333333333,8|103|106|110|112,26|27|28|94|97,True,True,1
1391_014,1391,regular_season,2,1337.0,1440.0,103.0,True,True,6,10860|54|57|62|68,10877|10879|10880|10881|113,2.0,3.0,3.0,4.0,-4.0,1543.0,False,False,105.64241897267365,101.45438671107098,4.188032261602675,8,-1.0,3.5,-28.571428571428573,66.66666666666667,75.0,True,2.0,2.0,1.0,2.0,1.0,0.0,0.0,0.0,0.0,0.0,1.0,0.0,0.0,0.0,0.0,0.0,1.0,0.0,1.0,1.0,0.0,0.0,1.0,0.0,0.0,0.0,0.0,0.0,2.0,2.0,0.6666666666666666,8|103|106|110|112,24|26|27|28|46,True,True,1
1391_015,1391,regular_season,3,1440.0,1749.0,309.0,True,True,6,16|54|57|62|68,10877|10879|10880|10881|113,7.0,6.0,8.0,8.88,-5.0,1440.0,False,False,105.64241897267365,101.45438671107098,4.188032261602675,8,1.0,8.440000000000001,11.848341232227487,87.5,67.56756756756756,False,,,,,,,,,,,,,,,,,,,,,,,,,,,,,,,,75|103|106|110|112,24|26|27|28|46,True,True,1
1391_016,1391,regular_season,3,1749.0,1790.0,41.0,True,True,6,10860|54|57|58|68,10877|10880|10881|113|40,0.0,1.0,1.0,0.88,-4.0,1131.0,False,False,105.64241897267365,101.45438671107098,4.188032261602675,8,-1.0,0.94,-106.38297872340426,0.0,113.63636363636364,True,0.0,0.0,0.0,0.0,0.0,0.0,0.0,0.0,0.0,0.0,1.0,1.0,0.0,0.0,0.0,0.0,0.0,0.0,0.0,0.0,0.0,0.0,0.0,0.0,0.0,0.0,0.0,0.0,0.0,0.0,0.0,8|103|106|107|112,24|27|28|46|94,True,True,1
1391_017,1391,regular_season,3,1790.0,1839.0,49.0,True,True,6,10860|54|57|58|68,10881|113|39|40|8889,4.0,2.0,1.88,1.0,-5.0,1090.0,False,False,105.64241897267365,101.45438671107098,4.188032261602675,8,2.0,1.44,138.88888888888889,212.76595744680853,200.0,True,2.0,1.0,1.0,1.0,1.0,0.0,0.0,0.0,0.0,0.0,0.0,0.0,0.0,0.0,0.0,0.0,0.0,1.0,0.0,0.0,0.0,0.0,1.0,1.0,0.0,0.0,0.0,0.0,1.0,1.0,0.5319148936170213,8|103|106|107|112,28|46|92|94|129,True,True,1
1391_018,1391,regular_season,3,1839.0,1897.0,58.0,True,True,6,10860|12|54|58|68,10881|113|39|40|8889,4.0,2.0,2.3200000000000003,2.0,-3.0,1041.0,False,False,105.64241897267365,101.45438671107098,4.188032261602675,8,2.0,2.16,92.59259259259258,172.41379310344826,100.0,True,4.0,1.0,1.0,1.0,1.0,0.0,0.0,3.0,2.0,0.0,0.0,0.0,0.0,0.0,0.0,0.0,0.0,1.0,1.0,1.0,0.0,0.0,0.0,0.0,0.0,0.0,0.0,0.0,2.3200000000000003,2.3200000000000003,1.0,8|50|103|107|112,28|46|92|94|129,True,True,1
1391_019,1391,regular_season,3,1897.0,1945.0,48.0,True,True,6,10860|12|54|58|68,10880|113|39|40|8889,0.0,2.0,2.0,2.0,-1.0,983.0,False,False,105.64241897267365,101.45438671107098,4.188032261602675,8,-2.0,2.0,-100.0,0.0,100.0,True,0.0,0.0,0.0,0.0,0.0,0.0,0.0,0.0,0.0,0.0,0.0,0.0,0.0,0.0,0.0,0.0,0.0,0.0,0.0,0.0,0.0,0.0,0.0,0.0,0.0,0.0,0.0,0.0,0.0,0.0,0.0,8|50|103|107|112,27|46|92|94|129,True,True,1
1391_020,1391,regular_season,3,1945.0,2050.0,105.0,True,True,6,10860|12|57|58|68,10880|39|40|44|8889,2.0,5.0,3.0,2.88,-3.0,935.0,False,False,105.64241897267365,101.45438671107098,4.188032261602675,8,-3.0,2.94,-102.04081632653062,66.66666666666667,173.61111111111111,True,0.0,0.0,0.0,0.0,0.0,0.0,0.0,0.0,0.0,0.0,1.0,0.0,0.0,2.0,0.0,0.0,0.0,0.0,0.0,0.0,0.0,0.0,0.0,0.0,0.0,0.0,0.0,0.0,0.0,0.0,0.0,8|50|106|107|112,27|92|94|97|129,True,True,1
1391_021,1391,regular_season,3,2050.0,2140.0,90.0,True,True,6,10860|12|16|57|58,10880|10881|39|40|44,5.0,3.0,3.44,3.88,-6.0,830.0,False,False,105.64241897267365,101.45438671107098,4.188032261602675,8,2.0,3.66,54.6448087431694,145.34883720930233,77.31958762886597,True,0.0,0.0,0.0,0.0,0.0,0.0,0.0,0.0,0.0,0.0,0.0,1.0,1.0,0.0,0.0,0.0,0.0,0.0,0.0,0.0,0.0,0.0,0.0,0.0,0.0,0.0,0.0,0.0,0.0,0.0,0.0,8|50|75|106|107,27|28|92|94|97,True,True,1
1391_022,1391,regular_season,3,2140.0,2157.0,17.0,True,True,6,10860|12|16|57|58,10879|10880|10881|39|40,0.0,0.0,0.0,1.0,-4.0,740.0,False,False,105.64241897267365,101.45438671107098,4.188032261602675,8,0.0,0.5,0.0,,0.0,True,0.0,0.0,0.0,0.0,0.0,0.0,0.0,0.0,0.0,0.0,0.0,0.0,0.0,0.0,0.0,0.0,0.0,0.0,0.0,0.0,0.0,0.0,0.0,0.0,0.0,0.0,0.0,0.0,0.0,0.0,,8|50|75|106|107,26|27|28|92|94,True,True,1
1391_023,1391,regular_season,3,2157.0,2160.0,3.0,True,True,6,10860|12|16|54|58,10879|10880|10881|39|40,0.0,0.0,1.0,0.0,-4.0,723.0,False,False,105.64241897267365,101.45438671107098,4.188032261602675,8,0.0,0.5,0.0,0.0,,True,0.0,0.0,0.0,0.0,0.0,0.0,0.0,0.0,0.0,0.0,0.0,0.0,0.0,0.0,0.0,0.0,0.0,0.0,0.0,0.0,0.0,0.0,0.0,0.0,0.0,0.0,0.0,0.0,0.0,0.0,0.0,8|50|75|103|107,26|27|28|92|94,True,True,1
1391_024,1391,regular_season,4,2160.0,2219.0,59.0,True,True,6,10860|12|16|57|58,10877|10880|10881|113|40,7.0,0.0,2.88,2.0,-4.0,720.0,False,False,105.64241897267365,101.45438671107098,4.188032261602675,8,7.0,2.44,286.88524590163934,243.05555555555557,0.0,True,4.0,1.0,1.0,1.0,1.0,0.0,0.0,2.0,2.0,1.0,0.0,0.0,0.0,0.0,0.0,0.0,0.0,1.0,0.0,0.0,1.0,1.0,0.0,0.0,0.0,0.0,0.0,0.0,1.88,1.88,0.6527777777777778,8|50|75|106|107,24|27|28|46|94,True,True,1
1391_025,1391,regular_season,4,2219.0,2286.0,67.0,True,True,6,10860|12|16|57|58,10877|10880|10881|39|40,1.0,0.0,2.88,3.0,3.0,661.0,False,False,105.64241897267365,101.45438671107098,4.188032261602675,8,1.0,2.94,34.013605442176875,34.72222222222222,0.0,True,0.0,0.0,0.0,0.0,0.0,0.0,0.0,0.0,0.0,0.0,0.0,0.0,1.0,0.0,0.0,0.0,0.0,0.0,0.0,0.0,0.0,0.0,0.0,0.0,0.0,0.0,0.0,0.0,0.0,0.0,0.0,8|50|75|106|107,24|27|28|92|94,True,True,1
1391_026,1391,regular_season,4,2286.0,2322.0,36.0,True,True,6,10860|16|54|57|58,10877|10880|10881|39|40,0.0,0.0,0.0,1.0,4.0,594.0,False,False,105.64241897267365,101.45438671107098,4.188032261602675,8,0.0,0.5,0.0,,0.0,True,0.0,0.0,0.0,0.0,0.0,0.0,0.0,0.0,0.0,0.0,0.0,0.0,0.0,0.0,0.0,0.0,0.0,0.0,0.0,0.0,0.0,0.0,0.0,0.0,0.0,0.0,0.0,0.0,0.0,0.0,,8|75|103|106|107,24|27|28|92|94,True,True,1
1391_027,1391,regular_season,4,2322.0,2455.0,133.0,True,True,6,10860|16|54|57|58,10877|10879|10880|10881|40,4.0,4.0,3.0,3.0,4.0,558.0,False,False,105.64241897267365,101.45438671107098,4.188032261602675,8,0.0,3.0,0.0,133.33333333333334,133.33333333333334,True,4.0,2.0,2.0,2.0,2.0,0.0,0.0,0.0,0.0,0.0,1.0,0.0,0.0,0.0,0.0,0.0,0.0,2.0,0.0,0.0,2.0,2.0,0.0,0.0,0.0,0.0,0.0,0.0,2.0,2.0,0.6666666666666666,8|75|103|106|107,24|26|27|28|94,True,True,1
1391_028,1391,regular_season,4,2455.0,2503.0,48.0,True,True,6,10860|54|57|58|68,10877|10879|10881|40|8889,3.0,0.0,2.0,1.0,4.0,425.0,False,False,105.64241897267365,101.45438671107098,4.188032261602675,8,3.0,1.5,200.0,150.0,0.0,True,3.0,1.0,1.0,0.0,0.0,1.0,1.0,0.0,0.0,0.0,0.0,0.0,0.0,0.0,0.0,0.0,1.0,0.0,0.0,0.0,0.0,0.0,0.0,0.0,0.0,0.0,1.0,1.0,1.0,1.0,0.5,8|103|106|107|112,24|26|28|94|129,True,True,1
1391_029,1391,regular_season,4,2503.0,2569.0,66.0,True,True,6,10860|54|57|62|68,10877|10881|113|40|8889,2.0,0.0,1.0,1.88,7.0,377.0,False,False,105.64241897267365,101.45438671107098,4.188032261602675,8,2.0,1.44,138.88888888888889,200.0,0.0,True,2.0,1.0,1.0,1.0,1.0,0.0,0.0,0.0,0.0,0.0,0.0,0.0,0.0,0.0,0.0,0.0,0.0,1.0,1.0,1.0,0.0,0.0,0.0,0.0,0.0,0.0,0.0,0.0,1.0,1.0,1.0,8|103|106|110|112,24|28|46|94|129,True,True,1
1391_030,1391,regular_season,4,2569.0,2632.0,63.0,True,True,6,10860|54|57|62|68,10877|10880|113|40|8889,0.0,0.0,1.0,1.0,9.0,311.0,False,False,105.64241897267365,101.45438671107098,4.188032261602675,8,0.0,1.0,0.0,0.0,0.0,True,0.0,1.0,0.0,1.0,0.0,0.0,0.0,0.0,0.0,0.0,1.0,0.0,0.0,0.0,0.0,0.0,0.0,0.0,0.0,0.0,1.0,0.0,0.0,0.0,0.0,0.0,0.0,0.0,1.0,1.0,1.0,8|103|106|110|112,24|27|46|94|129,True,True,1
1391_031,1391,regular_season,4,2632.0,2730.0,98.0,True,True,6,10860|54|57|58|68,10877|10880|113|40|8889,2.0,3.0,4.0,3.0,9.0,248.0,False,False,105.64241897267365,101.45438671107098,4.188032261602675,8,-1.0,3.5,-28.571428571428573,50.0,100.0,True,2.0,2.0,1.0,1.0,1.0,1.0,0.0,0.0,0.0,0.0,0.0,0.0,0.0,0.0,0.0,0.0,1.0,0.0,0.0,0.0,1.0,1.0,0.0,0.0,0.0,0.0,1.0,0.0,2.0,2.0,0.5,8|103|106|107|112,24|27|46|94|129,True,True,1
1391_032,1391,regular_season,4,2730.0,2816.0,86.0,True,True,6,10860|54|57|58|68,10877|10880|10881|113|40,3.0,4.0,2.0,2.3200000000000003,8.0,150.0,False,False,105.64241897267365,101.45438671107098,4.188032261602675,8,-1.0,2.16,-46.29629629629629,150.0,172.41379310344826,True,0.0,0.0,0.0,0.0,0.0,0.0,0.0,0.0,0.0,0.0,1.0,0.0,0.0,0.0,0.0,1.0,0.0,0.0,0.0,0.0,0.0,0.0,0.0,0.0,0.0,0.0,0.0,0.0,0.0,0.0,0.0,8|103|106|107|112,24|27|28|46|94,True,True,1
1391_033,1391,regular_season,4,2816.0,2823.0,7.0,True,True,6,10860|16|54|57|58,10877|10880|10881|113|40,0.0,3.0,0.0,1.0,7.0,64.0,False,False,105.64241897267365,101.45438671107098,4.188032261602675,8,-3.0,0.5,-600.0,,300.0,True,0.0,0.0,0.0,0.0,0.0,0.0,0.0,0.0,0.0,0.0,0.0,0.0,0.0,0.0,0.0,0.0,0.0,0.0,0.0,0.0,0.0,0.0,0.0,0.0,0.0,0.0,0.0,0.0,0.0,0.0,,8|75|103|106|107,24|27|28|46|94,True,True,1
1391_034,1391,regular_season,4,2823.0,2845.0,22.0,True,True,6,10860|54|57|58|68,10877|10880|10881|113|40,0.0,0.0,1.0,0.0,4.0,57.0,False,False,105.64241897267365,101.45438671107098,4.188032261602675,8,0.0,0.5,0.0,0.0,,True,0.0,0.0,0.0,0.0,0.0,0.0,0.0,0.0,0.0,0.0,0.0,0.0,0.0,0.0,1.0,1.0,0.0,0.0,0.0,0.0,0.0,0.0,0.0,0.0,0.0,0.0,0.0,0.0,0.0,1.0,1.0,8|103|106|107|112,24|27|28|46|94,True,True,1
1391_035,1391,regular_season,4,2845.0,2860.0,15.0,True,True,6,10860|16|54|57|58,10877|10879|10880|10881|40,0.0,0.0,0.0,1.0,4.0,35.0,False,False,105.64241897267365,101.45438671107098,4.188032261602675,8,0.0,0.5,0.0,,0.0,True,0.0,0.0,0.0,0.0,0.0,0.0,0.0,0.0,0.0,0.0,0.0,0.0,0.0,0.0,0.0,0.0,0.0,0.0,0.0,0.0,0.0,0.0,0.0,0.0,0.0,0.0,0.0,0.0,0.0,0.0,,8|75|103|106|107,24|26|27|28|94,True,True,1
1391_036,1391,regular_season,4,2860.0,2871.0,11.0,True,True,6,10860|54|57|58|68,10877|10880|10881|113|40,1.0,0.0,0.88,0.0,4.0,20.0,False,False,105.64241897267365,101.45438671107098,4.188032261602675,8,1.0,0.44,227.27272727272728,113.63636363636364,,True,1.0,0.0,0.0,0.0,0.0,0.0,0.0,2.0,1.0,0.0,0.0,0.0,0.0,0.0,0.0,0.0,0.0,0.0,0.0,0.0,0.0,0.0,0.0,0.0,0.0,0.0,0.0,0.0,0.88,0.88,1.0,8|103|106|107|112,24|27|28|46|94,True,True,1
1391_037,1391,regular_season,4,2871.0,2880.0,9.0,True,True,6,10860|16|54|57|58,10877|10879|10880|10881|40,2.0,0.0,0.88,2.0,5.0,9.0,False,False,105.64241897267365,101.45438671107098,4.188032261602675,8,2.0,1.44,138.88888888888889,227.27272727272728,0.0,True,2.0,0.0,0.0,0.0,0.0,0.0,0.0,2.0,2.0,0.0,1.0,0.0,0.0,0.0,0.0,0.0,0.0,0.0,0.0,0.0,0.0,0.0,0.0,0.0,0.0,0.0,0.0,0.0,0.88,0.88,1.0,8|75|103|106|107,24|26|27|28|94,True,True,1
1396_001,1396,regular_season,1,0.0,293.0,293.0,True,False,8,10861|54|57|62|68,10|10868|10870|14|4,15.0,6.0,8.88,9.88,0.0,2880.0,False,False,103.63554554485935,108.12074138255129,-4.4851958376919345,7,9.0,9.38,95.94882729211086,168.9189189189189,60.72874493927125,False,,,,,,,,,,,,,,,,,,,,,,,,,,,,,,,,9|103|106|110|112,1|15|17|65|93,True,True,2
1396_002,1396,regular_season,1,293.0,344.0,51.0,True,False,8,10861|54|57|58|68,10|10868|10870|14|4,3.0,0.0,2.0,2.0,9.0,2587.0,False,False,103.63554554485935,108.12074138255129,-4.4851958376919345,7,3.0,2.0,150.0,150.0,0.0,False,,,,,,,,,,,,,,,,,,,,,,,,,,,,,,,,9|103|106|107|112,1|15|17|65|93,True,True,2
1396_003,1396,regular_season,1,344.0,421.0,77.0,True,False,8,10860|54|57|58|68,10865|10868|10870|14|4,2.0,2.0,1.88,2.0,12.0,2536.0,False,False,103.63554554485935,108.12074138255129,-4.4851958376919345,7,0.0,1.94,0.0,106.38297872340426,100.0,True,0.0,1.0,0.0,0.0,0.0,1.0,0.0,0.0,0.0,0.0,0.0,0.0,0.0,0.0,0.0,0.0,0.0,0.0,0.0,0.0,0.0,0.0,0.0,0.0,0.0,0.0,1.0,0.0,1.0,1.0,0.5319148936170213,8|103|106|107|112,13|15|17|65|93,True,True,2
1396_004,1396,regular_season,1,421.0,509.0,88.0,True,False,8,10860|12|57|58|68,10865|10869|10870|14|4,4.0,3.0,3.0,4.0,12.0,2459.0,False,False,103.63554554485935,108.12074138255129,-4.4851958376919345,7,1.0,3.5,28.571428571428573,133.33333333333334,75.0,True,2.0,2.0,1.0,2.0,1.0,0.0,0.0,0.0,0.0,0.0,1.0,0.0,1.0,0.0,0.0,0.0,1.0,0.0,0.0,0.0,2.0,1.0,0.0,0.0,0.0,0.0,0.0,0.0,2.0,2.0,0.6666666666666666,8|50|106|107|112,13|16|17|65|93,True,True,2
1396_005,1396,regular_season,1,509.0,545.0,36.0,True,False,8,10860|10861|12|57|58,1|10|10865|10868|10869,2.0,0.0,1.0,0.0,13.0,2371.0,False,False,103.63554554485935,108.12074138255129,-4.4851958376919345,7,2.0,0.5,400.0,200.0,,True,0.0,0.0,0.0,0.0,0.0,0.0,0.0,0.0,0.0,0.0,0.0,0.0,0.0,0.0,0.0,1.0,0.0,0.0,0.0,0.0,0.0,0.0,0.0,0.0,0.0,0.0,0.0,0.0,0.0,0.0,0.0,8|9|50|106|107,0|1|13|15|16,True,True,2
1396_006,1396,regular_season,1,545.0,606.0,61.0,True,False,8,10860|10861|10884|12|58,1|10|10865|10868|10869,3.0,4.0,1.0,2.0,15.0,2335.0,False,False,103.63554554485935,108.12074138255129,-4.4851958376919345,7,-1.0,1.5,-66.66666666666667,300.0,200.0,True,0.0,0.0,0.0,0.0,0.0,0.0,0.0,0.0,0.0,0.0,0.0,0.0,0.0,0.0,0.0,0.0,0.0,0.0,0.0,0.0,0.0,0.0,0.0,0.0,0.0,0.0,0.0,0.0,0.0,0.0,0.0,8|9|31|50|107,0|1|13|15|16,True,True,2
1396_007,1396,regular_season,1,606.0,720.0,114.0,True,False,8,10860|10861|10884|12|58,1|10|10868|10869|5,4.0,2.0,3.0,3.2,14.0,2274.0,False,False,103.63554554485935,108.12074138255129,-4.4851958376919345,7,2.0,3.1,64.51612903225806,133.33333333333334,62.5,True,0.0,0.0,0.0,0.0,0.0,0.0,0.0,0.0,0.0,0.0,1.0,0.0,0.0,0.0,1.0,0.0,0.0,0.0,0.0,0.0,0.0,0.0,0.0,0.0,0.0,0.0,0.0,0.0,0.0,1.0,0.3333333333333333,8|9|31|50|107,0|1|15|16|101,True,True,2
1396_008,1396,regular_season,2,720.0,720.0,0.0,False,False,8,,1|10|10868|10869|5,0.0,2.0,0.0,1.0,16.0,2160.0,False,False,103.63554554485935,108.12074138255129,-4.4851958376919345,7,-2.0,0.5,-400.0,,200.0,False,,,,,,,,,,,,,,,,,,,,,,,,,,,,,,,,-1,0|1|15|16|101,False,False,2
1396_009,1396,regular_season,2,720.0,794.0,74.0,True,False,8,10860|10861|10884|12|58,1|10|10868|10869|5,1.0,1.0,1.88,0.88,14.0,2160.0,False,False,103.63554554485935,108.12074138255129,-4.4851958376919345,7,0.0,1.38,0.0,53.19148936170213,113.63636363636364,True,1.0,1.0,0.0,1.0,0.0,0.0,0.0,2.0,1.0,1.0,0.0,0.0,0.0,0.0,0.0,1.0,0.0,0.0,0.0,0.0,1.0,0.0,0.0,0.0,0.0,0.0,0.0,0.0,1.88,1.88,1.0,8|9|31|50|107,0|1|15|16|101,True,True,2
1396_010,1396,regular_season,2,794.0,849.0,55.0,True,False,8,10861|10884|12|62|68,1|10|10868|10869|5,3.0,2.0,1.0,2.0,14.0,2086.0,False,False,103.63554554485935,108.12074138255129,-4.4851958376919345,7,1.0,1.5,66.66666666666667,300.0,100.0,False,,,,,,,,,,,,,,,,,,,,,,,,,,,,,,,,9|31|50|110|112,0|1|15|16|101,True,True,2
1396_011,1396,regular_season,2,849.0,893.0,44.0,True,False,8,10861|12|3129|62|68,10|10868|10870|14|5,3.0,2.0,2.0,1.0,15.0,2031.0,False,False,103.63554554485935,108.12074138255129,-4.4851958376919345,7,1.0,1.5,66.66666666666667,150.0,200.0,False,,,,,,,,,,,,,,,,,,,,,,,,,,,,,,,,9|50|87|110|112,1|15|17|65|101,True,True,2
1396_012,1396,regular_season,2,893.0,923.0,30.0,True,False,8,10861|3129|54|62|68,10|10868|10870|14|5,2.0,3.0,0.88,1.0,16.0,1987.0,False,False,103.63554554485935,108.12074138255129,-4.4851958376919345,7,-1.0,0.94,-106.38297872340426,227.27272727272728,300.0,False,,,,,,,,,,,,,,,,,,,,,,,,,,,,,,,,9|87|103|110|112,1|15|17|65|101,True,True,2
1396_013,1396,regular_season,2,923.0,1028.0,105.0,True,False,8,10860|3129|54|62|68,10|10869|10870|14|4,4.0,3.0,2.0,2.88,15.0,1957.0,False,False,103.63554554485935,108.12074138255129,-4.4851958376919345,7,1.0,2.44,40.98360655737705,200.0,104.16666666666667,True,4.0,3.0,2.0,3.0,2.0,0.0,0.0,0.0,0.0,1.0,0.0,0.0,0.0,0.0,0.0,1.0,1.0,1.0,1.0,1.0,2.0,1.0,0.0,0.0,0.0,0.0,0.0,0.0,3.0,3.0,1.5,8|87|103|110|112,1|16|17|65|93,True,True,2
1396_014,1396,regular_season,2,1028.0,1130.0,102.0,True,False,8,10861|3129|54|62|68,10|10869|10870|14|4,2.0,6.0,3.0,2.0,16.0,1852.0,False,False,103.63554554485935,108.12074138255129,-4.4851958376919345,7,-4.0,2.5,-160.0,66.66666666666667,300.0,False,,,,,,,,,,,,,,,,,,,,,,,,,,,,,,,,9|87|103|110|112,1|16|17|65|93,True,True,2
1396_015,1396,regular_season,2,1130.0,1212.0,82.0,True,False,8,10861|54|57|62|68,10|10869|10870|14|4,4.0,0.0,3.0,3.0,12.0,1750.0,False,False,103.63554554485935,108.12074138255129,-4.4851958376919345,7,4.0,3.0,133.33333333333334,133.33333333333334,0.0,False,,,,,,,,,,,,,,,,,,,,,,,,,,,,,,,,9|103|106|110|112,1|16|17|65|93,True,True,2
1396_016,1396,regular_season,2,1212.0,1358.0,146.0,True,False,8,10861|54|57|62|68,10869|10870|14|4|5,2.0,6.0,6.0,6.88,16.0,1668.0,False,False,103.63554554485935,108.12074138255129,-4.4851958376919345,7,-4.0,6.4399999999999995,-62.11180124223603,33.333333333333336,87.20930232558139,False,,,,,,,,,,,,,,,,,,,,,,,,,,,,,,,,9|103|106|110|112,16|17|65|93|101,True,True,2
1396_017,1396,regular_season,2,1358.0,1421.0,63.0,True,False,8,54|57|58|64|68,10865|10869|10870|11|5,2.0,6.0,3.0,3.0,12.0,1522.0,False,False,103.63554554485935,108.12074138255129,-4.4851958376919345,7,-4.0,3.0,-133.33333333333334,66.66666666666667,200.0,False,,,,,,,,,,,,,,,,,,,,,,,,,,,,,,,,103|106|107|111|112,13|16|17|43|101,True,True,2
1396_018,1396,regular_season,2,1421.0,1434.0,13.0,True,False,8,10861|54|57|58|68,10865|10868|10869|14|5,1.0,0.0,0.88,0.0,8.0,1459.0,False,False,103.63554554485935,108.12074138255129,-4.4851958376919345,7,1.0,0.44,227.27272727272728,113.63636363636364,,False,,,,,,,,,,,,,,,,,,,,,,,,,,,,,,,,9|103|106|107|112,13|15|16|65|101,True,True,2
1396_019,1396,regular_season,2,1434.0,1440.0,6.0,True,False,8,10861|3129|57|58|68,10865|10869|10870|14|5,0.0,0.0,0.0,1.0,9.0,1446.0,False,False,103.63554554485935,108.12074138255129,-4.4851958376919345,7,0.0,0.5,0.0,,0.0,False,,,,,,,,,,,,,,,,,,,,,,,,,,,,,,,,9|87|106|107|112,13|16|17|65|101,True,True,2
1396_020,1396,regular_season,3,1440.0,1653.0,213.0,True,False,8,10861|54|57|62|68,10|10868|10870|14|4,9.0,6.0,6.0,5.0,9.0,1440.0,False,False,103.63554554485935,108.12074138255129,-4.4851958376919345,7,3.0,5.5,54.54545454545455,150.0,120.0,False,,,,,,,,,,,,,,,,,,,,,,,,,,,,,,,,9|103|106|110|112,1|15|17|65|93,True,True,2
1396_021,1396,regular_season,3,1653.0,1695.0,42.0,True,False,8,10861|54|57|62|68,10|10868|10870|11|14,2.0,0.0,1.0,1.0,12.0,1227.0,False,False,103.63554554485935,108.12074138255129,-4.4851958376919345,7,2.0,1.0,200.0,200.0,0.0,False,,,,,,,,,,,,,,,,,,,,,,,,,,,,,,,,9|103|106|110|112,1|15|17|43|65,True,True,2
1396_022,1396,regular_season,3,1695.0,1709.0,14.0,True,False,8,10861|54|57|58|68,10|10868|10870|11|14,2.0,2.0,1.0,1.0,14.0,1185.0,False,False,103.63554554485935,108.12074138255129,-4.4851958376919345,7,0.0,1.0,0.0,200.0,200.0,False,,,,,,,,,,,,,,,,,,,,,,,,,,,,,,,,9|103|106|107|112,1|15|17|43|65,True,True,2
1396_023,1396,regular_season,3,1709.0,1740.0,31.0,True,False,8,10860|54|57|58|68,10865|10868|10870|11|14,0.0,0.0,1.0,1.0,14.0,1171.0,False,False,103.63554554485935,108.12074138255129,-4.4851958376919345,7,0.0,1.0,0.0,0.0,0.0,True,0.0,0.0,0.0,0.0,0.0,0.0,0.0,0.0,0.0,0.0,1.0,0.0,0.0,0.0,1.0,0.0,0.0,0.0,0.0,0.0,0.0,0.0,0.0,0.0,0.0,0.0,0.0,0.0,0.0,1.0,1.0,8|103|106|107|112,13|15|17|43|65,True,True,2
1396_024,1396,regular_season,3,1740.0,1861.0,121.0,True,False,8,10860|54|57|58|68,10865|10869|10870|11|14,1.0,4.0,2.88,4.0,14.0,1140.0,False,False,103.63554554485935,108.12074138255129,-4.4851958376919345,7,-3.0,3.44,-87.20930232558139,34.72222222222222,100.0,True,0.0,1.0,0.0,1.0,0.0,0.0,0.0,0.0,0.0,0.0,0.0,0.0,0.0,1.0,1.0,0.0,0.0,0.0,1.0,0.0,0.0,0.0,0.0,0.0,0.0,0.0,0.0,0.0,1.0,2.0,0.6944444444444444,8|103|106|107|112,13|16|17|43|65,True,True,2
1396_025,1396,regular_season,3,1861.0,1887.0,26.0,True,False,8,10860|12|3129|58|68,10865|10869|10870|11|14,2.0,0.0,2.0,1.0,11.0,1019.0,False,False,103.63554554485935,108.12074138255129,-4.4851958376919345,7,2.0,1.5,133.33333333333334,100.0,0.0,True,2.0,1.0,1.0,1.0,1.0,0.0,0.0,0.0,0.0,0.0,0.0,0.0,0.0,0.0,1.0,0.0,1.0,0.0,1.0,1.0,0.0,0.0,0.0,0.0,0.0,0.0,0.0,0.0,1.0,2.0,1.0,8|50|87|107|112,13|16|17|43|65,True,True,2
1396_026,1396,regular_season,3,1887.0,1914.0,27.0,True,False,8,10860|12|3129|58|68,10|10865|10869|10870|14,0.0,3.0,1.0,1.0,13.0,993.0,False,False,103.63554554485935,108.12074138255129,-4.4851958376919345,7,-3.0,1.0,-300.0,0.0,300.0,True,0.0,0.0,0.0,0.0,0.0,0.0,0.0,0.0,0.0,0.0,0.0,0.0,0.0,0.0,0.0,0.0,0.0,0.0,0.0,0.0,0.0,0.0,0.0,0.0,0.0,0.0,0.0,0.0,0.0,0.0,0.0,8|50|87|107|112,1|13|16|17|65,True,True,2
1396_027,1396,regular_season,3,1914.0,2049.0,135.0,True,False,8,10860|10861|12|3129|58,10|10865|10869|10870|14,7.0,2.0,5.0,5.0,10.0,966.0,False,False,103.63554554485935,108.12074138255129,-4.4851958376919345,7,5.0,5.0,100.0,140.0,40.0,True,0.0,0.0,0.0,0.0,0.0,0.0,0.0,0.0,0.0,0.0,1.0,0.0,0.0,0.0,0.0,0.0,0.0,0.0,0.0,0.0,0.0,0.0,0.0,0.0,0.0,0.0,0.0,0.0,0.0,0.0,0.0,8|9|50|87|107,1|13|16|17|65,True,True,2
1396_028,1396,regular_season,3,2049.0,2066.0,17.0,True,False,8,10860|10861|12|3129|58,10|10865|10868|10869|14,0.0,1.0,0.0,0.88,15.0,831.0,False,False,103.63554554485935,108.12074138255129,-4.4851958376919345,7,-1.0,0.44,-227.27272727272728,,113.63636363636364,True,0.0,0.0,0.0,0.0,0.0,0.0,0.0,0.0,0.0,0.0,0.0,0.0,0.0,0.0,0.0,0.0,0.0,0.0,0.0,0.0,0.0,0.0,0.0,0.0,0.0,0.0,0.0,0.0,0.0,0.0,,8|9|50|87|107,1|13|15|16|65,True,True,2
1396_029,1396,regular_season,3,2066.0,2160.0,94.0,True,False,8,10860|10861|12|3129|58,1|10|10865|10868|10869,3.0,2.0,3.44,2.0,14.0,814.0,False,False,103.63554554485935,108.12074138255129,-4.4851958376919345,7,1.0,2.7199999999999998,36.76470588235294,87.20930232558139,100.0,True,0.0,0.0,0.0,0.0,0.0,0.0,0.0,0.0,0.0,0.0,0.0,0.0,0.0,0.0,0.0,0.0,0.0,0.0,0.0,0.0,0.0,0.0,0.0,0.0,0.0,0.0,0.0,0.0,0.0,0.0,0.0,8|9|50|87|107,0|1|13|15|16,True,True,2
1396_030,1396,regular_season,4,2160.0,2357.0,197.0,True,False,8,10860|10861|12|3129|58,1|10865|10868|10869|5,4.0,8.0,6.32,6.0,15.0,720.0,False,False,103.63554554485935,108.12074138255129,-4.4851958376919345,7,-4.0,6.16,-64.93506493506493,63.291139240506325,133.33333333333334,True,0.0,0.0,0.0,0.0,0.0,0.0,0.0,2.0,0.0,0.0,1.0,0.0,0.0,0.0,1.0,0.0,0.0,0.0,0.0,0.0,0.0,0.0,0.0,0.0,0.0,0.0,0.0,0.0,0.88,1.88,0.2974683544303797,8|9|50|87|107,0|13|15|16|101,True,True,2
1396_031,1396,regular_season,4,2357.0,2447.0,90.0,True,False,8,10860|10861|12|3129|58,1|10|10868|10870|5,2.0,0.0,3.0,3.0,11.0,523.0,False,False,103.63554554485935,108.12074138255129,-4.4851958376919345,7,2.0,3.0,66.66666666666667,66.66666666666667,0.0,True,0.0,0.0,0.0,0.0,0.0,0.0,0.0,0.0,0.0,0.0,0.0,0.0,0.0,0.0,0.0,0.0,0.0,0.0,0.0,0.0,0.0,0.0,0.0,0.0,0.0,0.0,0.0,0.0,0.0,0.0,0.0,8|9|50|87|107,0|1|15|17|101,True,True,2
1396_032,1396,regular_season,4,2447.0,2474.0,27.0,True,False,8,10861|12|58|62|68,1|10|10868|10870|5,0.0,0.0,1.0,2.0,13.0,433.0,False,False,103.63554554485935,108.12074138255129,-4.4851958376919345,7,0.0,1.5,0.0,0.0,0.0,False,,,,,,,,,,,,,,,,,,,,,,,,,,,,,,,,9|50|107|110|112,0|1|15|17|101,True,True,2
1396_033,1396,regular_season,4,2474.0,2477.0,3.0,True,False,8,10861|12|54|62|68,1|10|10868|10870|5,0.0,0.0,0.0,0.0,13.0,406.0,False,False,103.63554554485935,108.12074138255129,-4.4851958376919345,7,0.0,0.0,,,,False,,,,,,,,,,,,,,,,,,,,,,,,,,,,,,,,9|50|103|110|112,0|1|15|17|101,True,True,2
1396_034,1396,regular_season,4,2477.0,2551.0,74.0,True,False,8,10861|12|54|62|68,1|10868|10870|14|5,6.0,3.0,2.88,3.0,13.0,403.0,False,False,103.63554554485935,108.12074138255129,-4.4851958376919345,7,3.0,2.94,102.04081632653062,208.33333333333334,100.0,False,,,,,,,,,,,,,,,,,,,,,,,,,,,,,,,,9|50|103|110|112,0|15|17|65|101,True,True,2
1396_035,1396,regular_season,4,2551.0,2708.0,157.0,True,False,8,10861|54|57|62|68,1|10868|10870|14|5,8.0,12.0,5.88,5.88,16.0,329.0,False,False,103.63554554485935,108.12074138255129,-4.4851958376919345,7,-4.0,5.88,-68.02721088435375,136.0544217687075,204.08163265306123,False,,,,,,,,,,,,,,,,,,,,,,,,,,,,,,,,9|103|106|110|112,0|15|17|65|101,True,True,2
1396_036,1396,regular_season,4,2708.0,2751.0,43.0,True,False,8,10861|54|57|62|68,1|10869|10870|14|5,2.0,0.0,1.0,2.0,12.0,172.0,False,False,103.63554554485935,108.12074138255129,-4.4851958376919345,7,2.0,1.5,133.33333333333334,200.0,0.0,False,,,,,,,,,,,,,,,,,,,,,,,,,,,,,,,,9|103|106|110|112,0|16|17|65|101,True,True,2
1396_037,1396,regular_season,4,2751.0,2793.0,42.0,True,False,8,10861|54|57|62|68,1|10|10868|10869|5,0.0,4.0,2.0,1.44,14.0,129.0,False,False,103.63554554485935,108.12074138255129,-4.4851958376919345,7,-4.0,1.72,-232.55813953488374,0.0,277.77777777777777,False,,,,,,,,,,,,,,,,,,,,,,,,,,,,,,,,9|103|106|110|112,0|1|15|16|101,True,True,2
1396_038,1396,regular_season,4,2793.0,2859.0,66.0,True,False,8,10861|54|57|62|68,10|10868|10869|14|5,3.0,4.0,2.88,2.76,10.0,87.0,False,False,103.63554554485935,108.12074138255129,-4.4851958376919345,7,-1.0,2.82,-35.46099290780142,104.16666666666667,144.92753623188406,False,,,,,,,,,,,,,,,,,,,,,,,,,,,,,,,,9|103|106|110|112,1|15|16|65|101,True,True,2
1396_039,1396,regular_season,4,2859.0,2859.0,0.0,True,False,8,10861|54|57|62|68,1|10|10868|10869|5,0.0,0.0,0.0,0.0,9.0,21.0,False,False,103.63554554485935,108.12074138255129,-4.4851958376919345,7,0.0,0.0,,,,False,,,,,,,,,,,,,,,,,,,,,,,,,,,,,,,,9|103|106|110|112,0|1|15|16|101,True,False,2
1396_040,1396,regular_season,4,2859.0,2880.0,21.0,True,False,8,10861|54|57|58|68,1|10|10869|10870|5,4.0,3.0,2.76,3.0,9.0,21.0,False,False,103.63554554485935,108.12074138255129,-4.4851958376919345,7,1.0,2.88,34.72222222222222,144.92753623188406,100.0,False,,,,,,,,,,,,,,,,,,,,,,,,,,,,,,,,9|103|106|107|112,0|1|16|17|101,True,True,2
1397_001,1397,regular_season,1,0.0,339.0,339.0,True,True,2,16|54|57|62|68,10894|110|118|12908|45,10.0,17.0,12.0,13.32,0.0,2880.0,False,False,99.1062674529518,107.03151488574467,-7.925247432792869,11,-7.0,12.66,-55.292259083728275,83.33333333333333,127.62762762762762,False,,,,,,,,,,,,,,,,,,,,,,,,,,,,,,,,75|103|106|110|112,41|44|48|55|98,True,True,3
1397_002,1397,regular_season,1,339.0,397.0,58.0,True,True,2,16|54|58|62|68,10894|110|118|12908|45,3.0,0.0,2.0,1.0,-7.0,2541.0,False,False,99.1062674529518,107.03151488574467,-7.925247432792869,11,3.0,1.5,200.0,150.0,0.0,False,,,,,,,,,,,,,,,,,,,,,,,,,,,,,,,,75|103|107|110|112,41|44|48|55|98,True,True,3
1397_003,1397,regular_season,1,397.0,611.0,214.0,True,True,2,10860|54|58|62|68,118|122|123|12668|12908,3.0,13.0,6.0,7.0,-4.0,2483.0,False,False,99.1062674529518,107.03151488574467,-7.925247432792869,11,-10.0,6.5,-153.84615384615384,50.0,185.71428571428572,True,0.0,0.0,0.0,0.0,0.0,0.0,0.0,0.0,0.0,0.0,2.0,0.0,0.0,0.0,0.0,0.0,0.0,0.0,0.0,0.0,0.0,0.0,0.0,0.0,0.0,0.0,0.0,0.0,0.0,0.0,0.0,8|103|107|110|112,48|52|53|54|55,True,True,3
1397_004,1397,regular_season,1,611.0,720.0,109.0,True,True,2,10860|10884|12|16|58,10894|119|121|122|12668,2.0,5.0,2.0,2.88,-14.0,2269.0,False,False,99.1062674529518,107.03151488574467,-7.925247432792869,11,-3.0,2.44,-122.95081967213115,100.0,173.61111111111111,True,0.0,0.0,0.0,0.0,0.0,0.0,0.0,0.0,0.0,1.0,0.0,0.0,0.0,0.0,0.0,2.0,0.0,0.0,0.0,0.0,0.0,0.0,0.0,0.0,0.0,0.0,0.0,0.0,0.0,0.0,0.0,8|31|50|75|107,41|49|51|52|54,True,True,3
1397_005,1397,regular_season,2,720.0,791.0,71.0,True,True,2,10860|10884|12|16|58,10894|119|121|122|12668,4.0,0.0,2.88,2.0,-17.0,2160.0,False,False,99.1062674529518,107.03151488574467,-7.925247432792869,11,4.0,2.44,163.9344262295082,138.88888888888889,0.0,True,0.0,1.0,0.0,1.0,0.0,0.0,0.0,0.0,0.0,0.0,0.0,0.0,0.0,0.0,0.0,0.0,0.0,0.0,0.0,0.0,1.0,0.0,0.0,0.0,0.0,0.0,0.0,0.0,1.0,1.0,0.3472222222222222,8|31|50|75|107,41|49|51|52|54,True,True,3
1397_006,1397,regular_season,2,791.0,921.0,130.0,True,True,2,10860|10884|12|16|58,10894|110|118|12908|45,4.0,2.0,3.0,3.0,-13.0,2089.0,False,False,99.1062674529518,107.03151488574467,-7.925247432792869,11,2.0,3.0,66.66666666666667,133.33333333333334,66.66666666666667,True,2.0,1.0,1.0,1.0,1.0,0.0,0.0,0.0,0.0,0.0,0.0,0.0,0.0,0.0,0.0,0.0,1.0,0.0,1.0,1.0,0.0,0.0,0.0,0.0,0.0,0.0,0.0,0.0,1.0,1.0,0.3333333333333333,8|31|50|75|107,41|44|48|55|98,True,True,3
1397_007,1397,regular_season,2,921.0,1007.0,86.0,True,True,2,10860|12|16|54|58,10894|110|118|12908|45,6.0,3.0,3.76,3.0,-11.0,1959.0,False,False,99.1062674529518,107.03151488574467,-7.925247432792869,11,3.0,3.38,88.75739644970415,159.5744680851064,100.0,True,1.0,0.0,0.0,0.0,0.0,0.0,0.0,2.0,1.0,0.0,0.0,0.0,1.0,0.0,0.0,0.0,0.0,0.0,0.0,0.0,0.0,0.0,0.0,0.0,0.0,0.0,0.0,0.0,0.88,0.88,0.23404255319148937,8|50|75|103|107,41|44|48|55|98,True,True,3
1397_008,1397,regular_season,2,1007.0,1123.0,116.0,True,True,2,12|16|54|58|68,10894|110|118|12908|45,6.0,8.0,3.88,4.88,-8.0,1873.0,False,False,99.1062674529518,107.03151488574467,-7.925247432792869,11,-2.0,4.38,-45.662100456621005,154.63917525773195,163.9344262295082,False,,,,,,,,,,,,,,,,,,,,,,,,,,,,,,,,50|75|103|107|112,41|44|48|55|98,True,True,3
1397_009,1397,regular_season,2,1123.0,1136.0,13.0,True,True,2,12|16|54|62|68,118|123|12668|12908|45,2.0,0.0,0.88,0.0,-10.0,1757.0,False,False,99.1062674529518,107.03151488574467,-7.925247432792869,11,2.0,0.44,454.54545454545456,227.27272727272728,,False,,,,,,,,,,,,,,,,,,,,,,,,,,,,,,,,50|75|103|110|112,48|53|54|55|98,True,True,3
1397_010,1397,regular_season,2,1136.0,1182.0,46.0,True,True,2,16|54|57|62|68,118|123|12668|12908|45,0.0,3.0,0.0,1.0,-8.0,1744.0,False,False,99.1062674529518,107.03151488574467,-7.925247432792869,11,-3.0,0.5,-600.0,,300.0,False,,,,,,,,,,,,,,,,,,,,,,,,,,,,,,,,75|103|106|110|112,48|53|54|55|98,True,True,3
1397_011,1397,regular_season,2,1182.0,1225.0,43.0,True,True,2,10860|54|57|62|68,118|123|12668|12908|45,3.0,0.0,2.88,2.0,-11.0,1698.0,False,False,99.1062674529518,107.03151488574467,-7.925247432792869,11,3.0,2.44,122.95081967213115,104.16666666666667,0.0,True,0.0,0.0,0.0,0.0,0.0,0.0,0.0,0.0,0.0,0.0,0.0,0.0,0.0,0.0,0.0,0.0,0.0,0.0,0.0,0.0,0.0,0.0,0.0,0.0,0.0,0.0,0.0,0.0,0.0,0.0,0.0,8|103|106|110|112,48|53|54|55|98,True,True,3
1397_012,1397,regular_season,2,1225.0,1298.0,73.0,True,True,2,10860|54|57|62|68,108|118|123|12668|12908,0.0,5.0,2.0,3.44,-8.0,1655.0,False,False,99.1062674529518,107.03151488574467,-7.925247432792869,11,-5.0,2.7199999999999998,-183.82352941176472,0.0,145.34883720930233,True,0.0,1.0,0.0,1.0,0.0,0.0,0.0,0.0,0.0,0.0,0.0,0.0,0.0,0.0,0.0,1.0,0.0,0.0,0.0,0.0,1.0,0.0,0.0,0.0,0.0,0.0,0.0,0.0,1.0,1.0,0.5,8|103|106|110|112,7|48|53|54|55,True,True,3
1397_013,1397,regular_season,2,1298.0,1310.0,12.0,True,True,2,16|54|57|62|68,108|118|123|12668|12908,0.0,0.0,0.0,0.0,-13.0,1582.0,False,False,99.1062674529518,107.03151488574467,-7.925247432792869,11,0.0,0.0,,,,False,,,,,,,,,,,,,,,,,,,,,,,,,,,,,,,,75|103|106|110|112,7|48|53|54|55,True,True,3
1397_014,1397,regular_season,2,1310.0,1429.0,119.0,True,True,2,16|54|58|62|68,108|118|123|12668|12908,7.0,3.0,3.44,2.44,-13.0,1570.0,False,False,99.1062674529518,107.03151488574467,-7.925247432792869,11,4.0,2.94,136.0544217687075,203.48837209302326,122.95081967213115,False,,,,,,,,,,,,,,,,,,,,,,,,,,,,,,,,75|103|107|110|112,7|48|53|54|55,True,True,3
1397_015,1397,regular_season,2,1429.0,1440.0,11.0,True,True,2,16|3129|54|58|62,108|118|123|12668|12908,0.0,2.0,1.0,1.0,-9.0,1451.0,False,False,99.1062674529518,107.03151488574467,-7.925247432792869,11,-2.0,1.0,-200.0,0.0,200.0,False,,,,,,,,,,,,,,,,,,,,,,,,,,,,,,,,75|87|103|107|110,7|48|53|54|55,True,True,3
1397_016,1397,regular_season,3,1440.0,1669.0,229.0,True,True,2,16|54|58|62|68,10894|110|118|12908|45,2.0,13.0,8.0,8.88,-11.0,1440.0,False,False,99.1062674529518,107.03151488574467,-7.925247432792869,11,-11.0,8.440000000000001,-130.33175355450234,25.0,146.3963963963964,False,,,,,,,,,,,,,,,,,,,,,,,,,,,,,,,,75|103|107|110|112,41|44|48|55|98,True,True,3
1397_017,1397,regular_season,3,1669.0,1828.0,159.0,True,True,2,12|16|54|58|68,10894|110|118|12908|45,7.0,8.0,5.0,5.0,-22.0,1211.0,False,False,99.1062674529518,107.03151488574467,-7.925247432792869,11,-1.0,5.0,-20.0,140.0,160.0,False,,,,,,,,,,,,,,,,,,,,,,,,,,,,,,,,50|75|103|107|112,41|44|48|55|98,True,True,3
1397_018,1397,regular_season,3,1828.0,1939.0,111.0,True,True,2,10860|12|16|54|58,118|122|123|12668|12908,7.0,5.0,3.88,3.0,-23.0,1052.0,False,False,99.1062674529518,107.03151488574467,-7.925247432792869,11,2.0,3.44,58.139534883720934,180.41237113402062,166.66666666666666,True,0.0,0.0,0.0,0.0,0.0,0.0,0.0,0.0,0.0,0.0,0.0,0.0,0.0,0.0,0.0,0.0,0.0,0.0,0.0,0.0,0.0,0.0,0.0,0.0,0.0,0.0,0.0,0.0,0.0,0.0,0.0,8|50|75|103|107,48|52|53|54|55,True,True,3
1397_019,1397,regular_season,3,1939.0,2021.0,82.0,True,True,2,10860|12|16|57|58,118|122|123|12668|12908,2.0,0.0,2.0,3.0,-21.0,941.0,False,False,99.1062674529518,107.03151488574467,-7.925247432792869,11,2.0,2.5,80.0,100.0,0.0,True,0.0,0.0,0.0,0.0,0.0,0.0,0.0,0.0,0.0,0.0,1.0,0.0,0.0,0.0,0.0,1.0,0.0,0.0,0.0,0.0,0.0,0.0,0.0,0.0,0.0,0.0,0.0,0.0,0.0,0.0,0.0,8|50|75|106|107,48|52|53|54|55,True,True,3
1397_020,1397,regular_season,3,2021.0,2080.0,59.0,True,True,2,10860|12|16|57|58,118|121|122|123|12668,0.0,0.0,1.88,2.0,-19.0,859.0,False,False,99.1062674529518,107.03151488574467,-7.925247432792869,11,0.0,1.94,0.0,0.0,0.0,True,0.0,0.0,0.0,0.0,0.0,0.0,0.0,0.0,0.0,0.0,1.0,0.0,0.0,0.0,0.0,0.0,0.0,0.0,0.0,0.0,0.0,0.0,0.0,0.0,0.0,0.0,0.0,0.0,0.0,0.0,0.0,8|50|75|106|107,48|51|52|53|54,True,True,3
1397_021,1397,regular_season,3,2080.0,2122.0,42.0,True,True,2,10860|12|57|58|68,118|121|122|123|12668,1.0,0.0,1.88,1.0,-19.0,800.0,False,False,99.1062674529518,107.03151488574467,-7.925247432792869,11,1.0,1.44,69.44444444444444,53.19148936170213,0.0,True,0.0,0.0,0.0,0.0,0.0,0.0,0.0,0.0,0.0,1.0,1.0,0.0,0.0,0.0,1.0,0.0,0.0,0.0,0.0,0.0,0.0,0.0,0.0,0.0,0.0,0.0,0.0,0.0,0.0,1.0,0.5319148936170213,8|50|106|107|112,48|51|52|53|54,True,True,3
1397_022,1397,regular_season,3,2122.0,2143.0,21.0,True,True,2,10860|12|57|58|68,119|121|122|123|12668,2.0,0.0,1.88,2.0,-18.0,758.0,False,False,99.1062674529518,107.03151488574467,-7.925247432792869,11,2.0,1.94,103.09278350515464,106.38297872340426,0.0,True,0.0,0.0,0.0,0.0,0.0,0.0,0.0,0.0,0.0,0.0,0.0,0.0,0.0,0.0,0.0,0.0,0.0,0.0,0.0,0.0,0.0,0.0,0.0,0.0,0.0,0.0,0.0,0.0,0.0,0.0,0.0,8|50|106|107|112,49|51|52|53|54,True,True,3
1397_023,1397,regular_season,3,2143.0,2160.0,17.0,True,True,2,10860|12|57|58|68,110|119|121|122|12908,0.0,0.0,0.0,1.0,-16.0,737.0,False,False,99.1062674529518,107.03151488574467,-7.925247432792869,11,0.0,0.5,0.0,,0.0,True,0.0,0.0,0.0,0.0,0.0,0.0,0.0,0.0,0.0,0.0,0.0,0.0,0.0,0.0,0.0,0.0,0.0,0.0,0.0,0.0,0.0,0.0,0.0,0.0,0.0,0.0,0.0,0.0,0.0,0.0,,8|50|106|107|112,44|49|51|52|55,True,True,3
1397_024,1397,regular_season,4,2160.0,2256.0,96.0,True,True,2,10860|12|57|58|68,10894|110|118|12908|45,3.0,7.0,3.0,3.44,-16.0,720.0,False,False,99.1062674529518,107.03151488574467,-7.925247432792869,11,-4.0,3.2199999999999998,-124.22360248447205,100.0,203.48837209302326,True,0.0,0.0,0.0,0.0,0.0,0.0,0.0,0.0,0.0,0.0,0.0,0.0,0.0,0.0,1.0,0.0,0.0,0.0,0.0,0.0,0.0,0.0,0.0,0.0,0.0,0.0,0.0,0.0,0.0,1.0,0.3333333333333333,8|50|106|107|112,41|44|48|55|98,True,True,3
1397_025,1397,regular_season,4,2256.0,2294.0,38.0,True,True,2,12|16|57|58|68,10894|110|118|12908|45,0.0,2.0,1.0,2.0,-20.0,624.0,False,True,99.1062674529518,107.03151488574467,-7.925247432792869,11,-2.0,1.5,-133.33333333333334,0.0,100.0,False,,,,,,,,,,,,,,,,,,,,,,,,,,,,,,,,50|75|106|107|112,41|44|48|55|98,True,True,3
1397_026,1397,regular_season,4,2294.0,2314.0,20.0,True,True,2,12|16|54|58|68,10894|110|118|12908|45,0.0,2.0,1.0,1.0,-22.0,586.0,False,True,99.1062674529518,107.03151488574467,-7.925247432792869,11,-2.0,1.0,-200.0,0.0,200.0,False,,,,,,,,,,,,,,,,,,,,,,,,,,,,,,,,50|75|103|107|112,41|44|48|55|98,True,True,3
1397_027,1397,regular_season,4,2314.0,2438.0,124.0,True,True,2,10884|12|16|54|68,10894|110|118|12908|45,2.0,5.0,3.0,3.0,-24.0,566.0,False,True,99.1062674529518,107.03151488574467,-7.925247432792869,11,-3.0,3.0,-100.0,66.66666666666667,166.66666666666666,False,,,,,,,,,,,,,,,,,,,,,,,,,,,,,,,,31|50|75|103|112,41|44|48|55|98,True,True,3
1397_028,1397,regular_season,4,2438.0,2527.0,89.0,True,True,2,10884|16|54|58|68,10894|110|118|12908|45,2.0,0.0,2.0,2.0,-27.0,442.0,False,True,99.1062674529518,107.03151488574467,-7.925247432792869,11,2.0,2.0,100.0,100.0,0.0,False,,,,,,,,,,,,,,,,,,,,,,,,,,,,,,,,31|75|103|107|112,41|44|48|55|98,True,True,3
1397_029,1397,regular_season,4,2527.0,2617.0,90.0,True,True,2,10860|10884|54|58|68,118|123|12668|12908|45,3.0,4.0,3.88,3.44,-25.0,353.0,False,True,99.1062674529518,107.03151488574467,-7.925247432792869,11,-1.0,3.66,-27.3224043715847,77.31958762886597,116.27906976744187,True,0.0,1.0,0.0,1.0,0.0,0.0,0.0,0.0,0.0,0.0,0.0,0.0,0.0,0.0,0.0,0.0,0.0,0.0,0.0,0.0,1.0,0.0,0.0,0.0,0.0,0.0,0.0,0.0,1.0,1.0,0.2577319587628866,8|31|103|107|112,48|53|54|55|98,True,True,3
1397_030,1397,regular_season,4,2617.0,2645.0,28.0,True,True,2,10860|10884|54|58|68,108|118|123|12668|12908,0.0,0.0,0.0,1.0,-26.0,263.0,False,True,99.1062674529518,107.03151488574467,-7.925247432792869,11,0.0,0.5,0.0,,0.0,True,0.0,0.0,0.0,0.0,0.0,0.0,0.0,0.0,0.0,0.0,0.0,0.0,0.0,0.0,0.0,0.0,0.0,0.0,0.0,0.0,0.0,0.0,0.0,0.0,0.0,0.0,0.0,0.0,0.0,0.0,,8|31|103|107|112,7|48|53|54|55,True,True,3
1397_031,1397,regular_season,4,2645.0,2654.0,9.0,True,True,2,10860|10884|12|3129|56,108|118|123|12668|12908,1.0,0.0,0.88,0.0,-26.0,235.0,False,True,99.1062674529518,107.03151488574467,-7.925247432792869,11,1.0,0.44,227.27272727272728,113.63636363636364,,True,1.0,0.0,0.0,0.0,0.0,0.0,0.0,2.0,1.0,0.0,0.0,0.0,0.0,0.0,0.0,0.0,0.0,0.0,0.0,0.0,0.0,0.0,0.0,0.0,0.0,0.0,0.0,0.0,0.88,0.88,1.0,8|31|50|87|105,7|48|53|54|55,True,True,3
1397_032,1397,regular_season,4,2654.0,2732.0,78.0,True,True,2,10860|10884|12|3129|56,108|116|118|12668|12908,2.0,3.0,1.44,2.0,-25.0,226.0,False,True,99.1062674529518,107.03151488574467,-7.925247432792869,11,-1.0,1.72,-58.139534883720934,138.88888888888889,150.0,True,2.0,1.0,1.0,1.0,1.0,0.0,0.0,1.0,0.0,1.0,1.0,0.0,0.0,0.0,0.0,0.0,0.0,1.0,0.0,0.0,1.0,1.0,0.0,0.0,0.0,0.0,0.0,0.0,1.44,1.44,1.0,8|31|50|87|105,7|47|48|54|55,True,True,3
1397_033,1397,regular_season,4,2732.0,2747.0,15.0,True,True,2,10884|12|3129|56|64,108|10891|116|118|12668,0.0,0.0,1.0,0.0,-26.0,148.0,False,True,99.1062674529518,107.03151488574467,-7.925247432792869,11,0.0,0.5,0.0,0.0,,False,,,,,,,,,,,,,,,,,,,,,,,,,,,,,,,,31|50|87|105|111,7|38|47|48|54,True,True,3
1397_034,1397,regular_season,4,2747.0,2880.0,133.0,True,True,2,10884|12|3129|56|64,108|10891|116|122|12668,6.0,2.0,3.88,4.0,-26.0,133.0,False,True,99.1062674529518,107.03151488574467,-7.925247432792869,11,4.0,3.94,101.5228426395939,154.63917525773195,50.0,False,,,,,,,,,,,,,,,,,,,,,,,,,,,,,,,,31|50|87|105|111,7|38|47|52|54,True,True,3
1399_001,1399,regular_season,1,0.0,357.0,357.0,True,True,7,16|54|57|62|68,10872|10875|21|25|867,8.0,15.0,10.76,11.44,0.0,2880.0,False,False,104.17043549170525,104.7270926293056,-0.5566571376003615,11,-7.0,11.1,-63.06306306306306,74.34944237918216,131.11888111888112,False,,,,,,,,,,,,,,,,,,,,,,,,,,,,,,,,75|103|106|110|112,19|22|78|82|126,True,True,4
1399_002,1399,regular_season,1,357.0,417.0,60.0,True,True,7,10861|16|54|57|58,10872|10874|10875|21|867,0.0,4.0,2.0,3.0,-7.0,2523.0,False,False,104.17043549170525,104.7270926293056,-0.5566571376003615,11,-4.0,2.5,-160.0,0.0,133.33333333333334,False,,,,,,,,,,,,,,,,,,,,,,,,,,,,,,,,9|75|103|106|107,19|21|22|78|126,True,True,4
1399_003,1399,regular_season,1,417.0,419.0,2.0,True,True,7,10861|12|16|57|58,10872|10874|10875|22|32,2.0,0.0,0.88,0.0,-11.0,2463.0,False,False,104.17043549170525,104.7270926293056,-0.5566571376003615,11,2.0,0.44,454.54545454545456,227.27272727272728,,False,,,,,,,,,,,,,,,,,,,,,,,,,,,,,,,,9|50|75|106|107,19|21|22|79|88,True,True,4
1399_004,1399,regular_season,1,419.0,499.0,80.0,True,True,7,10861|12|16|57|58,10872|10874|22|32|867,2.0,3.0,2.0,3.0,-9.0,2461.0,False,False,104.17043549170525,104.7270926293056,-0.5566571376003615,11,-1.0,2.5,-40.0,100.0,100.0,False,,,,,,,,,,,,,,,,,,,,,,,,,,,,,,,,9|50|75|106|107,19|21|79|88|126,True,True,4
1399_005,1399,regular_season,1,499.0,530.0,31.0,True,True,7,10861|12|16|57|58,10874|21|22|32|867,2.0,0.0,1.0,1.0,-10.0,2381.0,False,False,104.17043549170525,104.7270926293056,-0.5566571376003615,11,2.0,1.0,200.0,200.0,0.0,False,,,,,,,,,,,,,,,,,,,,,,,,,,,,,,,,9|50|75|106|107,21|78|79|88|126,True,True,4
1399_006,1399,regular_season,1,530.0,637.0,107.0,True,True,7,10861|10884|12|16|58,10874|21|22|32|867,4.0,7.0,3.88,3.0,-8.0,2350.0,False,False,104.17043549170525,104.7270926293056,-0.5566571376003615,11,-3.0,3.44,-87.20930232558139,103.09278350515464,233.33333333333334,False,,,,,,,,,,,,,,,,,,,,,,,,,,,,,,,,9|31|50|75|107,21|78|79|88|126,True,True,4
1399_007,1399,regular_season,1,637.0,678.0,41.0,True,True,7,10861|10884|12|16|58,10874|10875|21|24|32,3.0,0.0,1.88,2.0,-11.0,2243.0,False,False,104.17043549170525,104.7270926293056,-0.5566571376003615,11,3.0,1.94,154.63917525773195,159.5744680851064,0.0,False,,,,,,,,,,,,,,,,,,,,,,,,,,,,,,,,9|31|50|75|107,21|22|78|81|88,True,True,4
1399_008,1399,regular_season,1,678.0,688.0,10.0,True,True,7,10861|10884|12|58|68,10874|19|21|24|32,0.0,2.0,0.0,0.88,-8.0,2202.0,False,False,104.17043549170525,104.7270926293056,-0.5566571376003615,11,-2.0,0.44,-454.54545454545456,,227.27272727272728,False,,,,,,,,,,,,,,,,,,,,,,,,,,,,,,,,9|31|50|107|112,21|76|78|81|88,True,True,4
1399_009,1399,regular_season,1,688.0,696.0,8.0,True,True,7,10861|12|54|58|68,10872|10874|19|25|32,2.0,0.0,0.88,0.0,-10.0,2192.0,False,False,104.17043549170525,104.7270926293056,-0.5566571376003615,11,2.0,0.44,454.54545454545456,227.27272727272728,,False,,,,,,,,,,,,,,,,,,,,,,,,,,,,,,,,9|50|103|107|112,19|21|76|82|88,True,True,4
1399_010,1399,regular_season,1,696.0,710.0,14.0,True,True,7,10861|10884|12|16|58,10872|10874|10875|21|867,0.0,0.0,0.0,1.0,-8.0,2184.0,False,False,104.17043549170525,104.7270926293056,-0.5566571376003615,11,0.0,0.5,0.0,,0.0,False,,,,,,,,,,,,,,,,,,,,,,,,,,,,,,,,9|31|50|75|107,19|21|22|78|126,True,True,4
1399_011,1399,regular_season,1,710.0,720.0,10.0,True,True,7,10861|12|54|58|68,10872|10875|21|25|867,0.0,0.0,2.0,1.0,-8.0,2170.0,False,False,104.17043549170525,104.7270926293056,-0.5566571376003615,11,0.0,1.5,0.0,0.0,0.0,False,,,,,,,,,,,,,,,,,,,,,,,,,,,,,,,,9|50|103|107|112,19|22|78|82|126,True,True,4
1399_012,1399,regular_season,2,720.0,788.0,68.0,True,True,7,10861|12|54|58|68,10872|10874|10875|28|867,2.0,2.0,2.0,2.0,-8.0,2160.0,False,False,104.17043549170525,104.7270926293056,-0.5566571376003615,11,0.0,2.0,0.0,100.0,100.0,False,,,,,,,,,,,,,,,,,,,,,,,,,,,,,,,,9|50|103|107|112,19|21|22|84|126,True,True,4
1399_013,1399,regular_season,2,788.0,820.0,32.0,True,True,7,10861|12|54|58|68,10872|10875|22|28|32,5.0,0.0,2.44,1.0,-8.0,2092.0,False,False,104.17043549170525,104.7270926293056,-0.5566571376003615,11,5.0,1.72,290.69767441860466,204.91803278688525,0.0,False,,,,,,,,,,,,,,,,,,,,,,,,,,,,,,,,9|50|103|107|112,19|22|79|84|88,True,True,4
1399_014,1399,regular_season,2,820.0,866.0,46.0,True,True,7,10861|12|54|58|68,10872|10875|22|28|867,2.0,3.0,1.0,2.0,-3.0,2060.0,False,False,104.17043549170525,104.7270926293056,-0.5566571376003615,11,-1.0,1.5,-66.66666666666667,200.0,150.0,False,,,,,,,,,,,,,,,,,,,,,,,,,,,,,,,,9|50|103|107|112,19|22|79|84|126,True,True,4
1399_015,1399,regular_season,2,866.0,873.0,7.0,True,True,7,10861|3129|54|58|68,10872|10875|22|28|867,0.0,0.0,0.0,0.0,-4.0,2014.0,False,False,104.17043549170525,104.7270926293056,-0.5566571376003615,11,0.0,0.0,,,,False,,,,,,,,,,,,,,,,,,,,,,,,,,,,,,,,9|87|103|107|112,19|22|79|84|126,True,True,4
1399_016,1399,regular_season,2,873.0,911.0,38.0,True,True,7,10861|3129|54|58|68,10872|22|25|32|867,2.0,0.0,1.0,1.0,-4.0,2007.0,False,False,104.17043549170525,104.7270926293056,-0.5566571376003615,11,2.0,1.0,200.0,200.0,0.0,False,,,,,,,,,,,,,,,,,,,,,,,,,,,,,,,,9|87|103|107|112,19|79|82|88|126,True,True,4
1399_017,1399,regular_season,2,911.0,961.0,50.0,True,True,7,10861|3129|54|58|68,21|22|25|32|867,1.0,2.0,2.88,2.0,-2.0,1969.0,False,False,104.17043549170525,104.7270926293056,-0.5566571376003615,11,-1.0,2.44,-40.98360655737705,34.72222222222222,100.0,False,,,,,,,,,,,,,,,,,,,,,,,,,,,,,,,,9|87|103|107|112,78|79|82|88|126,True,True,4
1399_018,1399,regular_season,2,961.0,1056.0,95.0,True,True,7,10861|3129|54|58|68,10872|21|22|32|867,0.0,6.0,2.0,2.76,-3.0,1919.0,False,False,104.17043549170525,104.7270926293056,-0.5566571376003615,11,-6.0,2.38,-252.10084033613447,0.0,217.3913043478261,False,,,,,,,,,,,,,,,,,,,,,,,,,,,,,,,,9|87|103|107|112,19|78|79|88|126,True,True,4
1399_019,1399,regular_season,2,1056.0,1156.0,100.0,True,True,7,16|3129|54|57|68,10872|21|22|32|867,9.0,4.0,4.76,3.88,-9.0,1824.0,False,False,104.17043549170525,104.7270926293056,-0.5566571376003615,11,5.0,4.32,115.74074074074073,189.07563025210084,103.09278350515464,False,,,,,,,,,,,,,,,,,,,,,,,,,,,,,,,,75|87|103|106|112,19|78|79|88|126,True,True,4
1399_020,1399,regular_season,2,1156.0,1259.0,103.0,True,True,7,16|54|57|62|68,10872|21|25|32|867,4.0,8.0,3.88,4.0,-4.0,1724.0,False,False,104.17043549170525,104.7270926293056,-0.5566571376003615,11,-4.0,3.94,-101.5228426395939,103.09278350515464,200.0,False,,,,,,,,,,,,,,,,,,,,,,,,,,,,,,,,75|103|106|110|112,19|78|82|88|126,True,True,4
1399_021,1399,regular_season,2,1259.0,1298.0,39.0,True,True,7,10861|12|16|57|58,10872|10875|23|25|28,0.0,2.0,1.0,2.0,-8.0,1621.0,False,False,104.17043549170525,104.7270926293056,-0.5566571376003615,11,-2.0,1.5,-133.33333333333334,0.0,100.0,False,,,,,,,,,,,,,,,,,,,,,,,,,,,,,,,,9|50|75|106|107,19|22|80|82|84,True,True,4
1399_022,1399,regular_season,2,1298.0,1431.0,133.0,True,True,7,12|16|57|58|68,10872|10875|24|25|28,6.0,1.0,6.44,4.88,-10.0,1582.0,False,False,104.17043549170525,104.7270926293056,-0.5566571376003615,11,5.0,5.66,88.33922261484099,93.16770186335403,20.491803278688526,False,,,,,,,,,,,,,,,,,,,,,,,,,,,,,,,,50|75|106|107|112,19|22|81|82|84,True,True,4
1399_023,1399,regular_season,2,1431.0,1440.0,9.0,True,True,7,10861|12|16|57|58,21|22|28|32|867,0.0,0.0,0.0,1.0,-5.0,1449.0,False,False,104.17043549170525,104.7270926293056,-0.5566571376003615,11,0.0,0.5,0.0,,0.0,False,,,,,,,,,,,,,,,,,,,,,,,,,,,,,,,,9|50|75|106|107,78|79|84|88|126,True,True,4
1399_024,1399,regular_season,3,1440.0,1540.0,100.0,True,True,7,16|54|57|58|68,10872|10875|21|25|867,2.0,0.0,3.0,3.0,-5.0,1440.0,False,False,104.17043549170525,104.7270926293056,-0.5566571376003615,11,2.0,3.0,66.66666666666667,66.66666666666667,0.0,False,,,,,,,,,,,,,,,,,,,,,,,,,,,,,,,,75|103|106|107|112,19|22|78|82|126,True,True,4
1399_025,1399,regular_season,3,1540.0,1580.0,40.0,True,True,7,16|54|57|58|68,10875|21|22|25|867,3.0,3.0,1.0,1.88,-3.0,1340.0,False,False,104.17043549170525,104.7270926293056,-0.5566571376003615,11,0.0,1.44,0.0,300.0,159.5744680851064,False,,,,,,,,,,,,,,,,,,,,,,,,,,,,,,,,75|103|106|107|112,22|78|79|82|126,True,True,4
1399_026,1399,regular_season,3,1580.0,1714.0,134.0,True,True,7,16|54|57|58|68,21|22|25|32|867,0.0,5.0,4.0,3.0,-3.0,1300.0,False,False,104.17043549170525,104.7270926293056,-0.5566571376003615,11,-5.0,3.5,-142.85714285714286,0.0,166.66666666666666,False,,,,,,,,,,,,,,,,,,,,,,,,,,,,,,,,75|103|106|107|112,78|79|82|88|126,True,True,4
1399_027,1399,regular_season,3,1714.0,1738.0,24.0,True,True,7,12|16|57|58|68,21|22|25|32|867,0.0,0.0,1.0,2.0,-8.0,1166.0,False,False,104.17043549170525,104.7270926293056,-0.5566571376003615,11,0.0,1.5,0.0,0.0,0.0,False,,,,,,,,,,,,,,,,,,,,,,,,,,,,,,,,50|75|106|107|112,78|79|82|88|126,True,True,4
1399_028,1399,regular_season,3,1738.0,1784.0,46.0,True,True,7,12|16|57|58|68,10872|21|25|32|867,2.0,2.0,2.0,1.0,-8.0,1142.0,False,False,104.17043549170525,104.7270926293056,-0.5566571376003615,11,0.0,1.5,0.0,100.0,200.0,False,,,,,,,,,,,,,,,,,,,,,,,,,,,,,,,,50|75|106|107|112,19|78|82|88|126,True,True,4
1399_029,1399,regular_season,3,1784.0,1806.0,22.0,True,True,7,12|16|3129|58|68,10872|21|25|32|867,2.0,0.0,0.88,1.0,-8.0,1096.0,False,False,104.17043549170525,104.7270926293056,-0.5566571376003615,11,2.0,0.94,212.76595744680853,227.27272727272728,0.0,False,,,,,,,,,,,,,,,,,,,,,,,,,,,,,,,,50|75|87|107|112,19|78|82|88|126,True,True,4
1399_030,1399,regular_season,3,1806.0,1868.0,62.0,True,True,7,10861|12|3129|58|68,10872|10875|21|24|32,0.0,0.0,1.0,1.0,-6.0,1074.0,False,False,104.17043549170525,104.7270926293056,-0.5566571376003615,11,0.0,1.0,0.0,0.0,0.0,False,,,,,,,,,,,,,,,,,,,,,,,,,,,,,,,,9|50|87|107|112,19|22|78|81|88,True,True,4
1399_031,1399,regular_season,3,1868.0,1906.0,38.0,True,True,7,10861|12|3129|58|68,10872|10875|21|23|32,2.0,4.0,1.0,1.88,-6.0,1012.0,False,False,104.17043549170525,104.7270926293056,-0.5566571376003615,11,-2.0,1.44,-138.88888888888889,200.0,212.76595744680853,False,,,,,,,,,,,,,,,,,,,,,,,,,,,,,,,,9|50|87|107|112,19|22|78|80|88,True,True,4
1399_032,1399,regular_season,3,1906.0,2013.0,107.0,True,True,7,10861|12|3129|62|68,10875|21|23|28|32,6.0,3.0,3.76,3.0,-8.0,974.0,False,False,104.17043549170525,104.7270926293056,-0.5566571376003615,11,3.0,3.38,88.75739644970415,159.5744680851064,100.0,False,,,,,,,,,,,,,,,,,,,,,,,,,,,,,,,,9|50|87|110|112,22|78|80|84|88,True,True,4
1399_033,1399,regular_season,3,2013.0,2039.0,26.0,True,True,7,10861|12|3129|58|68,10872|10874|10875|28|32,3.0,0.0,1.44,1.0,-5.0,867.0,False,False,104.17043549170525,104.7270926293056,-0.5566571376003615,11,3.0,1.22,245.9016393442623,208.33333333333334,0.0,False,,,,,,,,,,,,,,,,,,,,,,,,,,,,,,,,9|50|87|107|112,19|21|22|84|88,True,True,4
1399_034,1399,regular_season,3,2039.0,2105.0,66.0,True,True,7,10861|12|16|3129|58,10872|21|28|32|867,2.0,2.0,2.0,2.88,-2.0,841.0,False,False,104.17043549170525,104.7270926293056,-0.5566571376003615,11,0.0,2.44,0.0,100.0,69.44444444444444,False,,,,,,,,,,,,,,,,,,,,,,,,,,,,,,,,9|50|75|87|107,19|78|84|88|126,True,True,4
1399_035,1399,regular_season,3,2105.0,2160.0,55.0,True,True,7,10861|12|16|57|58,10872|10874|21|32|867,3.0,2.0,2.0,2.0,-2.0,775.0,False,False,104.17043549170525,104.7270926293056,-0.5566571376003615,11,1.0,2.0,50.0,150.0,100.0,False,,,,,,,,,,,,,,,,,,,,,,,,,,,,,,,,9|50|75|106|107,19|21|78|88|126,True,True,4
1399_036,1399,regular_season,4,2160.0,2251.0,91.0,True,True,7,10861|12|16|57|58,10872|10874|21|32|867,4.0,0.0,2.0,2.0,-1.0,720.0,False,False,104.17043549170525,104.7270926293056,-0.5566571376003615,11,4.0,2.0,200.0,200.0,0.0,False,,,,,,,,,,,,,,,,,,,,,,,,,,,,,,,,9|50|75|106|107,19|21|78|88|126,True,True,4
1399_037,1399,regular_season,4,2251.0,2341.0,90.0,True,True,7,10861|12|16|57|58,10872|10874|10875|21|867,2.0,5.0,4.0,3.0,3.0,629.0,False,False,104.17043549170525,104.7270926293056,-0.5566571376003615,11,-3.0,3.5,-85.71428571428571,50.0,166.66666666666666,False,,,,,,,,,,,,,,,,,,,,,,,,,,,,,,,,9|50|75|106|107,19|21|22|78|126,True,True,4
1399_038,1399,regular_season,4,2341.0,2391.0,50.0,True,True,7,16|54|57|58|68,10872|10874|10875|21|867,4.0,2.0,1.88,2.0,0.0,539.0,False,False,104.17043549170525,104.7270926293056,-0.5566571376003615,11,2.0,1.94,103.09278350515464,212.76595744680853,100.0,False,,,,,,,,,,,,,,,,,,,,,,,,,,,,,,,,75|103|106|107|112,19|21|22|78|126,True,True,4
1399_039,1399,regular_season,4,2391.0,2427.0,36.0,True,True,7,16|54|57|58|68,10872|10875|21|25|867,0.0,0.0,0.0,1.0,2.0,489.0,False,False,104.17043549170525,104.7270926293056,-0.5566571376003615,11,0.0,0.5,0.0,,0.0,False,,,,,,,,,,,,,,,,,,,,,,,,,,,,,,,,75|103|106|107|112,19|22|78|82|126,True,True,4
1399_040,1399,regular_season,4,2427.0,2511.0,84.0,True,True,7,16|54|57|58|68,10875|21|22|25|867,4.0,0.0,4.32,3.0,2.0,453.0,False,False,104.17043549170525,104.7270926293056,-0.5566571376003615,11,4.0,3.66,109.2896174863388,92.59259259259258,0.0,False,,,,,,,,,,,,,,,,,,,,,,,,,,,,,,,,75|103|106|107|112,22|78|79|82|126,True,True,4
1399_041,1399,regular_season,4,2511.0,2573.0,62.0,True,True,7,16|54|57|58|68,21|22|25|32|867,0.0,2.0,1.88,2.0,6.0,369.0,False,False,104.17043549170525,104.7270926293056,-0.5566571376003615,11,-2.0,1.94,-103.09278350515464,0.0,100.0,False,,,,,,,,,,,,,,,,,,,,,,,,,,,,,,,,75|103|106|107|112,78|79|82|88|126,True,True,4
1399_042,1399,regular_season,4,2573.0,2760.0,187.0,True,True,7,16|54|57|58|68,10872|10874|21|32|867,4.0,7.0,5.0,5.0,4.0,307.0,False,False,104.17043549170525,104.7270926293056,-0.5566571376003615,11,-3.0,5.0,-60.0,80.0,140.0,False,,,,,,,,,,,,,,,,,,,,,,,,,,,,,,,,75|103|106|107|112,19|21|78|88|126,True,True,4
1399_043,1399,regular_season,4,2760.0,2805.0,45.0,True,True,7,16|54|57|58|68,10872|21|28|32|867,3.0,3.0,2.0,2.0,1.0,120.0,False,False,104.17043549170525,104.7270926293056,-0.5566571376003615,11,0.0,2.0,0.0,150.0,150.0,False,,,,,,,,,,,,,,,,,,,,,,,,,,,,,,,,75|103|106|107|112,19|78|84|88|126,True,True,4
1399_044,1399,regular_season,4,2805.0,2810.0,5.0,True,True,7,16|54|57|58|68,10875|21|25|28|867,0.0,0.0,0.0,0.0,1.0,75.0,False,False,104.17043549170525,104.7270926293056,-0.5566571376003615,11,0.0,0.0,,,,False,,,,,,,,,,,,,,,,,,,,,,,,,,,,,,,,75|103|106|107|112,22|78|82|84|126,True,True,4
1399_045,1399,regular_season,4,2810.0,2874.0,64.0,True,True,7,16|54|57|58|68,10872|10875|21|28|867,3.0,2.0,2.88,3.0,1.0,70.0,False,False,104.17043549170525,104.7270926293056,-0.5566571376003615,11,1.0,2.94,34.013605442176875,104.16666666666667,66.66666666666667,False,,,,,,,,,,,,,,,,,,,,,,,,,,,,,,,,75|103|106|107|112,19|22|78|84|126,True,True,4
1399_046,1399,regular_season,4,2874.0,2880.0,6.0,True,True,7,16|54|57|58|68,10872|21|28|32|867,0.0,0.0,0.0,1.0,2.0,6.0,False,False,104.17043549170525,104.7270926293056,-0.5566571376003615,11,0.0,0.5,0.0,,0.0,False,,,,,,,,,,,,,,,,,,,,,,,,,,,,,,,,75|103|106|107|112,19|78|84|88|126,True,True,4
1401_001,1401,regular_season,1,0.0,221.0,221.0,True,True,6,10860|16|54|57|58,10880|10881|40|43|44,11.0,12.0,7.0,6.88,0.0,2880.0,False,False,102.14493060739161,101.84273157682092,0.3021990305707007,10,-1.0,6.9399999999999995,-14.409221902017292,157.14285714285714,174.41860465116278,True,2.0,1.0,1.0,1.0,1.0,0.0,0.0,0.0,0.0,0.0,1.0,2.0,0.0,0.0,0.0,0.0,0.0,1.0,1.0,1.0,0.0,0.0,0.0,0.0,0.0,0.0,0.0,0.0,1.0,1.0,0.14285714285714285,8|75|103|106|107,27|28|94|96|97,True,True,0
1401_002,1401,regular_season,1,221.0,348.0,127.0,True,True,6,10860|12|16|54|58,10880|10881|40|43|44,6.0,4.0,4.44,5.0,-1.0,2659.0,False,False,102.14493060739161,101.84273157682092,0.3021990305707007,10,2.0,4.720000000000001,42.3728813559322,135.13513513513513,80.0,True,2.0,1.0,1.0,1.0,1.0,0.0,0.0,0.0,0.0,0.0,1.0,0.0,0.0,2.0,0.0,0.0,0.0,1.0,0.0,0.0,1.0,1.0,0.0,0.0,0.0,0.0,0.0,0.0,1.0,1.0,0.2252252252252252,8|50|75|103|107,27|28|94|96|97,True,True,0
1401_003,1401,regular_season,1,348.0,443.0,95.0,True,True,6,10860|10861|12|3129|54,10881|10882|40|43|47,4.0,3.0,3.0,3.0,1.0,2532.0,False,False,102.14493060739161,101.84273157682092,0.3021990305707007,10,1.0,3.0,33.333333333333336,133.33333333333334,100.0,True,0.0,1.0,0.0,1.0,0.0,0.0,0.0,0.0,0.0,0.0,0.0,1.0,0.0,0.0,0.0,0.0,0.0,0.0,0.0,0.0,0.0,0.0,1.0,0.0,0.0,0.0,0.0,0.0,1.0,1.0,0.3333333333333333,8|9|50|87|103,28|29|94|96|99,True,True,0
1401_004,1401,regular_season,1,443.0,464.0,21.0,True,True,6,10860|10861|12|3129|54,10879|10881|10882|40|47,0.0,0.0,1.0,0.0,2.0,2437.0,False,False,102.14493060739161,101.84273157682092,0.3021990305707007,10,0.0,0.5,0.0,0.0,,True,0.0,0.0,0.0,0.0,0.0,0.0,0.0,0.0,0.0,0.0,0.0,0.0,0.0,0.0,0.0,0.0,0.0,0.0,0.0,0.0,0.0,0.0,0.0,0.0,0.0,0.0,0.0,0.0,0.0,0.0,0.0,8|9|50|87|103,26|28|29|94|99,True,True,0
1401_005,1401,regular_season,1,464.0,536.0,72.0,True,True,6,10860|10861|10884|12|3129,10879|10881|10882|40|47,0.0,3.0,2.0,2.0,2.0,2416.0,False,False,102.14493060739161,101.84273157682092,0.3021990305707007,10,-3.0,2.0,-150.0,0.0,150.0,True,0.0,1.0,0.0,1.0,0.0,0.0,0.0,0.0,0.0,0.0,0.0,0.0,0.0,0.0,0.0,1.0,0.0,0.0,0.0,0.0,0.0,0.0,1.0,0.0,0.0,0.0,0.0,0.0,1.0,1.0,0.5,8|9|31|50|87,26|28|29|94|99,True,True,0
1401_006,1401,regular_season,1,536.0,553.0,17.0,True,True,6,10860|10861|10884|12|3129,10879|10880|10882|40|47,0.0,0.0,0.0,0.88,-1.0,2344.0,False,False,102.14493060739161,101.84273157682092,0.3021990305707007,10,0.0,0.44,0.0,,0.0,True,0.0,0.0,0.0,0.0,0.0,0.0,0.0,0.0,0.0,0.0,0.0,0.0,0.0,0.0,0.0,1.0,0.0,0.0,0.0,0.0,0.0,0.0,0.0,0.0,0.0,0.0,0.0,0.0,0.0,0.0,,8|9|31|50|87,26|27|29|94|99,True,True,0
1401_007,1401,regular_season,1,553.0,601.0,48.0,True,True,6,10861|10884|12|16|3129,10879|10880|10882|40|47,0.0,0.0,1.88,1.0,-1.0,2327.0,False,False,102.14493060739161,101.84273157682092,0.3021990305707007,10,0.0,1.44,0.0,0.0,0.0,False,,,,,,,,,,,,,,,,,,,,,,,,,,,,,,,,9|31|50|75|87,26|27|29|94|99,True,True,0
1401_008,1401,regular_season,1,601.0,620.0,19.0,True,True,6,10861|10884|12|16|58,10879|10880|10882|40|47,0.0,0.0,0.0,1.0,-1.0,2279.0,False,False,102.14493060739161,101.84273157682092,0.3021990305707007,10,0.0,0.5,0.0,,0.0,False,,,,,,,,,,,,,,,,,,,,,,,,,,,,,,,,9|31|50|75|107,26|27|29|94|99,True,True,0
1401_009,1401,regular_season,1,620.0,708.0,88.0,True,True,6,10861|10884|12|16|58,10879|10880|10882|113|47,2.0,5.0,3.0,3.0,-1.0,2260.0,False,False,102.14493060739161,101.84273157682092,0.3021990305707007,10,-3.0,3.0,-100.0,66.66666666666667,166.66666666666666,False,,,,,,,,,,,,,,,,,,,,,,,,,,,,,,,,9|31|50|75|107,26|27|29|46|99,True,True,0
1401_010,1401,regular_season,1,708.0,720.0,12.0,True,True,6,10861|10884|12|16|58,10879|10880|10882|113|44,3.0,0.0,1.0,0.0,-4.0,2172.0,False,False,102.14493060739161,101.84273157682092,0.3021990305707007,10,3.0,0.5,600.0,300.0,,False,,,,,,,,,,,,,,,,,,,,,,,,,,,,,,,,9|31|50|75|107,26|27|29|46|97,True,True,0
1401_011,1401,regular_season,2,720.0,752.0,32.0,True,True,6,10861|12|16|54|58,10879|10880|10882|113|40,0.0,0.0,1.0,0.0,-1.0,2160.0,False,False,102.14493060739161,101.84273157682092,0.3021990305707007,10,0.0,0.5,0.0,0.0,,False,,,,,,,,,,,,,,,,,,,,,,,,,,,,,,,,9|50|75|103|107,26|27|29|46|94,True,True,0
1401_012,1401,regular_season,2,752.0,873.0,121.0,True,True,6,10860|10861|12|54|58,10879|10880|10882|113|40,8.0,4.0,3.44,4.44,-1.0,2128.0,False,False,102.14493060739161,101.84273157682092,0.3021990305707007,10,4.0,3.9400000000000004,101.5228426395939,232.55813953488374,90.09009009009009,True,0.0,1.0,0.0,1.0,0.0,0.0,0.0,0.0,0.0,0.0,2.0,0.0,0.0,0.0,0.0,0.0,0.0,0.0,1.0,0.0,0.0,0.0,0.0,0.0,0.0,0.0,0.0,0.0,1.0,1.0,0.29069767441860467,8|9|50|103|107,26|27|29|46|94,True,True,0
1401_013,1401,regular_season,2,873.0,933.0,60.0,True,True,6,10860|10861|54|57|58,10880|10881|113|40|43,5.0,1.0,2.88,2.44,3.0,2007.0,False,False,102.14493060739161,101.84273157682092,0.3021990305707007,10,4.0,2.66,150.37593984962405,173.61111111111111,40.98360655737705,True,0.0,0.0,0.0,0.0,0.0,0.0,0.0,0.0,0.0,0.0,0.0,1.0,0.0,0.0,1.0,0.0,0.0,0.0,0.0,0.0,0.0,0.0,0.0,0.0,0.0,0.0,0.0,0.0,0.0,1.0,0.3472222222222222,8|9|103|106|107,27|28|46|94|96,True,True,0
1401_014,1401,regular_season,2,933.0,972.0,39.0,True,True,6,10860|16|54|57|58,10880|10881|38|40|43,2.0,0.0,0.88,1.0,7.0,1947.0,False,False,102.14493060739161,101.84273157682092,0.3021990305707007,10,2.0,0.94,212.76595744680853,227.27272727272728,0.0,True,0.0,0.0,0.0,0.0,0.0,0.0,0.0,0.0,0.0,0.0,0.0,0.0,0.0,0.0,0.0,0.0,0.0,0.0,0.0,0.0,0.0,0.0,0.0,0.0,0.0,0.0,0.0,0.0,0.0,0.0,0.0,8|75|103|106|107,27|28|91|94|96,True,True,0
1401_015,1401,regular_season,2,972.0,1089.0,117.0,True,True,6,10860|12|16|57|58,10880|10881|38|40|43,3.0,4.0,3.0,3.0,9.0,1908.0,False,False,102.14493060739161,101.84273157682092,0.3021990305707007,10,-1.0,3.0,-33.333333333333336,100.0,133.33333333333334,True,0.0,2.0,0.0,2.0,0.0,0.0,0.0,0.0,0.0,0.0,0.0,0.0,0.0,0.0,0.0,0.0,0.0,0.0,1.0,0.0,1.0,0.0,0.0,0.0,0.0,0.0,0.0,0.0,2.0,2.0,0.6666666666666666,8|50|75|106|107,27|28|91|94|96,True,True,0
1401_016,1401,regular_season,2,1089.0,1092.0,3.0,True,True,6,10860|12|16|57|58,10881|10882|40|43|44,2.0,0.0,-0.12,0.0,8.0,1791.0,False,False,102.14493060739161,101.84273157682092,0.3021990305707007,10,2.0,-0.06,,,,True,0.0,0.0,0.0,0.0,0.0,0.0,0.0,0.0,0.0,0.0,0.0,0.0,0.0,0.0,0.0,0.0,0.0,0.0,0.0,0.0,0.0,0.0,0.0,0.0,0.0,0.0,0.0,0.0,0.0,0.0,,8|50|75|106|107,28|29|94|96|97,True,True,0
1401_017,1401,regular_season,2,1092.0,1199.0,107.0,True,True,6,10861|12|16|57|58,10881|10882|40|43|47,0.0,7.0,3.0,4.0,10.0,1788.0,False,False,102.14493060739161,101.84273157682092,0.3021990305707007,10,-7.0,3.5,-200.0,0.0,175.0,False,,,,,,,,,,,,,,,,,,,,,,,,,,,,,,,,9|50|75|106|107,28|29|94|96|99,True,True,0
1401_018,1401,regular_season,2,1199.0,1232.0,33.0,True,True,6,10861|12|16|3129|54,10881|10882|40|43|47,0.0,0.0,1.0,1.0,3.0,1681.0,False,False,102.14493060739161,101.84273157682092,0.3021990305707007,10,0.0,1.0,0.0,0.0,0.0,False,,,,,,,,,,,,,,,,,,,,,,,,,,,,,,,,9|50|75|87|103,28|29|94|96|99,True,True,0
1401_019,1401,regular_season,2,1232.0,1336.0,104.0,True,True,6,10861|16|3129|54|62,10880|10882|40|43|47,5.0,5.0,3.76,2.76,3.0,1648.0,False,False,102.14493060739161,101.84273157682092,0.3021990305707007,10,0.0,3.26,0.0,132.97872340425533,181.1594202898551,False,,,,,,,,,,,,,,,,,,,,,,,,,,,,,,,,9|75|87|103|110,27|29|94|96|99,True,True,0
1401_020,1401,regular_season,2,1336.0,1359.0,23.0,True,True,6,10861|16|3129|54|62,10878|10880|10882|40|43,0.0,0.0,0.0,1.0,3.0,1544.0,False,False,102.14493060739161,101.84273157682092,0.3021990305707007,10,0.0,0.5,0.0,,0.0,False,,,,,,,,,,,,,,,,,,,,,,,,,,,,,,,,9|75|87|103|110,25|27|29|94|96,True,True,0
1401_021,1401,regular_season,2,1359.0,1433.0,74.0,True,True,6,10861|16|3129|54|62,10878|10881|10882|40|43,1.0,2.0,1.88,1.0,3.0,1521.0,False,False,102.14493060739161,101.84273157682092,0.3021990305707007,10,-1.0,1.44,-69.44444444444444,53.19148936170213,200.0,False,,,,,,,,,,,,,,,,,,,,,,,,,,,,,,,,9|75|87|103|110,25|28|29|94|96,True,True,0
1401_022,1401,regular_season,2,1433.0,1433.0,0.0,True,True,6,10861|16|3129|54|57,10878|10881|10882|40|43,0.0,0.0,0.0,0.0,2.0,1447.0,False,False,102.14493060739161,101.84273157682092,0.3021990305707007,10,0.0,0.0,,,,False,,,,,,,,,,,,,,,,,,,,,,,,,,,,,,,,9|75|87|103|106,25|28|29|94|96,True,False,0
1401_023,1401,regular_season,2,1433.0,1435.0,2.0,True,True,6,10861|16|3129|57|58,10879|10881|10882|40|43,0.0,0.0,0.0,1.0,2.0,1447.0,False,False,102.14493060739161,101.84273157682092,0.3021990305707007,10,0.0,0.5,0.0,,0.0,False,,,,,,,,,,,,,,,,,,,,,,,,,,,,,,,,9|75|87|106|107,26|28|29|94|96,True,True,0
1401_024,1401,regular_season,2,1435.0,1440.0,5.0,True,True,6,10861|16|54|57|58,10881|10882|113|35|44,0.0,0.0,1.0,0.0,2.0,1445.0,False,False,102.14493060739161,101.84273157682092,0.3021990305707007,10,0.0,0.5,0.0,0.0,,False,,,,,,,,,,,,,,,,,,,,,,,,,,,,,,,,9|75|103|106|107,28|29|46|90|97,True,True,0
1401_025,1401,regular_season,3,1440.0,1815.0,375.0,True,True,6,10860|16|54|57|58,10880|10881|39|40|43,12.0,7.0,10.0,11.0,2.0,1440.0,False,False,102.14493060739161,101.84273157682092,0.3021990305707007,10,5.0,10.5,47.61904761904762,120.0,63.63636363636363,True,4.0,2.0,2.0,2.0,2.0,0.0,0.0,0.0,0.0,1.0,3.0,1.0,0.0,1.0,0.0,0.0,1.0,1.0,2.0,2.0,0.0,0.0,0.0,0.0,0.0,0.0,0.0,0.0,2.0,2.0,0.2,8|75|103|106|107,27|28|92|94|96,True,True,0
1401_026,1401,regular_season,3,1815.0,1853.0,38.0,True,True,6,10860|16|54|57|58,10879|10880|10882|39|44,0.0,2.0,2.0,1.0,7.0,1065.0,False,False,102.14493060739161,101.84273157682092,0.3021990305707007,10,-2.0,1.5,-133.33333333333334,0.0,200.0,True,0.0,1.0,0.0,1.0,0.0,0.0,0.0,0.0,0.0,0.0,0.0,0.0,0.0,0.0,1.0,0.0,0.0,0.0,0.0,0.0,1.0,0.0,0.0,0.0,0.0,0.0,0.0,0.0,1.0,2.0,1.0,8|75|103|106|107,26|27|29|92|97,True,True,0
1401_027,1401,regular_season,3,1853.0,1906.0,53.0,True,True,6,10860|10861|54|57|58,10879|10880|10882|39|44,3.0,0.0,2.0,2.0,5.0,1027.0,False,False,102.14493060739161,101.84273157682092,0.3021990305707007,10,3.0,2.0,150.0,150.0,0.0,True,0.0,0.0,0.0,0.0,0.0,0.0,0.0,0.0,0.0,0.0,0.0,0.0,0.0,0.0,0.0,0.0,0.0,0.0,0.0,0.0,0.0,0.0,0.0,0.0,0.0,0.0,0.0,0.0,0.0,0.0,0.0,8|9|103|106|107,26|27|29|92|97,True,True,0
1401_028,1401,regular_season,3,1906.0,1967.0,61.0,True,True,6,10860|10861|54|57|58,10879|10880|10882|40|47,1.0,3.0,0.88,1.0,8.0,974.0,False,False,102.14493060739161,101.84273157682092,0.3021990305707007,10,-2.0,0.94,-212.76595744680853,113.63636363636364,300.0,True,0.0,0.0,0.0,0.0,0.0,0.0,0.0,0.0,0.0,0.0,0.0,0.0,0.0,0.0,0.0,0.0,0.0,0.0,0.0,0.0,0.0,0.0,0.0,0.0,0.0,0.0,0.0,0.0,0.0,0.0,0.0,8|9|103|106|107,26|27|29|94|99,True,True,0
1401_029,1401,regular_season,3,1967.0,2002.0,35.0,True,True,6,10860|10861|12|54|58,10879|10880|10882|40|47,0.0,0.0,1.0,1.0,6.0,913.0,False,False,102.14493060739161,101.84273157682092,0.3021990305707007,10,0.0,1.0,0.0,0.0,0.0,True,0.0,0.0,0.0,0.0,0.0,0.0,0.0,0.0,0.0,0.0,1.0,0.0,0.0,0.0,0.0,0.0,0.0,0.0,0.0,0.0,0.0,0.0,0.0,0.0,0.0,0.0,0.0,0.0,0.0,0.0,0.0,8|9|50|103|107,26|27|29|94|99,True,True,0
1401_030,1401,regular_season,3,2002.0,2076.0,74.0,True,True,6,10861|12|16|3129|54,10879|10880|10882|40|47,2.0,1.0,2.0,2.88,6.0,878.0,False,False,102.14493060739161,101.84273157682092,0.3021990305707007,10,1.0,2.44,40.98360655737705,100.0,34.72222222222222,False,,,,,,,,,,,,,,,,,,,,,,,,,,,,,,,,9|50|75|87|103,26|27|29|94|99,True,True,0
1401_031,1401,regular_season,3,2076.0,2132.0,56.0,True,True,6,10861|12|16|54|62,10881|10882|40|43|47,2.0,0.0,2.0,2.0,7.0,804.0,False,False,102.14493060739161,101.84273157682092,0.3021990305707007,10,2.0,2.0,100.0,100.0,0.0,False,,,,,,,,,,,,,,,,,,,,,,,,,,,,,,,,9|50|75|103|110,28|29|94|96|99,True,True,0
1401_032,1401,regular_season,3,2132.0,2160.0,28.0,True,True,6,10861|12|16|57|62,10881|10882|40|43|47,2.0,0.0,1.0,0.0,9.0,748.0,False,False,102.14493060739161,101.84273157682092,0.3021990305707007,10,2.0,0.5,400.0,200.0,,False,,,,,,,,,,,,,,,,,,,,,,,,,,,,,,,,9|50|75|106|110,28|29|94|96|99,True,True,0
1401_033,1401,regular_season,4,2160.0,2202.0,42.0,True,True,6,10861|12|16|57|62,10881|10882|40|43|47,2.0,0.0,1.0,1.0,11.0,720.0,False,False,102.14493060739161,101.84273157682092,0.3021990305707007,10,2.0,1.0,200.0,200.0,0.0,False,,,,,,,,,,,,,,,,,,,,,,,,,,,,,,,,9|50|75|106|110,28|29|94|96|99,True,True,0
1401_034,1401,regular_season,4,2202.0,2253.0,51.0,True,True,6,10861|12|16|57|62,10880|10881|40|43|47,1.0,0.0,1.88,1.0,13.0,678.0,False,False,102.14493060739161,101.84273157682092,0.3021990305707007,10,1.0,1.44,69.44444444444444,53.19148936170213,0.0,False,,,,,,,,,,,,,,,,,,,,,,,,,,,,,,,,9|50|75|106|110,27|28|94|96|99,True,True,0
1401_035,1401,regular_season,4,2253.0,2293.0,40.0,True,True,6,10860|10861|12|57|62,10880|10881|40|43|47,0.0,0.0,1.0,1.0,14.0,627.0,False,False,102.14493060739161,101.84273157682092,0.3021990305707007,10,0.0,1.0,0.0,0.0,0.0,True,0.0,0.0,0.0,0.0,0.0,0.0,0.0,0.0,0.0,0.0,0.0,0.0,0.0,0.0,0.0,0.0,0.0,0.0,0.0,0.0,0.0,0.0,0.0,0.0,0.0,0.0,0.0,0.0,0.0,0.0,0.0,8|9|50|106|110,27|28|94|96|99,True,True,0
1401_036,1401,regular_season,4,2293.0,2329.0,36.0,True,True,6,10860|10861|12|57|62,10880|10882|39|40|47,3.0,0.0,1.0,1.0,14.0,587.0,False,False,102.14493060739161,101.84273157682092,0.3021990305707007,10,3.0,1.0,300.0,300.0,0.0,True,0.0,0.0,0.0,0.0,0.0,0.0,0.0,0.0,0.0,0.0,0.0,0.0,0.0,0.0,0.0,0.0,0.0,0.0,0.0,0.0,0.0,0.0,0.0,0.0,0.0,0.0,0.0,0.0,0.0,0.0,0.0,8|9|50|106|110,27|29|92|94|99,True,True,0
1401_037,1401,regular_season,4,2329.0,2413.0,84.0,True,True,6,10860|10861|12|57|58,10880|10882|39|40|47,6.0,2.0,2.44,2.0,17.0,551.0,False,False,102.14493060739161,101.84273157682092,0.3021990305707007,10,4.0,2.2199999999999998,180.1801801801802,245.9016393442623,100.0,True,0.0,0.0,0.0,0.0,0.0,0.0,0.0,0.0,0.0,0.0,0.0,0.0,0.0,1.0,0.0,0.0,0.0,0.0,0.0,0.0,0.0,0.0,0.0,0.0,0.0,0.0,0.0,0.0,0.0,0.0,0.0,8|9|50|106|107,27|29|92|94|99,True,True,0
1401_038,1401,regular_season,4,2413.0,2446.0,33.0,True,True,6,10860|12|16|57|58,10878|10880|10882|39|40,2.0,0.0,1.76,2.0,21.0,467.0,False,True,102.14493060739161,101.84273157682092,0.3021990305707007,10,2.0,1.88,106.38297872340426,113.63636363636364,0.0,True,0.0,0.0,0.0,0.0,0.0,0.0,0.0,2.0,0.0,0.0,0.0,0.0,1.0,0.0,0.0,0.0,0.0,0.0,0.0,0.0,0.0,0.0,0.0,0.0,0.0,0.0,0.0,0.0,0.88,0.88,0.5,8|50|75|106|107,25|27|29|92|94,True,True,0
1401_039,1401,regular_season,4,2446.0,2515.0,69.0,True,True,6,10860|12|16|57|58,10878|10880|10882|40|43,0.0,5.0,-0.12,2.0,23.0,434.0,False,True,102.14493060739161,101.84273157682092,0.3021990305707007,10,-5.0,0.94,-531.9148936170213,,250.0,True,0.0,1.0,0.0,1.0,0.0,0.0,0.0,2.0,0.0,1.0,0.0,0.0,0.0,0.0,0.0,0.0,0.0,0.0,1.0,0.0,0.0,0.0,0.0,0.0,0.0,0.0,0.0,0.0,1.88,1.88,,8|50|75|106|107,25|27|29|94|96,True,True,0
1401_040,1401,regular_season,4,2515.0,2533.0,18.0,True,True,6,10860|12|16|54|58,10878|10880|10882|40|43,0.0,0.0,2.0,0.0,18.0,365.0,False,False,102.14493060739161,101.84273157682092,0.3021990305707007,10,0.0,1.0,0.0,0.0,,True,0.0,1.0,0.0,1.0,0.0,0.0,0.0,0.0,0.0,0.0,0.0,0.0,0.0,0.0,0.0,1.0,0.0,0.0,1.0,0.0,0.0,0.0,0.0,0.0,0.0,0.0,0.0,0.0,1.0,1.0,0.5,8|50|75|103|107,25|27|29|94|96,True,True,0
1401_041,1401,regular_season,4,2533.0,2670.0,137.0,True,True,6,10860|12|16|54|58,10880|10881|113|40|43,3.0,2.0,3.0,4.0,18.0,347.0,False,False,102.14493060739161,101.84273157682092,0.3021990305707007,10,1.0,3.5,28.571428571428573,100.0,50.0,True,0.0,2.0,0.0,2.0,0.0,0.0,0.0,0.0,0.0,0.0,3.0,0.0,0.0,0.0,0.0,0.0,0.0,0.0,2.0,0.0,0.0,0.0,0.0,0.0,0.0,0.0,0.0,0.0,2.0,2.0,0.6666666666666666,8|50|75|103|107,27|28|46|94|96,True,True,0
1401_042,1401,regular_season,4,2670.0,2670.0,0.0,True,True,6,10861|12|16|54|58,10879|10880|113|35|43,0.0,0.0,1.0,0.0,19.0,210.0,False,False,102.14493060739161,101.84273157682092,0.3021990305707007,10,0.0,0.5,0.0,0.0,,False,,,,,,,,,,,,,,,,,,,,,,,,,,,,,,,,9|50|75|103|107,26|27|46|90|96,True,False,0
1401_043,1401,regular_season,4,2670.0,2700.0,30.0,True,True,6,10861|12|16|54|58,10879|10881|113|35|43,0.0,0.0,1.0,1.0,19.0,210.0,False,False,102.14493060739161,101.84273157682092,0.3021990305707007,10,0.0,1.0,0.0,0.0,0.0,False,,,,,,,,,,,,,,,,,,,,,,,,,,,,,,,,9|50|75|103|107,26|28|46|90|96,True,True,0
1401_044,1401,regular_season,4,2700.0,2775.0,75.0,True,True,6,10861|12|16|54|58,10879|10881|113|35|38,4.0,2.0,1.88,2.0,19.0,180.0,False,False,102.14493060739161,101.84273157682092,0.3021990305707007,10,2.0,1.94,103.09278350515464,212.76595744680853,100.0,False,,,,,,,,,,,,,,,,,,,,,,,,,,,,,,,,9|50|75|103|107,26|28|46|90|91,True,True,0
1401_045,1401,regular_season,4,2775.0,2792.0,17.0,True,True,6,10884|55|56|60|64,10881|10883|113|35|38,3.0,0.0,1.0,1.0,21.0,105.0,False,True,102.14493060739161,101.84273157682092,0.3021990305707007,10,3.0,1.0,300.0,300.0,0.0,False,,,,,,,,,,,,,,,,,,,,,,,,,,,,,,,,31|104|105|109|111,28|30|46|90|91,True,True,0
1401_046,1401,regular_season,4,2792.0,2880.0,88.0,True,True,6,10884|55|56|60|64,10878|10883|113|35|38,2.0,3.0,2.0,3.44,24.0,88.0,False,True,102.14493060739161,101.84273157682092,0.3021990305707007,10,-1.0,2.7199999999999998,-36.76470588235294,100.0,87.20930232558139,False,,,,,,,,,,,,,,,,,,,,,,,,,,,,,,,,31|104|105|109|111,25|30|46|90|91,True,True,0
1403_001,1403,regular_season,1,0.0,228.0,228.0,True,True,4,10861|54|57|62|68,10885|10887|10888|76|82,5.0,6.0,10.0,10.0,0.0,2880.0,False,False,105.36836387247823,99.31146263581667,6.056901236661551,10,-1.0,10.0,-10.0,50.0,60.0,False,,,,,,,,,,,,,,,,,,,,,,,,,,,,,,,,9|103|106|110|112,32|34|35|117|122,True,True,1
1403_002,1403,regular_season,1,228.0,312.0,84.0,True,True,4,10861|54|57|62|68,10862|10885|10887|76|82,6.0,5.0,4.32,3.88,-1.0,2652.0,False,False,105.36836387247823,99.31146263581667,6.056901236661551,10,1.0,4.1,24.390243902439025,138.88888888888889,128.8659793814433,False,,,,,,,,,,,,,,,,,,,,,,,,,,,,,,,,9|103|106|110|112,10|32|34|117|122,True,True,1
1403_003,1403,regular_season,1,312.0,335.0,23.0,True,True,4,16|54|57|62|68,10862|10885|10887|76|82,0.0,0.0,1.0,1.0,0.0,2568.0,False,False,105.36836387247823,99.31146263581667,6.056901236661551,10,0.0,1.0,0.0,0.0,0.0,False,,,,,,,,,,,,,,,,,,,,,,,,,,,,,,,,75|103|106|110|112,10|32|34|117|122,True,True,1
1403_004,1403,regular_season,1,335.0,370.0,35.0,True,True,4,12|16|54|58|68,10862|10885|10887|76|82,0.0,2.0,1.0,1.0,0.0,2545.0,False,False,105.36836387247823,99.31146263581667,6.056901236661551,10,-2.0,1.0,-200.0,0.0,200.0,False,,,,,,,,,,,,,,,,,,,,,,,,,,,,,,,,50|75|103|107|112,10|32|34|117|122,True,True,1
1403_005,1403,regular_season,1,370.0,480.0,110.0,True,True,4,12|16|54|58|68,10862|10885|10887|80|82,2.0,2.0,2.0,3.0,-2.0,2510.0,False,False,105.36836387247823,99.31146263581667,6.056901236661551,10,0.0,2.5,0.0,100.0,66.66666666666667,False,,,,,,,,,,,,,,,,,,,,,,,,,,,,,,,,50|75|103|107|112,10|32|34|121|122,True,True,1
1403_006,1403,regular_season,1,480.0,593.0,113.0,True,True,4,10884|12|16|58|68,10862|10885|10887|80|90,6.0,5.0,3.0,2.44,-2.0,2400.0,False,False,105.36836387247823,99.31146263581667,6.056901236661551,10,1.0,2.7199999999999998,36.76470588235294,200.0,204.91803278688525,False,,,,,,,,,,,,,,,,,,,,,,,,,,,,,,,,31|50|75|107|112,10|32|34|121|132,True,True,1
1403_007,1403,regular_season,1,593.0,720.0,127.0,True,True,4,10861|10884|12|16|58,10862|10885|80|87|90,8.0,4.0,5.0,4.88,-1.0,2287.0,False,False,105.36836387247823,99.31146263581667,6.056901236661551,10,4.0,4.9399999999999995,80.97165991902835,160.0,81.9672131147541,False,,,,,,,,,,,,,,,,,,,,,,,,,,,,,,,,9|31|50|75|107,10|32|121|127|132,True,True,1
1403_008,1403,regular_season,2,720.0,863.0,143.0,True,True,4,10861|10884|12|16|58,10862|76|87|88|90,7.0,4.0,3.88,4.0,3.0,2160.0,False,False,105.36836387247823,99.31146263581667,6.056901236661551,10,3.0,3.94,76.14213197969544,180.41237113402062,100.0,False,,,,,,,,,,,,,,,,,,,,,,,,,,,,,,,,9|31|50|75|107,10|117|127|128|132,True,True,1
1403_009,1403,regular_season,2,863.0,1002.0,139.0,True,True,4,10861|12|16|3129|58,10862|10888|76|88|90,3.0,8.0,3.0,5.0,6.0,2017.0,False,False,105.36836387247823,99.31146263581667,6.056901236661551,10,-5.0,4.0,-125.0,100.0,160.0,False,,,,,,,,,,,,,,,,,,,,,,,,,,,,,,,,9|50|75|87|107,10|35|117|128|132,True,True,1
1403_010,1403,regular_season,2,1002.0,1087.0,85.0,True,True,4,12|16|3129|58|68,10862|10888|76|88|90,4.0,2.0,3.0,2.88,1.0,1878.0,False,False,105.36836387247823,99.31146263581667,6.056901236661551,10,2.0,2.94,68.02721088435375,133.33333333333334,69.44444444444444,False,,,,,,,,,,,,,,,,,,,,,,,,,,,,,,,,50|75|87|107|112,10|35|117|128|132,True,True,1
1403_011,1403,regular_season,2,1087.0,1119.0,32.0,True,True,4,16|3129|54|58|68,10887|10888|76|82|88,3.0,0.0,1.0,1.0,3.0,1793.0,False,False,105.36836387247823,99.31146263581667,6.056901236661551,10,3.0,1.0,300.0,300.0,0.0,False,,,,,,,,,,,,,,,,,,,,,,,,,,,,,,,,75|87|103|107|112,34|35|117|122|128,True,True,1
1403_012,1403,regular_season,2,1119.0,1144.0,25.0,True,True,4,16|54|58|62|68,10887|10888|76|82|88,1.0,2.0,0.44,0.0,6.0,1761.0,False,False,105.36836387247823,99.31146263581667,6.056901236661551,10,-1.0,0.22,-454.54545454545456,227.27272727272728,,False,,,,,,,,,,,,,,,,,,,,,,,,,,,,,,,,75|103|107|110|112,34|35|117|122|128,True,True,1
1403_013,1403,regular_season,2,1144.0,1199.0,55.0,True,True,4,16|54|58|62|68,10862|10887|76|82|88,4.0,2.0,2.0,2.0,5.0,1736.0,False,False,105.36836387247823,99.31146263581667,6.056901236661551,10,2.0,2.0,100.0,200.0,100.0,False,,,,,,,,,,,,,,,,,,,,,,,,,,,,,,,,75|103|107|110|112,10|34|117|122|128,True,True,1
1403_014,1403,regular_season,2,1199.0,1223.0,24.0,True,True,4,12|16|54|62|68,10862|10885|10887|76|82,0.0,0.0,2.0,1.0,7.0,1681.0,False,False,105.36836387247823,99.31146263581667,6.056901236661551,10,0.0,1.5,0.0,0.0,0.0,False,,,,,,,,,,,,,,,,,,,,,,,,,,,,,,,,50|75|103|110|112,10|32|34|117|122,True,True,1
1403_015,1403,regular_season,2,1223.0,1244.0,21.0,True,True,4,12|16|54|62|68,10862|10885|10887|80|82,2.0,0.0,0.88,1.0,7.0,1657.0,False,False,105.36836387247823,99.31146263581667,6.056901236661551,10,2.0,0.94,212.76595744680853,227.27272727272728,0.0,False,,,,,,,,,,,,,,,,,,,,,,,,,,,,,,,,50|75|103|110|112,10|32|34|121|122,True,True,1
1403_016,1403,regular_season,2,1244.0,1310.0,66.0,True,True,4,12|16|54|62|68,10862|10885|10888|80|82,2.0,2.0,1.0,2.0,9.0,1636.0,False,False,105.36836387247823,99.31146263581667,6.056901236661551,10,0.0,1.5,0.0,200.0,100.0,False,,,,,,,,,,,,,,,,,,,,,,,,,,,,,,,,50|75|103|110|112,10|32|35|121|122,True,True,1
1403_017,1403,regular_season,2,1310.0,1404.0,94.0,True,True,4,12|16|54|62|68,10862|10885|10887|80|82,7.0,4.0,4.32,3.0,9.0,1570.0,False,False,105.36836387247823,99.31146263581667,6.056901236661551,10,3.0,3.66,81.96721311475409,162.03703703703704,133.33333333333334,False,,,,,,,,,,,,,,,,,,,,,,,,,,,,,,,,50|75|103|110|112,10|32|34|121|122,True,True,1
1403_018,1403,regular_season,2,1404.0,1440.0,36.0,True,True,4,10861|12|16|54|57,10862|10885|10887|82|88,0.0,0.0,1.0,0.88,12.0,1476.0,False,False,105.36836387247823,99.31146263581667,6.056901236661551,10,0.0,0.94,0.0,0.0,0.0,False,,,,,,,,,,,,,,,,,,,,,,,,,,,,,,,,9|50|75|103|106,10|32|34|122|128,True,True,1
1403_019,1403,regular_season,3,1440.0,1675.0,235.0,True,True,4,10861|54|57|62|68,10885|10887|10888|76|82,10.0,7.0,9.32,8.0,12.0,1440.0,False,False,105.36836387247823,99.31146263581667,6.056901236661551,10,3.0,8.66,34.64203233256351,107.29613733905579,87.5,False,,,,,,,,,,,,,,,,,,,,,,,,,,,,,,,,9|103|106|110|112,32|34|35|117|122,True,True,1
1403_020,1403,regular_season,3,1675.0,1692.0,17.0,True,True,4,10861|54|57|62|68,10885|10887|10888|80|82,0.0,0.0,0.0,0.0,15.0,1205.0,False,False,105.36836387247823,99.31146263581667,6.056901236661551,10,0.0,0.0,,,,False,,,,,,,,,,,,,,,,,,,,,,,,,,,,,,,,9|103|106|110|112,32|34|35|121|122,True,True,1
1403_021,1403,regular_season,3,1692.0,1733.0,41.0,True,True,4,10861|54|58|62|68,10885|10887|10888|80|82,2.0,0.0,0.88,2.0,15.0,1188.0,False,False,105.36836387247823,99.31146263581667,6.056901236661551,10,2.0,1.44,138.88888888888889,227.27272727272728,0.0,False,,,,,,,,,,,,,,,,,,,,,,,,,,,,,,,,9|103|107|110|112,32|34|35|121|122,True,True,1
1403_022,1403,regular_season,3,1733.0,1758.0,25.0,True,True,4,10861|54|58|62|68,10862|10885|10887|80|82,2.0,2.0,1.0,0.88,17.0,1147.0,False,False,105.36836387247823,99.31146263581667,6.056901236661551,10,0.0,0.94,0.0,200.0,227.27272727272728,False,,,,,,,,,,,,,,,,,,,,,,,,,,,,,,,,9|103|107|110|112,10|32|34|121|122,True,True,1
1403_023,1403,regular_season,3,1758.0,1825.0,67.0,True,True,4,10861|54|58|62|68,10862|10887|80|82|88,2.0,0.0,3.0,1.0,17.0,1122.0,False,False,105.36836387247823,99.31146263581667,6.056901236661551,10,2.0,2.0,100.0,66.66666666666667,0.0,False,,,,,,,,,,,,,,,,,,,,,,,,,,,,,,,,9|103|107|110|112,10|34|121|122|128,True,True,1
1403_024,1403,regular_season,3,1825.0,1864.0,39.0,True,True,4,12|16|54|58|68,10862|10887|80|82|88,0.0,0.0,1.0,3.0,19.0,1055.0,False,False,105.36836387247823,99.31146263581667,6.056901236661551,10,0.0,2.0,0.0,0.0,0.0,False,,,,,,,,,,,,,,,,,,,,,,,,,,,,,,,,50|75|103|107|112,10|34|121|122|128,True,True,1
1403_025,1403,regular_season,3,1864.0,1950.0,86.0,True,True,4,12|16|54|58|68,10862|10887|76|87|88,2.0,3.0,3.0,2.3200000000000003,19.0,1016.0,False,False,105.36836387247823,99.31146263581667,6.056901236661551,10,-1.0,2.66,-37.59398496240601,66.66666666666667,129.3103448275862,False,,,,,,,,,,,,,,,,,,,,,,,,,,,,,,,,50|75|103|107|112,10|34|117|127|128,True,True,1
1403_026,1403,regular_season,3,1950.0,2096.0,146.0,True,True,4,10861|12|16|3129|58,10862|10887|76|87|88,3.0,6.0,4.88,5.76,18.0,930.0,False,False,105.36836387247823,99.31146263581667,6.056901236661551,10,-3.0,5.32,-56.39097744360902,61.47540983606557,104.16666666666667,False,,,,,,,,,,,,,,,,,,,,,,,,,,,,,,,,9|50|75|87|107,10|34|117|127|128,True,True,1
1403_027,1403,regular_season,3,2096.0,2160.0,64.0,True,True,4,10861|12|16|55|58,10862|10887|76|87|88,2.0,0.0,2.0,1.0,15.0,784.0,False,False,105.36836387247823,99.31146263581667,6.056901236661551,10,2.0,1.5,133.33333333333334,100.0,0.0,False,,,,,,,,,,,,,,,,,,,,,,,,,,,,,,,,9|50|75|104|107,10|34|117|127|128,True,True,1
1403_028,1403,regular_season,4,2160.0,2250.0,90.0,True,True,4,10861|12|16|55|58,10862|10885|10887|87|88,0.0,4.0,2.0,1.88,17.0,720.0,False,False,105.36836387247823,99.31146263581667,6.056901236661551,10,-4.0,1.94,-206.18556701030928,0.0,212.76595744680853,False,,,,,,,,,,,,,,,,,,,,,,,,,,,,,,,,9|50|75|104|107,10|32|34|127|128,True,True,1
1403_029,1403,regular_season,4,2250.0,2353.0,103.0,True,True,4,16|54|57|58|68,10862|10885|10887|87|88,0.0,5.0,3.0,2.88,13.0,630.0,False,False,105.36836387247823,99.31146263581667,6.056901236661551,10,-5.0,2.94,-170.06802721088437,0.0,173.61111111111111,False,,,,,,,,,,,,,,,,,,,,,,,,,,,,,,,,75|103|106|107|112,10|32|34|127|128,True,True,1
1403_030,1403,regular_season,4,2353.0,2534.0,181.0,True,True,4,16|54|57|62|68,10862|10885|10887|87|88,3.0,8.0,4.0,4.0,8.0,527.0,False,False,105.36836387247823,99.31146263581667,6.056901236661551,10,-5.0,4.0,-125.0,75.0,200.0,False,,,,,,,,,,,,,,,,,,,,,,,,,,,,,,,,75|103|106|110|112,10|32|34|127|128,True,True,1
1403_031,1403,regular_season,4,2534.0,2558.0,24.0,True,True,4,10861|54|57|62|68,10862|10885|10887|87|88,2.0,0.0,0.88,1.0,3.0,346.0,False,False,105.36836387247823,99.31146263581667,6.056901236661551,10,2.0,0.94,212.76595744680853,227.27272727272728,0.0,False,,,,,,,,,,,,,,,,,,,,,,,,,,,,,,,,9|103|106|110|112,10|32|34|127|128,True,True,1
1403_032,1403,regular_season,4,2558.0,2744.0,186.0,True,True,4,10861|54|57|62|68,10885|10887|10888|87|88,3.0,7.0,5.0,5.0,5.0,322.0,False,False,105.36836387247823,99.31146263581667,6.056901236661551,10,-4.0,5.0,-80.0,60.0,140.0,False,,,,,,,,,,,,,,,,,,,,,,,,,,,,,,,,9|103|106|110|112,32|34|35|127|128,True,True,1
1403_033,1403,regular_season,4,2744.0,2744.0,0.0,True,True,4,16|54|57|62|68,10885|10887|10888|87|88,0.0,0.0,0.0,0.0,1.0,136.0,False,False,105.36836387247823,99.31146263581667,6.056901236661551,10,0.0,0.0,,,,False,,,,,,,,,,,,,,,,,,,,,,,,,,,,,,,,75|103|106|110|112,32|34|35|127|128,True,False,1
1403_034,1403,regular_season,4,2744.0,2830.0,86.0,True,True,4,16|54|57|58|68,10885|10887|10888|87|88,5.0,2.0,3.0,2.88,1.0,136.0,False,False,105.36836387247823,99.31146263581667,6.056901236661551,10,3.0,2.94,102.04081632653062,166.66666666666666,69.44444444444444,False,,,,,,,,,,,,,,,,,,,,,,,,,,,,,,,,75|103|106|107|112,32|34|35|127|128,True,True,1
1403_035,1403,regular_season,4,2830.0,2843.0,13.0,True,True,4,16|54|57|58|68,10862|10885|10887|87|88,0.0,2.0,0.0,1.44,4.0,50.0,False,False,105.36836387247823,99.31146263581667,6.056901236661551,10,-2.0,0.72,-277.77777777777777,,138.88888888888889,False,,,,,,,,,,,,,,,,,,,,,,,,,,,,,,,,75|103|106|107|112,10|32|34|127|128,True,True,1
1403_036,1403,regular_season,4,2843.0,2854.0,11.0,True,True,4,16|54|57|58|68,10862|10885|10887|82|87,0.0,0.0,1.0,0.0,2.0,37.0,False,False,105.36836387247823,99.31146263581667,6.056901236661551,10,0.0,0.5,0.0,0.0,,False,,,,,,,,,,,,,,,,,,,,,,,,,,,,,,,,75|103|106|107|112,10|32|34|122|127,True,True,1
1403_037,1403,regular_season,4,2854.0,2877.0,23.0,True,True,4,16|54|57|58|68,10862|10885|10887|87|88,0.0,0.0,0.0,1.0,2.0,26.0,False,False,105.36836387247823,99.31146263581667,6.056901236661551,10,0.0,0.5,0.0,,0.0,False,,,,,,,,,,,,,,,,,,,,,,,,,,,,,,,,75|103|106|107|112,10|32|34|127|128,True,True,1
1403_038,1403,regular_season,4,2877.0,2877.0,0.0,True,True,4,16|3129|57|58|68,10862|10885|10887|82|87,0.0,0.0,0.0,0.0,2.0,3.0,False,False,105.36836387247823,99.31146263581667,6.056901236661551,10,0.0,0.0,,,,False,,,,,,,,,,,,,,,,,,,,,,,,,,,,,,,,75|87|106|107|112,10|32|34|122|127,True,False,1
1403_039,1403,regular_season,4,2877.0,2880.0,3.0,True,True,4,16|3129|57|58|68,10862|10885|10887|87|88,0.0,0.0,1.0,0.0,2.0,3.0,False,False,105.36836387247823,99.31146263581667,6.056901236661551,10,0.0,0.5,0.0,0.0,,False,,,,,,,,,,,,,,,,,,,,,,,,,,,,,,,,75|87|106|107|112,10|32|34|127|128,True,True,1
1405_001,1405,regular_season,1,0.0,277.0,277.0,True,True,3,16|54|57|62|68,10889|10890|77|89|99,10.0,15.0,8.44,7.88,0.0,2880.0,False,False,104.90391970779866,104.68104431806738,0.22287538973130325,12,-5.0,8.16,-61.27450980392157,118.48341232227489,190.35532994923858,False,,,,,,,,,,,,,,,,,,,,,,,,,,,,,,,,75|103|106|110|112,36|37|118|130|136,True,True,2
1405_002,1405,regular_season,1,277.0,324.0,47.0,True,True,3,10860|16|54|57|58,107|10889|77|89|99,3.0,0.0,1.0,2.0,-5.0,2603.0,False,False,104.90391970779866,104.68104431806738,0.22287538973130325,12,3.0,1.5,200.0,300.0,0.0,True,0.0,0.0,0.0,0.0,0.0,0.0,0.0,0.0,0.0,0.0,0.0,0.0,0.0,0.0,0.0,0.0,0.0,0.0,0.0,0.0,0.0,0.0,0.0,0.0,0.0,0.0,0.0,0.0,0.0,0.0,0.0,8|75|103|106|107,6|36|118|130|136,True,True,2
1405_003,1405,regular_season,1,324.0,402.0,78.0,True,True,3,10860|12|16|54|58,107|10889|73|77|89,2.0,4.0,2.0,0.88,-2.0,2556.0,False,False,104.90391970779866,104.68104431806738,0.22287538973130325,12,-2.0,1.44,-138.88888888888889,100.0,454.54545454545456,True,0.0,0.0,0.0,0.0,0.0,0.0,0.0,0.0,0.0,0.0,0.0,0.0,0.0,0.0,0.0,0.0,0.0,0.0,0.0,0.0,0.0,0.0,0.0,0.0,0.0,0.0,0.0,0.0,0.0,0.0,0.0,8|50|75|103|107,6|36|115|118|130,True,True,2
1405_004,1405,regular_season,1,402.0,450.0,48.0,True,True,3,10860|12|16|54|58,103|107|10890|73|86,2.0,2.0,2.44,1.88,-4.0,2478.0,False,False,104.90391970779866,104.68104431806738,0.22287538973130325,12,0.0,2.16,0.0,81.9672131147541,106.38297872340426,True,0.0,0.0,0.0,0.0,0.0,0.0,0.0,0.0,0.0,0.0,0.0,0.0,0.0,0.0,0.0,0.0,0.0,0.0,0.0,0.0,0.0,0.0,0.0,0.0,0.0,0.0,0.0,0.0,0.0,0.0,0.0,8|50|75|103|107,3|6|37|115|125,True,True,2
1405_005,1405,regular_season,1,450.0,495.0,45.0,True,True,3,10860|10884|12|16|58,103|107|10890|73|86,0.0,2.0,1.0,2.0,-4.0,2430.0,False,False,104.90391970779866,104.68104431806738,0.22287538973130325,12,-2.0,1.5,-133.33333333333334,0.0,100.0,True,0.0,0.0,0.0,0.0,0.0,0.0,0.0,0.0,0.0,0.0,0.0,0.0,0.0,0.0,0.0,0.0,0.0,0.0,0.0,0.0,0.0,0.0,0.0,0.0,0.0,0.0,0.0,0.0,0.0,0.0,0.0,8|31|50|75|107,3|6|37|115|125,True,True,2
1405_006,1405,regular_season,1,495.0,705.0,210.0,True,True,3,10860|10884|12|58|68,103|107|10890|73|86,9.0,8.0,6.640000000000001,6.88,-6.0,2385.0,False,False,104.90391970779866,104.68104431806738,0.22287538973130325,12,1.0,6.76,14.792899408284024,135.5421686746988,116.27906976744187,True,4.0,3.0,2.0,2.0,2.0,1.0,0.0,0.0,0.0,0.0,1.0,0.0,1.0,0.0,0.0,0.0,1.0,1.0,2.0,2.0,0.0,0.0,0.0,0.0,1.0,0.0,0.0,0.0,3.0,3.0,0.4518072289156626,8|31|50|107|112,3|6|37|115|125,True,True,2
1405_007,1405,regular_season,1,705.0,720.0,15.0,True,True,3,10860|10884|3129|58|68,103|107|10890|73|86,0.0,1.0,0.0,0.88,-5.0,2175.0,False,False,104.90391970779866,104.68104431806738,0.22287538973130325,12,-1.0,0.44,-227.27272727272728,,113.63636363636364,True,0.0,0.0,0.0,0.0,0.0,0.0,0.0,0.0,0.0,0.0,0.0,0.0,0.0,0.0,0.0,1.0,0.0,0.0,0.0,0.0,0.0,0.0,0.0,0.0,0.0,0.0,0.0,0.0,0.0,0.0,,8|31|87|107|112,3|6|37|115|125,True,True,2
1405_008,1405,regular_season,2,720.0,847.0,127.0,True,True,3,10860|10884|12|58|68,107|10889|77|89|99,11.0,2.0,5.0,4.0,-6.0,2160.0,False,False,104.90391970779866,104.68104431806738,0.22287538973130325,12,9.0,4.5,200.0,220.0,50.0,True,7.0,3.0,3.0,2.0,2.0,1.0,1.0,0.0,0.0,0.0,0.0,0.0,0.0,0.0,0.0,0.0,3.0,0.0,1.0,1.0,0.0,0.0,1.0,1.0,0.0,0.0,1.0,1.0,3.0,3.0,0.6,8|31|50|107|112,6|36|118|130|136,True,True,2
1405_009,1405,regular_season,2,847.0,895.0,48.0,True,True,3,10860|12|3129|58|68,107|10889|77|89|99,0.0,0.0,1.0,1.0,3.0,2033.0,False,False,104.90391970779866,104.68104431806738,0.22287538973130325,12,0.0,1.0,0.0,0.0,0.0,True,0.0,0.0,0.0,0.0,0.0,0.0,0.0,0.0,0.0,1.0,1.0,0.0,0.0,0.0,0.0,0.0,0.0,0.0,0.0,0.0,0.0,0.0,0.0,0.0,0.0,0.0,0.0,0.0,0.0,0.0,0.0,8|50|87|107|112,6|36|118|130|136,True,True,2
1405_010,1405,regular_season,2,895.0,922.0,27.0,True,True,3,10860|12|3129|58|68,10889|10890|77|89|99,2.0,0.0,2.88,2.0,3.0,1985.0,False,False,104.90391970779866,104.68104431806738,0.22287538973130325,12,2.0,2.44,81.9672131147541,69.44444444444444,0.0,True,2.0,0.0,0.0,0.0,0.0,0.0,0.0,2.0,2.0,0.0,0.0,0.0,0.0,0.0,0.0,0.0,0.0,0.0,0.0,0.0,0.0,0.0,0.0,0.0,0.0,0.0,0.0,0.0,0.88,0.88,0.3055555555555556,8|50|87|107|112,36|37|118|130|136,True,True,2
1405_011,1405,regular_season,2,922.0,977.0,55.0,True,True,3,10860|12|3129|58|68,103|10889|10890|89|99,0.0,2.0,0.0,1.88,5.0,1958.0,False,False,104.90391970779866,104.68104431806738,0.22287538973130325,12,-2.0,0.94,-212.76595744680853,,106.38297872340426,True,0.0,0.0,0.0,0.0,0.0,0.0,0.0,0.0,0.0,1.0,0.0,0.0,0.0,0.0,0.0,0.0,0.0,0.0,0.0,0.0,0.0,0.0,0.0,0.0,0.0,0.0,0.0,0.0,0.0,0.0,,8|50|87|107|112,3|36|37|130|136,True,True,2
1405_012,1405,regular_season,2,977.0,1156.0,179.0,True,True,3,10860|12|3129|54|68,103|10889|10890|89|99,6.0,4.0,7.0,6.0,3.0,1903.0,False,False,104.90391970779866,104.68104431806738,0.22287538973130325,12,2.0,6.5,30.76923076923077,85.71428571428571,66.66666666666667,True,2.0,2.0,1.0,2.0,1.0,0.0,0.0,0.0,0.0,1.0,1.0,0.0,1.0,0.0,1.0,0.0,1.0,0.0,2.0,1.0,0.0,0.0,0.0,0.0,0.0,0.0,0.0,0.0,2.0,3.0,0.42857142857142855,8|50|87|103|112,3|36|37|130|136,True,True,2
1405_013,1405,regular_season,2,1156.0,1208.0,52.0,True,True,3,16|3129|54|57|68,103|107|10890|73|89,2.0,0.0,1.0,1.0,5.0,1724.0,False,False,104.90391970779866,104.68104431806738,0.22287538973130325,12,2.0,1.0,200.0,200.0,0.0,False,,,,,,,,,,,,,,,,,,,,,,,,,,,,,,,,75|87|103|106|112,3|6|37|115|130,True,True,2
1405_014,1405,regular_season,2,1208.0,1245.0,37.0,True,True,3,16|3129|54|57|68,103|107|10890|73|86,3.0,0.0,1.0,2.0,7.0,1672.0,False,False,104.90391970779866,104.68104431806738,0.22287538973130325,12,3.0,1.5,200.0,300.0,0.0,False,,,,,,,,,,,,,,,,,,,,,,,,,,,,,,,,75|87|103|106|112,3|6|37|115|125,True,True,2
1405_015,1405,regular_season,2,1245.0,1328.0,83.0,True,True,3,16|3129|54|57|68,107|10890|73|77|86,0.0,3.0,2.0,1.88,10.0,1635.0,False,False,104.90391970779866,104.68104431806738,0.22287538973130325,12,-3.0,1.94,-154.63917525773195,0.0,159.5744680851064,False,,,,,,,,,,,,,,,,,,,,,,,,,,,,,,,,75|87|103|106|112,6|37|115|118|125,True,True,2
1405_016,1405,regular_season,2,1328.0,1440.0,112.0,True,True,3,10860|16|54|57|58,107|10890|73|77|86,2.0,3.0,4.0,3.88,7.0,1552.0,False,False,104.90391970779866,104.68104431806738,0.22287538973130325,12,-1.0,3.94,-25.380710659898476,50.0,77.31958762886597,True,0.0,2.0,0.0,2.0,0.0,0.0,0.0,0.0,0.0,1.0,0.0,0.0,0.0,0.0,0.0,0.0,0.0,0.0,1.0,0.0,0.0,0.0,1.0,0.0,0.0,0.0,0.0,0.0,2.0,2.0,0.5,8|75|103|106|107,6|37|115|118|125,True,True,2
1405_017,1405,regular_season,3,1440.0,1587.0,147.0,True,True,3,16|3129|54|57|68,10889|10890|77|89|99,5.0,4.0,4.44,4.88,6.0,1440.0,False,False,104.90391970779866,104.68104431806738,0.22287538973130325,12,1.0,4.66,21.459227467811157,112.61261261261261,81.9672131147541,False,,,,,,,,,,,,,,,,,,,,,,,,,,,,,,,,75|87|103|106|112,36|37|118|130|136,True,True,2
1405_018,1405,regular_season,3,1587.0,1702.0,115.0,True,True,3,16|3129|54|58|68,10889|10890|77|89|99,4.0,3.0,1.88,2.0,7.0,1293.0,False,False,104.90391970779866,104.68104431806738,0.22287538973130325,12,1.0,1.94,51.54639175257732,212.76595744680853,150.0,False,,,,,,,,,,,,,,,,,,,,,,,,,,,,,,,,75|87|103|107|112,36|37|118|130|136,True,True,2
1405_019,1405,regular_season,3,1702.0,1779.0,77.0,True,True,3,16|3129|54|58|68,107|10890|73|77|89,2.0,0.0,3.0,3.0,8.0,1178.0,False,False,104.90391970779866,104.68104431806738,0.22287538973130325,12,2.0,3.0,66.66666666666667,66.66666666666667,0.0,False,,,,,,,,,,,,,,,,,,,,,,,,,,,,,,,,75|87|103|107|112,6|37|115|118|130,True,True,2
1405_020,1405,regular_season,3,1779.0,1810.0,31.0,True,True,3,10860|12|16|3129|58,103|107|10890|73|89,0.0,0.0,2.0,1.0,10.0,1101.0,False,False,104.90391970779866,104.68104431806738,0.22287538973130325,12,0.0,1.5,0.0,0.0,0.0,True,0.0,0.0,0.0,0.0,0.0,0.0,0.0,0.0,0.0,0.0,0.0,0.0,0.0,0.0,0.0,0.0,0.0,0.0,0.0,0.0,0.0,0.0,0.0,0.0,0.0,0.0,0.0,0.0,0.0,0.0,0.0,8|50|75|87|107,3|6|37|115|130,True,True,2
1405_021,1405,regular_season,3,1810.0,1868.0,58.0,True,True,3,10860|12|16|3129|58,103|107|10890|73|86,3.0,2.0,2.0,2.88,10.0,1070.0,False,False,104.90391970779866,104.68104431806738,0.22287538973130325,12,1.0,2.44,40.98360655737705,150.0,69.44444444444444,True,0.0,0.0,0.0,0.0,0.0,0.0,0.0,0.0,0.0,0.0,0.0,1.0,0.0,0.0,0.0,0.0,0.0,0.0,0.0,0.0,0.0,0.0,0.0,0.0,0.0,0.0,0.0,0.0,0.0,0.0,0.0,8|50|75|87|107,3|6|37|115|125,True,True,2
1405_022,1405,regular_season,3,1868.0,1918.0,50.0,True,True,3,10860|12|16|3129|58,103|107|10889|73|86,0.0,0.0,2.0,1.0,11.0,1012.0,False,False,104.90391970779866,104.68104431806738,0.22287538973130325,12,0.0,1.5,0.0,0.0,0.0,True,0.0,0.0,0.0,0.0,0.0,0.0,0.0,0.0,0.0,0.0,0.0,0.0,0.0,0.0,0.0,0.0,0.0,0.0,0.0,0.0,0.0,0.0,0.0,0.0,0.0,0.0,0.0,0.0,0.0,0.0,0.0,8|50|75|87|107,3|6|36|115|125,True,True,2
1405_023,1405,regular_season,3,1918.0,2070.0,152.0,True,True,3,10860|12|3129|58|68,103|107|10889|73|86,3.0,3.0,4.44,4.88,11.0,962.0,False,False,104.90391970779866,104.68104431806738,0.22287538973130325,12,0.0,4.66,0.0,67.56756756756756,61.47540983606557,True,0.0,1.0,0.0,1.0,0.0,0.0,0.0,0.0,0.0,0.0,0.0,0.0,0.0,1.0,0.0,0.0,0.0,0.0,0.0,0.0,1.0,0.0,0.0,0.0,0.0,0.0,0.0,0.0,1.0,1.0,0.2252252252252252,8|50|87|107|112,3|6|36|115|125,True,True,2
1405_024,1405,regular_season,3,2070.0,2160.0,90.0,True,True,3,10860|12|54|58|68,107|10889|73|77|86,6.0,0.0,3.0,2.0,11.0,810.0,False,False,104.90391970779866,104.68104431806738,0.22287538973130325,12,6.0,2.5,240.0,200.0,0.0,True,0.0,0.0,0.0,0.0,0.0,0.0,0.0,0.0,0.0,0.0,2.0,0.0,0.0,0.0,0.0,0.0,0.0,0.0,0.0,0.0,0.0,0.0,0.0,0.0,0.0,0.0,0.0,0.0,0.0,0.0,0.0,8|50|103|107|112,6|36|115|118|125,True,True,2
1405_025,1405,regular_season,4,2160.0,2230.0,70.0,True,True,3,10860|12|54|58|68,107|10890|77|89|99,0.0,2.0,2.0,1.0,17.0,720.0,False,False,104.90391970779866,104.68104431806738,0.22287538973130325,12,-2.0,1.5,-133.33333333333334,0.0,200.0,True,0.0,1.0,0.0,0.0,0.0,1.0,0.0,0.0,0.0,0.0,0.0,0.0,0.0,0.0,0.0,0.0,0.0,0.0,0.0,0.0,0.0,0.0,0.0,0.0,0.0,0.0,1.0,0.0,1.0,1.0,0.5,8|50|103|107|112,6|37|118|130|136,True,True,2
1405_026,1405,regular_season,4,2230.0,2354.0,124.0,True,True,3,10860|54|58|62|68,107|10890|77|89|99,3.0,7.0,3.0,4.0,15.0,650.0,False,False,104.90391970779866,104.68104431806738,0.22287538973130325,12,-4.0,3.5,-114.28571428571429,100.0,175.0,True,0.0,0.0,0.0,0.0,0.0,0.0,0.0,0.0,0.0,0.0,1.0,0.0,0.0,0.0,0.0,0.0,0.0,0.0,0.0,0.0,0.0,0.0,0.0,0.0,0.0,0.0,0.0,0.0,0.0,0.0,0.0,8|103|107|110|112,6|37|118|130|136,True,True,2
1405_027,1405,regular_season,4,2354.0,2429.0,75.0,True,True,3,16|54|57|62|68,107|10890|77|89|99,5.0,0.0,3.0,2.0,11.0,526.0,False,False,104.90391970779866,104.68104431806738,0.22287538973130325,12,5.0,2.5,200.0,166.66666666666666,0.0,False,,,,,,,,,,,,,,,,,,,,,,,,,,,,,,,,75|103|106|110|112,6|37|118|130|136,True,True,2
1405_028,1405,regular_season,4,2429.0,2513.0,84.0,True,True,3,16|54|57|62|68,10889|10890|77|89|99,4.0,6.0,1.88,3.44,16.0,451.0,False,False,104.90391970779866,104.68104431806738,0.22287538973130325,12,-2.0,2.66,-75.18796992481202,212.76595744680853,174.41860465116278,False,,,,,,,,,,,,,,,,,,,,,,,,,,,,,,,,75|103|106|110|112,36|37|118|130|136,True,True,2
1405_029,1405,regular_season,4,2513.0,2573.0,60.0,True,True,3,16|54|57|62|68,10889|10890|73|77|89,2.0,0.0,3.0,2.0,14.0,367.0,False,False,104.90391970779866,104.68104431806738,0.22287538973130325,12,2.0,2.5,80.0,66.66666666666667,0.0,False,,,,,,,,,,,,,,,,,,,,,,,,,,,,,,,,75|103|106|110|112,36|37|115|118|130,True,True,2
1405_030,1405,regular_season,4,2573.0,2635.0,62.0,True,True,3,16|54|57|62|68,107|10889|73|77|86,3.0,0.0,1.0,1.0,16.0,307.0,False,False,104.90391970779866,104.68104431806738,0.22287538973130325,12,3.0,1.0,300.0,300.0,0.0,False,,,,,,,,,,,,,,,,,,,,,,,,,,,,,,,,75|103|106|110|112,6|36|115|118|125,True,True,2
1405_031,1405,regular_season,4,2635.0,2727.0,92.0,True,True,3,16|54|57|62|68,103|107|10889|73|86,5.0,8.0,3.0,3.0,19.0,245.0,False,False,104.90391970779866,104.68104431806738,0.22287538973130325,12,-3.0,3.0,-100.0,166.66666666666666,266.6666666666667,False,,,,,,,,,,,,,,,,,,,,,,,,,,,,,,,,75|103|106|110|112,3|6|36|115|125,True,True,2
1405_032,1405,regular_season,4,2727.0,2798.0,71.0,True,True,3,16|54|57|62|68,103|107|10890|73|86,4.0,7.0,2.76,4.0,16.0,153.0,False,False,104.90391970779866,104.68104431806738,0.22287538973130325,12,-3.0,3.38,-88.75739644970415,144.92753623188406,175.0,False,,,,,,,,,,,,,,,,,,,,,,,,,,,,,,,,75|103|106|110|112,3|6|37|115|125,True,True,2
1405_033,1405,regular_season,4,2798.0,2880.0,82.0,True,True,3,16|54|57|62|68,103|107|10890|73|83,4.0,4.0,2.76,2.0,13.0,82.0,False,False,104.90391970779866,104.68104431806738,0.22287538973130325,12,0.0,2.38,0.0,144.92753623188406,200.0,False,,,,,,,,,,,,,,,,,,,,,,,,,,,,,,,,75|103|106|110|112,3|6|37|115|123,True,True,2
1408_001,1408,regular_season,1,0.0,360.0,360.0,True,False,6,16|54|57|62|68,10877|10881|40|44|8889,6.0,11.0,10.0,11.0,0.0,2880.0,False,False,101.95007663131679,103.19296425602325,-1.242887624706454,12,-5.0,10.5,-47.61904761904762,60.0,100.0,False,,,,,,,,,,,,,,,,,,,,,,,,,,,,,,,,75|103|106|110|112,24|28|94|97|129,True,True,3
1408_002,1408,regular_season,1,360.0,418.0,58.0,True,False,6,10860|54|57|58|68,10877|10881|40|44|8889,0.0,0.0,3.0,1.0,-5.0,2520.0,False,False,101.95007663131679,103.19296425602325,-1.242887624706454,12,0.0,2.0,0.0,0.0,0.0,True,0.0,2.0,0.0,1.0,0.0,1.0,0.0,0.0,0.0,0.0,0.0,0.0,0.0,0.0,0.0,1.0,0.0,0.0,0.0,0.0,1.0,0.0,0.0,0.0,0.0,0.0,1.0,0.0,2.0,2.0,0.6666666666666666,8|103|106|107|112,24|28|94|97|129,True,True,3
1408_003,1408,regular_season,1,418.0,438.0,20.0,True,False,6,10860|3129|54|58|68,10877|10881|40|44|8889,3.0,0.0,1.44,1.0,-5.0,2462.0,False,False,101.95007663131679,103.19296425602325,-1.242887624706454,12,3.0,1.22,245.9016393442623,208.33333333333334,0.0,True,0.0,0.0,0.0,0.0,0.0,0.0,0.0,0.0,0.0,0.0,0.0,0.0,0.0,0.0,0.0,0.0,0.0,0.0,0.0,0.0,0.0,0.0,0.0,0.0,0.0,0.0,0.0,0.0,0.0,0.0,0.0,8|87|103|107|112,24|28|94|97|129,True,True,3
1408_004,1408,regular_season,1,438.0,505.0,67.0,True,False,6,10860|3129|54|58|68,10877|10880|39|40|8889,5.0,0.0,2.0,2.0,-2.0,2442.0,False,False,101.95007663131679,103.19296425602325,-1.242887624706454,12,5.0,2.0,250.0,250.0,0.0,True,0.0,0.0,0.0,0.0,0.0,0.0,0.0,0.0,0.0,0.0,0.0,0.0,0.0,0.0,0.0,0.0,0.0,0.0,0.0,0.0,0.0,0.0,0.0,0.0,0.0,0.0,0.0,0.0,0.0,0.0,0.0,8|87|103|107|112,24|27|92|94|129,True,True,3
1408_005,1408,regular_season,1,505.0,566.0,61.0,True,False,6,10860|12|3129|58|68,10877|10880|39|40|8889,0.0,4.0,2.0,2.0,3.0,2375.0,False,False,101.95007663131679,103.19296425602325,-1.242887624706454,12,-4.0,2.0,-200.0,0.0,200.0,True,0.0,0.0,0.0,0.0,0.0,0.0,0.0,0.0,0.0,0.0,0.0,0.0,0.0,0.0,0.0,0.0,0.0,0.0,0.0,0.0,0.0,0.0,0.0,0.0,0.0,0.0,0.0,0.0,0.0,0.0,0.0,8|50|87|107|112,24|27|92|94|129,True,True,3
1408_006,1408,regular_season,1,566.0,608.0,42.0,True,False,6,10860|12|16|3129|58,10877|10879|10880|39|8889,0.0,0.0,1.0,1.0,-1.0,2314.0,False,False,101.95007663131679,103.19296425602325,-1.242887624706454,12,0.0,1.0,0.0,0.0,0.0,True,0.0,1.0,0.0,1.0,0.0,0.0,0.0,0.0,0.0,0.0,0.0,0.0,0.0,0.0,0.0,0.0,0.0,0.0,0.0,0.0,0.0,0.0,1.0,0.0,0.0,0.0,0.0,0.0,1.0,1.0,1.0,8|50|75|87|107,24|26|27|92|129,True,True,3
1408_007,1408,regular_season,1,608.0,626.0,18.0,True,False,6,10860|12|16|3129|58,10879|10880|113|39|8889,0.0,0.0,1.0,1.0,-1.0,2272.0,False,False,101.95007663131679,103.19296425602325,-1.242887624706454,12,0.0,1.0,0.0,0.0,0.0,True,0.0,0.0,0.0,0.0,0.0,0.0,0.0,0.0,0.0,0.0,0.0,0.0,0.0,0.0,0.0,0.0,0.0,0.0,0.0,0.0,0.0,0.0,0.0,0.0,0.0,0.0,0.0,0.0,0.0,0.0,0.0,8|50|75|87|107,26|27|46|92|129,True,True,3
1408_008,1408,regular_season,1,626.0,720.0,94.0,True,False,6,10860|12|16|3129|58,10879|10880|113|39|44,2.0,0.0,2.0,3.0,-1.0,2254.0,False,False,101.95007663131679,103.19296425602325,-1.242887624706454,12,2.0,2.5,80.0,100.0,0.0,True,0.0,0.0,0.0,0.0,0.0,0.0,0.0,0.0,0.0,0.0,2.0,0.0,0.0,0.0,0.0,0.0,0.0,0.0,0.0,0.0,0.0,0.0,0.0,0.0,0.0,0.0,0.0,0.0,0.0,0.0,0.0,8|50|75|87|107,26|27|46|92|97,True,True,3
1408_009,1408,regular_season,2,720.0,868.0,148.0,True,False,6,10860|12|16|3129|58,10879|10880|10881|113|39,4.0,4.0,5.0,4.88,1.0,2160.0,False,False,101.95007663131679,103.19296425602325,-1.242887624706454,12,0.0,4.9399999999999995,0.0,80.0,81.9672131147541,True,2.0,3.0,1.0,2.0,1.0,1.0,0.0,0.0,0.0,0.0,0.0,0.0,0.0,0.0,1.0,0.0,1.0,0.0,0.0,0.0,2.0,1.0,0.0,0.0,0.0,0.0,1.0,0.0,3.0,4.0,0.8,8|50|75|87|107,26|27|28|46|92,True,True,3
1408_010,1408,regular_season,2,868.0,926.0,58.0,True,False,6,10860|12|16|54|58,10879|10880|10881|113|39,0.0,2.0,1.0,1.0,1.0,2012.0,False,False,101.95007663131679,103.19296425602325,-1.242887624706454,12,-2.0,1.0,-200.0,0.0,200.0,True,0.0,1.0,0.0,1.0,0.0,0.0,0.0,0.0,0.0,0.0,0.0,0.0,0.0,0.0,0.0,0.0,0.0,0.0,0.0,0.0,0.0,0.0,1.0,0.0,0.0,0.0,0.0,0.0,1.0,1.0,1.0,8|50|75|103|107,26|27|28|46|92,True,True,3
1408_011,1408,regular_season,2,926.0,960.0,34.0,True,False,6,12|16|54|58|68,10879|10880|10881|113|39,2.0,0.0,1.0,1.0,-1.0,1954.0,False,False,101.95007663131679,103.19296425602325,-1.242887624706454,12,2.0,1.0,200.0,200.0,0.0,False,,,,,,,,,,,,,,,,,,,,,,,,,,,,,,,,50|75|103|107|112,26|27|28|46|92,True,True,3
1408_012,1408,regular_season,2,960.0,1015.0,55.0,True,False,6,12|16|54|62|68,10877|10880|10881|113|40,2.0,2.0,2.0,2.0,1.0,1920.0,False,False,101.95007663131679,103.19296425602325,-1.242887624706454,12,0.0,2.0,0.0,100.0,100.0,False,,,,,,,,,,,,,,,,,,,,,,,,,,,,,,,,50|75|103|110|112,24|27|28|46|94,True,True,3
1408_013,1408,regular_season,2,1015.0,1081.0,66.0,True,False,6,12|16|54|62|68,10877|10881|113|40|8889,0.0,2.0,2.0,1.88,1.0,1865.0,False,False,101.95007663131679,103.19296425602325,-1.242887624706454,12,-2.0,1.94,-103.09278350515464,0.0,106.38297872340426,False,,,,,,,,,,,,,,,,,,,,,,,,,,,,,,,,50|75|103|110|112,24|28|46|94|129,True,True,3
1408_014,1408,regular_season,2,1081.0,1117.0,36.0,True,False,6,16|54|57|62|68,10877|10881|40|44|8889,2.0,0.0,0.88,0.0,-1.0,1799.0,False,False,101.95007663131679,103.19296425602325,-1.242887624706454,12,2.0,0.44,454.54545454545456,227.27272727272728,,False,,,,,,,,,,,,,,,,,,,,,,,,,,,,,,,,75|103|106|110|112,24|28|94|97|129,True,True,3
1408_015,1408,regular_season,2,1117.0,1160.0,43.0,True,False,6,10860|54|57|62|68,10877|10880|40|43|8889,2.0,2.0,1.88,2.0,1.0,1763.0,False,False,101.95007663131679,103.19296425602325,-1.242887624706454,12,0.0,1.94,0.0,106.38297872340426,100.0,True,0.0,0.0,0.0,0.0,0.0,0.0,0.0,0.0,0.0,0.0,0.0,0.0,0.0,0.0,0.0,0.0,0.0,0.0,0.0,0.0,0.0,0.0,0.0,0.0,0.0,0.0,0.0,0.0,0.0,0.0,0.0,8|103|106|110|112,24|27|94|96|129,True,True,3
1408_016,1408,regular_season,2,1160.0,1288.0,128.0,True,False,6,10860|54|58|62|68,10877|10880|40|43|8889,4.0,7.0,5.0,5.0,1.0,1720.0,False,False,101.95007663131679,103.19296425602325,-1.242887624706454,12,-3.0,5.0,-60.0,80.0,140.0,True,0.0,1.0,0.0,1.0,0.0,0.0,0.0,0.0,0.0,1.0,0.0,1.0,1.0,0.0,0.0,0.0,0.0,0.0,0.0,0.0,1.0,0.0,0.0,0.0,0.0,0.0,0.0,0.0,1.0,1.0,0.2,8|103|107|110|112,24|27|94|96|129,True,True,3
1408_017,1408,regular_season,2,1288.0,1402.0,114.0,True,False,6,10860|3129|54|58|68,10877|10880|40|43|8889,6.0,6.0,4.0,3.88,-2.0,1592.0,False,False,101.95007663131679,103.19296425602325,-1.242887624706454,12,0.0,3.94,0.0,150.0,154.63917525773195,True,0.0,1.0,0.0,1.0,0.0,0.0,0.0,0.0,0.0,0.0,0.0,0.0,0.0,0.0,0.0,0.0,0.0,0.0,0.0,0.0,1.0,0.0,0.0,0.0,0.0,0.0,0.0,0.0,1.0,1.0,0.25,8|87|103|107|112,24|27|94|96|129,True,True,3
1408_018,1408,regular_season,2,1402.0,1439.0,37.0,True,False,6,10860|12|16|3129|57,10877|10880|40|43|8889,0.0,0.0,1.0,1.0,-2.0,1478.0,False,False,101.95007663131679,103.19296425602325,-1.242887624706454,12,0.0,1.0,0.0,0.0,0.0,True,0.0,0.0,0.0,0.0,0.0,0.0,0.0,0.0,0.0,0.0,0.0,0.0,0.0,0.0,0.0,0.0,0.0,0.0,0.0,0.0,0.0,0.0,0.0,0.0,0.0,0.0,0.0,0.0,0.0,0.0,0.0,8|50|75|87|106,24|27|94|96|129,True,True,3
1408_019,1408,regular_season,2,1439.0,1440.0,1.0,True,False,6,10860|3129|54|57|68,10877|10880|44|47|8889,3.0,0.0,1.0,1.0,-2.0,1441.0,False,False,101.95007663131679,103.19296425602325,-1.242887624706454,12,3.0,1.0,300.0,300.0,0.0,True,3.0,1.0,1.0,0.0,0.0,1.0,1.0,0.0,0.0,0.0,0.0,0.0,0.0,0.0,0.0,0.0,1.0,0.0,0.0,0.0,0.0,0.0,0.0,0.0,0.0,0.0,1.0,1.0,1.0,1.0,1.0,8|87|103|106|112,24|27|97|99|129,True,True,3
1408_020,1408,regular_season,3,1440.0,1553.0,113.0,True,False,6,16|54|57|62|68,10877|10881|40|44|8889,2.0,2.0,2.88,2.88,1.0,1440.0,False,False,101.95007663131679,103.19296425602325,-1.242887624706454,12,0.0,2.88,0.0,69.44444444444444,69.44444444444444,False,,,,,,,,,,,,,,,,,,,,,,,,,,,,,,,,75|103|106|110|112,24|28|94|97|129,True,True,3
1408_021,1408,regular_season,3,1553.0,1622.0,69.0,True,False,6,16|54|57|58|68,10877|10881|40|44|8889,2.0,5.0,2.0,2.0,1.0,1327.0,False,False,101.95007663131679,103.19296425602325,-1.242887624706454,12,-3.0,2.0,-150.0,100.0,250.0,False,,,,,,,,,,,,,,,,,,,,,,,,,,,,,,,,75|103|106|107|112,24|28|94|97|129,True,True,3
1408_022,1408,regular_season,3,1622.0,1806.0,184.0,True,False,6,12|16|54|58|68,10877|10881|40|44|8889,2.0,5.0,7.0,6.76,-2.0,1258.0,False,False,101.95007663131679,103.19296425602325,-1.242887624706454,12,-3.0,6.88,-43.604651162790695,28.571428571428573,73.96449704142012,False,,,,,,,,,,,,,,,,,,,,,,,,,,,,,,,,50|75|103|107|112,24|28|94|97|129,True,True,3
1408_023,1408,regular_season,3,1806.0,1831.0,25.0,True,False,6,10860|12|3129|54|68,10877|10880|10881|40|44,0.0,2.0,1.0,1.88,-5.0,1074.0,False,False,101.95007663131679,103.19296425602325,-1.242887624706454,12,-2.0,1.44,-138.88888888888889,0.0,106.38297872340426,True,0.0,0.0,0.0,0.0,0.0,0.0,0.0,0.0,0.0,0.0,0.0,0.0,0.0,0.0,0.0,0.0,0.0,0.0,0.0,0.0,0.0,0.0,0.0,0.0,0.0,0.0,0.0,0.0,0.0,0.0,0.0,8|50|87|103|112,24|27|28|94|97,True,True,3
1408_024,1408,regular_season,3,1831.0,1986.0,155.0,True,False,6,10860|12|3129|54|68,10877|10880|10881|43|44,10.0,5.0,5.0,4.0,-7.0,1049.0,False,False,101.95007663131679,103.19296425602325,-1.242887624706454,12,5.0,4.5,111.11111111111111,200.0,125.0,True,2.0,1.0,1.0,1.0,1.0,0.0,0.0,0.0,0.0,0.0,1.0,0.0,0.0,0.0,0.0,0.0,1.0,0.0,1.0,1.0,0.0,0.0,0.0,0.0,0.0,0.0,0.0,0.0,1.0,1.0,0.2,8|50|87|103|112,24|27|28|96|97,True,True,3
1408_025,1408,regular_season,3,1986.0,2111.0,125.0,True,False,6,10860|12|3129|54|68,10877|10880|113|43|8889,5.0,1.0,3.0,3.88,-2.0,894.0,False,False,101.95007663131679,103.19296425602325,-1.242887624706454,12,4.0,3.44,116.27906976744187,166.66666666666666,25.77319587628866,True,2.0,1.0,1.0,1.0,1.0,0.0,0.0,0.0,0.0,0.0,1.0,0.0,0.0,0.0,0.0,1.0,1.0,0.0,0.0,0.0,0.0,0.0,1.0,1.0,0.0,0.0,0.0,0.0,1.0,1.0,0.3333333333333333,8|50|87|103|112,24|27|46|96|129,True,True,3
1408_026,1408,regular_season,3,2111.0,2155.0,44.0,True,False,6,10860|12|16|3129|58,10880|113|40|43|8889,0.0,0.0,2.0,2.0,2.0,769.0,False,False,101.95007663131679,103.19296425602325,-1.242887624706454,12,0.0,2.0,0.0,0.0,0.0,True,0.0,0.0,0.0,0.0,0.0,0.0,0.0,0.0,0.0,0.0,0.0,0.0,0.0,1.0,0.0,0.0,0.0,0.0,0.0,0.0,0.0,0.0,0.0,0.0,0.0,0.0,0.0,0.0,0.0,0.0,0.0,8|50|75|87|107,27|46|94|96|129,True,True,3
1408_027,1408,regular_season,3,2155.0,2160.0,5.0,True,False,6,10860|12|16|3129|58,10877|10880|40|43|8889,0.0,0.0,1.0,0.0,2.0,725.0,False,False,101.95007663131679,103.19296425602325,-1.242887624706454,12,0.0,0.5,0.0,0.0,,True,0.0,0.0,0.0,0.0,0.0,0.0,0.0,0.0,0.0,0.0,0.0,0.0,0.0,0.0,0.0,0.0,0.0,0.0,0.0,0.0,0.0,0.0,0.0,0.0,0.0,0.0,0.0,0.0,0.0,0.0,0.0,8|50|75|87|107,24|27|94|96|129,True,True,3
1408_028,1408,regular_season,4,2160.0,2293.0,133.0,True,False,6,10860|12|16|3129|58,10877|10880|40|43|8889,0.0,4.0,5.0,4.0,2.0,720.0,False,False,101.95007663131679,103.19296425602325,-1.242887624706454,12,-4.0,4.5,-88.88888888888889,0.0,100.0,True,0.0,1.0,0.0,0.0,0.0,1.0,0.0,0.0,0.0,0.0,0.0,0.0,0.0,0.0,0.0,0.0,0.0,0.0,0.0,0.0,0.0,0.0,0.0,0.0,0.0,0.0,1.0,0.0,1.0,1.0,0.2,8|50|75|87|107,24|27|94|96|129,True,True,3
1408_029,1408,regular_season,4,2293.0,2359.0,66.0,True,False,6,10860|16|54|57|58,10877|10880|40|43|8889,2.0,6.0,1.0,2.44,-2.0,587.0,False,False,101.95007663131679,103.19296425602325,-1.242887624706454,12,-4.0,1.72,-232.55813953488374,200.0,245.9016393442623,True,0.0,0.0,0.0,0.0,0.0,0.0,0.0,0.0,0.0,0.0,0.0,0.0,0.0,0.0,0.0,0.0,0.0,0.0,0.0,0.0,0.0,0.0,0.0,0.0,0.0,0.0,0.0,0.0,0.0,0.0,0.0,8|75|103|106|107,24|27|94|96|129,True,True,3
1408_030,1408,regular_season,4,2359.0,2457.0,98.0,True,False,6,10860|54|57|62|68,10877|10880|40|43|8889,0.0,7.0,3.0,3.44,-6.0,521.0,False,False,101.95007663131679,103.19296425602325,-1.242887624706454,12,-7.0,3.2199999999999998,-217.3913043478261,0.0,203.48837209302326,True,0.0,0.0,0.0,0.0,0.0,0.0,0.0,0.0,0.0,0.0,0.0,0.0,0.0,0.0,0.0,0.0,0.0,0.0,0.0,0.0,0.0,0.0,0.0,0.0,0.0,0.0,0.0,0.0,0.0,0.0,0.0,8|103|106|110|112,24|27|94|96|129,True,True,3
1408_031,1408,regular_season,4,2457.0,2525.0,68.0,True,False,6,10860|54|57|58|68,10877|10880|40|43|8889,0.0,0.0,2.0,2.0,-13.0,423.0,False,False,101.95007663131679,103.19296425602325,-1.242887624706454,12,0.0,2.0,0.0,0.0,0.0,True,0.0,1.0,0.0,1.0,0.0,0.0,0.0,0.0,0.0,0.0,1.0,0.0,0.0,0.0,0.0,0.0,0.0,0.0,0.0,0.0,1.0,0.0,0.0,0.0,0.0,0.0,0.0,0.0,1.0,1.0,0.5,8|103|106|107|112,24|27|94|96|129,True,True,3
1408_032,1408,regular_season,4,2525.0,2551.0,26.0,True,False,6,16|54|57|58|68,10877|10880|40|43|8889,0.0,0.0,1.0,0.0,-13.0,355.0,False,False,101.95007663131679,103.19296425602325,-1.242887624706454,12,0.0,0.5,0.0,0.0,,False,,,,,,,,,,,,,,,,,,,,,,,,,,,,,,,,75|103|106|107|112,24|27|94|96|129,True,True,3
1408_033,1408,regular_season,4,2551.0,2812.0,261.0,True,False,6,16|3129|54|58|68,10877|10880|40|43|8889,11.0,6.0,6.88,9.76,-13.0,329.0,False,False,101.95007663131679,103.19296425602325,-1.242887624706454,12,5.0,8.32,60.09615384615385,159.88372093023256,61.47540983606557,False,,,,,,,,,,,,,,,,,,,,,,,,,,,,,,,,75|87|103|107|112,24|27|94|96|129,True,True,3
1408_034,1408,regular_season,4,2812.0,2880.0,68.0,True,False,6,16|3129|54|58|68,10877|10880|10881|43|44,0.0,2.0,3.0,1.88,-8.0,68.0,False,False,101.95007663131679,103.19296425602325,-1.242887624706454,12,-2.0,2.44,-81.9672131147541,0.0,106.38297872340426,False,,,,,,,,,,,,,,,,,,,,,,,,,,,,,,,,75|87|103|107|112,24|27|28|96|97,True,True,3
1411_001,1411,regular_season,1,0.0,291.0,291.0,True,False,7,10860|54|57|62|68,13029|21|24|29|34,8.0,11.0,8.44,7.88,0.0,2880.0,False,False,105.0535255152122,106.20131107793819,-1.147785562725977,13,-3.0,8.16,-36.76470588235294,94.7867298578199,139.59390862944161,True,2.0,3.0,1.0,3.0,1.0,0.0,0.0,0.0,0.0,0.0,1.0,0.0,0.0,0.0,0.0,1.0,1.0,0.0,0.0,0.0,2.0,1.0,1.0,0.0,0.0,0.0,0.0,0.0,3.0,3.0,0.35545023696682465,8|103|106|110|112,57|78|81|85|89,True,True,4
1411_002,1411,regular_season,1,291.0,338.0,47.0,True,False,7,10860|3129|54|57|68,13029|21|24|29|34,2.0,3.0,2.0,2.0,-3.0,2589.0,False,False,105.0535255152122,106.20131107793819,-1.147785562725977,13,-1.0,2.0,-50.0,100.0,150.0,True,0.0,0.0,0.0,0.0,0.0,0.0,0.0,0.0,0.0,0.0,0.0,0.0,0.0,0.0,0.0,0.0,0.0,0.0,0.0,0.0,0.0,0.0,0.0,0.0,0.0,0.0,0.0,0.0,0.0,0.0,0.0,8|87|103|106|112,57|78|81|85|89,True,True,4
1411_003,1411,regular_season,1,338.0,389.0,51.0,True,False,7,16|3129|54|57|68,10872|13029|28|29|34,0.0,2.0,1.0,2.0,-4.0,2542.0,False,False,105.0535255152122,106.20131107793819,-1.147785562725977,13,-2.0,1.5,-133.33333333333334,0.0,100.0,False,,,,,,,,,,,,,,,,,,,,,,,,,,,,,,,,75|87|103|106|112,19|57|84|85|89,True,True,4
1411_004,1411,regular_season,1,389.0,423.0,34.0,True,False,7,16|3129|54|58|68,10872|13029|28|29|34,0.0,0.0,1.0,1.0,-6.0,2491.0,False,False,105.0535255152122,106.20131107793819,-1.147785562725977,13,0.0,1.0,0.0,0.0,0.0,False,,,,,,,,,,,,,,,,,,,,,,,,,,,,,,,,75|87|103|107|112,19|57|84|85|89,True,True,4
1411_005,1411,regular_season,1,423.0,479.0,56.0,True,False,7,16|3129|54|58|68,10872|10875|13029|25|28,2.0,3.0,2.0,2.0,-6.0,2457.0,False,False,105.0535255152122,106.20131107793819,-1.147785562725977,13,-1.0,2.0,-50.0,100.0,150.0,False,,,,,,,,,,,,,,,,,,,,,,,,,,,,,,,,75|87|103|107|112,19|22|57|82|84,True,True,4
1411_006,1411,regular_season,1,479.0,559.0,80.0,True,False,7,16|3129|54|58|68,10872|10875|25|28|34,8.0,0.0,3.88,3.0,-7.0,2401.0,False,False,105.0535255152122,106.20131107793819,-1.147785562725977,13,8.0,3.44,232.55813953488374,206.18556701030928,0.0,False,,,,,,,,,,,,,,,,,,,,,,,,,,,,,,,,75|87|103|107|112,19|22|82|84|89,True,True,4
1411_007,1411,regular_season,1,559.0,583.0,24.0,True,False,7,16|3129|54|58|68,10875|13029|21|24|29,1.0,0.0,0.88,1.0,1.0,2321.0,False,False,105.0535255152122,106.20131107793819,-1.147785562725977,13,1.0,0.94,106.38297872340426,113.63636363636364,0.0,False,,,,,,,,,,,,,,,,,,,,,,,,,,,,,,,,75|87|103|107|112,22|57|78|81|85,True,True,4
1411_008,1411,regular_season,1,583.0,617.0,34.0,True,False,7,10860|12|16|3129|58,10875|13029|21|24|29,0.0,0.0,0.0,1.0,2.0,2297.0,False,False,105.0535255152122,106.20131107793819,-1.147785562725977,13,0.0,0.5,0.0,,0.0,True,0.0,0.0,0.0,0.0,0.0,0.0,0.0,0.0,0.0,0.0,1.0,0.0,0.0,0.0,0.0,0.0,0.0,0.0,0.0,0.0,0.0,0.0,0.0,0.0,0.0,0.0,0.0,0.0,0.0,0.0,,8|50|75|87|107,22|57|78|81|85,True,True,4
1411_009,1411,regular_season,1,617.0,679.0,62.0,True,False,7,10860|12|16|3129|58,13029|21|24|29|34,4.0,5.0,2.88,2.0,2.0,2263.0,False,False,105.0535255152122,106.20131107793819,-1.147785562725977,13,-1.0,2.44,-40.98360655737705,138.88888888888889,250.0,True,2.0,1.0,1.0,1.0,1.0,0.0,0.0,0.0,0.0,0.0,0.0,0.0,0.0,0.0,1.0,0.0,0.0,1.0,0.0,0.0,0.0,0.0,1.0,1.0,0.0,0.0,0.0,0.0,1.0,2.0,0.6944444444444444,8|50|75|87|107,57|78|81|85|89,True,True,4
1411_010,1411,regular_season,1,679.0,720.0,41.0,True,False,7,10860|10884|12|16|58,13029|21|24|29|34,3.0,2.0,1.0,2.0,1.0,2201.0,False,False,105.0535255152122,106.20131107793819,-1.147785562725977,13,1.0,1.5,66.66666666666667,300.0,100.0,True,0.0,0.0,0.0,0.0,0.0,0.0,0.0,0.0,0.0,0.0,0.0,0.0,0.0,0.0,0.0,0.0,0.0,0.0,0.0,0.0,0.0,0.0,0.0,0.0,0.0,0.0,0.0,0.0,0.0,0.0,0.0,8|31|50|75|107,57|78|81|85|89,True,True,4
1411_011,1411,regular_season,2,720.0,928.0,208.0,True,False,7,10860|10884|12|16|58,13029|21|24|29|34,9.0,9.0,6.0,6.88,2.0,2160.0,False,False,105.0535255152122,106.20131107793819,-1.147785562725977,13,0.0,6.4399999999999995,0.0,150.0,130.8139534883721,True,2.0,1.0,1.0,1.0,1.0,0.0,0.0,0.0,0.0,1.0,2.0,0.0,0.0,0.0,1.0,0.0,0.0,1.0,0.0,0.0,1.0,1.0,0.0,0.0,0.0,0.0,0.0,0.0,1.0,2.0,0.3333333333333333,8|31|50|75|107,57|78|81|85|89,True,True,4
1411_012,1411,regular_season,2,928.0,1070.0,142.0,True,False,7,10860|10884|12|16|58,10872|10875|28|29|34,5.0,11.0,6.0,6.32,2.0,1952.0,False,False,105.0535255152122,106.20131107793819,-1.147785562725977,13,-6.0,6.16,-97.4025974025974,83.33333333333333,174.0506329113924,True,2.0,1.0,1.0,1.0,1.0,0.0,0.0,0.0,0.0,0.0,2.0,0.0,0.0,0.0,0.0,0.0,0.0,1.0,0.0,0.0,1.0,1.0,0.0,0.0,0.0,0.0,0.0,0.0,1.0,1.0,0.16666666666666666,8|31|50|75|107,19|22|84|85|89,True,True,4
1411_013,1411,regular_season,2,1070.0,1129.0,59.0,True,False,7,10860|3129|54|57|68,10872|10875|21|28|34,2.0,1.0,2.0,2.88,-4.0,1810.0,False,False,105.0535255152122,106.20131107793819,-1.147785562725977,13,1.0,2.44,40.98360655737705,100.0,34.72222222222222,True,0.0,0.0,0.0,0.0,0.0,0.0,0.0,0.0,0.0,0.0,1.0,0.0,0.0,0.0,0.0,0.0,0.0,0.0,0.0,0.0,0.0,0.0,0.0,0.0,0.0,0.0,0.0,0.0,0.0,0.0,0.0,8|87|103|106|112,19|22|78|84|89,True,True,4
1411_014,1411,regular_season,2,1129.0,1233.0,104.0,True,False,7,10860|3129|54|57|68,10872|10875|13029|21|28,4.0,7.0,4.88,4.0,-3.0,1751.0,False,False,105.0535255152122,106.20131107793819,-1.147785562725977,13,-3.0,4.4399999999999995,-67.56756756756758,81.9672131147541,175.0,True,0.0,0.0,0.0,0.0,0.0,0.0,0.0,0.0,0.0,0.0,0.0,0.0,0.0,1.0,0.0,0.0,0.0,0.0,0.0,0.0,0.0,0.0,0.0,0.0,0.0,0.0,0.0,0.0,0.0,0.0,0.0,8|87|103|106|112,19|22|57|78|84,True,True,4
1411_015,1411,regular_season,2,1233.0,1440.0,207.0,True,False,7,16|3129|54|57|68,10872|10875|13029|21|24,6.0,9.0,6.0,6.0,-6.0,1647.0,False,False,105.0535255152122,106.20131107793819,-1.147785562725977,13,-3.0,6.0,-50.0,100.0,150.0,False,,,,,,,,,,,,,,,,,,,,,,,,,,,,,,,,75|87|103|106|112,19|22|57|78|81,True,True,4
1411_016,1411,regular_season,3,1440.0,1716.0,276.0,True,False,7,16|3129|54|57|68,10875|21|28|29|34,10.0,13.0,7.88,7.88,-9.0,1440.0,False,False,105.0535255152122,106.20131107793819,-1.147785562725977,13,-3.0,7.88,-38.07106598984772,126.90355329949239,164.9746192893401,False,,,,,,,,,,,,,,,,,,,,,,,,,,,,,,,,75|87|103|106|112,22|78|84|85|89,True,True,4
1411_017,1411,regular_season,3,1716.0,1762.0,46.0,True,False,7,16|54|57|62|68,10875|21|25|29|34,2.0,0.0,1.0,1.0,-12.0,1164.0,False,False,105.0535255152122,106.20131107793819,-1.147785562725977,13,2.0,1.0,200.0,200.0,0.0,False,,,,,,,,,,,,,,,,,,,,,,,,,,,,,,,,75|103|106|110|112,22|78|82|85|89,True,True,4
1411_018,1411,regular_season,3,1762.0,1777.0,15.0,True,False,7,10860|54|58|62|68,10875|21|25|29|34,0.0,2.0,1.0,0.88,-10.0,1118.0,False,False,105.0535255152122,106.20131107793819,-1.147785562725977,13,-2.0,0.94,-212.76595744680853,0.0,227.27272727272728,True,0.0,1.0,0.0,1.0,0.0,0.0,0.0,0.0,0.0,0.0,0.0,0.0,0.0,0.0,0.0,0.0,0.0,0.0,0.0,0.0,0.0,0.0,1.0,0.0,0.0,0.0,0.0,0.0,1.0,1.0,1.0,8|103|107|110|112,22|78|82|85|89,True,True,4
1411_019,1411,regular_season,3,1777.0,1916.0,139.0,True,False,7,10860|54|58|62|68,13029|24|25|29|34,2.0,3.0,5.0,4.0,-12.0,1103.0,False,False,105.0535255152122,106.20131107793819,-1.147785562725977,13,-1.0,4.5,-22.22222222222222,40.0,75.0,True,2.0,2.0,1.0,2.0,1.0,0.0,0.0,0.0,0.0,0.0,2.0,0.0,0.0,0.0,0.0,0.0,1.0,0.0,0.0,0.0,2.0,1.0,0.0,0.0,0.0,0.0,0.0,0.0,2.0,2.0,0.4,8|103|107|110|112,57|81|82|85|89,True,True,4
1411_020,1411,regular_season,3,1916.0,2022.0,106.0,True,False,7,10860|12|58|62|68,10872|10875|13029|21|24,3.0,7.0,3.0,3.88,-13.0,964.0,False,False,105.0535255152122,106.20131107793819,-1.147785562725977,13,-4.0,3.44,-116.27906976744187,100.0,180.41237113402062,True,0.0,0.0,0.0,0.0,0.0,0.0,0.0,0.0,0.0,0.0,0.0,0.0,0.0,0.0,0.0,0.0,0.0,0.0,0.0,0.0,0.0,0.0,0.0,0.0,0.0,0.0,0.0,0.0,0.0,0.0,0.0,8|50|107|110|112,19|22|57|78|81,True,True,4
1411_021,1411,regular_season,3,2022.0,2123.0,101.0,True,False,7,10860|12|16|58|62,10872|10875|13029|21|24,4.0,4.0,3.88,3.0,-17.0,858.0,False,False,105.0535255152122,106.20131107793819,-1.147785562725977,13,0.0,3.44,0.0,103.09278350515464,133.33333333333334,True,2.0,1.0,0.0,1.0,0.0,0.0,0.0,2.0,2.0,0.0,0.0,0.0,0.0,0.0,0.0,0.0,0.0,0.0,0.0,0.0,1.0,0.0,0.0,0.0,0.0,0.0,0.0,0.0,1.88,1.88,0.4845360824742268,8|50|75|107|110,19|22|57|78|81,True,True,4
1411_022,1411,regular_season,3,2123.0,2160.0,37.0,True,False,7,10860|12|16|58|62,10872|13029|21|28|34,2.0,2.0,1.0,1.0,-17.0,757.0,False,False,105.0535255152122,106.20131107793819,-1.147785562725977,13,0.0,1.0,0.0,200.0,200.0,True,0.0,0.0,0.0,0.0,0.0,0.0,0.0,0.0,0.0,0.0,0.0,0.0,0.0,0.0,0.0,0.0,0.0,0.0,0.0,0.0,0.0,0.0,0.0,0.0,0.0,0.0,0.0,0.0,0.0,0.0,0.0,8|50|75|107|110,19|57|78|84|89,True,True,4
1411_023,1411,regular_season,4,2160.0,2316.0,156.0,True,False,7,10860|12|16|58|62,10872|13029|21|24|34,6.0,7.0,5.0,6.0,-17.0,720.0,False,False,105.0535255152122,106.20131107793819,-1.147785562725977,13,-1.0,5.5,-18.181818181818183,120.0,116.66666666666667,True,0.0,0.0,0.0,0.0,0.0,0.0,0.0,0.0,0.0,0.0,2.0,0.0,0.0,0.0,0.0,0.0,0.0,0.0,0.0,0.0,0.0,0.0,0.0,0.0,0.0,0.0,0.0,0.0,0.0,0.0,0.0,8|50|75|107|110,19|57|78|81|89,True,True,4
1411_024,1411,regular_season,4,2316.0,2333.0,17.0,True,False,7,10860|16|54|58|62,10875|21|28|29|34,0.0,0.0,1.0,0.0,-18.0,564.0,False,False,105.0535255152122,106.20131107793819,-1.147785562725977,13,0.0,0.5,0.0,0.0,,True,0.0,0.0,0.0,0.0,0.0,0.0,0.0,0.0,0.0,0.0,0.0,0.0,0.0,0.0,0.0,0.0,0.0,0.0,0.0,0.0,0.0,0.0,0.0,0.0,0.0,0.0,0.0,0.0,0.0,0.0,0.0,8|75|103|107|110,22|78|84|85|89,True,True,4
1411_025,1411,regular_season,4,2333.0,2432.0,99.0,True,False,7,16|54|58|62|68,10875|21|28|29|34,8.0,3.0,3.0,3.0,-18.0,547.0,False,False,105.0535255152122,106.20131107793819,-1.147785562725977,13,5.0,3.0,166.66666666666666,266.6666666666667,100.0,False,,,,,,,,,,,,,,,,,,,,,,,,,,,,,,,,75|103|107|110|112,22|78|84|85|89,True,True,4
1411_026,1411,regular_season,4,2432.0,2524.0,92.0,True,False,7,16|54|58|62|68,10872|10875|28|29|34,0.0,7.0,3.0,3.0,-13.0,448.0,False,False,105.0535255152122,106.20131107793819,-1.147785562725977,13,-7.0,3.0,-233.33333333333334,0.0,233.33333333333334,False,,,,,,,,,,,,,,,,,,,,,,,,,,,,,,,,75|103|107|110|112,19|22|84|85|89,True,True,4
1411_027,1411,regular_season,4,2524.0,2570.0,46.0,True,False,7,16|54|57|58|68,10872|10875|28|29|34,0.0,0.0,2.0,2.0,-20.0,356.0,False,True,105.0535255152122,106.20131107793819,-1.147785562725977,13,0.0,2.0,0.0,0.0,0.0,False,,,,,,,,,,,,,,,,,,,,,,,,,,,,,,,,75|103|106|107|112,19|22|84|85|89,True,True,4
1411_028,1411,regular_season,4,2570.0,2710.0,140.0,True,False,7,16|54|57|58|68,10875|13029|24|28|29,5.0,9.0,4.0,4.88,-20.0,310.0,False,True,105.0535255152122,106.20131107793819,-1.147785562725977,13,-4.0,4.4399999999999995,-90.0900900900901,125.0,184.4262295081967,False,,,,,,,,,,,,,,,,,,,,,,,,,,,,,,,,75|103|106|107|112,22|57|81|84|85,True,True,4
1411_029,1411,regular_season,4,2710.0,2725.0,15.0,True,False,7,12|55|57|64|68,10872|10873|10875|19|23,0.0,0.0,0.0,0.0,-24.0,170.0,False,True,105.0535255152122,106.20131107793819,-1.147785562725977,13,0.0,0.0,,,,False,,,,,,,,,,,,,,,,,,,,,,,,,,,,,,,,50|104|106|111|112,19|20|22|76|80,True,True,4
1411_030,1411,regular_season,4,2725.0,2727.0,2.0,True,False,7,12|55|57|64|68,10871|10872|10873|19|23,3.0,0.0,1.44,0.0,-24.0,155.0,False,True,105.0535255152122,106.20131107793819,-1.147785562725977,13,3.0,0.72,416.6666666666667,208.33333333333334,,False,,,,,,,,,,,,,,,,,,,,,,,,,,,,,,,,50|104|106|111|112,18|19|20|76|80,True,True,4
1411_031,1411,regular_season,4,2727.0,2880.0,153.0,True,False,7,12|3129|55|57|64,10871|10872|10873|19|23,4.0,5.0,3.76,5.0,-21.0,153.0,False,True,105.0535255152122,106.20131107793819,-1.147785562725977,13,-1.0,4.38,-22.831050228310502,106.38297872340426,100.0,False,,,,,,,,,,,,,,,,,,,,,,,,,,,,,,,,50|87|104|106|111,18|19|20|76|80,True,True,4
1415_001,1415,regular_season,1,0.0,242.0,242.0,True,False,4,10861|16|54|57|58,10885|10887|10888|75|76,9.0,4.0,10.76,10.32,0.0,2880.0,False,False,103.4605548950566,100.85356368278322,2.6069912122733934,14,5.0,10.54,47.438330170777995,83.64312267657992,38.75968992248062,False,,,,,,,,,,,,,,,,,,,,,,,,,,,,,,,,9|75|103|106|107,32|34|35|116|117,True,True,0
1415_002,1415,regular_season,1,242.0,310.0,68.0,True,False,4,10861|16|54|57|58,10887|10888|75|76|90,2.0,0.0,2.0,3.0,5.0,2638.0,False,False,103.4605548950566,100.85356368278322,2.6069912122733934,14,2.0,2.5,80.0,100.0,0.0,False,,,,,,,,,,,,,,,,,,,,,,,,,,,,,,,,9|75|103|106|107,34|35|116|117|132,True,True,0
1415_003,1415,regular_season,1,310.0,349.0,39.0,True,False,4,10861|16|54|57|58,10862|10887|75|76|90,3.0,2.0,1.0,1.0,7.0,2570.0,False,False,103.4605548950566,100.85356368278322,2.6069912122733934,14,1.0,1.0,100.0,300.0,200.0,False,,,,,,,,,,,,,,,,,,,,,,,,,,,,,,,,9|75|103|106|107,10|34|116|117|132,True,True,0
1415_004,1415,regular_season,1,349.0,370.0,21.0,True,False,4,10860|10861|54|57|58,10862|10887|75|88|90,0.0,0.0,1.0,0.0,8.0,2531.0,False,False,103.4605548950566,100.85356368278322,2.6069912122733934,14,0.0,0.5,0.0,0.0,,True,0.0,0.0,0.0,0.0,0.0,0.0,0.0,0.0,0.0,0.0,0.0,0.0,0.0,0.0,0.0,0.0,0.0,0.0,0.0,0.0,0.0,0.0,0.0,0.0,0.0,0.0,0.0,0.0,0.0,0.0,0.0,8|9|103|106|107,10|34|116|128|132,True,True,0
1415_005,1415,regular_season,1,370.0,507.0,137.0,True,False,4,10860|10861|12|54|58,10862|10887|75|88|90,6.0,5.0,5.32,4.0,8.0,2510.0,False,False,103.4605548950566,100.85356368278322,2.6069912122733934,14,1.0,4.66,21.459227467811157,112.78195488721803,125.0,True,4.0,2.0,1.0,2.0,1.0,0.0,0.0,3.0,2.0,0.0,0.0,0.0,0.0,1.0,0.0,0.0,0.0,1.0,0.0,0.0,2.0,1.0,0.0,0.0,0.0,0.0,0.0,0.0,3.3200000000000003,3.3200000000000003,0.6240601503759399,8|9|50|103|107,10|34|116|128|132,True,True,0
1415_006,1415,regular_season,1,507.0,620.0,113.0,True,False,4,10860|10861|12|3129|62,10862|10888|76|88|90,2.0,4.0,3.0,3.88,9.0,2373.0,False,False,103.4605548950566,100.85356368278322,2.6069912122733934,14,-2.0,3.44,-58.139534883720934,66.66666666666667,103.09278350515464,True,0.0,0.0,0.0,0.0,0.0,0.0,0.0,0.0,0.0,1.0,0.0,0.0,0.0,0.0,0.0,0.0,0.0,0.0,0.0,0.0,0.0,0.0,0.0,0.0,0.0,0.0,0.0,0.0,0.0,0.0,0.0,8|9|50|87|110,10|35|117|128|132,True,True,0
1415_007,1415,regular_season,1,620.0,664.0,44.0,True,False,4,10860|12|16|3129|62,10862|10888|76|87|88,0.0,0.0,2.0,1.88,7.0,2260.0,False,False,103.4605548950566,100.85356368278322,2.6069912122733934,14,0.0,1.94,0.0,0.0,0.0,True,0.0,1.0,0.0,1.0,0.0,0.0,0.0,0.0,0.0,0.0,0.0,0.0,1.0,0.0,0.0,0.0,0.0,0.0,0.0,0.0,1.0,0.0,0.0,0.0,0.0,0.0,0.0,0.0,1.0,1.0,0.5,8|50|75|87|110,10|35|117|127|128,True,True,0
1415_008,1415,regular_season,1,664.0,720.0,56.0,True,False,4,10860|12|16|3129|62,10862|10888|76|78|87,2.0,0.0,2.0,1.0,7.0,2216.0,False,False,103.4605548950566,100.85356368278322,2.6069912122733934,14,2.0,1.5,133.33333333333334,100.0,0.0,True,0.0,0.0,0.0,0.0,0.0,0.0,0.0,0.0,0.0,0.0,0.0,0.0,0.0,0.0,0.0,0.0,0.0,0.0,0.0,0.0,0.0,0.0,0.0,0.0,0.0,0.0,0.0,0.0,0.0,0.0,0.0,8|50|75|87|110,10|35|117|119|127,True,True,0
1415_009,1415,regular_season,2,720.0,784.0,64.0,True,False,4,10860|12|16|3129|62,10862|10888|76|78|87,2.0,0.0,1.88,2.0,9.0,2160.0,False,False,103.4605548950566,100.85356368278322,2.6069912122733934,14,2.0,1.94,103.09278350515464,106.38297872340426,0.0,True,2.0,0.0,0.0,0.0,0.0,0.0,0.0,2.0,2.0,0.0,0.0,0.0,0.0,0.0,0.0,0.0,0.0,0.0,0.0,0.0,0.0,0.0,0.0,0.0,0.0,0.0,0.0,0.0,0.88,0.88,0.46808510638297873,8|50|75|87|110,10|35|117|119|127,True,True,0
1415_010,1415,regular_season,2,784.0,823.0,39.0,True,False,4,10860|10861|12|3129|62,10862|10885|10888|76|87,2.0,0.0,1.0,1.0,11.0,2096.0,False,False,103.4605548950566,100.85356368278322,2.6069912122733934,14,2.0,1.0,200.0,200.0,0.0,True,0.0,0.0,0.0,0.0,0.0,0.0,0.0,0.0,0.0,0.0,0.0,0.0,0.0,0.0,0.0,0.0,0.0,0.0,0.0,0.0,0.0,0.0,0.0,0.0,0.0,0.0,0.0,0.0,0.0,0.0,0.0,8|9|50|87|110,10|32|35|117|127,True,True,0
1415_011,1415,regular_season,2,823.0,863.0,40.0,True,False,4,10860|10861|12|3129|58,10885|10887|10888|76|87,2.0,3.0,1.0,2.44,13.0,2057.0,False,False,103.4605548950566,100.85356368278322,2.6069912122733934,14,-1.0,1.72,-58.139534883720934,200.0,122.95081967213115,True,2.0,1.0,1.0,1.0,1.0,0.0,0.0,0.0,0.0,0.0,0.0,0.0,0.0,0.0,0.0,0.0,1.0,0.0,0.0,0.0,0.0,0.0,1.0,1.0,0.0,0.0,0.0,0.0,1.0,1.0,1.0,8|9|50|87|107,32|34|35|117|127,True,True,0
1415_012,1415,regular_season,2,863.0,893.0,30.0,True,False,4,10860|10861|12|57|58,10885|10887|10888|76|87,0.0,4.0,2.0,0.88,12.0,2017.0,False,False,103.4605548950566,100.85356368278322,2.6069912122733934,14,-4.0,1.44,-277.77777777777777,0.0,454.54545454545456,True,0.0,0.0,0.0,0.0,0.0,0.0,0.0,0.0,0.0,0.0,0.0,0.0,0.0,0.0,0.0,1.0,0.0,0.0,0.0,0.0,0.0,0.0,0.0,0.0,0.0,0.0,0.0,0.0,0.0,0.0,0.0,8|9|50|106|107,32|34|35|117|127,True,True,0
1415_013,1415,regular_season,2,893.0,1116.0,223.0,True,False,4,10860|10861|54|57|58,10885|10887|10888|76|87,7.0,11.0,7.44,8.0,8.0,1987.0,False,False,103.4605548950566,100.85356368278322,2.6069912122733934,14,-4.0,7.720000000000001,-51.813471502590666,94.08602150537634,137.5,True,2.0,2.0,1.0,1.0,1.0,1.0,0.0,1.0,0.0,1.0,0.0,0.0,0.0,0.0,0.0,0.0,0.0,1.0,1.0,1.0,0.0,0.0,0.0,0.0,0.0,0.0,1.0,0.0,2.44,2.44,0.3279569892473118,8|9|103|106|107,32|34|35|117|127,True,True,0
1415_014,1415,regular_season,2,1116.0,1154.0,38.0,True,False,4,10860|10861|54|57|58,10885|10887|10888|75|76,4.0,0.0,1.88,1.0,4.0,1764.0,False,False,103.4605548950566,100.85356368278322,2.6069912122733934,14,4.0,1.44,277.77777777777777,212.76595744680853,0.0,True,2.0,1.0,1.0,1.0,1.0,0.0,0.0,0.0,0.0,0.0,0.0,0.0,0.0,0.0,0.0,0.0,0.0,1.0,0.0,0.0,1.0,1.0,0.0,0.0,0.0,0.0,0.0,0.0,1.0,1.0,0.5319148936170213,8|9|103|106|107,32|34|35|116|117,True,True,0
1415_015,1415,regular_season,2,1154.0,1321.0,167.0,True,False,4,10860|54|57|58|62,10862|10885|10888|75|88,2.0,6.0,4.0,4.76,8.0,1726.0,False,False,103.4605548950566,100.85356368278322,2.6069912122733934,14,-4.0,4.38,-91.32420091324201,50.0,126.05042016806723,True,2.0,1.0,1.0,1.0,1.0,0.0,0.0,0.0,0.0,1.0,2.0,0.0,0.0,0.0,0.0,0.0,0.0,1.0,0.0,0.0,1.0,1.0,0.0,0.0,0.0,0.0,0.0,0.0,1.0,1.0,0.25,8|103|106|107|110,10|32|35|116|128,True,True,0
1415_016,1415,regular_season,2,1321.0,1376.0,55.0,True,False,4,10861|12|54|58|62,10862|10885|10887|75|88,1.0,5.0,1.88,2.0,4.0,1559.0,False,False,103.4605548950566,100.85356368278322,2.6069912122733934,14,-4.0,1.94,-206.18556701030928,53.19148936170213,250.0,False,,,,,,,,,,,,,,,,,,,,,,,,,,,,,,,,9|50|103|107|110,10|32|34|116|128,True,True,0
1415_017,1415,regular_season,2,1376.0,1377.0,1.0,True,False,4,10860|10861|12|57|58,10862|10885|10887|75|88,0.0,2.0,0.0,0.88,0.0,1504.0,False,False,103.4605548950566,100.85356368278322,2.6069912122733934,14,-2.0,0.44,-454.54545454545456,,227.27272727272728,True,0.0,0.0,0.0,0.0,0.0,0.0,0.0,0.0,0.0,0.0,0.0,0.0,0.0,0.0,0.0,0.0,0.0,0.0,0.0,0.0,0.0,0.0,0.0,0.0,0.0,0.0,0.0,0.0,0.0,0.0,,8|9|50|106|107,10|32|34|116|128,True,True,0
1415_018,1415,regular_season,2,1377.0,1440.0,63.0,True,False,4,10860|10861|54|57|58,10862|10885|10887|75|88,0.0,2.0,2.0,2.0,-2.0,1503.0,False,False,103.4605548950566,100.85356368278322,2.6069912122733934,14,-2.0,2.0,-100.0,0.0,100.0,True,0.0,0.0,0.0,0.0,0.0,0.0,0.0,0.0,0.0,0.0,0.0,0.0,0.0,0.0,0.0,0.0,0.0,0.0,0.0,0.0,0.0,0.0,0.0,0.0,0.0,0.0,0.0,0.0,0.0,0.0,0.0,8|9|103|106|107,10|32|34|116|128,True,True,0
1415_019,1415,regular_season,3,1440.0,1690.0,250.0,True,False,4,10861|16|54|57|58,10885|10887|10888|75|76,10.0,8.0,7.88,7.0,-4.0,1440.0,False,False,103.4605548950566,100.85356368278322,2.6069912122733934,14,2.0,7.4399999999999995,26.881720430107528,126.90355329949239,114.28571428571429,False,,,,,,,,,,,,,,,,,,,,,,,,,,,,,,,,9|75|103|106|107,32|34|35|116|117,True,True,0
1415_020,1415,regular_season,3,1690.0,1725.0,35.0,True,False,4,10861|12|16|3129|54,10885|10887|10888|75|76,1.0,2.0,0.88,1.0,-2.0,1190.0,False,False,103.4605548950566,100.85356368278322,2.6069912122733934,14,-1.0,0.94,-106.38297872340426,113.63636363636364,200.0,False,,,,,,,,,,,,,,,,,,,,,,,,,,,,,,,,9|50|75|87|103,32|34|35|116|117,True,True,0
1415_021,1415,regular_season,3,1725.0,1746.0,21.0,True,False,4,10861|12|16|3129|54,10862|10885|10887|75|76,0.0,0.0,1.0,1.0,-3.0,1155.0,False,False,103.4605548950566,100.85356368278322,2.6069912122733934,14,0.0,1.0,0.0,0.0,0.0,False,,,,,,,,,,,,,,,,,,,,,,,,,,,,,,,,9|50|75|87|103,10|32|34|116|117,True,True,0
1415_022,1415,regular_season,3,1746.0,1885.0,139.0,True,False,4,10860|12|16|3129|54,10862|10885|10887|75|76,2.0,6.0,4.0,5.0,-3.0,1134.0,False,False,103.4605548950566,100.85356368278322,2.6069912122733934,14,-4.0,4.5,-88.88888888888889,50.0,120.0,True,0.0,1.0,0.0,1.0,0.0,0.0,0.0,0.0,0.0,0.0,1.0,0.0,1.0,0.0,0.0,0.0,0.0,0.0,0.0,0.0,0.0,0.0,1.0,0.0,0.0,0.0,0.0,0.0,1.0,1.0,0.25,8|50|75|87|103,10|32|34|116|117,True,True,0
1415_023,1415,regular_season,3,1885.0,2022.0,137.0,True,False,4,10860|12|16|3129|57,10862|10885|10887|75|88,5.0,5.0,2.88,2.88,-7.0,995.0,False,False,103.4605548950566,100.85356368278322,2.6069912122733934,14,0.0,2.88,0.0,173.61111111111111,173.61111111111111,True,0.0,1.0,0.0,1.0,0.0,0.0,0.0,0.0,0.0,0.0,0.0,0.0,1.0,0.0,0.0,1.0,0.0,0.0,0.0,0.0,0.0,0.0,1.0,0.0,0.0,0.0,0.0,0.0,1.0,1.0,0.3472222222222222,8|50|75|87|106,10|32|34|116|128,True,True,0
1415_024,1415,regular_season,3,2022.0,2078.0,56.0,True,False,4,10860|12|16|3129|57,10862|10887|75|76|88,0.0,2.0,2.0,1.0,-7.0,858.0,False,False,103.4605548950566,100.85356368278322,2.6069912122733934,14,-2.0,1.5,-133.33333333333334,0.0,200.0,True,0.0,0.0,0.0,0.0,0.0,0.0,0.0,0.0,0.0,0.0,0.0,0.0,0.0,0.0,0.0,0.0,0.0,0.0,0.0,0.0,0.0,0.0,0.0,0.0,0.0,0.0,0.0,0.0,0.0,0.0,0.0,8|50|75|87|106,10|34|116|117|128,True,True,0
1415_025,1415,regular_season,3,2078.0,2160.0,82.0,True,False,4,10860|16|3129|54|57,10862|10887|75|76|88,2.0,0.0,2.0,3.0,-9.0,802.0,False,False,103.4605548950566,100.85356368278322,2.6069912122733934,14,2.0,2.5,80.0,100.0,0.0,True,0.0,1.0,0.0,1.0,0.0,0.0,0.0,0.0,0.0,0.0,0.0,0.0,0.0,0.0,1.0,0.0,0.0,0.0,0.0,0.0,1.0,0.0,0.0,0.0,0.0,0.0,0.0,0.0,1.0,2.0,1.0,8|75|87|103|106,10|34|116|117|128,True,True,0
1415_026,1415,regular_season,4,2160.0,2191.0,31.0,True,False,4,10860|16|3129|54|57,10862|10888|75|76|88,0.0,0.0,1.0,0.44,-7.0,720.0,False,False,103.4605548950566,100.85356368278322,2.6069912122733934,14,0.0,0.72,0.0,0.0,0.0,True,0.0,0.0,0.0,0.0,0.0,0.0,0.0,0.0,0.0,0.0,0.0,0.0,0.0,0.0,0.0,0.0,0.0,0.0,0.0,0.0,0.0,0.0,0.0,0.0,0.0,0.0,0.0,0.0,0.0,0.0,0.0,8|75|87|103|106,10|35|116|117|128,True,True,0
1415_027,1415,regular_season,4,2191.0,2234.0,43.0,True,False,4,10860|16|54|57|58,10862|10888|75|76|88,2.0,2.0,1.0,2.0,-7.0,689.0,False,False,103.4605548950566,100.85356368278322,2.6069912122733934,14,0.0,1.5,0.0,200.0,100.0,True,0.0,0.0,0.0,0.0,0.0,0.0,0.0,0.0,0.0,0.0,0.0,0.0,0.0,0.0,0.0,0.0,0.0,0.0,0.0,0.0,0.0,0.0,0.0,0.0,0.0,0.0,0.0,0.0,0.0,0.0,0.0,8|75|103|106|107,10|35|116|117|128,True,True,0
1415_028,1415,regular_season,4,2234.0,2461.0,227.0,True,False,4,10860|16|54|57|58,10862|10887|75|76|88,9.0,15.0,8.76,9.0,-7.0,646.0,False,False,103.4605548950566,100.85356368278322,2.6069912122733934,14,-6.0,8.879999999999999,-67.56756756756758,102.73972602739727,166.66666666666666,True,2.0,1.0,1.0,1.0,1.0,0.0,0.0,0.0,0.0,1.0,0.0,0.0,0.0,0.0,0.0,0.0,1.0,0.0,1.0,1.0,0.0,0.0,0.0,0.0,0.0,0.0,0.0,0.0,1.0,1.0,0.11415525114155252,8|75|103|106|107,10|34|116|117|128,True,True,0
1415_029,1415,regular_season,4,2461.0,2486.0,25.0,True,False,4,10860|16|54|57|58,10862|10885|10887|75|88,0.0,0.0,1.0,0.0,-13.0,419.0,False,False,103.4605548950566,100.85356368278322,2.6069912122733934,14,0.0,0.5,0.0,0.0,,True,0.0,2.0,0.0,2.0,0.0,0.0,0.0,0.0,0.0,1.0,0.0,0.0,0.0,0.0,0.0,0.0,0.0,0.0,1.0,0.0,1.0,0.0,0.0,0.0,0.0,0.0,0.0,0.0,2.0,2.0,2.0,8|75|103|106|107,10|32|34|116|128,True,True,0
1415_030,1415,regular_season,4,2486.0,2555.0,69.0,True,False,4,10861|16|54|57|58,10862|10885|10887|75|88,0.0,3.0,1.88,3.0,-13.0,394.0,False,False,103.4605548950566,100.85356368278322,2.6069912122733934,14,-3.0,2.44,-122.95081967213115,0.0,100.0,False,,,,,,,,,,,,,,,,,,,,,,,,,,,,,,,,9|75|103|106|107,10|32|34|116|128,True,True,0
1415_031,1415,regular_season,4,2555.0,2617.0,62.0,True,False,4,10860|10861|54|57|58,10862|10885|10887|75|88,3.0,0.0,2.0,1.0,-16.0,325.0,False,False,103.4605548950566,100.85356368278322,2.6069912122733934,14,3.0,1.5,200.0,150.0,0.0,True,0.0,0.0,0.0,0.0,0.0,0.0,0.0,0.0,0.0,0.0,0.0,0.0,0.0,0.0,0.0,0.0,0.0,0.0,0.0,0.0,0.0,0.0,0.0,0.0,0.0,0.0,0.0,0.0,0.0,0.0,0.0,8|9|103|106|107,10|32|34|116|128,True,True,0
1415_032,1415,regular_season,4,2617.0,2696.0,79.0,True,False,4,10860|10861|54|57|58,10862|10887|75|76|88,0.0,5.0,2.0,3.0,-13.0,263.0,False,False,103.4605548950566,100.85356368278322,2.6069912122733934,14,-5.0,2.5,-200.0,0.0,166.66666666666666,True,0.0,0.0,0.0,0.0,0.0,0.0,0.0,0.0,0.0,0.0,0.0,0.0,0.0,0.0,0.0,0.0,0.0,0.0,0.0,0.0,0.0,0.0,0.0,0.0,0.0,0.0,0.0,0.0,0.0,0.0,0.0,8|9|103|106|107,10|34|116|117|128,True,True,0
1415_033,1415,regular_season,4,2696.0,2801.0,105.0,True,False,4,10860|16|54|57|58,10862|10887|75|76|88,2.0,2.0,5.0,3.88,-18.0,184.0,False,False,103.4605548950566,100.85356368278322,2.6069912122733934,14,0.0,4.4399999999999995,0.0,40.0,51.54639175257732,True,0.0,0.0,0.0,0.0,0.0,0.0,0.0,0.0,0.0,0.0,0.0,0.0,0.0,0.0,1.0,0.0,0.0,0.0,0.0,0.0,0.0,0.0,0.0,0.0,0.0,0.0,0.0,0.0,0.0,1.0,0.2,8|75|103|106|107,10|34|116|117|128,True,True,0
1415_034,1415,regular_season,4,2801.0,2828.0,27.0,True,False,4,10860|16|54|55|57,10862|75|76|84|88,2.0,0.0,1.0,1.0,-18.0,79.0,False,False,103.4605548950566,100.85356368278322,2.6069912122733934,14,2.0,1.0,200.0,200.0,0.0,True,0.0,0.0,0.0,0.0,0.0,0.0,0.0,0.0,0.0,0.0,1.0,0.0,0.0,0.0,0.0,0.0,0.0,0.0,0.0,0.0,0.0,0.0,0.0,0.0,0.0,0.0,0.0,0.0,0.0,0.0,0.0,8|75|103|104|106,10|116|117|124|128,True,True,0
1415_035,1415,regular_season,4,2828.0,2880.0,52.0,True,False,4,10860|16|54|55|57,10862|76|80|84|88,0.0,0.0,1.0,1.0,-16.0,52.0,False,False,103.4605548950566,100.85356368278322,2.6069912122733934,14,0.0,1.0,0.0,0.0,0.0,True,0.0,0.0,0.0,0.0,0.0,0.0,0.0,0.0,0.0,0.0,1.0,0.0,0.0,0.0,1.0,0.0,0.0,0.0,0.0,0.0,0.0,0.0,0.0,0.0,0.0,0.0,0.0,0.0,0.0,1.0,1.0,8|75|103|104|106,10|117|121|124|128,True,True,0
1421_001,1421,regular_season,1,0.0,142.0,142.0,True,False,2,16|3129|54|57|68,110|121|12908|13275|51,8.0,4.0,4.44,4.44,0.0,2880.0,False,False,99.18635046703443,105.09253549879381,-5.906185031759384,16,4.0,4.44,90.09009009009009,180.18018018018017,90.09009009009009,False,,,,,,,,,,,,,,,,,,,,,,,,,,,,,,,,75|87|103|106|112,44|51|55|58|102,True,True,1
1421_002,1421,regular_season,1,142.0,159.0,17.0,True,False,2,16|3129|54|57|68,110|121|12908|45|51,0.0,2.0,0.0,1.44,4.0,2738.0,False,False,99.18635046703443,105.09253549879381,-5.906185031759384,16,-2.0,0.72,-277.77777777777777,,138.88888888888889,False,,,,,,,,,,,,,,,,,,,,,,,,,,,,,,,,75|87|103|106|112,44|51|55|98|102,True,True,1
1421_003,1421,regular_season,1,159.0,218.0,59.0,True,False,2,16|54|57|62|68,110|121|12908|45|51,3.0,2.0,2.0,1.0,2.0,2721.0,False,False,99.18635046703443,105.09253549879381,-5.906185031759384,16,1.0,1.5,66.66666666666667,150.0,200.0,False,,,,,,,,,,,,,,,,,,,,,,,,,,,,,,,,75|103|106|110|112,44|51|55|98|102,True,True,1
1421_004,1421,regular_season,1,218.0,268.0,50.0,True,False,2,16|54|57|62|68,109|110|12908|45|51,2.0,0.0,2.0,2.0,3.0,2662.0,False,False,99.18635046703443,105.09253549879381,-5.906185031759384,16,2.0,2.0,100.0,100.0,0.0,False,,,,,,,,,,,,,,,,,,,,,,,,,,,,,,,,75|103|106|110|112,42|44|55|98|102,True,True,1
1421_005,1421,regular_season,1,268.0,372.0,104.0,True,False,2,16|54|57|62|68,109|110|12908|13399|45,6.0,5.0,4.0,4.76,5.0,2612.0,False,False,99.18635046703443,105.09253549879381,-5.906185031759384,16,1.0,4.38,22.831050228310502,150.0,105.0420168067227,False,,,,,,,,,,,,,,,,,,,,,,,,,,,,,,,,75|103|106|110|112,42|44|55|59|98,True,True,1
1421_006,1421,regular_season,1,372.0,436.0,64.0,True,False,2,10861|54|57|62|68,109|110|12908|13399|45,0.0,3.0,2.0,1.0,6.0,2508.0,False,False,99.18635046703443,105.09253549879381,-5.906185031759384,16,-3.0,1.5,-200.0,0.0,300.0,False,,,,,,,,,,,,,,,,,,,,,,,,,,,,,,,,9|103|106|110|112,42|44|55|59|98,True,True,1
1421_007,1421,regular_season,1,436.0,459.0,23.0,True,False,2,10861|54|57|62|68,109|123|12908|13399|45,0.0,0.0,1.0,1.0,3.0,2444.0,False,False,99.18635046703443,105.09253549879381,-5.906185031759384,16,0.0,1.0,0.0,0.0,0.0,False,,,,,,,,,,,,,,,,,,,,,,,,,,,,,,,,9|103|106|110|112,42|53|55|59|98,True,True,1
1421_008,1421,regular_season,1,459.0,497.0,38.0,True,False,2,10861|54|55|62|68,109|123|12908|13399|45,3.0,2.0,1.0,1.88,3.0,2421.0,False,False,99.18635046703443,105.09253549879381,-5.906185031759384,16,1.0,1.44,69.44444444444444,300.0,106.38297872340426,False,,,,,,,,,,,,,,,,,,,,,,,,,,,,,,,,9|103|104|110|112,42|53|55|59|98,True,True,1
1421_009,1421,regular_season,1,497.0,571.0,74.0,True,False,2,10861|54|55|62|68,109|116|13399|45|51,6.0,7.0,2.0,1.88,4.0,2383.0,False,False,99.18635046703443,105.09253549879381,-5.906185031759384,16,-1.0,1.94,-51.54639175257732,300.0,372.3404255319149,False,,,,,,,,,,,,,,,,,,,,,,,,,,,,,,,,9|103|104|110|112,42|47|59|98|102,True,True,1
1421_010,1421,regular_season,1,571.0,601.0,30.0,True,False,2,10861|12|16|55|62,109|116|13399|45|51,5.0,0.0,2.44,1.0,3.0,2309.0,False,False,99.18635046703443,105.09253549879381,-5.906185031759384,16,5.0,1.72,290.69767441860466,204.91803278688525,0.0,False,,,,,,,,,,,,,,,,,,,,,,,,,,,,,,,,9|50|75|104|110,42|47|59|98|102,True,True,1
1421_011,1421,regular_season,1,601.0,667.0,66.0,True,False,2,10861|12|16|55|62,109|116|122|13399|51,0.0,8.0,2.0,3.0,8.0,2279.0,False,False,99.18635046703443,105.09253549879381,-5.906185031759384,16,-8.0,2.5,-320.0,0.0,266.6666666666667,False,,,,,,,,,,,,,,,,,,,,,,,,,,,,,,,,9|50|75|104|110,42|47|52|59|102,True,True,1
1421_012,1421,regular_season,1,667.0,680.0,13.0,True,False,2,10861|12|16|55|62,109|116|119|122|12908,0.0,0.0,0.0,0.0,0.0,2213.0,False,False,99.18635046703443,105.09253549879381,-5.906185031759384,16,0.0,0.0,,,,False,,,,,,,,,,,,,,,,,,,,,,,,,,,,,,,,9|50|75|104|110,42|47|49|52|55,True,True,1
1421_013,1421,regular_season,1,680.0,710.0,30.0,True,False,2,10861|12|16|55|62,116|119|122|12908|51,2.0,0.0,1.0,1.0,0.0,2200.0,False,False,99.18635046703443,105.09253549879381,-5.906185031759384,16,2.0,1.0,200.0,200.0,0.0,False,,,,,,,,,,,,,,,,,,,,,,,,,,,,,,,,9|50|75|104|110,47|49|52|55|102,True,True,1
1421_014,1421,regular_season,1,710.0,720.0,10.0,True,False,2,10861|10884|12|16|55,116|119|122|12908|51,0.0,0.0,1.0,0.0,2.0,2170.0,False,False,99.18635046703443,105.09253549879381,-5.906185031759384,16,0.0,0.5,0.0,0.0,,False,,,,,,,,,,,,,,,,,,,,,,,,,,,,,,,,9|31|50|75|104,47|49|52|55|102,True,True,1
1421_015,1421,regular_season,2,720.0,772.0,52.0,True,False,2,10861|10884|12|16|55,110|122|12908|45|51,0.0,4.0,2.0,2.44,2.0,2160.0,False,False,99.18635046703443,105.09253549879381,-5.906185031759384,16,-4.0,2.2199999999999998,-180.1801801801802,0.0,163.9344262295082,False,,,,,,,,,,,,,,,,,,,,,,,,,,,,,,,,9|31|50|75|104,44|52|55|98|102,True,True,1
1421_016,1421,regular_season,2,772.0,835.0,63.0,True,False,2,10861|10884|12|16|3129,110|122|12908|45|51,2.0,2.0,3.0,3.0,-2.0,2108.0,False,False,99.18635046703443,105.09253549879381,-5.906185031759384,16,0.0,3.0,0.0,66.66666666666667,66.66666666666667,False,,,,,,,,,,,,,,,,,,,,,,,,,,,,,,,,9|31|50|75|87,44|52|55|98|102,True,True,1
1421_017,1421,regular_season,2,835.0,937.0,102.0,True,False,2,10861|10884|12|16|3129,110|12908|13275|45|51,2.0,2.0,3.0,2.0,-2.0,2045.0,False,False,99.18635046703443,105.09253549879381,-5.906185031759384,16,0.0,2.5,0.0,66.66666666666667,100.0,False,,,,,,,,,,,,,,,,,,,,,,,,,,,,,,,,9|31|50|75|87,44|55|58|98|102,True,True,1
1421_018,1421,regular_season,2,937.0,1009.0,72.0,True,False,2,12|16|3129|54|68,109|110|12908|13275|13399,5.0,0.0,1.88,3.0,-2.0,1943.0,False,False,99.18635046703443,105.09253549879381,-5.906185031759384,16,5.0,2.44,204.91803278688525,265.95744680851067,0.0,False,,,,,,,,,,,,,,,,,,,,,,,,,,,,,,,,50|75|87|103|112,42|44|55|58|59,True,True,1
1421_019,1421,regular_season,2,1009.0,1075.0,66.0,True,False,2,12|16|3129|54|68,109|116|12908|13275|13399,2.0,4.0,3.0,2.0,3.0,1871.0,False,False,99.18635046703443,105.09253549879381,-5.906185031759384,16,-2.0,2.5,-80.0,66.66666666666667,200.0,False,,,,,,,,,,,,,,,,,,,,,,,,,,,,,,,,50|75|87|103|112,42|47|55|58|59,True,True,1
1421_020,1421,regular_season,2,1075.0,1102.0,27.0,True,False,2,10861|12|3129|54|68,109|116|12908|13275|13399,0.0,0.0,0.88,1.0,1.0,1805.0,False,False,99.18635046703443,105.09253549879381,-5.906185031759384,16,0.0,0.94,0.0,0.0,0.0,False,,,,,,,,,,,,,,,,,,,,,,,,,,,,,,,,9|50|87|103|112,42|47|55|58|59,True,True,1
1421_021,1421,regular_season,2,1102.0,1137.0,35.0,True,False,2,10861|12|54|62|68,109|116|12908|13275|13399,0.0,0.0,0.0,1.0,1.0,1778.0,False,False,99.18635046703443,105.09253549879381,-5.906185031759384,16,0.0,0.5,0.0,,0.0,False,,,,,,,,,,,,,,,,,,,,,,,,,,,,,,,,9|50|103|110|112,42|47|55|58|59,True,True,1
1421_022,1421,regular_season,2,1137.0,1214.0,77.0,True,False,2,10861|12|54|62|68,109|116|13275|13399|51,0.0,6.0,3.0,3.44,1.0,1743.0,False,False,99.18635046703443,105.09253549879381,-5.906185031759384,16,-6.0,3.2199999999999998,-186.33540372670808,0.0,174.41860465116278,False,,,,,,,,,,,,,,,,,,,,,,,,,,,,,,,,9|50|103|110|112,42|47|58|59|102,True,True,1
1421_023,1421,regular_season,2,1214.0,1285.0,71.0,True,False,2,10861|54|57|62|68,109|116|13399|45|51,4.0,2.0,2.88,2.0,-5.0,1666.0,False,False,99.18635046703443,105.09253549879381,-5.906185031759384,16,2.0,2.44,81.9672131147541,138.88888888888889,100.0,False,,,,,,,,,,,,,,,,,,,,,,,,,,,,,,,,9|103|106|110|112,42|47|59|98|102,True,True,1
1421_024,1421,regular_season,2,1285.0,1330.0,45.0,True,False,2,10861|12|54|57|68,109|116|13399|45|51,3.0,0.0,2.0,2.0,-3.0,1595.0,False,False,99.18635046703443,105.09253549879381,-5.906185031759384,16,3.0,2.0,150.0,150.0,0.0,False,,,,,,,,,,,,,,,,,,,,,,,,,,,,,,,,9|50|103|106|112,42|47|59|98|102,True,True,1
1421_025,1421,regular_season,2,1330.0,1440.0,110.0,True,False,2,10861|12|54|57|68,109|116|12908|13399|45,4.0,5.0,3.0,3.0,0.0,1550.0,False,False,99.18635046703443,105.09253549879381,-5.906185031759384,16,-1.0,3.0,-33.333333333333336,133.33333333333334,166.66666666666666,False,,,,,,,,,,,,,,,,,,,,,,,,,,,,,,,,9|50|103|106|112,42|47|55|59|98,True,True,1
1421_026,1421,regular_season,3,1440.0,1634.0,194.0,True,False,2,16|3129|54|57|68,110|121|12908|45|51,9.0,3.0,4.0,6.0,-1.0,1440.0,False,False,99.18635046703443,105.09253549879381,-5.906185031759384,16,6.0,5.0,120.0,225.0,50.0,False,,,,,,,,,,,,,,,,,,,,,,,,,,,,,,,,75|87|103|106|112,44|51|55|98|102,True,True,1
1421_027,1421,regular_season,3,1634.0,1761.0,127.0,True,False,2,16|3129|54|57|68,116|121|12908|13399|45,5.0,7.0,3.88,2.88,5.0,1246.0,False,False,99.18635046703443,105.09253549879381,-5.906185031759384,16,-2.0,3.38,-59.171597633136095,128.8659793814433,243.05555555555557,False,,,,,,,,,,,,,,,,,,,,,,,,,,,,,,,,75|87|103|106|112,47|51|55|59|98,True,True,1
1421_028,1421,regular_season,3,1761.0,1905.0,144.0,True,False,2,16|54|57|62|68,109|116|12908|13275|13399,3.0,2.0,4.0,5.0,3.0,1119.0,False,False,99.18635046703443,105.09253549879381,-5.906185031759384,16,1.0,4.5,22.22222222222222,75.0,40.0,False,,,,,,,,,,,,,,,,,,,,,,,,,,,,,,,,75|103|106|110|112,42|47|55|58|59,True,True,1
1421_029,1421,regular_season,3,1905.0,1946.0,41.0,True,False,2,10861|54|57|62|68,109|116|13275|13399|51,2.0,2.0,1.0,0.88,4.0,975.0,False,False,99.18635046703443,105.09253549879381,-5.906185031759384,16,0.0,0.94,0.0,200.0,227.27272727272728,False,,,,,,,,,,,,,,,,,,,,,,,,,,,,,,,,9|103|106|110|112,42|47|58|59|102,True,True,1
1421_030,1421,regular_season,3,1946.0,1992.0,46.0,True,False,2,10861|54|57|62|68,109|116|122|13399|51,2.0,3.0,2.0,1.0,4.0,934.0,False,False,99.18635046703443,105.09253549879381,-5.906185031759384,16,-1.0,1.5,-66.66666666666667,100.0,300.0,False,,,,,,,,,,,,,,,,,,,,,,,,,,,,,,,,9|103|106|110|112,42|47|52|59|102,True,True,1
1421_031,1421,regular_season,3,1992.0,2069.0,77.0,True,False,2,10861|12|57|62|68,109|121|122|13399|51,4.0,5.0,3.0,3.0,3.0,888.0,False,False,99.18635046703443,105.09253549879381,-5.906185031759384,16,-1.0,3.0,-33.333333333333336,133.33333333333334,166.66666666666666,False,,,,,,,,,,,,,,,,,,,,,,,,,,,,,,,,9|50|106|110|112,42|51|52|59|102,True,True,1
1421_032,1421,regular_season,3,2069.0,2098.0,29.0,True,False,2,10861|12|16|3129|57,109|121|122|13399|51,0.0,0.0,1.0,1.0,2.0,811.0,False,False,99.18635046703443,105.09253549879381,-5.906185031759384,16,0.0,1.0,0.0,0.0,0.0,False,,,,,,,,,,,,,,,,,,,,,,,,,,,,,,,,9|50|75|87|106,42|51|52|59|102,True,True,1
1421_033,1421,regular_season,3,2098.0,2151.0,53.0,True,False,2,10861|12|16|3129|57,109|121|122|123|51,1.0,0.0,0.88,2.0,2.0,782.0,False,False,99.18635046703443,105.09253549879381,-5.906185031759384,16,1.0,1.44,69.44444444444444,113.63636363636364,0.0,False,,,,,,,,,,,,,,,,,,,,,,,,,,,,,,,,9|50|75|87|106,42|51|52|53|102,True,True,1
1421_034,1421,regular_season,3,2151.0,2160.0,9.0,True,False,2,10861|54|57|62|68,111|119|121|123|51,0.0,0.0,1.0,0.88,3.0,729.0,False,False,99.18635046703443,105.09253549879381,-5.906185031759384,16,0.0,0.94,0.0,0.0,0.0,False,,,,,,,,,,,,,,,,,,,,,,,,,,,,,,,,9|103|106|110|112,45|49|51|53|102,True,True,1
1421_035,1421,regular_season,4,2160.0,2249.0,89.0,True,False,2,10861|12|16|54|57,110|121|12908|45|51,6.0,3.0,3.0,2.0,3.0,720.0,False,False,99.18635046703443,105.09253549879381,-5.906185031759384,16,3.0,2.5,120.0,200.0,150.0,False,,,,,,,,,,,,,,,,,,,,,,,,,,,,,,,,9|50|75|103|106,44|51|55|98|102,True,True,1
1421_036,1421,regular_season,4,2249.0,2312.0,63.0,True,False,2,10861|12|16|54|62,110|121|12908|45|51,3.0,0.0,1.0,2.0,6.0,631.0,False,False,99.18635046703443,105.09253549879381,-5.906185031759384,16,3.0,1.5,200.0,300.0,0.0,False,,,,,,,,,,,,,,,,,,,,,,,,,,,,,,,,9|50|75|103|110,44|51|55|98|102,True,True,1
1421_037,1421,regular_season,4,2312.0,2329.0,17.0,True,False,2,10861|12|16|54|62,109|116|12908|45|51,0.0,0.0,0.0,0.0,9.0,568.0,False,False,99.18635046703443,105.09253549879381,-5.906185031759384,16,0.0,0.0,,,,False,,,,,,,,,,,,,,,,,,,,,,,,,,,,,,,,9|50|75|103|110,42|47|55|98|102,True,True,1
1421_038,1421,regular_season,4,2329.0,2338.0,9.0,True,False,2,10861|12|16|54|62,109|12908|13399|45|51,3.0,0.0,1.0,0.0,9.0,551.0,False,False,99.18635046703443,105.09253549879381,-5.906185031759384,16,3.0,0.5,600.0,300.0,,False,,,,,,,,,,,,,,,,,,,,,,,,,,,,,,,,9|50|75|103|110,42|55|59|98|102,True,True,1
1421_039,1421,regular_season,4,2338.0,2386.0,48.0,True,False,2,10861|12|16|54|62,109|116|12908|13399|45,0.0,2.0,1.0,2.0,12.0,542.0,False,False,99.18635046703443,105.09253549879381,-5.906185031759384,16,-2.0,1.5,-133.33333333333334,0.0,100.0,False,,,,,,,,,,,,,,,,,,,,,,,,,,,,,,,,9|50|75|103|110,42|47|55|59|98,True,True,1
1421_040,1421,regular_season,4,2386.0,2444.0,58.0,True,False,2,10861|16|54|57|62,109|116|12908|13399|45,2.0,2.0,2.0,2.0,10.0,494.0,False,False,99.18635046703443,105.09253549879381,-5.906185031759384,16,0.0,2.0,0.0,100.0,100.0,False,,,,,,,,,,,,,,,,,,,,,,,,,,,,,,,,9|75|103|106|110,42|47|55|59|98,True,True,1
1421_041,1421,regular_season,4,2444.0,2515.0,71.0,True,False,2,16|54|57|62|68,109|116|12908|13399|45,0.0,0.0,2.0,2.0,10.0,436.0,False,False,99.18635046703443,105.09253549879381,-5.906185031759384,16,0.0,2.0,0.0,0.0,0.0,False,,,,,,,,,,,,,,,,,,,,,,,,,,,,,,,,75|103|106|110|112,42|47|55|59|98,True,True,1
1421_042,1421,regular_season,4,2515.0,2585.0,70.0,True,False,2,12|16|54|57|68,109|110|12908|13399|45,0.0,2.0,2.0,2.0,10.0,365.0,False,False,99.18635046703443,105.09253549879381,-5.906185031759384,16,-2.0,2.0,-100.0,0.0,100.0,False,,,,,,,,,,,,,,,,,,,,,,,,,,,,,,,,50|75|103|106|112,42|44|55|59|98,True,True,1
1421_043,1421,regular_season,4,2585.0,2849.0,264.0,True,False,2,10861|54|57|62|68,109|110|12908|13399|45,10.0,9.0,11.2,9.88,8.0,295.0,False,False,99.18635046703443,105.09253549879381,-5.906185031759384,16,1.0,10.54,9.487666034155598,89.28571428571429,91.09311740890688,False,,,,,,,,,,,,,,,,,,,,,,,,,,,,,,,,9|103|106|110|112,42|44|55|59|98,True,True,1
1421_044,1421,regular_season,4,2849.0,2867.0,18.0,True,False,2,10861|54|57|62|68,109|110|122|12908|13399,1.0,2.0,1.88,2.0,9.0,31.0,False,False,99.18635046703443,105.09253549879381,-5.906185031759384,16,-1.0,1.94,-51.54639175257732,53.19148936170213,100.0,False,,,,,,,,,,,,,,,,,,,,,,,,,,,,,,,,9|103|106|110|112,42|44|52|55|59,True,True,1
1421_045,1421,regular_season,4,2867.0,2880.0,13.0,True,False,2,10861|12|54|57|68,109|110|122|12908|13399,0.0,2.0,0.0,1.0,8.0,13.0,False,False,99.18635046703443,105.09253549879381,-5.906185031759384,16,-2.0,0.5,-400.0,,200.0,False,,,,,,,,,,,,,,,,,,,,,,,,,,,,,,,,9|50|103|106|112,42|44|52|55|59,True,True,1
1426_001,1426,regular_season,1,0.0,226.0,226.0,True,True,7,10861|54|57|62|68,13029|21|24|29|34,15.0,6.0,7.44,8.0,0.0,2880.0,False,False,105.53691713131266,104.2485207694993,1.2883963618133665,19,9.0,7.720000000000001,116.580310880829,201.61290322580643,75.0,False,,,,,,,,,,,,,,,,,,,,,,,,,,,,,,,,9|103|106|110|112,57|78|81|85|89,True,True,2
1426_002,1426,regular_season,1,226.0,353.0,127.0,True,True,7,10861|54|57|62|68,10872|13029|21|24|34,4.0,4.0,5.0,4.0,9.0,2654.0,False,False,105.53691713131266,104.2485207694993,1.2883963618133665,19,0.0,4.5,0.0,80.0,100.0,False,,,,,,,,,,,,,,,,,,,,,,,,,,,,,,,,9|103|106|110|112,19|57|78|81|89,True,True,2
1426_003,1426,regular_season,1,353.0,425.0,72.0,True,True,7,10861|54|57|62|68,10872|10874|10875|21|34,5.0,2.0,2.44,3.0,9.0,2527.0,False,False,105.53691713131266,104.2485207694993,1.2883963618133665,19,3.0,2.7199999999999998,110.29411764705884,204.91803278688525,66.66666666666667,False,,,,,,,,,,,,,,,,,,,,,,,,,,,,,,,,9|103|106|110|112,19|21|22|78|89,True,True,2
1426_004,1426,regular_season,1,425.0,532.0,107.0,True,True,7,10860|12|54|58|68,10872|10874|10875|21|34,0.0,5.0,3.0,3.0,12.0,2455.0,False,False,105.53691713131266,104.2485207694993,1.2883963618133665,19,-5.0,3.0,-166.66666666666666,0.0,166.66666666666666,True,0.0,0.0,0.0,0.0,0.0,0.0,0.0,0.0,0.0,0.0,0.0,0.0,0.0,0.0,0.0,0.0,0.0,0.0,0.0,0.0,0.0,0.0,0.0,0.0,0.0,0.0,0.0,0.0,0.0,0.0,0.0,8|50|103|107|112,19|21|22|78|89,True,True,2
1426_005,1426,regular_season,1,532.0,630.0,98.0,True,True,7,10860|10861|10884|12|58,10874|10875|13029|24|29,5.0,5.0,2.88,2.0,7.0,2348.0,False,False,105.53691713131266,104.2485207694993,1.2883963618133665,19,0.0,2.44,0.0,173.61111111111111,250.0,True,4.0,2.0,2.0,2.0,2.0,0.0,0.0,0.0,0.0,0.0,0.0,0.0,0.0,0.0,0.0,0.0,1.0,1.0,0.0,0.0,1.0,1.0,1.0,1.0,0.0,0.0,0.0,0.0,2.0,2.0,0.6944444444444444,8|9|31|50|107,21|22|57|81|85,True,True,2
1426_006,1426,regular_season,1,630.0,710.0,80.0,True,True,7,10860|10861|10884|12|58,10874|10875|13029|23|29,2.0,2.0,3.0,3.0,7.0,2250.0,False,False,105.53691713131266,104.2485207694993,1.2883963618133665,19,0.0,3.0,0.0,66.66666666666667,66.66666666666667,True,0.0,0.0,0.0,0.0,0.0,0.0,0.0,0.0,0.0,0.0,1.0,0.0,0.0,0.0,0.0,0.0,0.0,0.0,0.0,0.0,0.0,0.0,0.0,0.0,0.0,0.0,0.0,0.0,0.0,0.0,0.0,8|9|31|50|107,21|22|57|80|85,True,True,2
1426_007,1426,regular_season,1,710.0,716.0,6.0,True,True,7,10860|10861|10884|12|58,10874|10875|21|29|34,0.0,0.0,0.0,0.0,7.0,2170.0,False,False,105.53691713131266,104.2485207694993,1.2883963618133665,19,0.0,0.0,,,,True,0.0,0.0,0.0,0.0,0.0,0.0,0.0,0.0,0.0,0.0,0.0,0.0,0.0,0.0,0.0,0.0,0.0,0.0,0.0,0.0,0.0,0.0,0.0,0.0,0.0,0.0,0.0,0.0,0.0,0.0,,8|9|31|50|107,21|22|78|85|89,True,True,2
1426_008,1426,regular_season,1,716.0,720.0,4.0,True,True,7,10860|10861|10884|12|58,10874|13029|21|29|34,0.0,0.0,0.0,1.0,7.0,2164.0,False,False,105.53691713131266,104.2485207694993,1.2883963618133665,19,0.0,0.5,0.0,,0.0,True,0.0,0.0,0.0,0.0,0.0,0.0,0.0,0.0,0.0,0.0,0.0,0.0,0.0,0.0,0.0,0.0,0.0,0.0,0.0,0.0,0.0,0.0,0.0,0.0,0.0,0.0,0.0,0.0,0.0,0.0,,8|9|31|50|107,21|57|78|85|89,True,True,2
1426_009,1426,regular_season,2,720.0,889.0,169.0,True,True,7,10860|10861|10884|12|58,10872|13029|24|29|34,9.0,10.0,5.0,5.44,7.0,2160.0,False,False,105.53691713131266,104.2485207694993,1.2883963618133665,19,-1.0,5.220000000000001,-19.157088122605362,180.0,183.8235294117647,True,3.0,1.0,1.0,0.0,0.0,1.0,1.0,0.0,0.0,0.0,0.0,1.0,0.0,0.0,1.0,0.0,0.0,1.0,0.0,0.0,0.0,0.0,0.0,0.0,0.0,0.0,1.0,1.0,1.0,2.0,0.4,8|9|31|50|107,19|57|81|85|89,True,True,2
1426_010,1426,regular_season,2,889.0,955.0,66.0,True,True,7,10860|12|58|62|68,10872|10874|13029|29|34,0.0,2.0,2.0,3.0,6.0,1991.0,False,False,105.53691713131266,104.2485207694993,1.2883963618133665,19,-2.0,2.5,-80.0,0.0,66.66666666666667,True,0.0,0.0,0.0,0.0,0.0,0.0,0.0,0.0,0.0,0.0,0.0,0.0,0.0,0.0,0.0,0.0,0.0,0.0,0.0,0.0,0.0,0.0,0.0,0.0,0.0,0.0,0.0,0.0,0.0,0.0,0.0,8|50|107|110|112,19|21|57|85|89,True,True,2
1426_011,1426,regular_season,2,955.0,1094.0,139.0,True,True,7,10860|54|57|62|68,10872|10874|13029|29|34,2.0,8.0,4.0,3.88,4.0,1925.0,False,False,105.53691713131266,104.2485207694993,1.2883963618133665,19,-6.0,3.94,-152.28426395939087,50.0,206.18556701030928,True,0.0,2.0,0.0,1.0,0.0,1.0,0.0,0.0,0.0,0.0,0.0,0.0,0.0,0.0,0.0,0.0,0.0,0.0,0.0,0.0,1.0,0.0,0.0,0.0,0.0,0.0,1.0,0.0,2.0,2.0,0.5,8|103|106|110|112,19|21|57|85|89,True,True,2
1426_012,1426,regular_season,2,1094.0,1108.0,14.0,True,True,7,10861|54|57|62|68,10872|10875|13029|21|29,1.0,0.0,0.88,0.0,-2.0,1786.0,False,False,105.53691713131266,104.2485207694993,1.2883963618133665,19,1.0,0.44,227.27272727272728,113.63636363636364,,False,,,,,,,,,,,,,,,,,,,,,,,,,,,,,,,,9|103|106|110|112,19|22|57|78|85,True,True,2
1426_013,1426,regular_season,2,1108.0,1164.0,56.0,True,True,7,10861|12|54|57|68,10872|10875|13029|21|29,2.0,0.0,1.0,2.0,-1.0,1772.0,False,False,105.53691713131266,104.2485207694993,1.2883963618133665,19,2.0,1.5,133.33333333333334,200.0,0.0,False,,,,,,,,,,,,,,,,,,,,,,,,,,,,,,,,9|50|103|106|112,19|22|57|78|85,True,True,2
1426_014,1426,regular_season,2,1164.0,1210.0,46.0,True,True,7,10861|12|54|57|68,10875|21|22|29|34,3.0,0.0,2.0,2.0,1.0,1716.0,False,False,105.53691713131266,104.2485207694993,1.2883963618133665,19,3.0,2.0,150.0,150.0,0.0,False,,,,,,,,,,,,,,,,,,,,,,,,,,,,,,,,9|50|103|106|112,22|78|79|85|89,True,True,2
1426_015,1426,regular_season,2,1210.0,1304.0,94.0,True,True,7,10861|12|54|57|68,10872|10875|21|22|34,4.0,2.0,5.0,4.0,4.0,1670.0,False,False,105.53691713131266,104.2485207694993,1.2883963618133665,19,2.0,4.5,44.44444444444444,80.0,50.0,False,,,,,,,,,,,,,,,,,,,,,,,,,,,,,,,,9|50|103|106|112,19|22|78|79|89,True,True,2
1426_016,1426,regular_season,2,1304.0,1339.0,35.0,True,True,7,10860|12|54|57|68,13029|21|22|23|34,2.0,0.0,1.0,1.0,6.0,1576.0,False,False,105.53691713131266,104.2485207694993,1.2883963618133665,19,2.0,1.0,200.0,200.0,0.0,True,0.0,0.0,0.0,0.0,0.0,0.0,0.0,0.0,0.0,0.0,0.0,0.0,0.0,0.0,0.0,0.0,0.0,0.0,0.0,0.0,0.0,0.0,0.0,0.0,0.0,0.0,0.0,0.0,0.0,0.0,0.0,8|50|103|106|112,57|78|79|80|89,True,True,2
1426_017,1426,regular_season,2,1339.0,1369.0,30.0,True,True,7,10860|12|54|57|68,13029|22|23|29|34,2.0,0.0,1.0,2.0,8.0,1541.0,False,False,105.53691713131266,104.2485207694993,1.2883963618133665,19,2.0,1.5,133.33333333333334,200.0,0.0,True,2.0,1.0,1.0,1.0,1.0,0.0,0.0,0.0,0.0,0.0,0.0,0.0,0.0,1.0,0.0,0.0,1.0,0.0,1.0,1.0,0.0,0.0,0.0,0.0,0.0,0.0,0.0,0.0,1.0,1.0,1.0,8|50|103|106|112,57|79|80|85|89,True,True,2
1426_018,1426,regular_season,2,1369.0,1440.0,71.0,True,True,7,10860|12|54|57|68,10874|13029|22|29|34,2.0,3.0,2.0,2.44,10.0,1511.0,False,False,105.53691713131266,104.2485207694993,1.2883963618133665,19,-1.0,2.2199999999999998,-45.04504504504505,100.0,122.95081967213115,True,2.0,1.0,1.0,1.0,1.0,0.0,0.0,0.0,0.0,0.0,0.0,0.0,0.0,0.0,0.0,0.0,1.0,0.0,0.0,0.0,0.0,0.0,1.0,1.0,0.0,0.0,0.0,0.0,1.0,1.0,0.5,8|50|103|106|112,21|57|79|85|89,True,True,2
1426_019,1426,regular_season,3,1440.0,1497.0,57.0,True,True,7,10861|54|57|62|68,10874|13029|21|29|34,4.0,3.0,1.88,1.0,9.0,1440.0,False,False,105.53691713131266,104.2485207694993,1.2883963618133665,19,1.0,1.44,69.44444444444444,212.76595744680853,300.0,False,,,,,,,,,,,,,,,,,,,,,,,,,,,,,,,,9|103|106|110|112,21|57|78|85|89,True,True,2
1426_020,1426,regular_season,3,1497.0,1587.0,90.0,True,True,7,10861|54|57|62|68,10872|10874|13029|29|34,2.0,0.0,2.0,3.0,10.0,1383.0,False,False,105.53691713131266,104.2485207694993,1.2883963618133665,19,2.0,2.5,80.0,100.0,0.0,False,,,,,,,,,,,,,,,,,,,,,,,,,,,,,,,,9|103|106|110|112,19|21|57|85|89,True,True,2
1426_021,1426,regular_season,3,1587.0,1793.0,206.0,True,True,7,10861|54|57|62|68,10872|10875|13029|24|29,10.0,5.0,6.88,5.88,12.0,1293.0,False,False,105.53691713131266,104.2485207694993,1.2883963618133665,19,5.0,6.38,78.36990595611286,145.34883720930233,85.03401360544218,False,,,,,,,,,,,,,,,,,,,,,,,,,,,,,,,,9|103|106|110|112,19|22|57|81|85,True,True,2
1426_022,1426,regular_season,3,1793.0,1882.0,89.0,True,True,7,10861|54|57|62|68,10872|10874|10875|13029|23,5.0,3.0,2.0,3.0,17.0,1087.0,False,False,105.53691713131266,104.2485207694993,1.2883963618133665,19,2.0,2.5,80.0,250.0,100.0,False,,,,,,,,,,,,,,,,,,,,,,,,,,,,,,,,9|103|106|110|112,19|21|22|57|80,True,True,2
1426_023,1426,regular_season,3,1882.0,1892.0,10.0,True,True,7,10860|12|58|62|68,10872|10874|10875|13029|24,1.0,0.0,0.88,0.0,19.0,998.0,False,False,105.53691713131266,104.2485207694993,1.2883963618133665,19,1.0,0.44,227.27272727272728,113.63636363636364,,True,0.0,0.0,0.0,0.0,0.0,0.0,0.0,0.0,0.0,0.0,0.0,0.0,0.0,0.0,0.0,0.0,0.0,0.0,0.0,0.0,0.0,0.0,0.0,0.0,0.0,0.0,0.0,0.0,0.0,0.0,0.0,8|50|107|110|112,19|21|22|57|81,True,True,2
1426_024,1426,regular_season,3,1892.0,1954.0,62.0,True,True,7,10860|12|58|62|68,10874|10875|21|24|29,2.0,4.0,2.3200000000000003,2.0,20.0,988.0,False,False,105.53691713131266,104.2485207694993,1.2883963618133665,19,-2.0,2.16,-92.59259259259258,86.20689655172413,200.0,True,1.0,0.0,0.0,0.0,0.0,0.0,0.0,2.0,1.0,0.0,0.0,0.0,0.0,0.0,0.0,0.0,0.0,0.0,0.0,0.0,0.0,0.0,0.0,0.0,0.0,0.0,0.0,0.0,0.88,0.88,0.3793103448275862,8|50|107|110|112,21|22|78|81|85,True,True,2
1426_025,1426,regular_season,3,1954.0,1996.0,42.0,True,True,7,10860|10861|10884|12|58,10875|21|24|28|29,0.0,2.0,1.0,2.0,18.0,926.0,False,False,105.53691713131266,104.2485207694993,1.2883963618133665,19,-2.0,1.5,-133.33333333333334,0.0,100.0,True,0.0,0.0,0.0,0.0,0.0,0.0,0.0,0.0,0.0,0.0,0.0,0.0,0.0,0.0,0.0,0.0,0.0,0.0,0.0,0.0,0.0,0.0,0.0,0.0,0.0,0.0,0.0,0.0,0.0,0.0,0.0,8|9|31|50|107,22|78|81|84|85,True,True,2
1426_026,1426,regular_season,3,1996.0,2048.0,52.0,True,True,7,10860|10861|10884|12|58,10875|22|24|28|29,3.0,0.0,2.76,2.0,16.0,884.0,False,False,105.53691713131266,104.2485207694993,1.2883963618133665,19,3.0,2.38,126.05042016806723,108.69565217391305,0.0,True,0.0,0.0,0.0,0.0,0.0,0.0,0.0,0.0,0.0,0.0,0.0,0.0,0.0,0.0,0.0,0.0,0.0,0.0,0.0,0.0,0.0,0.0,0.0,0.0,0.0,0.0,0.0,0.0,0.0,0.0,0.0,8|9|31|50|107,22|79|81|84|85,True,True,2
1426_027,1426,regular_season,3,2048.0,2089.0,41.0,True,True,7,10860|10861|10884|12|58,10875|22|23|28|29,0.0,0.0,2.0,1.88,19.0,832.0,False,False,105.53691713131266,104.2485207694993,1.2883963618133665,19,0.0,1.94,0.0,0.0,0.0,True,0.0,0.0,0.0,0.0,0.0,0.0,0.0,0.0,0.0,0.0,1.0,0.0,0.0,0.0,0.0,0.0,0.0,0.0,0.0,0.0,0.0,0.0,0.0,0.0,0.0,0.0,0.0,0.0,0.0,0.0,0.0,8|9|31|50|107,22|79|80|84|85,True,True,2
1426_028,1426,regular_season,3,2089.0,2160.0,71.0,True,True,7,10860|10861|12|55|58,10875|22|24|28|29,0.0,0.0,2.88,2.0,19.0,791.0,False,False,105.53691713131266,104.2485207694993,1.2883963618133665,19,0.0,2.44,0.0,0.0,0.0,True,0.0,1.0,0.0,0.0,0.0,1.0,0.0,0.0,0.0,0.0,2.0,0.0,0.0,0.0,0.0,0.0,0.0,0.0,0.0,0.0,0.0,0.0,0.0,0.0,0.0,0.0,1.0,0.0,1.0,1.0,0.3472222222222222,8|9|50|104|107,22|79|81|84|85,True,True,2
1426_029,1426,regular_season,4,2160.0,2244.0,84.0,True,True,7,10860|10861|12|55|58,10875|13029|21|24|29,4.0,2.0,3.0,3.0,19.0,720.0,False,False,105.53691713131266,104.2485207694993,1.2883963618133665,19,2.0,3.0,66.66666666666667,133.33333333333334,66.66666666666667,True,0.0,0.0,0.0,0.0,0.0,0.0,0.0,0.0,0.0,0.0,0.0,0.0,0.0,0.0,0.0,0.0,0.0,0.0,0.0,0.0,0.0,0.0,0.0,0.0,0.0,0.0,0.0,0.0,0.0,0.0,0.0,8|9|50|104|107,22|57|78|81|85,True,True,2
1426_030,1426,regular_season,4,2244.0,2289.0,45.0,True,True,7,10860|12|55|58|68,10875|13029|21|24|29,0.0,4.0,1.0,1.88,21.0,636.0,False,True,105.53691713131266,104.2485207694993,1.2883963618133665,19,-4.0,1.44,-277.77777777777777,0.0,212.76595744680853,True,0.0,0.0,0.0,0.0,0.0,0.0,0.0,0.0,0.0,1.0,0.0,0.0,0.0,0.0,0.0,0.0,0.0,0.0,0.0,0.0,0.0,0.0,0.0,0.0,0.0,0.0,0.0,0.0,0.0,0.0,0.0,8|50|104|107|112,22|57|78|81|85,True,True,2
1426_031,1426,regular_season,4,2289.0,2318.0,29.0,True,True,7,10860|12|57|58|68,10875|13029|21|24|29,0.0,2.0,1.0,0.88,17.0,591.0,False,False,105.53691713131266,104.2485207694993,1.2883963618133665,19,-2.0,0.94,-212.76595744680853,0.0,227.27272727272728,True,0.0,0.0,0.0,0.0,0.0,0.0,0.0,0.0,0.0,0.0,0.0,0.0,0.0,0.0,0.0,1.0,0.0,0.0,0.0,0.0,0.0,0.0,0.0,0.0,0.0,0.0,0.0,0.0,0.0,0.0,0.0,8|50|106|107|112,22|57|78|81|85,True,True,2
1426_032,1426,regular_season,4,2318.0,2432.0,114.0,True,True,7,10860|12|57|58|68,10872|10875|13029|21|24,8.0,2.0,4.0,3.0,15.0,562.0,False,False,105.53691713131266,104.2485207694993,1.2883963618133665,19,6.0,3.5,171.42857142857142,200.0,66.66666666666667,True,4.0,2.0,2.0,2.0,2.0,0.0,0.0,0.0,0.0,0.0,0.0,0.0,0.0,0.0,0.0,0.0,2.0,0.0,0.0,0.0,2.0,2.0,0.0,0.0,0.0,0.0,0.0,0.0,2.0,2.0,0.5,8|50|106|107|112,19|22|57|78|81,True,True,2
1426_033,1426,regular_season,4,2432.0,2480.0,48.0,True,True,7,10860|12|54|57|68,10872|10874|10875|13029|21,2.0,0.0,1.0,1.0,21.0,448.0,False,True,105.53691713131266,104.2485207694993,1.2883963618133665,19,2.0,1.0,200.0,200.0,0.0,True,0.0,0.0,0.0,0.0,0.0,0.0,0.0,0.0,0.0,0.0,1.0,0.0,0.0,0.0,0.0,0.0,0.0,0.0,0.0,0.0,0.0,0.0,0.0,0.0,0.0,0.0,0.0,0.0,0.0,0.0,0.0,8|50|103|106|112,19|21|22|57|78,True,True,2
1426_034,1426,regular_season,4,2480.0,2585.0,105.0,True,True,7,10860|12|54|57|68,10873|10874|10875|13029|21,5.0,2.0,3.88,3.88,23.0,400.0,False,True,105.53691713131266,104.2485207694993,1.2883963618133665,19,3.0,3.88,77.31958762886597,128.8659793814433,51.54639175257732,True,2.0,2.0,1.0,1.0,1.0,1.0,0.0,0.0,0.0,0.0,1.0,0.0,0.0,0.0,0.0,0.0,1.0,0.0,0.0,0.0,1.0,1.0,0.0,0.0,0.0,0.0,1.0,0.0,2.0,2.0,0.5154639175257733,8|50|103|106|112,20|21|22|57|78,True,True,2
1426_035,1426,regular_season,4,2585.0,2617.0,32.0,True,True,7,10861|12|54|57|68,10873|10875|13029|21|22,2.0,1.0,1.0,1.88,26.0,295.0,False,True,105.53691713131266,104.2485207694993,1.2883963618133665,19,1.0,1.44,69.44444444444444,200.0,53.19148936170213,False,,,,,,,,,,,,,,,,,,,,,,,,,,,,,,,,9|50|103|106|112,20|22|57|78|79,True,True,2
1426_036,1426,regular_season,4,2617.0,2649.0,32.0,True,True,7,10861|12|54|57|68,10873|10875|13029|22|29,2.0,3.0,0.88,1.32,27.0,263.0,False,True,105.53691713131266,104.2485207694993,1.2883963618133665,19,-1.0,1.1,-90.9090909090909,227.27272727272728,227.27272727272725,False,,,,,,,,,,,,,,,,,,,,,,,,,,,,,,,,9|50|103|106|112,20|22|57|79|85,True,True,2
1426_037,1426,regular_season,4,2649.0,2693.0,44.0,True,True,7,10860|12|54|57|68,10871|10872|10873|19|23,2.0,2.0,1.0,1.76,26.0,231.0,False,True,105.53691713131266,104.2485207694993,1.2883963618133665,19,0.0,1.38,0.0,200.0,113.63636363636364,True,0.0,0.0,0.0,0.0,0.0,0.0,0.0,0.0,0.0,0.0,0.0,0.0,0.0,0.0,0.0,1.0,0.0,0.0,0.0,0.0,0.0,0.0,0.0,0.0,0.0,0.0,0.0,0.0,0.0,0.0,0.0,8|50|103|106|112,18|19|20|76|80,True,True,2
1426_038,1426,regular_season,4,2693.0,2701.0,8.0,True,True,7,12|54|55|57|64,10871|10872|10873|19|23,0.0,0.0,0.0,0.0,26.0,187.0,False,True,105.53691713131266,104.2485207694993,1.2883963618133665,19,0.0,0.0,,,,False,,,,,,,,,,,,,,,,,,,,,,,,,,,,,,,,50|103|104|106|111,18|19|20|76|80,True,True,2
1426_039,1426,regular_season,4,2701.0,2880.0,179.0,True,True,7,10884|12|55|57|64,10871|10872|10873|19|23,0.0,3.0,9.0,7.76,26.0,179.0,False,True,105.53691713131266,104.2485207694993,1.2883963618133665,19,-3.0,8.379999999999999,-35.79952267303103,0.0,38.65979381443299,False,,,,,,,,,,,,,,,,,,,,,,,,,,,,,,,,31|50|104|106|111,18|19|20|76|80,True,True,2
1430_001,1430,regular_season,1,0.0,339.0,339.0,True,False,8,10861|54|57|62|68,1|10|10869|13400|14,11.0,21.0,11.44,10.88,0.0,2880.0,False,False,103.60886046528036,109.33918480070423,-5.730324335423875,16,-10.0,11.16,-89.60573476702508,96.15384615384616,193.01470588235293,False,,,,,,,,,,,,,,,,,,,,,,,,,,,,,,,,9|103|106|110|112,0|1|16|60|65,True,True,3
1430_002,1430,regular_season,1,339.0,367.0,28.0,True,False,8,10860|54|57|58|68,1|10|10869|13400|14,0.0,0.0,1.0,0.0,-10.0,2541.0,False,False,103.60886046528036,109.33918480070423,-5.730324335423875,16,0.0,0.5,0.0,0.0,,True,0.0,0.0,0.0,0.0,0.0,0.0,0.0,0.0,0.0,0.0,0.0,0.0,0.0,0.0,0.0,0.0,0.0,0.0,0.0,0.0,0.0,0.0,0.0,0.0,0.0,0.0,0.0,0.0,0.0,0.0,0.0,8|103|106|107|112,0|1|16|60|65,True,True,3
1430_003,1430,regular_season,1,367.0,440.0,73.0,True,False,8,10860|12|57|58|68,1|10|10869|13400|14,6.0,3.0,2.0,2.0,-10.0,2513.0,False,False,103.60886046528036,109.33918480070423,-5.730324335423875,16,3.0,2.0,150.0,300.0,150.0,True,2.0,1.0,1.0,1.0,1.0,0.0,0.0,0.0,0.0,0.0,0.0,0.0,1.0,0.0,0.0,0.0,1.0,0.0,0.0,0.0,1.0,1.0,0.0,0.0,0.0,0.0,0.0,0.0,1.0,1.0,0.5,8|50|106|107|112,0|1|16|60|65,True,True,3
1430_004,1430,regular_season,1,440.0,480.0,40.0,True,False,8,10860|12|57|58|68,1|10|10865|10869|13400,2.0,2.0,0.88,1.0,-7.0,2440.0,False,False,103.60886046528036,109.33918480070423,-5.730324335423875,16,0.0,0.94,0.0,227.27272727272728,200.0,True,2.0,0.0,0.0,0.0,0.0,0.0,0.0,2.0,2.0,1.0,0.0,0.0,0.0,0.0,0.0,0.0,0.0,0.0,0.0,0.0,0.0,0.0,0.0,0.0,0.0,0.0,0.0,0.0,0.88,0.88,1.0,8|50|106|107|112,0|1|13|16|60,True,True,3
1430_005,1430,regular_season,1,480.0,571.0,91.0,True,False,8,10860|12|57|58|68,1|10|10865|10869|5,0.0,5.0,3.0,3.0,-7.0,2400.0,False,False,103.60886046528036,109.33918480070423,-5.730324335423875,16,-5.0,3.0,-166.66666666666666,0.0,166.66666666666666,True,0.0,1.0,0.0,1.0,0.0,0.0,0.0,0.0,0.0,0.0,0.0,0.0,0.0,0.0,0.0,0.0,0.0,0.0,0.0,0.0,0.0,0.0,1.0,0.0,0.0,0.0,0.0,0.0,1.0,1.0,0.3333333333333333,8|50|106|107|112,0|1|13|16|101,True,True,3
1430_006,1430,regular_season,1,571.0,686.0,115.0,True,False,8,10860|10861|10884|12|58,10|10865|10869|14|5,2.0,7.0,4.0,4.0,-12.0,2309.0,False,False,103.60886046528036,109.33918480070423,-5.730324335423875,16,-5.0,4.0,-125.0,50.0,175.0,True,0.0,1.0,0.0,1.0,0.0,0.0,0.0,0.0,0.0,0.0,0.0,0.0,1.0,0.0,0.0,0.0,0.0,0.0,0.0,0.0,1.0,0.0,0.0,0.0,0.0,0.0,0.0,0.0,1.0,1.0,0.25,8|9|31|50|107,1|13|16|65|101,True,True,3
1430_007,1430,regular_season,1,686.0,720.0,34.0,True,False,8,10860|10861|10884|12|58,10865|11|13400|14|5,2.0,2.0,1.0,1.0,-17.0,2194.0,False,False,103.60886046528036,109.33918480070423,-5.730324335423875,16,0.0,1.0,0.0,200.0,200.0,True,0.0,0.0,0.0,0.0,0.0,0.0,0.0,0.0,0.0,0.0,0.0,0.0,0.0,0.0,0.0,0.0,0.0,0.0,0.0,0.0,0.0,0.0,0.0,0.0,0.0,0.0,0.0,0.0,0.0,0.0,0.0,8|9|31|50|107,13|43|60|65|101,True,True,3
1430_008,1430,regular_season,2,720.0,759.0,39.0,True,False,8,10860|10861|12|54|58,10865|11|13400|14|5,4.0,0.0,1.88,1.0,-17.0,2160.0,False,False,103.60886046528036,109.33918480070423,-5.730324335423875,16,4.0,1.44,277.77777777777777,212.76595744680853,0.0,True,2.0,0.0,0.0,0.0,0.0,0.0,0.0,2.0,2.0,0.0,0.0,0.0,0.0,0.0,0.0,0.0,0.0,0.0,0.0,0.0,0.0,0.0,0.0,0.0,0.0,0.0,0.0,0.0,0.88,0.88,0.46808510638297873,8|9|50|103|107,13|43|60|65|101,True,True,3
1430_009,1430,regular_season,2,759.0,807.0,48.0,True,False,8,10860|12|54|58|68,1|10869|13400|14|5,0.0,0.0,2.0,2.0,-13.0,2121.0,False,False,103.60886046528036,109.33918480070423,-5.730324335423875,16,0.0,2.0,0.0,0.0,0.0,True,0.0,1.0,0.0,0.0,0.0,1.0,0.0,0.0,0.0,0.0,0.0,0.0,0.0,0.0,0.0,0.0,0.0,0.0,0.0,0.0,0.0,0.0,0.0,0.0,0.0,0.0,1.0,0.0,1.0,1.0,0.5,8|50|103|107|112,0|16|60|65|101,True,True,3
1430_010,1430,regular_season,2,807.0,859.0,52.0,True,False,8,10860|12|54|58|68,1|10|10869|14|5,3.0,6.0,1.0,2.44,-13.0,2073.0,False,False,103.60886046528036,109.33918480070423,-5.730324335423875,16,-3.0,1.72,-174.41860465116278,300.0,245.9016393442623,True,0.0,0.0,0.0,0.0,0.0,0.0,0.0,0.0,0.0,0.0,0.0,0.0,0.0,0.0,0.0,0.0,0.0,0.0,0.0,0.0,0.0,0.0,0.0,0.0,0.0,0.0,0.0,0.0,0.0,0.0,0.0,8|50|103|107|112,0|1|16|65|101,True,True,3
1430_011,1430,regular_season,2,859.0,920.0,61.0,True,False,8,10860|12|54|58|68,1|10|10869|14|4,4.0,2.0,2.0,2.0,-16.0,2021.0,False,False,103.60886046528036,109.33918480070423,-5.730324335423875,16,2.0,2.0,100.0,200.0,100.0,True,2.0,1.0,1.0,1.0,1.0,0.0,0.0,0.0,0.0,0.0,1.0,0.0,0.0,0.0,0.0,0.0,1.0,0.0,1.0,1.0,0.0,0.0,0.0,0.0,0.0,0.0,0.0,0.0,1.0,1.0,0.5,8|50|103|107|112,0|1|16|65|93,True,True,3
1430_012,1430,regular_season,2,920.0,951.0,31.0,True,False,8,10860|54|57|58|68,1|10|10869|14|4,3.0,0.0,1.44,1.0,-14.0,1960.0,False,False,103.60886046528036,109.33918480070423,-5.730324335423875,16,3.0,1.22,245.9016393442623,208.33333333333334,0.0,True,0.0,0.0,0.0,0.0,0.0,0.0,0.0,0.0,0.0,0.0,0.0,0.0,0.0,0.0,0.0,0.0,0.0,0.0,0.0,0.0,0.0,0.0,0.0,0.0,0.0,0.0,0.0,0.0,0.0,0.0,0.0,8|103|106|107|112,0|1|16|65|93,True,True,3
1430_013,1430,regular_season,2,951.0,1013.0,62.0,True,False,8,10860|12|54|57|68,1|10|10865|10869|14,0.0,0.0,2.0,1.0,-11.0,1929.0,False,False,103.60886046528036,109.33918480070423,-5.730324335423875,16,0.0,1.5,0.0,0.0,0.0,True,0.0,0.0,0.0,0.0,0.0,0.0,0.0,0.0,0.0,0.0,1.0,0.0,0.0,0.0,0.0,0.0,0.0,0.0,0.0,0.0,0.0,0.0,0.0,0.0,0.0,0.0,0.0,0.0,0.0,0.0,0.0,8|50|103|106|112,0|1|13|16|65,True,True,3
1430_014,1430,regular_season,2,1013.0,1114.0,101.0,True,False,8,10861|12|54|57|68,1|10|10865|10869|14,0.0,6.0,3.0,3.0,-11.0,1867.0,False,False,103.60886046528036,109.33918480070423,-5.730324335423875,16,-6.0,3.0,-200.0,0.0,200.0,False,,,,,,,,,,,,,,,,,,,,,,,,,,,,,,,,9|50|103|106|112,0|1|13|16|65,True,True,3
1430_015,1430,regular_season,2,1114.0,1140.0,26.0,True,False,8,10861|54|57|58|68,1|10|10865|10869|14,1.0,2.0,0.88,1.0,-17.0,1766.0,False,False,103.60886046528036,109.33918480070423,-5.730324335423875,16,-1.0,0.94,-106.38297872340426,113.63636363636364,200.0,False,,,,,,,,,,,,,,,,,,,,,,,,,,,,,,,,9|103|106|107|112,0|1|13|16|65,True,True,3
1430_016,1430,regular_season,2,1140.0,1259.0,119.0,True,False,8,10861|54|57|58|68,1|10|10865|10869|5,5.0,3.0,3.0,3.3200000000000003,-18.0,1740.0,False,False,103.60886046528036,109.33918480070423,-5.730324335423875,16,2.0,3.16,63.291139240506325,166.66666666666666,90.36144578313252,False,,,,,,,,,,,,,,,,,,,,,,,,,,,,,,,,9|103|106|107|112,0|1|13|16|101,True,True,3
1430_017,1430,regular_season,2,1259.0,1291.0,32.0,True,False,8,10861|54|57|58|68,1|10|10865|13400|5,2.0,0.0,0.88,1.0,-16.0,1621.0,False,False,103.60886046528036,109.33918480070423,-5.730324335423875,16,2.0,0.94,212.76595744680853,227.27272727272728,0.0,False,,,,,,,,,,,,,,,,,,,,,,,,,,,,,,,,9|103|106|107|112,0|1|13|60|101,True,True,3
1430_018,1430,regular_season,2,1291.0,1355.0,64.0,True,False,8,10861|54|57|58|68,1|10865|10869|13400|5,4.0,2.0,1.88,2.0,-14.0,1589.0,False,False,103.60886046528036,109.33918480070423,-5.730324335423875,16,2.0,1.94,103.09278350515464,212.76595744680853,100.0,False,,,,,,,,,,,,,,,,,,,,,,,,,,,,,,,,9|103|106|107|112,0|13|16|60|101,True,True,3
1430_019,1430,regular_season,2,1355.0,1403.0,48.0,True,False,8,10860|54|57|58|68,1|10|10865|10869|13400,4.0,2.0,2.0,1.0,-12.0,1525.0,False,False,103.60886046528036,109.33918480070423,-5.730324335423875,16,2.0,1.5,133.33333333333334,200.0,200.0,True,2.0,1.0,1.0,1.0,1.0,0.0,0.0,0.0,0.0,1.0,0.0,0.0,0.0,0.0,0.0,0.0,0.0,1.0,0.0,0.0,1.0,1.0,0.0,0.0,0.0,0.0,0.0,0.0,1.0,1.0,0.5,8|103|106|107|112,0|1|13|16|60,True,True,3
1430_020,1430,regular_season,2,1403.0,1440.0,37.0,True,False,8,10860|54|57|58|68,1|10|10869|5|7,2.0,0.0,1.0,2.0,-10.0,1477.0,False,False,103.60886046528036,109.33918480070423,-5.730324335423875,16,2.0,1.5,133.33333333333334,200.0,0.0,True,0.0,0.0,0.0,0.0,0.0,0.0,0.0,0.0,0.0,0.0,0.0,0.0,0.0,0.0,0.0,1.0,0.0,0.0,0.0,0.0,0.0,0.0,0.0,0.0,0.0,0.0,0.0,0.0,0.0,0.0,0.0,8|103|106|107|112,0|1|16|101|113,True,True,3
1430_021,1430,regular_season,3,1440.0,1619.0,179.0,True,False,8,10861|54|57|58|68,1|10|10869|13400|14,9.0,7.0,6.0,5.88,-8.0,1440.0,False,False,103.60886046528036,109.33918480070423,-5.730324335423875,16,2.0,5.9399999999999995,33.670033670033675,150.0,119.04761904761905,False,,,,,,,,,,,,,,,,,,,,,,,,,,,,,,,,9|103|106|107|112,0|1|16|60|65,True,True,3
1430_022,1430,regular_season,3,1619.0,1809.0,190.0,True,False,8,10861|54|57|58|68,1|10869|13400|14|5,8.0,6.0,4.76,6.0,-6.0,1261.0,False,False,103.60886046528036,109.33918480070423,-5.730324335423875,16,2.0,5.38,37.17472118959108,168.0672268907563,100.0,False,,,,,,,,,,,,,,,,,,,,,,,,,,,,,,,,9|103|106|107|112,0|16|60|65|101,True,True,3
1430_023,1430,regular_season,3,1809.0,1971.0,162.0,True,False,8,10860|12|54|58|68,1|10|10865|10869|5,6.0,3.0,4.88,4.44,-4.0,1071.0,False,False,103.60886046528036,109.33918480070423,-5.730324335423875,16,3.0,4.66,64.37768240343347,122.95081967213115,67.56756756756756,True,0.0,1.0,0.0,1.0,0.0,0.0,0.0,0.0,0.0,1.0,1.0,0.0,0.0,0.0,0.0,0.0,0.0,0.0,0.0,0.0,1.0,0.0,0.0,0.0,0.0,0.0,0.0,0.0,1.0,1.0,0.20491803278688525,8|50|103|107|112,0|1|13|16|101,True,True,3
1430_024,1430,regular_season,3,1971.0,2001.0,30.0,True,False,8,10860|12|57|58|68,1|10|10865|10869|5,1.0,0.0,0.88,1.0,-1.0,909.0,False,False,103.60886046528036,109.33918480070423,-5.730324335423875,16,1.0,0.94,106.38297872340426,113.63636363636364,0.0,True,0.0,0.0,0.0,0.0,0.0,0.0,0.0,0.0,0.0,0.0,1.0,0.0,0.0,0.0,0.0,0.0,0.0,0.0,0.0,0.0,0.0,0.0,0.0,0.0,0.0,0.0,0.0,0.0,0.0,0.0,0.0,8|50|106|107|112,0|1|13|16|101,True,True,3
1430_025,1430,regular_season,3,2001.0,2039.0,38.0,True,False,8,10860|12|57|58|68,1|10|10865|10869|14,0.0,0.0,1.0,1.0,0.0,879.0,False,False,103.60886046528036,109.33918480070423,-5.730324335423875,16,0.0,1.0,0.0,0.0,0.0,True,0.0,0.0,0.0,0.0,0.0,0.0,0.0,0.0,0.0,0.0,0.0,0.0,0.0,0.0,0.0,0.0,0.0,0.0,0.0,0.0,0.0,0.0,0.0,0.0,0.0,0.0,0.0,0.0,0.0,0.0,0.0,8|50|106|107|112,0|1|13|16|65,True,True,3
1430_026,1430,regular_season,3,2039.0,2044.0,5.0,True,False,8,10860|12|57|58|68,10|10865|10869|13400|14,0.0,1.0,0.0,0.88,0.0,841.0,False,False,103.60886046528036,109.33918480070423,-5.730324335423875,16,-1.0,0.44,-227.27272727272728,,113.63636363636364,True,0.0,0.0,0.0,0.0,0.0,0.0,0.0,0.0,0.0,0.0,0.0,0.0,0.0,0.0,0.0,0.0,0.0,0.0,0.0,0.0,0.0,0.0,0.0,0.0,0.0,0.0,0.0,0.0,0.0,0.0,,8|50|106|107|112,1|13|16|60|65,True,True,3
1430_027,1430,regular_season,3,2044.0,2074.0,30.0,True,False,8,10860|12|57|58|68,1|10865|10869|13400|14,0.0,2.0,2.0,1.0,-1.0,836.0,False,False,103.60886046528036,109.33918480070423,-5.730324335423875,16,-2.0,1.5,-133.33333333333334,0.0,200.0,True,0.0,0.0,0.0,0.0,0.0,0.0,0.0,0.0,0.0,0.0,0.0,0.0,0.0,0.0,0.0,0.0,0.0,0.0,0.0,0.0,0.0,0.0,0.0,0.0,0.0,0.0,0.0,0.0,0.0,0.0,0.0,8|50|106|107|112,0|13|16|60|65,True,True,3
1430_028,1430,regular_season,3,2074.0,2133.0,59.0,True,False,8,10860|12|54|57|68,1|10|10869|13400|14,0.0,4.0,1.0,3.0,-3.0,806.0,False,False,103.60886046528036,109.33918480070423,-5.730324335423875,16,-4.0,2.0,-200.0,0.0,133.33333333333334,True,0.0,0.0,0.0,0.0,0.0,0.0,0.0,0.0,0.0,0.0,0.0,0.0,0.0,0.0,0.0,0.0,0.0,0.0,0.0,0.0,0.0,0.0,0.0,0.0,0.0,0.0,0.0,0.0,0.0,0.0,0.0,8|50|103|106|112,0|1|16|60|65,True,True,3
1430_029,1430,regular_season,3,2133.0,2157.0,24.0,True,False,8,10860|10861|12|54|57,10|10865|13400|14|5,0.0,0.0,1.0,-1.0,-7.0,747.0,False,False,103.60886046528036,109.33918480070423,-5.730324335423875,16,0.0,0.0,,0.0,,True,0.0,0.0,0.0,0.0,0.0,0.0,0.0,0.0,0.0,0.0,0.0,0.0,0.0,0.0,0.0,0.0,0.0,0.0,0.0,0.0,0.0,0.0,0.0,0.0,0.0,0.0,0.0,0.0,0.0,0.0,0.0,8|9|50|103|106,1|13|60|65|101,True,True,3
1430_030,1430,regular_season,3,2157.0,2160.0,3.0,True,False,8,10860|10861|12|54|57,1|10869|13400|14|5,0.0,0.0,1.0,1.0,-7.0,723.0,False,False,103.60886046528036,109.33918480070423,-5.730324335423875,16,0.0,1.0,0.0,0.0,0.0,True,0.0,1.0,0.0,1.0,0.0,0.0,0.0,0.0,0.0,0.0,0.0,0.0,0.0,0.0,0.0,0.0,0.0,0.0,0.0,0.0,1.0,0.0,0.0,0.0,0.0,0.0,0.0,0.0,1.0,1.0,1.0,8|9|50|103|106,0|16|60|65|101,True,True,3
1430_031,1430,regular_season,4,2160.0,2237.0,77.0,True,False,8,10861|12|54|57|68,10865|10869|13400|14|5,0.0,3.0,3.0,3.0,-7.0,720.0,False,False,103.60886046528036,109.33918480070423,-5.730324335423875,16,-3.0,3.0,-100.0,0.0,100.0,False,,,,,,,,,,,,,,,,,,,,,,,,,,,,,,,,9|50|103|106|112,13|16|60|65|101,True,True,3
1430_032,1430,regular_season,4,2237.0,2299.0,62.0,True,False,8,10861|54|57|62|68,10865|10869|13400|14|5,2.0,2.0,2.0,1.0,-10.0,643.0,False,False,103.60886046528036,109.33918480070423,-5.730324335423875,16,0.0,1.5,0.0,100.0,200.0,False,,,,,,,,,,,,,,,,,,,,,,,,,,,,,,,,9|103|106|110|112,13|16|60|65|101,True,True,3
1430_033,1430,regular_season,4,2299.0,2431.0,132.0,True,False,8,10861|54|57|62|68,1|10865|10869|13400|5,4.0,4.0,3.0,4.0,-10.0,581.0,False,False,103.60886046528036,109.33918480070423,-5.730324335423875,16,0.0,3.5,0.0,133.33333333333334,100.0,False,,,,,,,,,,,,,,,,,,,,,,,,,,,,,,,,9|103|106|110|112,0|13|16|60|101,True,True,3
1430_034,1430,regular_season,4,2431.0,2463.0,32.0,True,False,8,10861|54|58|62|68,1|10|10869|13400|5,2.0,2.0,1.0,0.88,-10.0,449.0,False,False,103.60886046528036,109.33918480070423,-5.730324335423875,16,0.0,0.94,0.0,200.0,227.27272727272728,False,,,,,,,,,,,,,,,,,,,,,,,,,,,,,,,,9|103|107|110|112,0|1|16|60|101,True,True,3
1430_035,1430,regular_season,4,2463.0,2520.0,57.0,True,False,8,10860|54|58|62|68,1|10|10865|13400|5,3.0,0.0,2.0,1.0,-10.0,417.0,False,False,103.60886046528036,109.33918480070423,-5.730324335423875,16,3.0,1.5,200.0,150.0,0.0,True,0.0,0.0,0.0,0.0,0.0,0.0,0.0,0.0,0.0,0.0,0.0,0.0,0.0,0.0,0.0,0.0,0.0,0.0,0.0,0.0,0.0,0.0,0.0,0.0,0.0,0.0,0.0,0.0,0.0,0.0,0.0,8|103|107|110|112,0|1|13|60|101,True,True,3
1430_036,1430,regular_season,4,2520.0,2696.0,176.0,True,False,8,10860|54|58|62|68,1|10865|10869|13400|5,10.0,5.0,6.44,5.88,-7.0,360.0,False,False,103.60886046528036,109.33918480070423,-5.730324335423875,16,5.0,6.16,81.16883116883116,155.27950310559007,85.03401360544218,True,2.0,2.0,1.0,2.0,1.0,0.0,0.0,0.0,0.0,2.0,0.0,1.0,0.0,0.0,0.0,1.0,0.0,1.0,0.0,0.0,2.0,1.0,0.0,0.0,0.0,0.0,0.0,0.0,2.0,2.0,0.3105590062111801,8|103|107|110|112,0|13|16|60|101,True,True,3
1430_037,1430,regular_season,4,2696.0,2710.0,14.0,True,False,8,10860|54|57|58|68,1|10|10869|14|5,0.0,0.0,0.0,1.0,-2.0,184.0,False,False,103.60886046528036,109.33918480070423,-5.730324335423875,16,0.0,0.5,0.0,,0.0,True,0.0,0.0,0.0,0.0,0.0,0.0,0.0,0.0,0.0,0.0,0.0,0.0,0.0,0.0,0.0,0.0,0.0,0.0,0.0,0.0,0.0,0.0,0.0,0.0,0.0,0.0,0.0,0.0,0.0,0.0,,8|103|106|107|112,0|1|16|65|101,True,True,3
1430_038,1430,regular_season,4,2710.0,2805.0,95.0,True,False,8,10860|54|57|58|68,10|10869|13400|14|5,2.0,5.0,3.0,2.0,-2.0,170.0,False,False,103.60886046528036,109.33918480070423,-5.730324335423875,16,-3.0,2.5,-120.0,66.66666666666667,250.0,True,0.0,0.0,0.0,0.0,0.0,0.0,0.0,0.0,0.0,0.0,0.0,0.0,0.0,0.0,0.0,0.0,0.0,0.0,0.0,0.0,0.0,0.0,0.0,0.0,0.0,0.0,0.0,0.0,0.0,0.0,0.0,8|103|106|107|112,1|16|60|65|101,True,True,3
1430_039,1430,regular_season,4,2805.0,2849.0,44.0,True,False,8,10860|54|57|58|68,1|10|10869|13400|5,2.0,0.0,1.0,1.0,-5.0,75.0,False,False,103.60886046528036,109.33918480070423,-5.730324335423875,16,2.0,1.0,200.0,200.0,0.0,True,0.0,0.0,0.0,0.0,0.0,0.0,0.0,0.0,0.0,0.0,0.0,0.0,0.0,0.0,0.0,0.0,0.0,0.0,0.0,0.0,0.0,0.0,0.0,0.0,0.0,0.0,0.0,0.0,0.0,0.0,0.0,8|103|106|107|112,0|1|16|60|101,True,True,3
1430_040,1430,regular_season,4,2849.0,2866.0,17.0,True,False,8,10860|54|57|58|68,10|10869|13400|14|5,1.0,2.0,0.88,1.0,-3.0,31.0,False,False,103.60886046528036,109.33918480070423,-5.730324335423875,16,-1.0,0.94,-106.38297872340426,113.63636363636364,200.0,True,0.0,0.0,0.0,0.0,0.0,0.0,0.0,0.0,0.0,1.0,0.0,0.0,0.0,0.0,0.0,0.0,0.0,0.0,0.0,0.0,0.0,0.0,0.0,0.0,0.0,0.0,0.0,0.0,0.0,0.0,0.0,8|103|106|107|112,1|16|60|65|101,True,True,3
1430_041,1430,regular_season,4,2866.0,2868.0,2.0,True,False,8,10860|54|57|58|68,1|10|10869|13400|14,0.0,2.0,0.0,0.88,-4.0,14.0,False,False,103.60886046528036,109.33918480070423,-5.730324335423875,16,-2.0,0.44,-454.54545454545456,,227.27272727272728,True,0.0,0.0,0.0,0.0,0.0,0.0,0.0,0.0,0.0,0.0,0.0,0.0,0.0,0.0,0.0,0.0,0.0,0.0,0.0,0.0,0.0,0.0,0.0,0.0,0.0,0.0,0.0,0.0,0.0,0.0,,8|103|106|107|112,0|1|16|60|65,True,True,3
1430_042,1430,regular_season,4,2868.0,2880.0,12.0,True,False,8,10860|54|57|58|68,10|10869|13400|14|5,3.0,3.0,2.0,1.76,-6.0,12.0,False,False,103.60886046528036,109.33918480070423,-5.730324335423875,16,0.0,1.88,0.0,150.0,170.45454545454547,True,0.0,0.0,0.0,0.0,0.0,0.0,0.0,0.0,0.0,0.0,0.0,0.0,0.0,0.0,0.0,0.0,0.0,0.0,0.0,0.0,0.0,0.0,0.0,0.0,0.0,0.0,0.0,0.0,0.0,0.0,0.0,8|103|106|107|112,1|16|60|65|101,True,True,3
1433_001,1433,regular_season,1,0.0,100.0,100.0,True,False,3,16|54|57|62|68,103|106|13906|79|89,3.0,2.0,2.0,3.0,0.0,2880.0,False,False,107.69288355467052,104.05873663693653,3.634146917733981,20,1.0,2.5,40.0,150.0,66.66666666666667,False,,,,,,,,,,,,,,,,,,,,,,,,,,,,,,,,75|103|106|110|112,3|5|63|120|130,True,True,4
1433_002,1433,regular_season,1,100.0,347.0,247.0,True,False,3,16|54|57|62|68,103|106|13777|79|89,9.0,13.0,9.0,8.32,1.0,2780.0,False,False,107.69288355467052,104.05873663693653,3.634146917733981,20,-4.0,8.66,-46.18937644341801,100.0,156.25,False,,,,,,,,,,,,,,,,,,,,,,,,,,,,,,,,75|103|106|110|112,3|5|61|120|130,True,True,4
1433_003,1433,regular_season,1,347.0,401.0,54.0,True,False,3,16|54|57|58|68,103|106|13777|77|86,2.0,2.0,1.88,2.0,-3.0,2533.0,False,False,107.69288355467052,104.05873663693653,3.634146917733981,20,0.0,1.94,0.0,106.38297872340426,100.0,False,,,,,,,,,,,,,,,,,,,,,,,,,,,,,,,,75|103|106|107|112,3|5|61|118|125,True,True,4
1433_004,1433,regular_season,1,401.0,413.0,12.0,True,False,3,16|54|57|58|68,13777|13906|77|86|99,0.0,2.0,0.0,0.88,-3.0,2479.0,False,False,107.69288355467052,104.05873663693653,3.634146917733981,20,-2.0,0.44,-454.54545454545456,,227.27272727272728,False,,,,,,,,,,,,,,,,,,,,,,,,,,,,,,,,75|103|106|107|112,61|63|118|125|136,True,True,4
1433_005,1433,regular_season,1,413.0,438.0,25.0,True,False,3,10860|54|57|58|68,13777|13906|77|86|99,2.0,1.0,0.88,0.88,-5.0,2467.0,False,False,107.69288355467052,104.05873663693653,3.634146917733981,20,1.0,0.88,113.63636363636364,227.27272727272728,113.63636363636364,True,0.0,0.0,0.0,0.0,0.0,0.0,0.0,0.0,0.0,0.0,0.0,0.0,0.0,0.0,0.0,1.0,0.0,0.0,0.0,0.0,0.0,0.0,0.0,0.0,0.0,0.0,0.0,0.0,0.0,0.0,0.0,8|103|106|107|112,61|63|118|125|136,True,True,4
1433_006,1433,regular_season,1,438.0,623.0,185.0,True,False,3,10860|12|54|58|68,13777|13906|77|86|99,4.0,7.0,6.0,5.88,-4.0,2442.0,False,False,107.69288355467052,104.05873663693653,3.634146917733981,20,-3.0,5.9399999999999995,-50.50505050505051,66.66666666666667,119.04761904761905,True,2.0,3.0,1.0,3.0,1.0,0.0,0.0,0.0,0.0,1.0,0.0,1.0,0.0,0.0,0.0,0.0,1.0,0.0,0.0,0.0,2.0,0.0,1.0,1.0,0.0,0.0,0.0,0.0,3.0,3.0,0.5,8|50|103|107|112,61|63|118|125|136,True,True,4
1433_007,1433,regular_season,1,623.0,720.0,97.0,True,False,3,10860|10884|12|16|58,106|13906|77|86|99,0.0,0.0,4.0,3.0,-7.0,2257.0,False,False,107.69288355467052,104.05873663693653,3.634146917733981,20,0.0,3.5,0.0,0.0,0.0,True,0.0,1.0,0.0,1.0,0.0,0.0,0.0,0.0,0.0,0.0,1.0,0.0,0.0,0.0,0.0,0.0,0.0,0.0,0.0,0.0,0.0,0.0,1.0,0.0,0.0,0.0,0.0,0.0,1.0,1.0,0.25,8|31|50|75|107,5|63|118|125|136,True,True,4
1433_008,1433,regular_season,2,720.0,798.0,78.0,True,False,3,10860|10884|12|16|58,103|106|13906|79|89,3.0,2.0,2.0,2.0,-7.0,2160.0,False,False,107.69288355467052,104.05873663693653,3.634146917733981,20,1.0,2.0,50.0,150.0,100.0,True,0.0,1.0,0.0,1.0,0.0,0.0,0.0,0.0,0.0,0.0,0.0,0.0,0.0,0.0,0.0,0.0,0.0,0.0,0.0,0.0,0.0,0.0,1.0,0.0,0.0,0.0,0.0,0.0,1.0,1.0,0.5,8|31|50|75|107,3|5|63|120|130,True,True,4
1433_009,1433,regular_season,2,798.0,863.0,65.0,True,False,3,10860|12|16|58|62,103|106|13906|79|89,2.0,1.0,2.44,1.88,-6.0,2082.0,False,False,107.69288355467052,104.05873663693653,3.634146917733981,20,1.0,2.16,46.29629629629629,81.9672131147541,53.19148936170213,True,0.0,0.0,0.0,0.0,0.0,0.0,0.0,0.0,0.0,0.0,0.0,0.0,0.0,0.0,0.0,2.0,0.0,0.0,0.0,0.0,0.0,0.0,0.0,0.0,0.0,0.0,0.0,0.0,0.0,0.0,0.0,8|50|75|107|110,3|5|63|120|130,True,True,4
1433_010,1433,regular_season,2,863.0,916.0,53.0,True,False,3,10860|12|16|58|62,103|106|13777|79|89,1.0,3.0,1.88,1.0,-5.0,2017.0,False,False,107.69288355467052,104.05873663693653,3.634146917733981,20,-2.0,1.44,-138.88888888888889,53.19148936170213,300.0,True,1.0,2.0,0.0,2.0,0.0,0.0,0.0,2.0,1.0,1.0,0.0,0.0,0.0,0.0,0.0,0.0,0.0,0.0,1.0,0.0,1.0,0.0,0.0,0.0,0.0,0.0,0.0,0.0,2.88,2.88,1.5319148936170213,8|50|75|107|110,3|5|61|120|130,True,True,4
1433_011,1433,regular_season,2,916.0,1025.0,109.0,True,False,3,12|16|58|62|68,103|106|13777|79|89,2.0,3.0,4.0,4.0,-7.0,1964.0,False,False,107.69288355467052,104.05873663693653,3.634146917733981,20,-1.0,4.0,-25.0,50.0,75.0,False,,,,,,,,,,,,,,,,,,,,,,,,,,,,,,,,50|75|107|110|112,3|5|61|120|130,True,True,4
1433_012,1433,regular_season,2,1025.0,1163.0,138.0,True,False,3,16|54|58|62|68,13777|13906|77|79|89,3.0,7.0,5.44,5.44,-8.0,1855.0,False,False,107.69288355467052,104.05873663693653,3.634146917733981,20,-4.0,5.44,-73.52941176470588,55.147058823529406,128.67647058823528,False,,,,,,,,,,,,,,,,,,,,,,,,,,,,,,,,75|103|107|110|112,61|63|118|120|130,True,True,4
1433_013,1433,regular_season,2,1163.0,1250.0,87.0,True,False,3,16|54|57|58|68,103|13777|13906|77|86,3.0,7.0,2.88,3.0,-12.0,1717.0,False,False,107.69288355467052,104.05873663693653,3.634146917733981,20,-4.0,2.94,-136.0544217687075,104.16666666666667,233.33333333333334,False,,,,,,,,,,,,,,,,,,,,,,,,,,,,,,,,75|103|106|107|112,3|61|63|118|125,True,True,4
1433_014,1433,regular_season,2,1250.0,1349.0,99.0,True,False,3,16|54|57|58|68,103|106|13777|77|86,2.0,2.0,4.88,5.0,-16.0,1630.0,False,False,107.69288355467052,104.05873663693653,3.634146917733981,20,0.0,4.9399999999999995,0.0,40.98360655737705,40.0,False,,,,,,,,,,,,,,,,,,,,,,,,,,,,,,,,75|103|106|107|112,3|5|61|118|125,True,True,4
1433_015,1433,regular_season,2,1349.0,1440.0,91.0,True,False,3,16|54|57|58|68,103|106|13777|79|86,9.0,2.0,3.0,4.0,-16.0,1531.0,False,False,107.69288355467052,104.05873663693653,3.634146917733981,20,7.0,3.5,200.0,300.0,50.0,False,,,,,,,,,,,,,,,,,,,,,,,,,,,,,,,,75|103|106|107|112,3|5|61|120|125,True,True,4
1433_016,1433,regular_season,3,1440.0,1730.0,290.0,True,False,3,16|54|57|58|68,103|106|13906|79|89,8.0,2.0,9.88,10.0,-9.0,1440.0,False,False,107.69288355467052,104.05873663693653,3.634146917733981,20,6.0,9.940000000000001,60.36217303822937,80.97165991902834,20.0,False,,,,,,,,,,,,,,,,,,,,,,,,,,,,,,,,75|103|106|107|112,3|5|63|120|130,True,True,4
1433_017,1433,regular_season,3,1730.0,1794.0,64.0,True,False,3,16|54|57|58|68,13777|13906|77|79|89,3.0,7.0,2.0,2.88,-3.0,1150.0,False,False,107.69288355467052,104.05873663693653,3.634146917733981,20,-4.0,2.44,-163.9344262295082,150.0,243.05555555555557,False,,,,,,,,,,,,,,,,,,,,,,,,,,,,,,,,75|103|106|107|112,61|63|118|120|130,True,True,4
1433_018,1433,regular_season,3,1794.0,2010.0,216.0,True,False,3,16|54|57|58|68,106|13777|77|86|89,12.0,6.0,7.0,7.0,-7.0,1086.0,False,False,107.69288355467052,104.05873663693653,3.634146917733981,20,6.0,7.0,85.71428571428571,171.42857142857142,85.71428571428571,False,,,,,,,,,,,,,,,,,,,,,,,,,,,,,,,,75|103|106|107|112,5|61|118|125|130,True,True,4
1433_019,1433,regular_season,3,2010.0,2047.0,37.0,True,False,3,10860|12|57|58|68,103|106|13906|79|86,1.0,2.0,1.88,1.88,-1.0,870.0,False,False,107.69288355467052,104.05873663693653,3.634146917733981,20,-1.0,1.88,-53.19148936170213,53.19148936170213,106.38297872340426,True,1.0,1.0,0.0,1.0,0.0,0.0,0.0,2.0,1.0,0.0,0.0,0.0,0.0,0.0,0.0,0.0,0.0,0.0,1.0,0.0,0.0,0.0,0.0,0.0,0.0,0.0,0.0,0.0,1.88,1.88,1.0,8|50|106|107|112,3|5|63|120|125,True,True,4
1433_020,1433,regular_season,3,2047.0,2092.0,45.0,True,False,3,10860|12|57|58|68,103|13777|13906|79|86,0.0,1.0,2.0,1.88,-2.0,833.0,False,False,107.69288355467052,104.05873663693653,3.634146917733981,20,-1.0,1.94,-51.54639175257732,0.0,53.19148936170213,True,0.0,0.0,0.0,0.0,0.0,0.0,0.0,0.0,0.0,0.0,1.0,0.0,0.0,0.0,0.0,0.0,0.0,0.0,0.0,0.0,0.0,0.0,0.0,0.0,0.0,0.0,0.0,0.0,0.0,0.0,0.0,8|50|106|107|112,3|61|63|120|125,True,True,4
1433_021,1433,regular_season,3,2092.0,2160.0,68.0,True,False,3,10860|12|54|58|68,103|13777|13906|79|86,2.0,0.0,2.0,2.0,-3.0,788.0,False,False,107.69288355467052,104.05873663693653,3.634146917733981,20,2.0,2.0,100.0,100.0,0.0,True,2.0,1.0,1.0,1.0,1.0,0.0,0.0,0.0,0.0,1.0,0.0,0.0,0.0,0.0,0.0,0.0,0.0,1.0,1.0,1.0,0.0,0.0,0.0,0.0,0.0,0.0,0.0,0.0,1.0,1.0,0.5,8|50|103|107|112,3|61|63|120|125,True,True,4
1433_022,1433,regular_season,4,2160.0,2300.0,140.0,True,False,3,10860|12|16|54|57,103|13777|13906|79|89,10.0,4.0,4.0,3.88,-1.0,720.0,False,False,107.69288355467052,104.05873663693653,3.634146917733981,20,6.0,3.94,152.28426395939087,250.0,103.09278350515464,True,5.0,2.0,2.0,1.0,1.0,1.0,1.0,0.0,0.0,1.0,1.0,0.0,0.0,0.0,0.0,0.0,2.0,0.0,1.0,1.0,0.0,0.0,0.0,0.0,0.0,0.0,1.0,1.0,2.0,2.0,0.5,8|50|75|103|106,3|61|63|120|130,True,True,4
1433_023,1433,regular_season,4,2300.0,2310.0,10.0,True,False,3,10860|12|16|54|57,103|106|13777|77|89,0.0,0.0,0.0,0.0,5.0,580.0,False,False,107.69288355467052,104.05873663693653,3.634146917733981,20,0.0,0.0,,,,True,0.0,0.0,0.0,0.0,0.0,0.0,0.0,0.0,0.0,0.0,0.0,0.0,0.0,0.0,0.0,0.0,0.0,0.0,0.0,0.0,0.0,0.0,0.0,0.0,0.0,0.0,0.0,0.0,0.0,0.0,,8|50|75|103|106,3|5|61|118|130,True,True,4
1433_024,1433,regular_season,4,2310.0,2391.0,81.0,True,False,3,10860|12|54|57|68,103|106|13777|77|89,5.0,0.0,2.0,2.0,5.0,570.0,False,False,107.69288355467052,104.05873663693653,3.634146917733981,20,5.0,2.0,250.0,250.0,0.0,True,3.0,1.0,1.0,0.0,0.0,1.0,1.0,0.0,0.0,0.0,1.0,0.0,0.0,0.0,0.0,0.0,1.0,0.0,0.0,0.0,0.0,0.0,0.0,0.0,0.0,0.0,1.0,1.0,1.0,1.0,0.5,8|50|103|106|112,3|5|61|118|130,True,True,4
1433_025,1433,regular_season,4,2391.0,2409.0,18.0,True,False,3,10860|12|54|57|68,103|106|13906|77|89,0.0,2.0,0.0,0.88,10.0,489.0,False,False,107.69288355467052,104.05873663693653,3.634146917733981,20,-2.0,0.44,-454.54545454545456,,227.27272727272728,True,0.0,0.0,0.0,0.0,0.0,0.0,0.0,0.0,0.0,0.0,0.0,0.0,0.0,0.0,0.0,0.0,0.0,0.0,0.0,0.0,0.0,0.0,0.0,0.0,0.0,0.0,0.0,0.0,0.0,0.0,,8|50|103|106|112,3|5|63|118|130,True,True,4
1433_026,1433,regular_season,4,2409.0,2503.0,94.0,True,False,3,10860|12|54|58|68,103|106|13906|77|89,2.0,2.0,3.88,3.0,8.0,471.0,False,False,107.69288355467052,104.05873663693653,3.634146917733981,20,0.0,3.44,0.0,51.54639175257732,66.66666666666667,True,0.0,0.0,0.0,0.0,0.0,0.0,0.0,0.0,0.0,0.0,0.0,0.0,0.0,0.0,0.0,0.0,0.0,0.0,0.0,0.0,0.0,0.0,0.0,0.0,0.0,0.0,0.0,0.0,0.0,0.0,0.0,8|50|103|107|112,3|5|63|118|130,True,True,4
1433_027,1433,regular_season,4,2503.0,2570.0,67.0,True,False,3,16|54|57|58|68,103|106|13906|77|89,0.0,3.0,2.0,2.0,8.0,377.0,False,False,107.69288355467052,104.05873663693653,3.634146917733981,20,-3.0,2.0,-150.0,0.0,150.0,False,,,,,,,,,,,,,,,,,,,,,,,,,,,,,,,,75|103|106|107|112,3|5|63|118|130,True,True,4
1433_028,1433,regular_season,4,2570.0,2806.0,236.0,True,False,3,16|54|57|58|68,106|13906|77|86|89,6.0,6.0,9.0,9.32,5.0,310.0,False,False,107.69288355467052,104.05873663693653,3.634146917733981,20,0.0,9.16,0.0,66.66666666666667,64.37768240343347,False,,,,,,,,,,,,,,,,,,,,,,,,,,,,,,,,75|103|106|107|112,5|63|118|125|130,True,True,4
1433_029,1433,regular_season,4,2806.0,2880.0,74.0,True,False,3,16|54|57|58|68,103|106|13906|79|89,4.0,2.0,2.88,3.0,5.0,74.0,False,False,107.69288355467052,104.05873663693653,3.634146917733981,20,2.0,2.94,68.02721088435375,138.88888888888889,66.66666666666667,False,,,,,,,,,,,,,,,,,,,,,,,,,,,,,,,,75|103|106|107|112,3|5|63|120|130,True,True,4
1440_001,1440,regular_season,1,0.0,117.0,117.0,True,True,4,16|3129|54|57|68,10885|10887|10888|75|76,0.0,3.0,3.0,4.0,0.0,2880.0,False,False,103.80775426963378,99.75278347794529,4.054970791688506,21,-3.0,3.5,-85.71428571428571,0.0,75.0,False,,,,,,,,,,,,,,,,,,,,,,,,,,,,,,,,75|87|103|106|112,32|34|35|116|117,True,True,0
1440_002,1440,regular_season,1,117.0,311.0,194.0,True,True,4,16|3129|54|57|68,10862|10885|10887|75|76,7.0,4.0,6.88,6.0,-3.0,2763.0,False,False,103.80775426963378,99.75278347794529,4.054970791688506,21,3.0,6.4399999999999995,46.58385093167702,101.74418604651163,66.66666666666667,False,,,,,,,,,,,,,,,,,,,,,,,,,,,,,,,,75|87|103|106|112,10|32|34|116|117,True,True,0
1440_003,1440,regular_season,1,311.0,406.0,95.0,True,True,4,16|3129|54|57|68,10862|10887|75|76|87,2.0,5.0,3.0,3.0,0.0,2569.0,False,False,103.80775426963378,99.75278347794529,4.054970791688506,21,-3.0,3.0,-100.0,66.66666666666667,166.66666666666666,False,,,,,,,,,,,,,,,,,,,,,,,,,,,,,,,,75|87|103|106|112,10|34|116|117|127,True,True,0
1440_004,1440,regular_season,1,406.0,527.0,121.0,True,True,4,10861|54|57|58|68,10862|10887|75|76|87,7.0,2.0,4.0,4.0,-3.0,2474.0,False,False,103.80775426963378,99.75278347794529,4.054970791688506,21,5.0,4.0,125.0,175.0,50.0,False,,,,,,,,,,,,,,,,,,,,,,,,,,,,,,,,9|103|106|107|112,10|34|116|117|127,True,True,0
1440_005,1440,regular_season,1,527.0,611.0,84.0,True,True,4,10861|12|58|62|68,10862|10888|75|87|88,6.0,5.0,2.44,3.0,2.0,2353.0,False,False,103.80775426963378,99.75278347794529,4.054970791688506,21,1.0,2.7199999999999998,36.76470588235294,245.9016393442623,166.66666666666666,False,,,,,,,,,,,,,,,,,,,,,,,,,,,,,,,,9|50|107|110|112,10|35|116|127|128,True,True,0
1440_006,1440,regular_season,1,611.0,720.0,109.0,True,True,4,10861|12|16|58|62,10862|10888|75|87|88,2.0,5.0,3.0,3.0,3.0,2269.0,False,False,103.80775426963378,99.75278347794529,4.054970791688506,21,-3.0,3.0,-100.0,66.66666666666667,166.66666666666666,False,,,,,,,,,,,,,,,,,,,,,,,,,,,,,,,,9|50|75|107|110,10|35|116|127|128,True,True,0
1440_007,1440,regular_season,2,720.0,791.0,71.0,True,True,4,10861|12|16|58|62,10862|10888|75|87|88,1.0,2.0,1.88,1.88,0.0,2160.0,False,False,103.80775426963378,99.75278347794529,4.054970791688506,21,-1.0,1.88,-53.19148936170213,53.19148936170213,106.38297872340426,False,,,,,,,,,,,,,,,,,,,,,,,,,,,,,,,,9|50|75|107|110,10|35|116|127|128,True,True,0
1440_008,1440,regular_season,2,791.0,859.0,68.0,True,True,4,10861|12|16|58|62,10862|10888|75|88|90,3.0,3.0,3.0,2.0,-1.0,2089.0,False,False,103.80775426963378,99.75278347794529,4.054970791688506,21,0.0,2.5,0.0,100.0,150.0,False,,,,,,,,,,,,,,,,,,,,,,,,,,,,,,,,9|50|75|107|110,10|35|116|128|132,True,True,0
1440_009,1440,regular_season,2,859.0,922.0,63.0,True,True,4,10861|12|16|57|58,10862|10888|75|88|90,2.0,0.0,2.0,2.0,-1.0,2021.0,False,False,103.80775426963378,99.75278347794529,4.054970791688506,21,2.0,2.0,100.0,100.0,0.0,False,,,,,,,,,,,,,,,,,,,,,,,,,,,,,,,,9|50|75|106|107,10|35|116|128|132,True,True,0
1440_010,1440,regular_season,2,922.0,963.0,41.0,True,True,4,10861|12|16|57|58,10862|10888|80|88|90,0.0,0.0,2.0,2.0,1.0,1958.0,False,False,103.80775426963378,99.75278347794529,4.054970791688506,21,0.0,2.0,0.0,0.0,0.0,False,,,,,,,,,,,,,,,,,,,,,,,,,,,,,,,,9|50|75|106|107,10|35|121|128|132,True,True,0
1440_011,1440,regular_season,2,963.0,1026.0,63.0,True,True,4,12|16|57|58|68,10887|10888|80|88|90,2.0,2.0,2.0,2.88,1.0,1917.0,False,False,103.80775426963378,99.75278347794529,4.054970791688506,21,0.0,2.44,0.0,100.0,69.44444444444444,False,,,,,,,,,,,,,,,,,,,,,,,,,,,,,,,,50|75|106|107|112,34|35|121|128|132,True,True,0
1440_012,1440,regular_season,2,1026.0,1054.0,28.0,True,True,4,12|16|57|58|68,10885|10887|10888|80|90,0.0,4.0,2.0,1.88,1.0,1854.0,False,False,103.80775426963378,99.75278347794529,4.054970791688506,21,-4.0,1.94,-206.18556701030928,0.0,212.76595744680853,False,,,,,,,,,,,,,,,,,,,,,,,,,,,,,,,,50|75|106|107|112,32|34|35|121|132,True,True,0
1440_013,1440,regular_season,2,1054.0,1102.0,48.0,True,True,4,16|54|57|58|68,10885|10887|10888|80|90,5.0,2.0,2.44,1.0,-3.0,1826.0,False,False,103.80775426963378,99.75278347794529,4.054970791688506,21,3.0,1.72,174.41860465116278,204.91803278688525,200.0,False,,,,,,,,,,,,,,,,,,,,,,,,,,,,,,,,75|103|106|107|112,32|34|35|121|132,True,True,0
1440_014,1440,regular_season,2,1102.0,1208.0,106.0,True,True,4,10861|54|57|58|68,10885|10887|10888|80|90,0.0,6.0,4.0,5.32,0.0,1778.0,False,False,103.80775426963378,99.75278347794529,4.054970791688506,21,-6.0,4.66,-128.75536480686694,0.0,112.78195488721803,False,,,,,,,,,,,,,,,,,,,,,,,,,,,,,,,,9|103|106|107|112,32|34|35|121|132,True,True,0
1440_015,1440,regular_season,2,1208.0,1223.0,15.0,True,True,4,10861|54|57|62|68,10885|10887|10888|80|90,0.0,0.0,1.0,0.0,-6.0,1672.0,False,False,103.80775426963378,99.75278347794529,4.054970791688506,21,0.0,0.5,0.0,0.0,,False,,,,,,,,,,,,,,,,,,,,,,,,,,,,,,,,9|103|106|110|112,32|34|35|121|132,True,True,0
1440_016,1440,regular_season,2,1223.0,1247.0,24.0,True,True,4,10861|54|57|62|68,10885|10887|10888|76|90,3.0,0.0,1.44,1.0,-6.0,1657.0,False,False,103.80775426963378,99.75278347794529,4.054970791688506,21,3.0,1.22,245.9016393442623,208.33333333333334,0.0,False,,,,,,,,,,,,,,,,,,,,,,,,,,,,,,,,9|103|106|110|112,32|34|35|117|132,True,True,0
1440_017,1440,regular_season,2,1247.0,1308.0,61.0,True,True,4,10861|54|57|62|68,10862|10885|10887|76|90,4.0,0.0,2.0,3.0,-3.0,1633.0,False,False,103.80775426963378,99.75278347794529,4.054970791688506,21,4.0,2.5,160.0,200.0,0.0,False,,,,,,,,,,,,,,,,,,,,,,,,,,,,,,,,9|103|106|110|112,10|32|34|117|132,True,True,0
1440_018,1440,regular_season,2,1308.0,1369.0,61.0,True,True,4,10861|54|57|62|68,10862|10885|10887|75|76,3.0,2.0,2.0,1.88,1.0,1572.0,False,False,103.80775426963378,99.75278347794529,4.054970791688506,21,1.0,1.94,51.54639175257732,150.0,106.38297872340426,False,,,,,,,,,,,,,,,,,,,,,,,,,,,,,,,,9|103|106|110|112,10|32|34|116|117,True,True,0
1440_019,1440,regular_season,2,1369.0,1440.0,71.0,True,True,4,10861|3129|54|57|68,10862|10885|10887|75|76,2.0,0.0,2.0,1.0,2.0,1511.0,False,False,103.80775426963378,99.75278347794529,4.054970791688506,21,2.0,1.5,133.33333333333334,100.0,0.0,False,,,,,,,,,,,,,,,,,,,,,,,,,,,,,,,,9|87|103|106|112,10|32|34|116|117,True,True,0
1440_020,1440,regular_season,3,1440.0,1615.0,175.0,True,True,4,16|3129|54|57|68,10885|10887|10888|75|76,2.0,7.0,4.0,5.0,4.0,1440.0,False,False,103.80775426963378,99.75278347794529,4.054970791688506,21,-5.0,4.5,-111.11111111111111,50.0,140.0,False,,,,,,,,,,,,,,,,,,,,,,,,,,,,,,,,75|87|103|106|112,32|34|35|116|117,True,True,0
1440_021,1440,regular_season,3,1615.0,1762.0,147.0,True,True,4,16|54|57|62|68,10885|10887|10888|75|76,6.0,4.0,4.32,4.0,-1.0,1265.0,False,False,103.80775426963378,99.75278347794529,4.054970791688506,21,2.0,4.16,48.07692307692307,138.88888888888889,100.0,False,,,,,,,,,,,,,,,,,,,,,,,,,,,,,,,,75|103|106|110|112,32|34|35|116|117,True,True,0
1440_022,1440,regular_season,3,1762.0,1854.0,92.0,True,True,4,10861|16|54|57|62,10862|10885|10887|75|76,4.0,2.0,3.0,3.0,1.0,1118.0,False,False,103.80775426963378,99.75278347794529,4.054970791688506,21,2.0,3.0,66.66666666666667,133.33333333333334,66.66666666666667,False,,,,,,,,,,,,,,,,,,,,,,,,,,,,,,,,9|75|103|106|110,10|32|34|116|117,True,True,0
1440_023,1440,regular_season,3,1854.0,2006.0,152.0,True,True,4,10861|16|54|58|62,10862|10885|10887|75|76,2.0,8.0,4.0,3.88,3.0,1026.0,False,False,103.80775426963378,99.75278347794529,4.054970791688506,21,-6.0,3.94,-152.28426395939087,50.0,206.18556701030928,False,,,,,,,,,,,,,,,,,,,,,,,,,,,,,,,,9|75|103|107|110,10|32|34|116|117,True,True,0
1440_024,1440,regular_season,3,2006.0,2059.0,53.0,True,True,4,10861|12|57|58|68,10862|10885|10887|75|88,2.0,1.0,2.88,2.88,-3.0,874.0,False,False,103.80775426963378,99.75278347794529,4.054970791688506,21,1.0,2.88,34.72222222222222,69.44444444444444,34.72222222222222,False,,,,,,,,,,,,,,,,,,,,,,,,,,,,,,,,9|50|106|107|112,10|32|34|116|128,True,True,0
1440_025,1440,regular_season,3,2059.0,2101.0,42.0,True,True,4,10861|12|57|58|68,10862|10887|75|88|90,1.0,0.0,1.88,1.0,-2.0,821.0,False,False,103.80775426963378,99.75278347794529,4.054970791688506,21,1.0,1.44,69.44444444444444,53.19148936170213,0.0,False,,,,,,,,,,,,,,,,,,,,,,,,,,,,,,,,9|50|106|107|112,10|34|116|128|132,True,True,0
1440_026,1440,regular_season,3,2101.0,2160.0,59.0,True,True,4,10861|12|57|58|68,10862|10888|75|88|90,1.0,0.0,1.88,2.0,-1.0,779.0,False,False,103.80775426963378,99.75278347794529,4.054970791688506,21,1.0,1.94,51.54639175257732,53.19148936170213,0.0,False,,,,,,,,,,,,,,,,,,,,,,,,,,,,,,,,9|50|106|107|112,10|35|116|128|132,True,True,0
1440_027,1440,regular_season,4,2160.0,2352.0,192.0,True,True,4,10861|12|57|58|68,10862|10888|75|88|90,6.0,6.0,6.0,6.0,0.0,720.0,False,False,103.80775426963378,99.75278347794529,4.054970791688506,21,0.0,6.0,0.0,100.0,100.0,False,,,,,,,,,,,,,,,,,,,,,,,,,,,,,,,,9|50|106|107|112,10|35|116|128|132,True,True,0
1440_028,1440,regular_season,4,2352.0,2380.0,28.0,True,True,4,10861|12|57|58|68,10885|10887|10888|88|90,5.0,0.0,2.44,1.0,0.0,528.0,False,False,103.80775426963378,99.75278347794529,4.054970791688506,21,5.0,1.72,290.69767441860466,204.91803278688525,0.0,False,,,,,,,,,,,,,,,,,,,,,,,,,,,,,,,,9|50|106|107|112,32|34|35|128|132,True,True,0
1440_029,1440,regular_season,4,2380.0,2426.0,46.0,True,True,4,10861|12|57|58|68,10885|10887|10888|76|90,0.0,3.0,2.0,2.0,5.0,500.0,False,False,103.80775426963378,99.75278347794529,4.054970791688506,21,-3.0,2.0,-150.0,0.0,150.0,False,,,,,,,,,,,,,,,,,,,,,,,,,,,,,,,,9|50|106|107|112,32|34|35|117|132,True,True,0
1440_030,1440,regular_season,4,2426.0,2596.0,170.0,True,True,4,16|54|57|58|68,10885|10887|10888|76|90,6.0,5.0,5.0,4.88,2.0,454.0,False,False,103.80775426963378,99.75278347794529,4.054970791688506,21,1.0,4.9399999999999995,20.24291497975709,120.0,102.45901639344262,False,,,,,,,,,,,,,,,,,,,,,,,,,,,,,,,,75|103|106|107|112,32|34|35|117|132,True,True,0
1440_031,1440,regular_season,4,2596.0,2686.0,90.0,True,True,4,16|54|57|58|68,10885|10887|10888|75|76,2.0,0.0,2.0,3.0,3.0,284.0,False,False,103.80775426963378,99.75278347794529,4.054970791688506,21,2.0,2.5,80.0,100.0,0.0,False,,,,,,,,,,,,,,,,,,,,,,,,,,,,,,,,75|103|106|107|112,32|34|35|116|117,True,True,0
1440_032,1440,regular_season,4,2686.0,2880.0,194.0,True,True,4,16|54|57|58|68,10862|10885|10887|75|76,6.0,7.0,6.88,7.32,5.0,194.0,False,False,103.80775426963378,99.75278347794529,4.054970791688506,21,-1.0,7.1,-14.084507042253522,87.20930232558139,95.62841530054645,False,,,,,,,,,,,,,,,,,,,,,,,,,,,,,,,,75|103|106|107|112,10|32|34|116|117,True,True,0
1442_001,1442,regular_season,1,0.0,406.0,406.0,True,True,8,10860|54|57|58|68,1|10|10869|13907|14,8.0,11.0,14.0,12.88,0.0,2880.0,False,False,105.22850654167651,109.91950846522727,-4.69100192355077,20,-3.0,13.440000000000001,-22.32142857142857,57.142857142857146,85.40372670807453,True,3.0,2.0,1.0,1.0,0.0,1.0,1.0,0.0,0.0,0.0,2.0,0.0,0.0,0.0,0.0,0.0,1.0,0.0,0.0,0.0,0.0,0.0,1.0,0.0,0.0,0.0,1.0,1.0,2.0,2.0,0.14285714285714285,8|103|106|107|112,0|1|16|64|65,True,True,1
1442_002,1442,regular_season,1,406.0,556.0,150.0,True,True,8,16|54|57|62|68,1|10|10869|13907|14,5.0,7.0,3.0,3.76,-3.0,2474.0,False,False,105.22850654167651,109.91950846522727,-4.69100192355077,20,-2.0,3.38,-59.171597633136095,166.66666666666666,186.17021276595744,False,,,,,,,,,,,,,,,,,,,,,,,,,,,,,,,,75|103|106|110|112,0|1|16|64|65,True,True,1
1442_003,1442,regular_season,1,556.0,584.0,28.0,True,True,8,10860|12|16|54|62,1|10|10865|10869|13907,0.0,0.0,1.0,0.0,-5.0,2324.0,False,False,105.22850654167651,109.91950846522727,-4.69100192355077,20,0.0,0.5,0.0,0.0,,True,0.0,0.0,0.0,0.0,0.0,0.0,0.0,0.0,0.0,0.0,0.0,0.0,0.0,0.0,0.0,0.0,0.0,0.0,0.0,0.0,0.0,0.0,0.0,0.0,0.0,0.0,0.0,0.0,0.0,0.0,0.0,8|50|75|103|110,0|1|13|16|64,True,True,1
1442_004,1442,regular_season,1,584.0,612.0,28.0,True,True,8,10860|12|16|55|62,1|10|10865|10869|13907,0.0,1.0,1.0,1.88,-5.0,2296.0,False,False,105.22850654167651,109.91950846522727,-4.69100192355077,20,-1.0,1.44,-69.44444444444444,0.0,53.19148936170213,True,0.0,0.0,0.0,0.0,0.0,0.0,0.0,0.0,0.0,0.0,0.0,0.0,0.0,0.0,0.0,0.0,0.0,0.0,0.0,0.0,0.0,0.0,0.0,0.0,0.0,0.0,0.0,0.0,0.0,0.0,0.0,8|50|75|104|110,0|1|13|16|64,True,True,1
1442_005,1442,regular_season,1,612.0,648.0,36.0,True,True,8,10860|12|16|55|62,1|10|10865|13400|13907,3.0,2.0,1.0,1.0,-6.0,2268.0,False,False,105.22850654167651,109.91950846522727,-4.69100192355077,20,1.0,1.0,100.0,300.0,200.0,True,0.0,0.0,0.0,0.0,0.0,0.0,0.0,0.0,0.0,0.0,0.0,0.0,0.0,0.0,0.0,0.0,0.0,0.0,0.0,0.0,0.0,0.0,0.0,0.0,0.0,0.0,0.0,0.0,0.0,0.0,0.0,8|50|75|104|110,0|1|13|60|64,True,True,1
1442_006,1442,regular_season,1,648.0,655.0,7.0,True,True,8,10860|12|16|55|62,10|10863|10865|13400|13907,0.0,0.0,0.0,0.0,-5.0,2232.0,False,False,105.22850654167651,109.91950846522727,-4.69100192355077,20,0.0,0.0,,,,True,0.0,0.0,0.0,0.0,0.0,0.0,0.0,0.0,0.0,0.0,0.0,0.0,0.0,0.0,0.0,0.0,0.0,0.0,0.0,0.0,0.0,0.0,0.0,0.0,0.0,0.0,0.0,0.0,0.0,0.0,,8|50|75|104|110,1|11|13|60|64,True,True,1
1442_007,1442,regular_season,1,655.0,720.0,65.0,True,True,8,10860|12|16|55|62,10863|10865|13400|13907|5,5.0,0.0,2.0,2.0,-5.0,2225.0,False,False,105.22850654167651,109.91950846522727,-4.69100192355077,20,5.0,2.0,250.0,250.0,0.0,True,2.0,1.0,1.0,1.0,1.0,0.0,0.0,0.0,0.0,0.0,0.0,0.0,0.0,0.0,0.0,0.0,1.0,0.0,1.0,1.0,0.0,0.0,0.0,0.0,0.0,0.0,0.0,0.0,1.0,1.0,0.5,8|50|75|104|110,11|13|60|64|101,True,True,1
1442_008,1442,regular_season,2,720.0,774.0,54.0,True,True,8,10860|12|16|55|62,10863|10865|10869|13400|5,2.0,0.0,2.0,2.0,0.0,2160.0,False,False,105.22850654167651,109.91950846522727,-4.69100192355077,20,2.0,2.0,100.0,100.0,0.0,True,0.0,0.0,0.0,0.0,0.0,0.0,0.0,0.0,0.0,0.0,0.0,0.0,0.0,1.0,0.0,0.0,0.0,0.0,0.0,0.0,0.0,0.0,0.0,0.0,0.0,0.0,0.0,0.0,0.0,0.0,0.0,8|50|75|104|110,11|13|16|60|101,True,True,1
1442_009,1442,regular_season,2,774.0,863.0,89.0,True,True,8,10860|12|16|55|62,1|10865|10869|13907|5,5.0,3.0,1.88,2.88,2.0,2106.0,False,False,105.22850654167651,109.91950846522727,-4.69100192355077,20,2.0,2.38,84.03361344537815,265.95744680851067,104.16666666666667,True,2.0,1.0,1.0,1.0,1.0,0.0,0.0,0.0,0.0,1.0,1.0,0.0,0.0,0.0,0.0,0.0,0.0,1.0,0.0,0.0,1.0,1.0,0.0,0.0,0.0,0.0,0.0,0.0,1.0,1.0,0.5319148936170213,8|50|75|104|110,0|13|16|64|101,True,True,1
1442_010,1442,regular_season,2,863.0,931.0,68.0,True,True,8,10860|12|16|55|62,1|10|10869|13907|14,4.0,1.0,2.88,1.88,4.0,2017.0,False,False,105.22850654167651,109.91950846522727,-4.69100192355077,20,3.0,2.38,126.05042016806723,138.88888888888889,53.19148936170213,True,2.0,1.0,1.0,1.0,1.0,0.0,0.0,0.0,0.0,0.0,1.0,0.0,0.0,0.0,0.0,1.0,1.0,0.0,0.0,0.0,1.0,1.0,0.0,0.0,0.0,0.0,0.0,0.0,1.0,1.0,0.3472222222222222,8|50|75|104|110,0|1|16|64|65,True,True,1
1442_011,1442,regular_season,2,931.0,983.0,52.0,True,True,8,10860|16|54|55|62,1|10|10869|13907|14,2.0,5.0,1.0,2.44,7.0,1949.0,False,False,105.22850654167651,109.91950846522727,-4.69100192355077,20,-3.0,1.72,-174.41860465116278,200.0,204.91803278688525,True,2.0,1.0,1.0,1.0,1.0,0.0,0.0,0.0,0.0,0.0,0.0,0.0,0.0,0.0,0.0,0.0,0.0,1.0,0.0,0.0,1.0,1.0,0.0,0.0,0.0,0.0,0.0,0.0,1.0,1.0,1.0,8|75|103|104|110,0|1|16|64|65,True,True,1
1442_012,1442,regular_season,2,983.0,1119.0,136.0,True,True,8,10860|16|54|58|62,1|10|10869|13907|14,2.0,0.0,4.0,4.0,4.0,1897.0,False,False,105.22850654167651,109.91950846522727,-4.69100192355077,20,2.0,4.0,50.0,50.0,0.0,True,2.0,4.0,1.0,2.0,1.0,2.0,0.0,0.0,0.0,0.0,1.0,0.0,0.0,0.0,0.0,0.0,1.0,0.0,1.0,0.0,1.0,1.0,0.0,0.0,0.0,0.0,2.0,0.0,4.0,4.0,1.0,8|75|103|107|110,0|1|16|64|65,True,True,1
1442_013,1442,regular_season,2,1119.0,1129.0,10.0,True,True,8,10860|54|57|58|68,1|10|10869|13907|3,3.0,0.0,1.44,0.0,6.0,1761.0,False,False,105.22850654167651,109.91950846522727,-4.69100192355077,20,3.0,0.72,416.6666666666667,208.33333333333334,,True,0.0,0.0,0.0,0.0,0.0,0.0,0.0,0.0,0.0,0.0,0.0,0.0,0.0,0.0,0.0,0.0,0.0,0.0,0.0,0.0,0.0,0.0,0.0,0.0,0.0,0.0,0.0,0.0,0.0,0.0,0.0,8|103|106|107|112,0|1|16|64|86,True,True,1
1442_014,1442,regular_season,2,1129.0,1313.0,184.0,True,True,8,10860|54|57|58|68,1|10869|13907|3|5,8.0,6.0,6.88,7.0,9.0,1751.0,False,False,105.22850654167651,109.91950846522727,-4.69100192355077,20,2.0,6.9399999999999995,28.818443804034583,116.27906976744187,85.71428571428571,True,6.0,3.0,3.0,3.0,3.0,0.0,0.0,0.0,0.0,0.0,0.0,0.0,1.0,0.0,0.0,0.0,3.0,0.0,1.0,1.0,2.0,2.0,0.0,0.0,0.0,0.0,0.0,0.0,3.0,3.0,0.436046511627907,8|103|106|107|112,0|16|64|86|101,True,True,1
1442_015,1442,regular_season,2,1313.0,1335.0,22.0,True,True,8,16|54|57|58|68,1|13400|13907|3|5,0.0,0.0,0.0,1.0,11.0,1567.0,False,False,105.22850654167651,109.91950846522727,-4.69100192355077,20,0.0,0.5,0.0,,0.0,False,,,,,,,,,,,,,,,,,,,,,,,,,,,,,,,,75|103|106|107|112,0|60|64|86|101,True,True,1
1442_016,1442,regular_season,2,1335.0,1428.0,93.0,True,True,8,16|54|57|58|68,1|10869|13400|3|5,5.0,2.0,3.76,3.0,11.0,1545.0,False,False,105.22850654167651,109.91950846522727,-4.69100192355077,20,3.0,3.38,88.75739644970415,132.97872340425533,66.66666666666667,False,,,,,,,,,,,,,,,,,,,,,,,,,,,,,,,,75|103|106|107|112,0|16|60|86|101,True,True,1
1442_017,1442,regular_season,2,1428.0,1440.0,12.0,True,True,8,10860|12|57|58|68,1|10869|13907|3|5,0.0,3.0,0.0,1.0,14.0,1452.0,False,False,105.22850654167651,109.91950846522727,-4.69100192355077,20,-3.0,0.5,-600.0,,300.0,True,0.0,0.0,0.0,0.0,0.0,0.0,0.0,0.0,0.0,0.0,0.0,0.0,0.0,0.0,0.0,0.0,0.0,0.0,0.0,0.0,0.0,0.0,0.0,0.0,0.0,0.0,0.0,0.0,0.0,0.0,,8|50|106|107|112,0|16|64|86|101,True,True,1
1442_018,1442,regular_season,3,1440.0,1788.0,348.0,True,True,8,10860|54|57|58|68,1|10|10869|13907|14,13.0,9.0,11.0,11.88,11.0,1440.0,False,False,105.22850654167651,109.91950846522727,-4.69100192355077,20,4.0,11.440000000000001,34.96503496503496,118.18181818181819,75.75757575757575,True,2.0,4.0,1.0,4.0,1.0,0.0,0.0,0.0,0.0,2.0,1.0,0.0,0.0,1.0,0.0,0.0,0.0,1.0,0.0,0.0,3.0,1.0,1.0,0.0,0.0,0.0,0.0,0.0,4.0,4.0,0.36363636363636365,8|103|106|107|112,0|1|16|64|65,True,True,1
1442_019,1442,regular_season,3,1788.0,1794.0,6.0,True,True,8,10860|16|54|57|58,1|10869|13907|14|3,0.0,0.0,0.0,-1.0,15.0,1092.0,False,False,105.22850654167651,109.91950846522727,-4.69100192355077,20,0.0,-0.5,,,,True,0.0,0.0,0.0,0.0,0.0,0.0,0.0,0.0,0.0,0.0,0.0,0.0,0.0,0.0,0.0,0.0,0.0,0.0,0.0,0.0,0.0,0.0,0.0,0.0,0.0,0.0,0.0,0.0,0.0,0.0,,8|75|103|106|107,0|16|64|65|86,True,True,1
1442_020,1442,regular_season,3,1794.0,1847.0,53.0,True,True,8,10860|16|54|57|62,1|10869|13907|14|3,2.0,0.0,1.0,0.0,15.0,1086.0,False,False,105.22850654167651,109.91950846522727,-4.69100192355077,20,2.0,0.5,400.0,200.0,,True,2.0,1.0,1.0,1.0,1.0,0.0,0.0,0.0,0.0,1.0,0.0,0.0,0.0,0.0,0.0,0.0,0.0,1.0,0.0,0.0,1.0,1.0,0.0,0.0,0.0,0.0,0.0,0.0,1.0,1.0,1.0,8|75|103|106|110,0|16|64|65|86,True,True,1
1442_021,1442,regular_season,3,1847.0,1876.0,29.0,True,True,8,10860|12|16|54|62,1|10869|13400|14|3,0.0,0.0,1.0,2.0,17.0,1033.0,False,False,105.22850654167651,109.91950846522727,-4.69100192355077,20,0.0,1.5,0.0,0.0,0.0,True,0.0,0.0,0.0,0.0,0.0,0.0,0.0,0.0,0.0,0.0,0.0,0.0,0.0,0.0,0.0,0.0,0.0,0.0,0.0,0.0,0.0,0.0,0.0,0.0,0.0,0.0,0.0,0.0,0.0,0.0,0.0,8|50|75|103|110,0|16|60|65|86,True,True,1
1442_022,1442,regular_season,3,1876.0,2010.0,134.0,True,True,8,10860|12|16|54|62,1|10869|13400|3|5,8.0,6.0,4.76,3.88,17.0,1004.0,False,False,105.22850654167651,109.91950846522727,-4.69100192355077,20,2.0,4.32,46.29629629629629,168.0672268907563,154.63917525773195,True,3.0,2.0,1.0,2.0,1.0,0.0,0.0,2.0,1.0,1.0,1.0,0.0,0.0,0.0,0.0,0.0,0.0,1.0,0.0,0.0,1.0,0.0,1.0,1.0,0.0,0.0,0.0,0.0,2.88,2.88,0.6050420168067226,8|50|75|103|110,0|16|60|86|101,True,True,1
1442_023,1442,regular_season,3,2010.0,2012.0,2.0,True,True,8,10860|12|16|55|62,1|10869|13400|3|5,0.0,0.0,0.0,0.0,19.0,870.0,False,False,105.22850654167651,109.91950846522727,-4.69100192355077,20,0.0,0.0,,,,True,0.0,0.0,0.0,0.0,0.0,0.0,0.0,0.0,0.0,0.0,0.0,0.0,0.0,0.0,0.0,0.0,0.0,0.0,0.0,0.0,0.0,0.0,0.0,0.0,0.0,0.0,0.0,0.0,0.0,0.0,,8|50|75|104|110,0|16|60|86|101,True,True,1
1442_024,1442,regular_season,3,2012.0,2130.0,118.0,True,True,8,10860|12|16|55|62,10865|13400|13907|3|5,4.0,7.0,3.0,4.44,19.0,868.0,False,False,105.22850654167651,109.91950846522727,-4.69100192355077,20,-3.0,3.72,-80.64516129032258,133.33333333333334,157.65765765765764,True,0.0,0.0,0.0,0.0,0.0,0.0,0.0,0.0,0.0,0.0,0.0,1.0,0.0,0.0,0.0,0.0,0.0,0.0,0.0,0.0,0.0,0.0,0.0,0.0,0.0,0.0,0.0,0.0,0.0,0.0,0.0,8|50|75|104|110,13|60|64|86|101,True,True,1
1442_025,1442,regular_season,3,2130.0,2160.0,30.0,True,True,8,10860|12|55|62|68,10|10865|13400|13907|5,2.0,0.0,2.0,1.0,16.0,750.0,False,False,105.22850654167651,109.91950846522727,-4.69100192355077,20,2.0,1.5,133.33333333333334,100.0,0.0,True,0.0,0.0,0.0,0.0,0.0,0.0,0.0,0.0,0.0,0.0,0.0,0.0,0.0,0.0,0.0,0.0,0.0,0.0,0.0,0.0,0.0,0.0,0.0,0.0,0.0,0.0,0.0,0.0,0.0,0.0,0.0,8|50|104|110|112,1|13|60|64|101,True,True,1
1442_026,1442,regular_season,4,2160.0,2276.0,116.0,True,True,8,10860|12|55|62|68,10|10865|13400|13907|5,0.0,4.0,4.0,4.0,18.0,720.0,False,False,105.22850654167651,109.91950846522727,-4.69100192355077,20,-4.0,4.0,-100.0,0.0,100.0,True,0.0,0.0,0.0,0.0,0.0,0.0,0.0,0.0,0.0,0.0,1.0,0.0,0.0,0.0,0.0,0.0,0.0,0.0,0.0,0.0,0.0,0.0,0.0,0.0,0.0,0.0,0.0,0.0,0.0,0.0,0.0,8|50|104|110|112,1|13|60|64|101,True,True,1
1442_027,1442,regular_season,4,2276.0,2313.0,37.0,True,True,8,12|16|55|62|68,10|10865|13400|13907|5,0.0,1.0,1.0,2.88,14.0,604.0,False,False,105.22850654167651,109.91950846522727,-4.69100192355077,20,-1.0,1.94,-51.54639175257732,0.0,34.72222222222222,False,,,,,,,,,,,,,,,,,,,,,,,,,,,,,,,,50|75|104|110|112,1|13|60|64|101,True,True,1
1442_028,1442,regular_season,4,2313.0,2433.0,120.0,True,True,8,12|16|54|58|68,10|10865|13400|13907|5,3.0,4.0,3.88,3.0,13.0,567.0,False,False,105.22850654167651,109.91950846522727,-4.69100192355077,20,-1.0,3.44,-29.069767441860467,77.31958762886597,133.33333333333334,False,,,,,,,,,,,,,,,,,,,,,,,,,,,,,,,,50|75|103|107|112,1|13|60|64|101,True,True,1
1442_029,1442,regular_season,4,2433.0,2491.0,58.0,True,True,8,12|16|54|58|68,10|10865|10869|13907|5,0.0,3.0,2.0,2.88,12.0,447.0,False,False,105.22850654167651,109.91950846522727,-4.69100192355077,20,-3.0,2.44,-122.95081967213115,0.0,104.16666666666667,False,,,,,,,,,,,,,,,,,,,,,,,,,,,,,,,,50|75|103|107|112,1|13|16|64|101,True,True,1
1442_030,1442,regular_season,4,2491.0,2558.0,67.0,True,True,8,10860|54|57|58|68,1|10|10865|10869|13907,2.0,2.0,2.0,2.0,9.0,389.0,False,False,105.22850654167651,109.91950846522727,-4.69100192355077,20,0.0,2.0,0.0,100.0,100.0,True,0.0,0.0,0.0,0.0,0.0,0.0,0.0,0.0,0.0,0.0,1.0,0.0,0.0,0.0,0.0,0.0,0.0,0.0,0.0,0.0,0.0,0.0,0.0,0.0,0.0,0.0,0.0,0.0,0.0,0.0,0.0,8|103|106|107|112,0|1|13|16|64,True,True,1
1442_031,1442,regular_season,4,2558.0,2698.0,140.0,True,True,8,10860|54|57|58|68,1|10|10869|13400|14,3.0,2.0,5.0,4.0,9.0,322.0,False,False,105.22850654167651,109.91950846522727,-4.69100192355077,20,1.0,4.5,22.22222222222222,60.0,50.0,True,0.0,1.0,0.0,0.0,0.0,1.0,0.0,0.0,0.0,0.0,0.0,0.0,1.0,0.0,1.0,0.0,0.0,0.0,0.0,0.0,0.0,0.0,0.0,0.0,0.0,0.0,1.0,0.0,1.0,2.0,0.4,8|103|106|107|112,0|1|16|60|65,True,True,1
1442_032,1442,regular_season,4,2698.0,2739.0,41.0,True,True,8,10860|54|57|58|68,1|10869|13400|14|5,2.0,2.0,1.0,1.0,10.0,182.0,False,False,105.22850654167651,109.91950846522727,-4.69100192355077,20,0.0,1.0,0.0,200.0,200.0,True,0.0,0.0,0.0,0.0,0.0,0.0,0.0,0.0,0.0,0.0,0.0,0.0,0.0,0.0,0.0,0.0,0.0,0.0,0.0,0.0,0.0,0.0,0.0,0.0,0.0,0.0,0.0,0.0,0.0,0.0,0.0,8|103|106|107|112,0|16|60|65|101,True,True,1
1442_033,1442,regular_season,4,2739.0,2755.0,16.0,True,True,8,10860|54|57|58|68,1|13400|13907|14|5,0.0,0.0,0.0,1.0,10.0,141.0,False,False,105.22850654167651,109.91950846522727,-4.69100192355077,20,0.0,0.5,0.0,,0.0,True,0.0,0.0,0.0,0.0,0.0,0.0,0.0,0.0,0.0,0.0,0.0,0.0,0.0,0.0,0.0,0.0,0.0,0.0,0.0,0.0,0.0,0.0,0.0,0.0,0.0,0.0,0.0,0.0,0.0,0.0,,8|103|106|107|112,0|60|64|65|101,True,True,1
1442_034,1442,regular_season,4,2755.0,2796.0,41.0,True,True,8,10860|54|57|58|68,1|10|13400|13907|14,0.0,4.0,2.0,1.88,10.0,125.0,False,False,105.22850654167651,109.91950846522727,-4.69100192355077,20,-4.0,1.94,-206.18556701030928,0.0,212.76595744680853,True,0.0,0.0,0.0,0.0,0.0,0.0,0.0,0.0,0.0,0.0,0.0,0.0,0.0,0.0,0.0,0.0,0.0,0.0,0.0,0.0,0.0,0.0,0.0,0.0,0.0,0.0,0.0,0.0,0.0,0.0,0.0,8|103|106|107|112,0|1|60|64|65,True,True,1
1442_035,1442,regular_season,4,2796.0,2832.0,36.0,True,True,8,10860|54|57|58|68,1|10|10869|13907|14,2.0,0.0,2.0,1.0,6.0,84.0,False,False,105.22850654167651,109.91950846522727,-4.69100192355077,20,2.0,1.5,133.33333333333334,100.0,0.0,True,0.0,0.0,0.0,0.0,0.0,0.0,0.0,0.0,0.0,0.0,0.0,0.0,0.0,0.0,0.0,0.0,0.0,0.0,0.0,0.0,0.0,0.0,0.0,0.0,0.0,0.0,0.0,0.0,0.0,0.0,0.0,8|103|106|107|112,0|1|16|64|65,True,True,1
1442_036,1442,regular_season,4,2832.0,2835.0,3.0,True,True,8,10860|54|57|58|68,1|10|13400|13907|5,0.0,2.0,0.0,0.88,8.0,48.0,False,False,105.22850654167651,109.91950846522727,-4.69100192355077,20,-2.0,0.44,-454.54545454545456,,227.27272727272728,True,0.0,0.0,0.0,0.0,0.0,0.0,0.0,0.0,0.0,0.0,0.0,0.0,0.0,0.0,0.0,1.0,0.0,0.0,0.0,0.0,0.0,0.0,0.0,0.0,0.0,0.0,0.0,0.0,0.0,0.0,,8|103|106|107|112,0|1|60|64|101,True,True,1
1442_037,1442,regular_season,4,2835.0,2848.0,13.0,True,True,8,10860|54|57|58|68,1|10|13400|13907|14,2.0,0.0,0.88,0.0,6.0,45.0,False,False,105.22850654167651,109.91950846522727,-4.69100192355077,20,2.0,0.44,454.54545454545456,227.27272727272728,,True,0.0,0.0,0.0,0.0,0.0,0.0,0.0,0.0,0.0,0.0,0.0,0.0,0.0,0.0,0.0,0.0,0.0,0.0,0.0,0.0,0.0,0.0,0.0,0.0,0.0,0.0,0.0,0.0,0.0,0.0,0.0,8|103|106|107|112,0|1|60|64|65,True,True,1
1442_038,1442,regular_season,4,2848.0,2880.0,32.0,True,True,8,10860|54|57|58|68,1|10|13400|13907|5,3.0,0.0,1.76,2.0,8.0,32.0,False,False,105.22850654167651,109.91950846522727,-4.69100192355077,20,3.0,1.88,159.5744680851064,170.45454545454547,0.0,True,0.0,0.0,0.0,0.0,0.0,0.0,0.0,0.0,0.0,0.0,0.0,0.0,0.0,0.0,0.0,0.0,0.0,0.0,0.0,0.0,0.0,0.0,0.0,0.0,0.0,0.0,0.0,0.0,0.0,0.0,0.0,8|103|106|107|112,0|1|60|64|101,True,True,1
1443_001,1443,regular_season,1,0.0,228.0,228.0,True,False,2,10861|54|57|62|68,110|119|121|45|51,7.0,2.0,7.88,7.0,0.0,2880.0,False,False,100.51604455026796,108.21899764486969,-7.702953094601736,23,5.0,7.4399999999999995,67.20430107526882,88.83248730964468,28.571428571428573,False,,,,,,,,,,,,,,,,,,,,,,,,,,,,,,,,9|103|106|110|112,44|49|51|98|102,True,True,2
1443_002,1443,regular_season,1,228.0,287.0,59.0,True,False,2,10861|54|57|62|68,109|110|111|121|51,0.0,0.0,3.0,4.0,5.0,2652.0,False,False,100.51604455026796,108.21899764486969,-7.702953094601736,23,0.0,3.5,0.0,0.0,0.0,False,,,,,,,,,,,,,,,,,,,,,,,,,,,,,,,,9|103|106|110|112,42|44|45|51|102,True,True,2
1443_003,1443,regular_season,1,287.0,359.0,72.0,True,False,2,10861|54|57|62|68,109|111|121|13399|14037,2.0,0.0,3.0,2.0,5.0,2593.0,False,False,100.51604455026796,108.21899764486969,-7.702953094601736,23,2.0,2.5,80.0,66.66666666666667,0.0,False,,,,,,,,,,,,,,,,,,,,,,,,,,,,,,,,9|103|106|110|112,42|45|51|59|66,True,True,2
1443_004,1443,regular_season,1,359.0,557.0,198.0,True,False,2,10860|54|57|58|68,109|111|121|13399|14037,5.0,6.0,5.0,5.88,7.0,2521.0,False,False,100.51604455026796,108.21899764486969,-7.702953094601736,23,-1.0,5.4399999999999995,-18.38235294117647,100.0,102.04081632653062,True,2.0,4.0,1.0,4.0,1.0,0.0,0.0,0.0,0.0,1.0,0.0,0.0,0.0,0.0,0.0,1.0,0.0,1.0,0.0,0.0,2.0,1.0,2.0,0.0,0.0,0.0,0.0,0.0,4.0,4.0,0.8,8|103|106|107|112,42|45|51|59|66,True,True,2
1443_005,1443,regular_season,1,557.0,569.0,12.0,True,False,2,10860|10861|12|55|58,109|111|119|13399|14037,0.0,0.0,1.0,0.0,6.0,2323.0,False,False,100.51604455026796,108.21899764486969,-7.702953094601736,23,0.0,0.5,0.0,0.0,,True,0.0,0.0,0.0,0.0,0.0,0.0,0.0,0.0,0.0,0.0,0.0,0.0,0.0,0.0,1.0,1.0,0.0,0.0,0.0,0.0,0.0,0.0,0.0,0.0,0.0,0.0,0.0,0.0,0.0,1.0,1.0,8|9|50|104|107,42|45|49|59|66,True,True,2
1443_006,1443,regular_season,1,569.0,720.0,151.0,True,False,2,10860|10861|12|55|58,109|111|119|14037|51,9.0,6.0,6.0,6.0,6.0,2311.0,False,False,100.51604455026796,108.21899764486969,-7.702953094601736,23,3.0,6.0,50.0,150.0,100.0,True,4.0,3.0,2.0,2.0,2.0,1.0,0.0,0.0,0.0,1.0,0.0,0.0,1.0,0.0,0.0,0.0,0.0,2.0,0.0,0.0,1.0,1.0,1.0,1.0,0.0,0.0,1.0,0.0,3.0,3.0,0.5,8|9|50|104|107,42|45|49|66|102,True,True,2
1443_007,1443,regular_season,2,720.0,767.0,47.0,True,False,2,10860|10861|12|55|58,119|121|13399|45|51,4.0,0.0,1.88,2.0,9.0,2160.0,False,False,100.51604455026796,108.21899764486969,-7.702953094601736,23,4.0,1.94,206.18556701030928,212.76595744680853,0.0,True,0.0,0.0,0.0,0.0,0.0,0.0,0.0,0.0,0.0,0.0,0.0,0.0,0.0,0.0,0.0,0.0,0.0,0.0,0.0,0.0,0.0,0.0,0.0,0.0,0.0,0.0,0.0,0.0,0.0,0.0,0.0,8|9|50|104|107,49|51|59|98|102,True,True,2
1443_008,1443,regular_season,2,767.0,860.0,93.0,True,False,2,10860|10861|12|55|58,108|119|121|13399|51,3.0,2.0,3.0,3.0,13.0,2113.0,False,False,100.51604455026796,108.21899764486969,-7.702953094601736,23,1.0,3.0,33.333333333333336,100.0,66.66666666666667,True,0.0,0.0,0.0,0.0,0.0,0.0,0.0,0.0,0.0,0.0,1.0,0.0,0.0,0.0,1.0,0.0,0.0,0.0,0.0,0.0,0.0,0.0,0.0,0.0,0.0,0.0,0.0,0.0,0.0,1.0,0.3333333333333333,8|9|50|104|107,7|49|51|59|102,True,True,2
1443_009,1443,regular_season,2,860.0,873.0,13.0,True,False,2,10860|10861|10884|12|58,108|110|121|13399|51,0.0,0.0,1.0,1.0,14.0,2020.0,False,False,100.51604455026796,108.21899764486969,-7.702953094601736,23,0.0,1.0,0.0,0.0,0.0,True,0.0,0.0,0.0,0.0,0.0,0.0,0.0,0.0,0.0,0.0,0.0,0.0,0.0,0.0,1.0,1.0,0.0,0.0,0.0,0.0,0.0,0.0,0.0,0.0,0.0,0.0,0.0,0.0,0.0,1.0,1.0,8|9|31|50|107,7|44|51|59|102,True,True,2
1443_010,1443,regular_season,2,873.0,954.0,81.0,True,False,2,10861|10884|12|58|68,108|110|121|13399|51,2.0,4.0,3.0,4.0,14.0,2007.0,False,False,100.51604455026796,108.21899764486969,-7.702953094601736,23,-2.0,3.5,-57.142857142857146,66.66666666666667,100.0,False,,,,,,,,,,,,,,,,,,,,,,,,,,,,,,,,9|31|50|107|112,7|44|51|59|102,True,True,2
1443_011,1443,regular_season,2,954.0,1011.0,57.0,True,False,2,10861|10884|12|62|68,108|110|121|13399|51,2.0,4.0,2.0,1.88,12.0,1926.0,False,False,100.51604455026796,108.21899764486969,-7.702953094601736,23,-2.0,1.94,-103.09278350515464,100.0,212.76595744680853,False,,,,,,,,,,,,,,,,,,,,,,,,,,,,,,,,9|31|50|110|112,7|44|51|59|102,True,True,2
1443_012,1443,regular_season,2,1011.0,1158.0,147.0,True,False,2,10861|10884|54|62|68,109|110|111|121|14037,5.0,6.0,4.0,4.0,10.0,1869.0,False,False,100.51604455026796,108.21899764486969,-7.702953094601736,23,-1.0,4.0,-25.0,125.0,150.0,False,,,,,,,,,,,,,,,,,,,,,,,,,,,,,,,,9|31|103|110|112,42|44|45|51|66,True,True,2
1443_013,1443,regular_season,2,1158.0,1394.0,236.0,True,False,2,10861|54|57|62|68,109|110|119|121|14037,11.0,8.0,8.0,8.88,9.0,1722.0,False,False,100.51604455026796,108.21899764486969,-7.702953094601736,23,3.0,8.440000000000001,35.545023696682456,137.5,90.09009009009009,False,,,,,,,,,,,,,,,,,,,,,,,,,,,,,,,,9|103|106|110|112,42|44|49|51|66,True,True,2
1443_014,1443,regular_season,2,1394.0,1440.0,46.0,True,False,2,10861|54|57|62|68,110|119|121|13399|51,4.0,0.0,1.88,1.0,12.0,1486.0,False,False,100.51604455026796,108.21899764486969,-7.702953094601736,23,4.0,1.44,277.77777777777777,212.76595744680853,0.0,False,,,,,,,,,,,,,,,,,,,,,,,,,,,,,,,,9|103|106|110|112,44|49|51|59|102,True,True,2
1443_015,1443,regular_season,3,1440.0,1616.0,176.0,True,False,2,10861|54|57|62|68,108|111|121|13399|51,6.0,3.0,6.0,5.0,16.0,1440.0,False,False,100.51604455026796,108.21899764486969,-7.702953094601736,23,3.0,5.5,54.54545454545455,100.0,60.0,False,,,,,,,,,,,,,,,,,,,,,,,,,,,,,,,,9|103|106|110|112,7|45|51|59|102,True,True,2
1443_016,1443,regular_season,3,1616.0,1710.0,94.0,True,False,2,10861|54|57|62|68,108|119|121|13399|51,7.0,4.0,3.44,3.88,19.0,1264.0,False,False,100.51604455026796,108.21899764486969,-7.702953094601736,23,3.0,3.66,81.96721311475409,203.48837209302326,103.09278350515464,False,,,,,,,,,,,,,,,,,,,,,,,,,,,,,,,,9|103|106|110|112,7|49|51|59|102,True,True,2
1443_017,1443,regular_season,3,1710.0,1768.0,58.0,True,False,2,10860|54|57|62|68,108|110|119|121|14037,2.0,0.0,2.0,2.0,22.0,1170.0,False,False,100.51604455026796,108.21899764486969,-7.702953094601736,23,2.0,2.0,100.0,100.0,0.0,True,0.0,0.0,0.0,0.0,0.0,0.0,0.0,0.0,0.0,0.0,0.0,0.0,0.0,0.0,0.0,0.0,0.0,0.0,0.0,0.0,0.0,0.0,0.0,0.0,0.0,0.0,0.0,0.0,0.0,0.0,0.0,8|103|106|110|112,7|44|49|51|66,True,True,2
1443_018,1443,regular_season,3,1768.0,1786.0,18.0,True,False,2,10860|54|57|58|68,108|110|119|121|14037,2.0,0.0,0.0,0.0,24.0,1112.0,False,False,100.51604455026796,108.21899764486969,-7.702953094601736,23,2.0,0.0,,,,True,0.0,0.0,0.0,0.0,0.0,0.0,0.0,0.0,0.0,0.0,0.0,0.0,0.0,0.0,0.0,0.0,0.0,0.0,0.0,0.0,0.0,0.0,0.0,0.0,0.0,0.0,0.0,0.0,0.0,0.0,,8|103|106|107|112,7|44|49|51|66,True,True,2
1443_019,1443,regular_season,3,1786.0,1873.0,87.0,True,False,2,10860|54|57|58|68,108|110|111|121|14037,2.0,3.0,1.88,2.0,26.0,1094.0,False,False,100.51604455026796,108.21899764486969,-7.702953094601736,23,-1.0,1.94,-51.54639175257732,106.38297872340426,150.0,True,2.0,1.0,1.0,1.0,1.0,0.0,0.0,0.0,0.0,0.0,0.0,0.0,0.0,0.0,0.0,0.0,0.0,1.0,0.0,0.0,1.0,1.0,0.0,0.0,0.0,0.0,0.0,0.0,1.0,1.0,0.5319148936170213,8|103|106|107|112,7|44|45|51|66,True,True,2
1443_020,1443,regular_season,3,1873.0,1964.0,91.0,True,False,2,10860|54|57|58|68,108|10891|110|111|14037,3.0,2.0,2.88,3.0,25.0,1007.0,False,False,100.51604455026796,108.21899764486969,-7.702953094601736,23,1.0,2.94,34.013605442176875,104.16666666666667,66.66666666666667,True,2.0,1.0,1.0,1.0,1.0,0.0,0.0,0.0,0.0,0.0,0.0,0.0,0.0,0.0,0.0,0.0,1.0,0.0,0.0,0.0,1.0,1.0,0.0,0.0,0.0,0.0,0.0,0.0,1.0,1.0,0.3472222222222222,8|103|106|107|112,7|38|44|45|66,True,True,2
1443_021,1443,regular_season,3,1964.0,2160.0,196.0,True,False,2,10860|10861|12|55|58,108|10891|111|116|14037,5.0,2.0,6.88,8.88,26.0,916.0,False,False,100.51604455026796,108.21899764486969,-7.702953094601736,23,3.0,7.880000000000001,38.07106598984771,72.67441860465117,22.52252252252252,True,2.0,1.0,1.0,1.0,1.0,0.0,0.0,0.0,0.0,0.0,0.0,0.0,0.0,0.0,0.0,0.0,1.0,0.0,0.0,0.0,1.0,1.0,0.0,0.0,0.0,0.0,0.0,0.0,1.0,1.0,0.14534883720930233,8|9|50|104|107,7|38|45|47|66,True,True,2
1443_022,1443,regular_season,4,2160.0,2300.0,140.0,True,False,2,10860|10861|12|55|58,108|119|121|13399|51,3.0,5.0,4.88,5.0,29.0,720.0,False,True,100.51604455026796,108.21899764486969,-7.702953094601736,23,-2.0,4.9399999999999995,-40.48582995951418,61.47540983606557,100.0,True,1.0,0.0,0.0,0.0,0.0,0.0,0.0,2.0,1.0,0.0,0.0,0.0,0.0,0.0,0.0,0.0,0.0,0.0,0.0,0.0,0.0,0.0,0.0,0.0,0.0,0.0,0.0,0.0,0.88,0.88,0.18032786885245902,8|9|50|104|107,7|49|51|59|102,True,True,2
1443_023,1443,regular_season,4,2300.0,2353.0,53.0,True,False,2,10860|10861|10884|12|58,108|119|121|13399|51,7.0,2.0,3.44,2.0,27.0,580.0,False,True,100.51604455026796,108.21899764486969,-7.702953094601736,23,5.0,2.7199999999999998,183.82352941176472,203.48837209302326,100.0,True,2.0,1.0,1.0,1.0,1.0,0.0,0.0,0.0,0.0,0.0,0.0,0.0,0.0,0.0,0.0,0.0,1.0,0.0,1.0,1.0,0.0,0.0,0.0,0.0,0.0,0.0,0.0,0.0,1.0,1.0,0.29069767441860467,8|9|31|50|107,7|49|51|59|102,True,True,2
1443_024,1443,regular_season,4,2353.0,2425.0,72.0,True,False,2,10860|10884|12|58|64,108|10891|110|121|14037,0.0,2.0,2.0,3.0,32.0,527.0,False,True,100.51604455026796,108.21899764486969,-7.702953094601736,23,-2.0,2.5,-80.0,0.0,66.66666666666667,True,0.0,0.0,0.0,0.0,0.0,0.0,0.0,0.0,0.0,0.0,0.0,0.0,0.0,0.0,0.0,0.0,0.0,0.0,0.0,0.0,0.0,0.0,0.0,0.0,0.0,0.0,0.0,0.0,0.0,0.0,0.0,8|31|50|107|111,7|38|44|51|66,True,True,2
1443_025,1443,regular_season,4,2425.0,2499.0,74.0,True,False,2,10860|10884|12|58|64,108|10891|110|13275|14037,2.0,4.0,3.0,1.88,30.0,455.0,False,True,100.51604455026796,108.21899764486969,-7.702953094601736,23,-2.0,2.44,-81.9672131147541,66.66666666666667,212.76595744680853,True,0.0,0.0,0.0,0.0,0.0,0.0,0.0,0.0,0.0,0.0,0.0,0.0,0.0,0.0,0.0,0.0,0.0,0.0,0.0,0.0,0.0,0.0,0.0,0.0,0.0,0.0,0.0,0.0,0.0,0.0,0.0,8|31|50|107|111,7|38|44|58|66,True,True,2
1443_026,1443,regular_season,4,2499.0,2573.0,74.0,True,False,2,10860|10884|12|58|64,108|10891|116|13275|14037,2.0,0.0,2.0,2.0,28.0,381.0,False,True,100.51604455026796,108.21899764486969,-7.702953094601736,23,2.0,2.0,100.0,100.0,0.0,True,0.0,0.0,0.0,0.0,0.0,0.0,0.0,0.0,0.0,0.0,1.0,0.0,0.0,0.0,0.0,0.0,0.0,0.0,0.0,0.0,0.0,0.0,0.0,0.0,0.0,0.0,0.0,0.0,0.0,0.0,0.0,8|31|50|107|111,7|38|47|58|66,True,True,2
1443_027,1443,regular_season,4,2573.0,2618.0,45.0,True,False,2,10884|55|56|58|64,108|10891|116|13275|14037,0.0,0.0,1.0,1.0,30.0,307.0,False,True,100.51604455026796,108.21899764486969,-7.702953094601736,23,0.0,1.0,0.0,0.0,0.0,False,,,,,,,,,,,,,,,,,,,,,,,,,,,,,,,,31|104|105|107|111,7|38|47|58|66,True,True,2
1443_028,1443,regular_season,4,2618.0,2660.0,42.0,True,False,2,10884|55|56|58|64,108|10891|116|123|13275,0.0,1.0,1.0,1.88,30.0,262.0,False,True,100.51604455026796,108.21899764486969,-7.702953094601736,23,-1.0,1.44,-69.44444444444444,0.0,53.19148936170213,False,,,,,,,,,,,,,,,,,,,,,,,,,,,,,,,,31|104|105|107|111,7|38|47|53|58,True,True,2
1443_029,1443,regular_season,4,2660.0,2805.0,145.0,True,False,2,10884|55|56|60|64,108|10891|116|123|13275,6.0,6.0,5.52,4.88,29.0,220.0,False,True,100.51604455026796,108.21899764486969,-7.702953094601736,23,0.0,5.199999999999999,0.0,108.69565217391305,122.95081967213115,False,,,,,,,,,,,,,,,,,,,,,,,,,,,,,,,,31|104|105|109|111,7|38|47|53|58,True,True,2
1443_030,1443,regular_season,4,2805.0,2880.0,75.0,True,False,2,10884|55|57|60|64,108|10891|116|123|13275,0.0,3.0,1.0,2.0,29.0,75.0,False,True,100.51604455026796,108.21899764486969,-7.702953094601736,23,-3.0,1.5,-200.0,0.0,150.0,False,,,,,,,,,,,,,,,,,,,,,,,,,,,,,,,,31|104|106|109|111,7|38|47|53|58,True,True,2
1449_001,1449,regular_season,1,0.0,278.0,278.0,True,True,3,10861|3129|54|57|68,103|13777|13906|79|89,14.0,13.0,8.0,9.32,0.0,2880.0,False,False,106.75867114652834,104.46002325938773,2.2986478871406124,25,1.0,8.66,11.547344110854503,175.0,139.48497854077252,False,,,,,,,,,,,,,,,,,,,,,,,,,,,,,,,,9|87|103|106|112,3|61|63|120|130,True,True,3
1449_002,1449,regular_season,1,278.0,289.0,11.0,True,True,3,10861|54|57|62|68,103|107|13906|77|89,1.0,0.0,1.88,0.0,1.0,2602.0,False,False,106.75867114652834,104.46002325938773,2.2986478871406124,25,1.0,0.94,106.38297872340426,53.19148936170213,,False,,,,,,,,,,,,,,,,,,,,,,,,,,,,,,,,9|103|106|110|112,3|6|63|118|130,True,True,3
1449_003,1449,regular_season,1,289.0,356.0,67.0,True,True,3,10861|54|58|62|68,103|107|13906|77|89,0.0,2.0,1.88,2.0,2.0,2591.0,False,False,106.75867114652834,104.46002325938773,2.2986478871406124,25,-2.0,1.94,-103.09278350515464,0.0,100.0,False,,,,,,,,,,,,,,,,,,,,,,,,,,,,,,,,9|103|107|110|112,3|6|63|118|130,True,True,3
1449_004,1449,regular_season,1,356.0,437.0,81.0,True,True,3,10861|54|58|62|68,107|13906|77|89|91,2.0,0.0,2.0,2.0,0.0,2524.0,False,False,106.75867114652834,104.46002325938773,2.2986478871406124,25,2.0,2.0,100.0,100.0,0.0,False,,,,,,,,,,,,,,,,,,,,,,,,,,,,,,,,9|103|107|110|112,6|63|118|130|133,True,True,3
1449_005,1449,regular_season,1,437.0,490.0,53.0,True,True,3,16|54|58|62|68,107|13906|77|86|91,1.0,2.0,1.88,2.0,2.0,2443.0,False,False,106.75867114652834,104.46002325938773,2.2986478871406124,25,-1.0,1.94,-51.54639175257732,53.19148936170213,100.0,False,,,,,,,,,,,,,,,,,,,,,,,,,,,,,,,,75|103|107|110|112,6|63|118|125|133,True,True,3
1449_006,1449,regular_season,1,490.0,514.0,24.0,True,True,3,16|54|58|62|68,107|13777|77|86|91,0.0,0.0,0.0,1.0,1.0,2390.0,False,False,106.75867114652834,104.46002325938773,2.2986478871406124,25,0.0,0.5,0.0,,0.0,False,,,,,,,,,,,,,,,,,,,,,,,,,,,,,,,,75|103|107|110|112,6|61|118|125|133,True,True,3
1449_007,1449,regular_season,1,514.0,578.0,64.0,True,True,3,12|16|58|62|68,107|13777|77|86|91,0.0,4.0,2.0,2.0,1.0,2366.0,False,False,106.75867114652834,104.46002325938773,2.2986478871406124,25,-4.0,2.0,-200.0,0.0,200.0,False,,,,,,,,,,,,,,,,,,,,,,,,,,,,,,,,50|75|107|110|112,6|61|118|125|133,True,True,3
1449_008,1449,regular_season,1,578.0,596.0,18.0,True,True,3,10861|12|16|58|62,107|13777|77|86|91,1.0,0.0,0.88,0.0,-3.0,2302.0,False,False,106.75867114652834,104.46002325938773,2.2986478871406124,25,1.0,0.44,227.27272727272728,113.63636363636364,,False,,,,,,,,,,,,,,,,,,,,,,,,,,,,,,,,9|50|75|107|110,6|61|118|125|133,True,True,3
1449_009,1449,regular_season,1,596.0,692.0,96.0,True,True,3,10861|12|16|58|62,13777|13906|77|86|91,6.0,0.0,2.0,3.0,-2.0,2284.0,False,False,106.75867114652834,104.46002325938773,2.2986478871406124,25,6.0,2.5,240.0,300.0,0.0,False,,,,,,,,,,,,,,,,,,,,,,,,,,,,,,,,9|50|75|107|110,61|63|118|125|133,True,True,3
1449_010,1449,regular_season,1,692.0,720.0,28.0,True,True,3,10861|12|16|55|58,13777|13906|77|86|91,1.0,0.0,0.88,1.0,4.0,2188.0,False,False,106.75867114652834,104.46002325938773,2.2986478871406124,25,1.0,0.94,106.38297872340426,113.63636363636364,0.0,False,,,,,,,,,,,,,,,,,,,,,,,,,,,,,,,,9|50|75|104|107,61|63|118|125|133,True,True,3
1449_011,1449,regular_season,2,720.0,823.0,103.0,True,True,3,10861|12|16|55|58,103|13777|13906|77|86,2.0,0.0,3.0,2.0,5.0,2160.0,False,False,106.75867114652834,104.46002325938773,2.2986478871406124,25,2.0,2.5,80.0,66.66666666666667,0.0,False,,,,,,,,,,,,,,,,,,,,,,,,,,,,,,,,9|50|75|104|107,3|61|63|118|125,True,True,3
1449_012,1449,regular_season,2,823.0,895.0,72.0,True,True,3,10861|12|16|55|58,103|107|13906|79|89,2.0,3.0,2.0,2.0,7.0,2057.0,False,False,106.75867114652834,104.46002325938773,2.2986478871406124,25,-1.0,2.0,-50.0,100.0,150.0,False,,,,,,,,,,,,,,,,,,,,,,,,,,,,,,,,9|50|75|104|107,3|6|63|120|130,True,True,3
1449_013,1449,regular_season,2,895.0,946.0,51.0,True,True,3,10861|12|16|3129|58,103|107|13906|79|89,0.0,4.0,1.0,1.88,6.0,1985.0,False,False,106.75867114652834,104.46002325938773,2.2986478871406124,25,-4.0,1.44,-277.77777777777777,0.0,212.76595744680853,False,,,,,,,,,,,,,,,,,,,,,,,,,,,,,,,,9|50|75|87|107,3|6|63|120|130,True,True,3
1449_014,1449,regular_season,2,946.0,992.0,46.0,True,True,3,10861|12|3129|58|68,103|107|13906|79|89,2.0,1.0,1.0,0.88,2.0,1934.0,False,False,106.75867114652834,104.46002325938773,2.2986478871406124,25,1.0,0.94,106.38297872340426,200.0,113.63636363636364,False,,,,,,,,,,,,,,,,,,,,,,,,,,,,,,,,9|50|87|107|112,3|6|63|120|130,True,True,3
1449_015,1449,regular_season,2,992.0,1053.0,61.0,True,True,3,10861|3129|54|58|68,103|13777|13906|79|89,0.0,3.0,1.0,1.0,3.0,1888.0,False,False,106.75867114652834,104.46002325938773,2.2986478871406124,25,-3.0,1.0,-300.0,0.0,300.0,False,,,,,,,,,,,,,,,,,,,,,,,,,,,,,,,,9|87|103|107|112,3|61|63|120|130,True,True,3
1449_016,1449,regular_season,2,1053.0,1122.0,69.0,True,True,3,16|3129|54|57|68,13777|13906|77|79|89,4.0,6.0,3.3200000000000003,2.0,0.0,1827.0,False,False,106.75867114652834,104.46002325938773,2.2986478871406124,25,-2.0,2.66,-75.18796992481202,120.48192771084337,300.0,False,,,,,,,,,,,,,,,,,,,,,,,,,,,,,,,,75|87|103|106|112,61|63|118|120|130,True,True,3
1449_017,1449,regular_season,2,1122.0,1208.0,86.0,True,True,3,16|3129|54|57|68,107|13906|77|79|89,0.0,3.0,2.0,2.88,-2.0,1758.0,False,False,106.75867114652834,104.46002325938773,2.2986478871406124,25,-3.0,2.44,-122.95081967213115,0.0,104.16666666666667,False,,,,,,,,,,,,,,,,,,,,,,,,,,,,,,,,75|87|103|106|112,6|63|118|120|130,True,True,3
1449_018,1449,regular_season,2,1208.0,1256.0,48.0,True,True,3,16|54|57|58|68,107|13906|77|79|89,3.0,2.0,2.44,2.0,-5.0,1672.0,False,False,106.75867114652834,104.46002325938773,2.2986478871406124,25,1.0,2.2199999999999998,45.04504504504505,122.95081967213115,100.0,False,,,,,,,,,,,,,,,,,,,,,,,,,,,,,,,,75|103|106|107|112,6|63|118|120|130,True,True,3
1449_019,1449,regular_season,2,1256.0,1369.0,113.0,True,True,3,16|54|57|58|68,107|13906|77|86|89,6.0,5.0,4.0,3.0,-4.0,1624.0,False,False,106.75867114652834,104.46002325938773,2.2986478871406124,25,1.0,3.5,28.571428571428573,150.0,166.66666666666666,False,,,,,,,,,,,,,,,,,,,,,,,,,,,,,,,,75|103|106|107|112,6|63|118|125|130,True,True,3
1449_020,1449,regular_season,2,1369.0,1440.0,71.0,True,True,3,16|54|57|58|68,13777|13906|77|86|89,0.0,0.0,2.0,2.0,-3.0,1511.0,False,False,106.75867114652834,104.46002325938773,2.2986478871406124,25,0.0,2.0,0.0,0.0,0.0,False,,,,,,,,,,,,,,,,,,,,,,,,,,,,,,,,75|103|106|107|112,61|63|118|125|130,True,True,3
1449_021,1449,regular_season,3,1440.0,1476.0,36.0,True,True,3,10861|3129|54|57|68,103|13777|13906|79|89,0.0,2.0,1.0,0.0,-3.0,1440.0,False,False,106.75867114652834,104.46002325938773,2.2986478871406124,25,-2.0,0.5,-400.0,0.0,,False,,,,,,,,,,,,,,,,,,,,,,,,,,,,,,,,9|87|103|106|112,3|61|63|120|130,True,True,3
1449_022,1449,regular_season,3,1476.0,1661.0,185.0,True,True,3,10861|3129|54|57|68,103|107|13777|79|89,8.0,7.0,5.88,5.88,-5.0,1404.0,False,False,106.75867114652834,104.46002325938773,2.2986478871406124,25,1.0,5.88,17.006802721088437,136.0544217687075,119.04761904761905,False,,,,,,,,,,,,,,,,,,,,,,,,,,,,,,,,9|87|103|106|112,3|6|61|120|130,True,True,3
1449_023,1449,regular_season,3,1661.0,1711.0,50.0,True,True,3,10861|3129|54|57|68,103|13777|13906|77|89,3.0,5.0,1.0,2.44,-4.0,1219.0,False,False,106.75867114652834,104.46002325938773,2.2986478871406124,25,-2.0,1.72,-116.27906976744187,300.0,204.91803278688525,False,,,,,,,,,,,,,,,,,,,,,,,,,,,,,,,,9|87|103|106|112,3|61|63|118|130,True,True,3
1449_024,1449,regular_season,3,1711.0,1755.0,44.0,True,True,3,10861|12|54|57|68,13777|13906|77|86|89,0.0,0.0,2.0,1.0,-6.0,1169.0,False,False,106.75867114652834,104.46002325938773,2.2986478871406124,25,0.0,1.5,0.0,0.0,0.0,False,,,,,,,,,,,,,,,,,,,,,,,,,,,,,,,,9|50|103|106|112,61|63|118|125|130,True,True,3
1449_025,1449,regular_season,3,1755.0,1873.0,118.0,True,True,3,12|16|54|57|68,13777|13906|77|86|89,4.0,4.0,4.0,4.88,-6.0,1125.0,False,False,106.75867114652834,104.46002325938773,2.2986478871406124,25,0.0,4.4399999999999995,0.0,100.0,81.9672131147541,False,,,,,,,,,,,,,,,,,,,,,,,,,,,,,,,,50|75|103|106|112,61|63|118|125|130,True,True,3
1449_026,1449,regular_season,3,1873.0,1921.0,48.0,True,True,3,10861|12|16|54|58,103|107|13906|77|86,2.0,2.0,2.0,1.88,-6.0,1007.0,False,False,106.75867114652834,104.46002325938773,2.2986478871406124,25,0.0,1.94,0.0,100.0,106.38297872340426,False,,,,,,,,,,,,,,,,,,,,,,,,,,,,,,,,9|50|75|103|107,3|6|63|118|125,True,True,3
1449_027,1449,regular_season,3,1921.0,2016.0,95.0,True,True,3,10861|12|16|54|58,103|107|13906|79|86,0.0,0.0,4.0,2.0,-6.0,959.0,False,False,106.75867114652834,104.46002325938773,2.2986478871406124,25,0.0,3.0,0.0,0.0,0.0,False,,,,,,,,,,,,,,,,,,,,,,,,,,,,,,,,9|50|75|103|107,3|6|63|120|125,True,True,3
1449_028,1449,regular_season,3,2016.0,2082.0,66.0,True,True,3,10861|12|54|58|68,103|107|13777|79|86,2.0,4.0,1.0,2.0,-6.0,864.0,False,False,106.75867114652834,104.46002325938773,2.2986478871406124,25,-2.0,1.5,-133.33333333333334,200.0,200.0,False,,,,,,,,,,,,,,,,,,,,,,,,,,,,,,,,9|50|103|107|112,3|6|61|120|125,True,True,3
1449_029,1449,regular_season,3,2082.0,2160.0,78.0,True,True,3,10861|12|58|62|68,103|107|13777|79|86,4.0,3.0,3.0,2.0,-8.0,798.0,False,False,106.75867114652834,104.46002325938773,2.2986478871406124,25,1.0,2.5,40.0,133.33333333333334,150.0,False,,,,,,,,,,,,,,,,,,,,,,,,,,,,,,,,9|50|107|110|112,3|6|61|120|125,True,True,3
1449_030,1449,regular_season,4,2160.0,2240.0,80.0,True,True,3,10861|12|58|62|68,103|107|13906|79|86,2.0,5.0,3.0,3.0,-7.0,720.0,False,False,106.75867114652834,104.46002325938773,2.2986478871406124,25,-3.0,3.0,-100.0,66.66666666666667,166.66666666666666,False,,,,,,,,,,,,,,,,,,,,,,,,,,,,,,,,9|50|107|110|112,3|6|63|120|125,True,True,3
1449_031,1449,regular_season,4,2240.0,2257.0,17.0,True,True,3,10861|12|54|62|68,103|107|13906|79|86,2.0,0.0,0.88,0.0,-10.0,640.0,False,False,106.75867114652834,104.46002325938773,2.2986478871406124,25,2.0,0.44,454.54545454545456,227.27272727272728,,False,,,,,,,,,,,,,,,,,,,,,,,,,,,,,,,,9|50|103|110|112,3|6|63|120|125,True,True,3
1449_032,1449,regular_season,4,2257.0,2280.0,23.0,True,True,3,10861|54|57|62|68,107|13906|77|79|86,0.0,0.0,1.0,2.0,-8.0,623.0,False,False,106.75867114652834,104.46002325938773,2.2986478871406124,25,0.0,1.5,0.0,0.0,0.0,False,,,,,,,,,,,,,,,,,,,,,,,,,,,,,,,,9|103|106|110|112,6|63|118|120|125,True,True,3
1449_033,1449,regular_season,4,2280.0,2363.0,83.0,True,True,3,10861|54|57|62|68,13777|13906|77|79|86,2.0,3.0,3.0,2.88,-8.0,600.0,False,False,106.75867114652834,104.46002325938773,2.2986478871406124,25,-1.0,2.94,-34.013605442176875,66.66666666666667,104.16666666666667,False,,,,,,,,,,,,,,,,,,,,,,,,,,,,,,,,9|103|106|110|112,61|63|118|120|125,True,True,3
1449_034,1449,regular_season,4,2363.0,2397.0,34.0,True,True,3,16|54|57|62|68,13777|13906|77|79|86,3.0,0.0,2.0,1.0,-9.0,517.0,False,False,106.75867114652834,104.46002325938773,2.2986478871406124,25,3.0,1.5,200.0,150.0,0.0,False,,,,,,,,,,,,,,,,,,,,,,,,,,,,,,,,75|103|106|110|112,61|63|118|120|125,True,True,3
1449_035,1449,regular_season,4,2397.0,2499.0,102.0,True,True,3,16|54|57|62|68,107|13906|77|79|89,2.0,2.0,3.0,3.0,-6.0,483.0,False,False,106.75867114652834,104.46002325938773,2.2986478871406124,25,0.0,3.0,0.0,66.66666666666667,66.66666666666667,False,,,,,,,,,,,,,,,,,,,,,,,,,,,,,,,,75|103|106|110|112,6|63|118|120|130,True,True,3
1449_036,1449,regular_season,4,2499.0,2743.0,244.0,True,True,3,12|16|54|57|68,107|13906|77|79|89,10.0,10.0,6.88,7.88,-6.0,381.0,False,False,106.75867114652834,104.46002325938773,2.2986478871406124,25,0.0,7.38,0.0,145.34883720930233,126.90355329949239,False,,,,,,,,,,,,,,,,,,,,,,,,,,,,,,,,50|75|103|106|112,6|63|118|120|130,True,True,3
1449_037,1449,regular_season,4,2743.0,2787.0,44.0,True,True,3,12|16|54|57|68,13777|13906|77|79|89,2.0,2.0,2.0,1.0,-6.0,137.0,False,False,106.75867114652834,104.46002325938773,2.2986478871406124,25,0.0,1.5,0.0,100.0,200.0,False,,,,,,,,,,,,,,,,,,,,,,,,,,,,,,,,50|75|103|106|112,61|63|118|120|130,True,True,3
1449_038,1449,regular_season,4,2787.0,2819.0,32.0,True,True,3,12|16|54|57|68,107|13906|77|79|89,3.0,0.0,1.0,1.0,-6.0,93.0,False,False,106.75867114652834,104.46002325938773,2.2986478871406124,25,3.0,1.0,300.0,300.0,0.0,False,,,,,,,,,,,,,,,,,,,,,,,,,,,,,,,,50|75|103|106|112,6|63|118|120|130,True,True,3
1449_039,1449,regular_season,4,2819.0,2856.0,37.0,True,True,3,12|16|54|57|68,107|13906|77|86|89,0.0,0.0,0.0,1.0,-3.0,61.0,False,False,106.75867114652834,104.46002325938773,2.2986478871406124,25,0.0,0.5,0.0,,0.0,False,,,,,,,,,,,,,,,,,,,,,,,,,,,,,,,,50|75|103|106|112,6|63|118|125|130,True,True,3
1449_040,1449,regular_season,4,2856.0,2865.0,9.0,True,True,3,12|16|54|57|68,107|13906|77|79|89,0.0,0.0,1.0,0.0,-3.0,24.0,False,False,106.75867114652834,104.46002325938773,2.2986478871406124,25,0.0,0.5,0.0,0.0,,False,,,,,,,,,,,,,,,,,,,,,,,,,,,,,,,,50|75|103|106|112,6|63|118|120|130,True,True,3
1449_041,1449,regular_season,4,2865.0,2872.0,7.0,True,True,3,12|16|54|57|68,107|13906|77|86|89,1.0,2.0,0.44,1.0,-3.0,15.0,False,False,106.75867114652834,104.46002325938773,2.2986478871406124,25,-1.0,0.72,-138.88888888888889,227.27272727272728,200.0,False,,,,,,,,,,,,,,,,,,,,,,,,,,,,,,,,50|75|103|106|112,6|63|118|125|130,True,True,3
1449_042,1449,regular_season,4,2872.0,2876.0,4.0,True,True,3,16|54|57|58|68,107|13906|77|79|89,0.0,0.0,0.0,0.0,-4.0,8.0,False,False,106.75867114652834,104.46002325938773,2.2986478871406124,25,0.0,0.0,,,,False,,,,,,,,,,,,,,,,,,,,,,,,,,,,,,,,75|103|106|107|112,6|63|118|120|130,True,True,3
1449_043,1449,regular_season,4,2876.0,2876.0,0.0,True,True,3,12|16|54|57|68,107|13906|77|79|89,0.0,0.0,0.0,0.0,-4.0,4.0,False,False,106.75867114652834,104.46002325938773,2.2986478871406124,25,0.0,0.0,,,,False,,,,,,,,,,,,,,,,,,,,,,,,,,,,,,,,50|75|103|106|112,6|63|118|120|130,True,False,3
1449_044,1449,regular_season,4,2876.0,2877.0,1.0,True,True,3,12|16|54|57|68,107|13906|77|86|89,3.0,0.0,1.0,0.0,-4.0,4.0,False,False,106.75867114652834,104.46002325938773,2.2986478871406124,25,3.0,0.5,600.0,300.0,,False,,,,,,,,,,,,,,,,,,,,,,,,,,,,,,,,50|75|103|106|112,6|63|118|125|130,True,True,3
1449_045,1449,regular_season,4,2877.0,2879.0,2.0,True,True,3,12|16|54|57|68,107|13906|77|79|89,0.0,1.0,0.0,0.88,-1.0,3.0,False,False,106.75867114652834,104.46002325938773,2.2986478871406124,25,-1.0,0.44,-227.27272727272728,,113.63636363636364,False,,,,,,,,,,,,,,,,,,,,,,,,,,,,,,,,50|75|103|106|112,6|63|118|120|130,True,True,3
1449_046,1449,regular_season,4,2879.0,2879.0,0.0,True,True,3,10861|12|16|54|57,107|13906|77|79|89,0.0,0.0,0.0,0.0,-2.0,1.0,False,False,106.75867114652834,104.46002325938773,2.2986478871406124,25,0.0,0.0,,,,False,,,,,,,,,,,,,,,,,,,,,,,,,,,,,,,,9|50|75|103|106,6|63|118|120|130,True,False,3
1449_047,1449,regular_season,4,2879.0,2880.0,1.0,True,True,3,10861|16|54|57|58,103|107|13906|77|79,0.0,0.0,1.0,0.0,-2.0,1.0,False,False,106.75867114652834,104.46002325938773,2.2986478871406124,25,0.0,0.5,0.0,0.0,,False,,,,,,,,,,,,,,,,,,,,,,,,,,,,,,,,9|75|103|106|107,3|6|63|118|120,True,True,3
1451_001,1451,regular_season,1,0.0,270.0,270.0,True,True,6,10860|16|54|57|58,14707|39|40|44|8889,6.0,2.0,11.32,9.76,0.0,2880.0,False,False,105.20191954470145,102.17307225440321,3.0288472902982524,24,4.0,10.54,37.95066413662239,53.003533568904594,20.491803278688526,True,2.0,2.0,1.0,2.0,1.0,0.0,0.0,1.0,0.0,0.0,1.0,1.0,1.0,1.0,0.0,1.0,1.0,0.0,1.0,1.0,1.0,0.0,0.0,0.0,0.0,0.0,0.0,0.0,2.44,2.44,0.215547703180212,8|75|103|106|107,70|92|94|97|129,True,True,4
1451_002,1451,regular_season,1,270.0,330.0,60.0,True,True,6,10860|10861|3129|54|57,14707|40|43|47|8889,4.0,2.0,1.76,2.0,4.0,2610.0,False,False,105.20191954470145,102.17307225440321,3.0288472902982524,24,2.0,1.88,106.38297872340426,227.27272727272728,100.0,True,0.0,0.0,0.0,0.0,0.0,0.0,0.0,0.0,0.0,0.0,0.0,0.0,0.0,0.0,0.0,0.0,0.0,0.0,0.0,0.0,0.0,0.0,0.0,0.0,0.0,0.0,0.0,0.0,0.0,0.0,0.0,8|9|87|103|106,70|94|96|99|129,True,True,4
1451_003,1451,regular_season,1,330.0,379.0,49.0,True,True,6,10860|10861|10884|3129|54,14707|40|43|47|8889,2.0,2.0,1.0,2.44,6.0,2550.0,False,False,105.20191954470145,102.17307225440321,3.0288472902982524,24,0.0,1.72,0.0,200.0,81.9672131147541,True,0.0,1.0,0.0,1.0,0.0,0.0,0.0,0.0,0.0,0.0,1.0,0.0,0.0,0.0,0.0,0.0,0.0,0.0,1.0,0.0,0.0,0.0,0.0,0.0,0.0,0.0,0.0,0.0,1.0,1.0,1.0,8|9|31|87|103,70|94|96|99|129,True,True,4
1451_004,1451,regular_season,1,379.0,458.0,79.0,True,True,6,10860|10861|10884|3129|54,14707|43|47|48|8889,2.0,2.0,2.0,1.0,6.0,2501.0,False,False,105.20191954470145,102.17307225440321,3.0288472902982524,24,0.0,1.5,0.0,100.0,200.0,True,0.0,0.0,0.0,0.0,0.0,0.0,0.0,0.0,0.0,0.0,1.0,1.0,0.0,0.0,1.0,0.0,0.0,0.0,0.0,0.0,0.0,0.0,0.0,0.0,0.0,0.0,0.0,0.0,0.0,1.0,0.5,8|9|31|87|103,70|96|99|100|129,True,True,4
1451_005,1451,regular_season,1,458.0,512.0,54.0,True,True,6,10860|10861|10884|12|3129,14707|43|47|48|8889,2.0,2.0,1.88,1.88,6.0,2422.0,False,False,105.20191954470145,102.17307225440321,3.0288472902982524,24,0.0,1.88,0.0,106.38297872340426,106.38297872340426,True,2.0,0.0,0.0,0.0,0.0,0.0,0.0,2.0,2.0,0.0,0.0,0.0,0.0,0.0,0.0,0.0,0.0,0.0,0.0,0.0,0.0,0.0,0.0,0.0,0.0,0.0,0.0,0.0,0.88,0.88,0.46808510638297873,8|9|31|50|87,70|96|99|100|129,True,True,4
1451_006,1451,regular_season,1,512.0,592.0,80.0,True,True,6,10860|10861|12|3129|55,10880|14707|43|47|48,2.0,6.0,2.0,2.88,6.0,2368.0,False,False,105.20191954470145,102.17307225440321,3.0288472902982524,24,-4.0,2.44,-163.9344262295082,100.0,208.33333333333334,True,0.0,1.0,0.0,0.0,0.0,1.0,0.0,0.0,0.0,1.0,0.0,0.0,0.0,0.0,0.0,0.0,0.0,0.0,0.0,0.0,0.0,0.0,0.0,0.0,0.0,0.0,1.0,0.0,1.0,1.0,0.5,8|9|50|87|104,27|70|96|99|100,True,True,4
1451_007,1451,regular_season,1,592.0,661.0,69.0,True,True,6,10861|12|16|3129|55,10880|14707|43|47|48,0.0,2.0,2.0,2.88,2.0,2288.0,False,False,105.20191954470145,102.17307225440321,3.0288472902982524,24,-2.0,2.44,-81.9672131147541,0.0,69.44444444444444,False,,,,,,,,,,,,,,,,,,,,,,,,,,,,,,,,9|50|75|87|104,27|70|96|99|100,True,True,4
1451_008,1451,regular_season,1,661.0,720.0,59.0,True,True,6,10861|12|16|55|58,10879|10880|43|48|8889,3.0,2.0,1.88,1.88,0.0,2219.0,False,False,105.20191954470145,102.17307225440321,3.0288472902982524,24,1.0,1.88,53.19148936170213,159.5744680851064,106.38297872340426,False,,,,,,,,,,,,,,,,,,,,,,,,,,,,,,,,9|50|75|104|107,26|27|96|100|129,True,True,4
1451_009,1451,regular_season,2,720.0,774.0,54.0,True,True,6,10861|12|16|55|58,10879|10880|43|48|8889,0.0,3.0,0.0,1.44,1.0,2160.0,False,False,105.20191954470145,102.17307225440321,3.0288472902982524,24,-3.0,0.72,-416.6666666666667,,208.33333333333334,False,,,,,,,,,,,,,,,,,,,,,,,,,,,,,,,,9|50|75|104|107,26|27|96|100|129,True,True,4
1451_010,1451,regular_season,2,774.0,837.0,63.0,True,True,6,10861|12|16|3129|54,10879|10880|43|48|8889,0.0,0.0,1.0,1.0,-2.0,2106.0,False,False,105.20191954470145,102.17307225440321,3.0288472902982524,24,0.0,1.0,0.0,0.0,0.0,False,,,,,,,,,,,,,,,,,,,,,,,,,,,,,,,,9|50|75|87|103,26|27|96|100|129,True,True,4
1451_011,1451,regular_season,2,837.0,894.0,57.0,True,True,6,10860|12|16|3129|54,10879|10880|43|48|8889,0.0,2.0,2.0,1.0,-2.0,2043.0,False,False,105.20191954470145,102.17307225440321,3.0288472902982524,24,-2.0,1.5,-133.33333333333334,0.0,200.0,True,0.0,1.0,0.0,0.0,0.0,1.0,0.0,0.0,0.0,0.0,0.0,0.0,0.0,0.0,0.0,0.0,0.0,0.0,0.0,0.0,0.0,0.0,0.0,0.0,0.0,0.0,1.0,0.0,1.0,1.0,0.5,8|50|75|87|103,26|27|96|100|129,True,True,4
1451_012,1451,regular_season,2,894.0,1082.0,188.0,True,True,6,10860|10861|3129|54|57,10879|10880|113|40|8889,8.0,6.0,6.0,6.0,-4.0,1986.0,False,False,105.20191954470145,102.17307225440321,3.0288472902982524,24,2.0,6.0,33.333333333333336,133.33333333333334,100.0,True,0.0,0.0,0.0,0.0,0.0,0.0,0.0,0.0,0.0,0.0,2.0,1.0,0.0,1.0,0.0,0.0,0.0,0.0,0.0,0.0,0.0,0.0,0.0,0.0,0.0,0.0,0.0,0.0,0.0,0.0,0.0,8|9|87|103|106,26|27|46|94|129,True,True,4
1451_013,1451,regular_season,2,1082.0,1087.0,5.0,True,True,6,10860|10861|12|54|57,10879|10880|113|40|8889,0.0,0.0,0.0,1.0,-2.0,1798.0,False,False,105.20191954470145,102.17307225440321,3.0288472902982524,24,0.0,0.5,0.0,,0.0,True,0.0,0.0,0.0,0.0,0.0,0.0,0.0,0.0,0.0,0.0,0.0,0.0,0.0,0.0,0.0,0.0,0.0,0.0,0.0,0.0,0.0,0.0,0.0,0.0,0.0,0.0,0.0,0.0,0.0,0.0,,8|9|50|103|106,26|27|46|94|129,True,True,4
1451_014,1451,regular_season,2,1087.0,1188.0,101.0,True,True,6,10860|10861|12|54|57,10879|10880|14707|40|47,6.0,3.0,4.44,3.0,-2.0,1793.0,False,False,105.20191954470145,102.17307225440321,3.0288472902982524,24,3.0,3.72,80.64516129032258,135.13513513513513,100.0,True,0.0,0.0,0.0,0.0,0.0,0.0,0.0,0.0,0.0,0.0,0.0,1.0,0.0,1.0,0.0,0.0,0.0,0.0,0.0,0.0,0.0,0.0,0.0,0.0,0.0,0.0,0.0,0.0,0.0,0.0,0.0,8|9|50|103|106,26|27|70|94|99,True,True,4
1451_015,1451,regular_season,2,1188.0,1219.0,31.0,True,True,6,10860|10861|12|54|57,10880|14707|40|43|47,0.0,0.0,1.0,1.0,1.0,1692.0,False,False,105.20191954470145,102.17307225440321,3.0288472902982524,24,0.0,1.0,0.0,0.0,0.0,True,0.0,0.0,0.0,0.0,0.0,0.0,0.0,0.0,0.0,0.0,0.0,0.0,0.0,0.0,1.0,0.0,0.0,0.0,0.0,0.0,0.0,0.0,0.0,0.0,0.0,0.0,0.0,0.0,0.0,1.0,1.0,8|9|50|103|106,27|70|94|96|99,True,True,4
1451_016,1451,regular_season,2,1219.0,1440.0,221.0,True,True,6,10860|12|16|54|57,10880|14707|40|43|47,6.0,7.0,6.0,6.0,1.0,1661.0,False,False,105.20191954470145,102.17307225440321,3.0288472902982524,24,-1.0,6.0,-16.666666666666668,100.0,116.66666666666667,True,6.0,3.0,3.0,3.0,3.0,0.0,0.0,0.0,0.0,0.0,1.0,0.0,0.0,0.0,0.0,0.0,3.0,0.0,3.0,3.0,0.0,0.0,0.0,0.0,0.0,0.0,0.0,0.0,3.0,3.0,0.5,8|50|75|103|106,27|70|94|96|99,True,True,4
1451_017,1451,regular_season,3,1440.0,1793.0,353.0,True,True,6,10860|16|54|57|58,14707|40|43|47|8889,21.0,19.0,11.76,12.44,0.0,1440.0,False,False,105.20191954470145,102.17307225440321,3.0288472902982524,24,2.0,12.1,16.528925619834713,178.57142857142858,152.7331189710611,True,2.0,1.0,0.0,1.0,0.0,0.0,0.0,2.0,2.0,0.0,0.0,3.0,1.0,0.0,1.0,0.0,0.0,0.0,0.0,0.0,0.0,0.0,1.0,0.0,0.0,0.0,0.0,0.0,1.88,2.88,0.24489795918367346,8|75|103|106|107,70|94|96|99|129,True,True,4
1451_018,1451,regular_season,3,1793.0,1883.0,90.0,True,True,6,10860|10861|3129|54|58,14707|40|43|47|8889,4.0,4.0,3.0,2.76,2.0,1087.0,False,False,105.20191954470145,102.17307225440321,3.0288472902982524,24,0.0,2.88,0.0,133.33333333333334,144.92753623188406,True,2.0,1.0,1.0,1.0,1.0,0.0,0.0,0.0,0.0,0.0,0.0,0.0,0.0,0.0,1.0,2.0,0.0,1.0,1.0,1.0,0.0,0.0,0.0,0.0,0.0,0.0,0.0,0.0,1.0,2.0,0.6666666666666666,8|9|87|103|107,70|94|96|99|129,True,True,4
1451_019,1451,regular_season,3,1883.0,1948.0,65.0,True,True,6,10860|10861|3129|54|58,10880|40|43|44|8889,0.0,5.0,3.0,3.0,2.0,997.0,False,False,105.20191954470145,102.17307225440321,3.0288472902982524,24,-5.0,3.0,-166.66666666666666,0.0,166.66666666666666,True,0.0,1.0,0.0,0.0,0.0,1.0,0.0,0.0,0.0,0.0,1.0,0.0,0.0,0.0,0.0,0.0,0.0,0.0,0.0,0.0,0.0,0.0,0.0,0.0,0.0,0.0,1.0,0.0,1.0,1.0,0.3333333333333333,8|9|87|103|107,27|94|96|97|129,True,True,4
1451_020,1451,regular_season,3,1948.0,2048.0,100.0,True,True,6,10860|10861|12|54|58,10880|40|43|44|8889,0.0,2.0,3.0,2.0,-3.0,932.0,False,False,105.20191954470145,102.17307225440321,3.0288472902982524,24,-2.0,2.5,-80.0,0.0,100.0,True,0.0,1.0,0.0,0.0,0.0,1.0,0.0,0.0,0.0,0.0,1.0,0.0,0.0,0.0,0.0,0.0,0.0,0.0,0.0,0.0,0.0,0.0,0.0,0.0,0.0,0.0,1.0,0.0,1.0,1.0,0.3333333333333333,8|9|50|103|107,27|94|96|97|129,True,True,4
1451_021,1451,regular_season,3,2048.0,2094.0,46.0,True,True,6,10861|12|16|57|58,10880|40|43|44|8889,2.0,2.0,1.0,2.0,-5.0,832.0,False,False,105.20191954470145,102.17307225440321,3.0288472902982524,24,0.0,1.5,0.0,200.0,100.0,False,,,,,,,,,,,,,,,,,,,,,,,,,,,,,,,,9|50|75|106|107,27|94|96|97|129,True,True,4
1451_022,1451,regular_season,3,2094.0,2160.0,66.0,True,True,6,10861|12|16|55|57,10879|10880|14707|43|44,4.0,0.0,2.0,1.0,-5.0,786.0,False,False,105.20191954470145,102.17307225440321,3.0288472902982524,24,4.0,1.5,266.6666666666667,200.0,0.0,False,,,,,,,,,,,,,,,,,,,,,,,,,,,,,,,,9|50|75|104|106,26|27|70|96|97,True,True,4
1451_023,1451,regular_season,4,2160.0,2330.0,170.0,True,True,6,10861|12|16|55|57,10879|10880|14707|40|47,6.0,9.0,3.88,5.88,-1.0,720.0,False,False,105.20191954470145,102.17307225440321,3.0288472902982524,24,-3.0,4.88,-61.47540983606557,154.63917525773195,153.06122448979593,False,,,,,,,,,,,,,,,,,,,,,,,,,,,,,,,,9|50|75|104|106,26|27|70|94|99,True,True,4
1451_024,1451,regular_season,4,2330.0,2399.0,69.0,True,True,6,10861|12|16|57|58,14707|40|43|47|8889,2.0,3.0,2.0,2.0,-4.0,550.0,False,False,105.20191954470145,102.17307225440321,3.0288472902982524,24,-1.0,2.0,-50.0,100.0,150.0,False,,,,,,,,,,,,,,,,,,,,,,,,,,,,,,,,9|50|75|106|107,70|94|96|99|129,True,True,4
1451_025,1451,regular_season,4,2399.0,2561.0,162.0,True,True,6,10861|16|54|57|58,14707|40|43|47|8889,8.0,0.0,5.88,4.0,-5.0,481.0,False,False,105.20191954470145,102.17307225440321,3.0288472902982524,24,8.0,4.9399999999999995,161.9433198380567,136.0544217687075,0.0,False,,,,,,,,,,,,,,,,,,,,,,,,,,,,,,,,9|75|103|106|107,70|94|96|99|129,True,True,4
1451_026,1451,regular_season,4,2561.0,2604.0,43.0,True,True,6,10861|16|54|57|58,10879|14707|43|44|8889,2.0,0.0,2.0,2.0,3.0,319.0,False,False,105.20191954470145,102.17307225440321,3.0288472902982524,24,2.0,2.0,100.0,100.0,0.0,False,,,,,,,,,,,,,,,,,,,,,,,,,,,,,,,,9|75|103|106|107,26|70|96|97|129,True,True,4
1451_027,1451,regular_season,4,2604.0,2686.0,82.0,True,True,6,10861|16|54|57|58,10879|10880|40|43|8889,2.0,3.0,3.0,3.0,5.0,276.0,False,False,105.20191954470145,102.17307225440321,3.0288472902982524,24,-1.0,3.0,-33.333333333333336,66.66666666666667,100.0,False,,,,,,,,,,,,,,,,,,,,,,,,,,,,,,,,9|75|103|106|107,26|27|94|96|129,True,True,4
1451_028,1451,regular_season,4,2686.0,2871.0,185.0,True,True,6,10861|16|54|57|58,10879|10880|43|48|8889,4.0,5.0,5.76,6.0,4.0,194.0,False,False,105.20191954470145,102.17307225440321,3.0288472902982524,24,-1.0,5.88,-17.006802721088437,69.44444444444444,83.33333333333333,False,,,,,,,,,,,,,,,,,,,,,,,,,,,,,,,,9|75|103|106|107,26|27|96|100|129,True,True,4
1451_029,1451,regular_season,4,2871.0,2871.0,0.0,True,True,6,10861|16|54|57|58,10879|10880|43|44|48,0.0,0.0,0.0,0.0,3.0,9.0,False,False,105.20191954470145,102.17307225440321,3.0288472902982524,24,0.0,0.0,,,,False,,,,,,,,,,,,,,,,,,,,,,,,,,,,,,,,9|75|103|106|107,26|27|96|97|100,True,False,4
1451_030,1451,regular_season,4,2871.0,2880.0,9.0,True,True,6,10861|16|54|57|58,10880|14707|43|44|48,0.0,0.0,0.0,1.0,3.0,9.0,False,False,105.20191954470145,102.17307225440321,3.0288472902982524,24,0.0,0.5,0.0,,0.0,False,,,,,,,,,,,,,,,,,,,,,,,,,,,,,,,,9|75|103|106|107,27|70|96|97|100,True,True,4
1452_001,1452,regular_season,1,0.0,334.0,334.0,True,False,7,10861|3129|54|57|68,10873|10875|14303|28|29,18.0,17.0,11.32,10.32,0.0,2880.0,False,False,106.23775854472575,104.58376116594164,1.6539973787841098,26,1.0,10.82,9.242144177449168,159.01060070671377,164.72868217054264,False,,,,,,,,,,,,,,,,,,,,,,,,,,,,,,,,9|87|103|106|112,20|22|68|84|85,True,True,0
1452_002,1452,regular_season,1,334.0,382.0,48.0,True,False,7,10861|12|3129|54|68,10872|10875|14303|28|29,2.0,0.0,1.0,2.0,1.0,2546.0,False,False,106.23775854472575,104.58376116594164,1.6539973787841098,26,2.0,1.5,133.33333333333334,200.0,0.0,False,,,,,,,,,,,,,,,,,,,,,,,,,,,,,,,,9|50|87|103|112,19|22|68|84|85,True,True,0
1452_003,1452,regular_season,1,382.0,388.0,6.0,True,False,7,10860|12|54|58|68,10872|14038|14303|28|29,0.0,0.0,0.0,0.0,3.0,2498.0,False,False,106.23775854472575,104.58376116594164,1.6539973787841098,26,0.0,0.0,,,,True,0.0,0.0,0.0,0.0,0.0,0.0,0.0,0.0,0.0,0.0,0.0,0.0,0.0,0.0,0.0,0.0,0.0,0.0,0.0,0.0,0.0,0.0,0.0,0.0,0.0,0.0,0.0,0.0,0.0,0.0,,8|50|103|107|112,19|67|68|84|85,True,True,0
1452_004,1452,regular_season,1,388.0,538.0,150.0,True,False,7,10860|12|54|58|68,10872|10873|14038|14303|29,3.0,10.0,5.0,5.0,3.0,2492.0,False,False,106.23775854472575,104.58376116594164,1.6539973787841098,26,-7.0,5.0,-140.0,60.0,200.0,True,0.0,1.0,0.0,1.0,0.0,0.0,0.0,0.0,0.0,1.0,0.0,0.0,0.0,0.0,0.0,0.0,0.0,0.0,0.0,0.0,0.0,0.0,1.0,0.0,0.0,0.0,0.0,0.0,1.0,1.0,0.2,8|50|103|107|112,19|20|67|68|85,True,True,0
1452_005,1452,regular_season,1,538.0,567.0,29.0,True,False,7,10860|10861|12|58|62,10872|10873|10874|14038|14303,0.0,0.0,1.0,0.0,-4.0,2342.0,False,False,106.23775854472575,104.58376116594164,1.6539973787841098,26,0.0,0.5,0.0,0.0,,True,0.0,0.0,0.0,0.0,0.0,0.0,0.0,0.0,0.0,0.0,0.0,0.0,0.0,0.0,0.0,0.0,0.0,0.0,0.0,0.0,0.0,0.0,0.0,0.0,0.0,0.0,0.0,0.0,0.0,0.0,0.0,8|9|50|107|110,19|20|21|67|68,True,True,0
1452_006,1452,regular_season,1,567.0,720.0,153.0,True,False,7,10860|10861|12|58|62,10872|10873|10874|10875|14038,6.0,8.0,6.0,6.32,-4.0,2313.0,False,False,106.23775854472575,104.58376116594164,1.6539973787841098,26,-2.0,6.16,-32.467532467532465,100.0,126.58227848101265,True,2.0,2.0,1.0,2.0,1.0,0.0,0.0,0.0,0.0,0.0,0.0,0.0,0.0,0.0,0.0,0.0,1.0,0.0,1.0,0.0,1.0,1.0,0.0,0.0,0.0,0.0,0.0,0.0,2.0,2.0,0.3333333333333333,8|9|50|107|110,19|20|21|22|67,True,True,0
1452_007,1452,regular_season,2,720.0,737.0,17.0,True,False,7,10860|10861|12|58|62,10872|10873|10874|10875|14038,0.0,0.0,0.0,1.0,-6.0,2160.0,False,False,106.23775854472575,104.58376116594164,1.6539973787841098,26,0.0,0.5,0.0,,0.0,True,0.0,0.0,0.0,0.0,0.0,0.0,0.0,0.0,0.0,0.0,0.0,0.0,0.0,0.0,0.0,0.0,0.0,0.0,0.0,0.0,0.0,0.0,0.0,0.0,0.0,0.0,0.0,0.0,0.0,0.0,,8|9|50|107|110,19|20|21|22|67,True,True,0
1452_008,1452,regular_season,2,737.0,846.0,109.0,True,False,7,10860|10861|12|58|62,10872|10874|14038|14303|29,6.0,3.0,4.32,3.44,-6.0,2143.0,False,False,106.23775854472575,104.58376116594164,1.6539973787841098,26,3.0,3.88,77.31958762886597,138.88888888888889,87.20930232558139,True,1.0,0.0,0.0,0.0,0.0,0.0,0.0,2.0,1.0,0.0,1.0,0.0,0.0,0.0,1.0,0.0,0.0,0.0,0.0,0.0,0.0,0.0,0.0,0.0,0.0,0.0,0.0,0.0,0.88,1.88,0.4351851851851851,8|9|50|107|110,19|21|67|68|85,True,True,0
1452_009,1452,regular_season,2,846.0,956.0,110.0,True,False,7,10860|10861|12|58|62,10873|10874|14038|14303|29,4.0,0.0,3.0,4.0,-3.0,2034.0,False,False,106.23775854472575,104.58376116594164,1.6539973787841098,26,4.0,3.5,114.28571428571429,133.33333333333334,0.0,True,4.0,2.0,2.0,2.0,2.0,0.0,0.0,0.0,0.0,1.0,2.0,0.0,0.0,0.0,0.0,0.0,0.0,2.0,1.0,1.0,0.0,0.0,1.0,1.0,0.0,0.0,0.0,0.0,2.0,2.0,0.6666666666666666,8|9|50|107|110,20|21|67|68|85,True,True,0
1452_010,1452,regular_season,2,956.0,1037.0,81.0,True,False,7,10860|12|58|62|68,10873|10875|14303|28|29,5.0,0.0,3.0,2.0,1.0,1924.0,False,False,106.23775854472575,104.58376116594164,1.6539973787841098,26,5.0,2.5,200.0,166.66666666666666,0.0,True,0.0,0.0,0.0,0.0,0.0,0.0,0.0,0.0,0.0,0.0,0.0,0.0,0.0,0.0,0.0,0.0,0.0,0.0,0.0,0.0,0.0,0.0,0.0,0.0,0.0,0.0,0.0,0.0,0.0,0.0,0.0,8|50|107|110|112,20|22|68|84|85,True,True,0
1452_011,1452,regular_season,2,1037.0,1127.0,90.0,True,False,7,10860|54|58|62|68,10872|10875|14303|28|29,4.0,4.0,2.88,3.0,6.0,1843.0,False,False,106.23775854472575,104.58376116594164,1.6539973787841098,26,0.0,2.94,0.0,138.88888888888889,133.33333333333334,True,4.0,2.0,2.0,2.0,2.0,0.0,0.0,2.0,0.0,1.0,1.0,0.0,0.0,1.0,0.0,0.0,0.0,2.0,1.0,1.0,1.0,1.0,0.0,0.0,0.0,0.0,0.0,0.0,2.88,2.88,1.0,8|103|107|110|112,19|22|68|84|85,True,True,0
1452_012,1452,regular_season,2,1127.0,1135.0,8.0,True,False,7,10860|54|57|58|68,10872|10875|14303|28|29,0.0,0.0,0.0,0.0,6.0,1753.0,False,False,106.23775854472575,104.58376116594164,1.6539973787841098,26,0.0,0.0,,,,True,0.0,1.0,0.0,1.0,0.0,0.0,0.0,0.0,0.0,1.0,0.0,0.0,0.0,0.0,0.0,0.0,0.0,0.0,0.0,0.0,1.0,0.0,0.0,0.0,0.0,0.0,0.0,0.0,1.0,1.0,,8|103|106|107|112,19|22|68|84|85,True,True,0
1452_013,1452,regular_season,2,1135.0,1175.0,40.0,True,False,7,10861|54|57|58|68,10872|14038|14303|25|29,2.0,5.0,1.0,2.44,6.0,1745.0,False,False,106.23775854472575,104.58376116594164,1.6539973787841098,26,-3.0,1.72,-174.41860465116278,200.0,204.91803278688525,False,,,,,,,,,,,,,,,,,,,,,,,,,,,,,,,,9|103|106|107|112,19|67|68|82|85,True,True,0
1452_014,1452,regular_season,2,1175.0,1281.0,106.0,True,False,7,10861|3129|54|57|68,10872|14038|14303|25|29,5.0,2.0,2.88,2.0,3.0,1705.0,False,False,106.23775854472575,104.58376116594164,1.6539973787841098,26,3.0,2.44,122.95081967213115,173.61111111111111,100.0,False,,,,,,,,,,,,,,,,,,,,,,,,,,,,,,,,9|87|103|106|112,19|67|68|82|85,True,True,0
1452_015,1452,regular_season,2,1281.0,1316.0,35.0,True,False,7,10861|3129|54|57|68,10872|10875|14038|25|29,3.0,2.0,1.44,1.0,6.0,1599.0,False,False,106.23775854472575,104.58376116594164,1.6539973787841098,26,1.0,1.22,81.9672131147541,208.33333333333334,200.0,False,,,,,,,,,,,,,,,,,,,,,,,,,,,,,,,,9|87|103|106|112,19|22|67|82|85,True,True,0
1452_016,1452,regular_season,2,1316.0,1406.0,90.0,True,False,7,10861|3129|54|57|68,10872|10875|14038|28|29,4.0,4.0,3.0,4.44,7.0,1564.0,False,False,106.23775854472575,104.58376116594164,1.6539973787841098,26,0.0,3.72,0.0,133.33333333333334,90.09009009009009,False,,,,,,,,,,,,,,,,,,,,,,,,,,,,,,,,9|87|103|106|112,19|22|67|84|85,True,True,0
1452_017,1452,regular_season,2,1406.0,1440.0,34.0,True,False,7,10861|54|57|62|68,10872|10873|10875|14303|29,2.0,3.0,1.0,0.88,7.0,1474.0,False,False,106.23775854472575,104.58376116594164,1.6539973787841098,26,-1.0,0.94,-106.38297872340426,200.0,340.90909090909093,False,,,,,,,,,,,,,,,,,,,,,,,,,,,,,,,,9|103|106|110|112,19|20|22|68|85,True,True,0
1452_018,1452,regular_season,3,1440.0,1556.0,116.0,True,False,7,10860|3129|54|57|68,10873|10875|14303|28|29,3.0,2.0,3.0,4.0,6.0,1440.0,False,False,106.23775854472575,104.58376116594164,1.6539973787841098,26,1.0,3.5,28.571428571428573,100.0,50.0,True,0.0,0.0,0.0,0.0,0.0,0.0,0.0,0.0,0.0,0.0,0.0,0.0,0.0,0.0,0.0,0.0,0.0,0.0,0.0,0.0,0.0,0.0,0.0,0.0,0.0,0.0,0.0,0.0,0.0,0.0,0.0,8|87|103|106|112,20|22|68|84|85,True,True,0
1452_019,1452,regular_season,3,1556.0,1656.0,100.0,True,False,7,10860|3129|54|57|68,10872|10873|14038|14303|29,6.0,0.0,2.88,2.0,7.0,1324.0,False,False,106.23775854472575,104.58376116594164,1.6539973787841098,26,6.0,2.44,245.9016393442623,208.33333333333334,0.0,True,0.0,0.0,0.0,0.0,0.0,0.0,0.0,0.0,0.0,0.0,2.0,0.0,0.0,0.0,0.0,0.0,0.0,0.0,0.0,0.0,0.0,0.0,0.0,0.0,0.0,0.0,0.0,0.0,0.0,0.0,0.0,8|87|103|106|112,19|20|67|68|85,True,True,0
1452_020,1452,regular_season,3,1656.0,1689.0,33.0,True,False,7,10860|3129|54|57|68,10872|10874|14038|14303|29,0.0,1.0,1.0,0.88,13.0,1224.0,False,False,106.23775854472575,104.58376116594164,1.6539973787841098,26,-1.0,0.94,-106.38297872340426,0.0,113.63636363636364,True,0.0,0.0,0.0,0.0,0.0,0.0,0.0,0.0,0.0,0.0,1.0,0.0,0.0,0.0,0.0,0.0,0.0,0.0,0.0,0.0,0.0,0.0,0.0,0.0,0.0,0.0,0.0,0.0,0.0,0.0,0.0,8|87|103|106|112,19|21|67|68|85,True,True,0
1452_021,1452,regular_season,3,1689.0,1712.0,23.0,True,False,7,10860|3129|54|57|68,10874|14038|14303|25|29,2.0,2.0,0.88,1.0,12.0,1191.0,False,False,106.23775854472575,104.58376116594164,1.6539973787841098,26,0.0,0.94,0.0,227.27272727272728,200.0,True,0.0,0.0,0.0,0.0,0.0,0.0,0.0,0.0,0.0,0.0,0.0,0.0,0.0,0.0,0.0,0.0,0.0,0.0,0.0,0.0,0.0,0.0,0.0,0.0,0.0,0.0,0.0,0.0,0.0,0.0,0.0,8|87|103|106|112,21|67|68|82|85,True,True,0
1452_022,1452,regular_season,3,1712.0,1749.0,37.0,True,False,7,10860|3129|54|57|68,10874|14038|14303|28|29,2.0,1.0,1.0,1.88,12.0,1168.0,False,False,106.23775854472575,104.58376116594164,1.6539973787841098,26,1.0,1.44,69.44444444444444,200.0,53.19148936170213,True,0.0,0.0,0.0,0.0,0.0,0.0,0.0,0.0,0.0,0.0,0.0,0.0,1.0,0.0,0.0,1.0,0.0,0.0,0.0,0.0,0.0,0.0,0.0,0.0,0.0,0.0,0.0,0.0,0.0,0.0,0.0,8|87|103|106|112,21|67|68|84|85,True,True,0
1452_023,1452,regular_season,3,1749.0,1809.0,60.0,True,False,7,10860|54|57|62|68,10874|14038|14303|28|29,4.0,3.0,2.88,2.0,13.0,1131.0,False,False,106.23775854472575,104.58376116594164,1.6539973787841098,26,1.0,2.44,40.98360655737705,138.88888888888889,150.0,True,2.0,2.0,1.0,2.0,1.0,0.0,0.0,0.0,0.0,0.0,0.0,0.0,0.0,0.0,0.0,0.0,1.0,0.0,1.0,0.0,1.0,1.0,0.0,0.0,0.0,0.0,0.0,0.0,2.0,2.0,0.6944444444444444,8|103|106|110|112,21|67|68|84|85,True,True,0
1452_024,1452,regular_season,3,1809.0,1911.0,102.0,True,False,7,10861|54|57|62|68,14038|14303|25|28|29,4.0,2.0,3.88,4.0,14.0,1071.0,False,False,106.23775854472575,104.58376116594164,1.6539973787841098,26,2.0,3.94,50.76142131979695,103.09278350515464,50.0,False,,,,,,,,,,,,,,,,,,,,,,,,,,,,,,,,9|103|106|110|112,67|68|82|84|85,True,True,0
1452_025,1452,regular_season,3,1911.0,2049.0,138.0,True,False,7,10861|12|54|62|68,10872|10875|14303|24|29,3.0,5.0,2.88,4.0,16.0,969.0,False,False,106.23775854472575,104.58376116594164,1.6539973787841098,26,-2.0,3.44,-58.139534883720934,104.16666666666667,125.0,False,,,,,,,,,,,,,,,,,,,,,,,,,,,,,,,,9|50|103|110|112,19|22|68|81|85,True,True,0
1452_026,1452,regular_season,3,2049.0,2103.0,54.0,True,False,7,10860|10861|12|58|62,10872|10875|14303|24|29,5.0,3.0,2.0,1.0,14.0,831.0,False,False,106.23775854472575,104.58376116594164,1.6539973787841098,26,2.0,1.5,133.33333333333334,250.0,300.0,True,0.0,0.0,0.0,0.0,0.0,0.0,0.0,0.0,0.0,0.0,0.0,0.0,0.0,0.0,0.0,0.0,0.0,0.0,0.0,0.0,0.0,0.0,0.0,0.0,0.0,0.0,0.0,0.0,0.0,0.0,0.0,8|9|50|107|110,19|22|68|81|85,True,True,0
1452_027,1452,regular_season,3,2103.0,2160.0,57.0,True,False,7,10860|10861|12|58|62,10872|10873|10874|10875|14038,1.0,0.0,1.88,2.0,16.0,777.0,False,False,106.23775854472575,104.58376116594164,1.6539973787841098,26,1.0,1.94,51.54639175257732,53.19148936170213,0.0,True,0.0,0.0,0.0,0.0,0.0,0.0,0.0,0.0,0.0,0.0,1.0,0.0,0.0,0.0,0.0,0.0,0.0,0.0,0.0,0.0,0.0,0.0,0.0,0.0,0.0,0.0,0.0,0.0,0.0,0.0,0.0,8|9|50|107|110,19|20|21|22|67,True,True,0
1452_028,1452,regular_season,4,2160.0,2244.0,84.0,True,False,7,10860|10861|12|58|62,10872|10873|10874|10875|14303,0.0,0.0,4.0,3.0,17.0,720.0,False,False,106.23775854472575,104.58376116594164,1.6539973787841098,26,0.0,3.5,0.0,0.0,0.0,True,0.0,0.0,0.0,0.0,0.0,0.0,0.0,0.0,0.0,0.0,2.0,0.0,0.0,0.0,0.0,0.0,0.0,0.0,0.0,0.0,0.0,0.0,0.0,0.0,0.0,0.0,0.0,0.0,0.0,0.0,0.0,8|9|50|107|110,19|20|21|22|68,True,True,0
1452_029,1452,regular_season,4,2244.0,2320.0,76.0,True,False,7,10860|10861|12|58|62,10873|10874|10875|14303|29,1.0,2.0,3.88,4.0,17.0,636.0,False,False,106.23775854472575,104.58376116594164,1.6539973787841098,26,-1.0,3.94,-25.380710659898476,25.77319587628866,50.0,True,0.0,0.0,0.0,0.0,0.0,0.0,0.0,0.0,0.0,0.0,0.0,0.0,1.0,0.0,0.0,0.0,0.0,0.0,0.0,0.0,0.0,0.0,0.0,0.0,0.0,0.0,0.0,0.0,0.0,0.0,0.0,8|9|50|107|110,20|21|22|68|85,True,True,0
1452_030,1452,regular_season,4,2320.0,2378.0,58.0,True,False,7,10860|12|57|62|68,10873|10874|14038|14303|29,2.0,0.0,3.76,2.0,16.0,560.0,False,False,106.23775854472575,104.58376116594164,1.6539973787841098,26,2.0,2.88,69.44444444444444,53.19148936170213,0.0,True,2.0,0.0,0.0,0.0,0.0,0.0,0.0,2.0,2.0,0.0,1.0,0.0,0.0,0.0,1.0,0.0,0.0,0.0,0.0,0.0,0.0,0.0,0.0,0.0,0.0,0.0,0.0,0.0,0.88,1.88,0.5,8|50|106|110|112,20|21|67|68|85,True,True,0
1452_031,1452,regular_season,4,2378.0,2473.0,95.0,True,False,7,10860|12|57|62|68,10872|10874|14038|14303|29,3.0,4.0,1.0,2.88,18.0,502.0,False,False,106.23775854472575,104.58376116594164,1.6539973787841098,26,-1.0,1.94,-51.54639175257732,300.0,138.88888888888889,True,0.0,0.0,0.0,0.0,0.0,0.0,0.0,0.0,0.0,1.0,0.0,0.0,0.0,0.0,0.0,1.0,0.0,0.0,0.0,0.0,0.0,0.0,0.0,0.0,0.0,0.0,0.0,0.0,0.0,0.0,0.0,8|50|106|110|112,19|21|67|68|85,True,True,0
1452_032,1452,regular_season,4,2473.0,2719.0,246.0,True,False,7,10860|54|57|62|68,10872|10874|14038|14303|29,9.0,13.0,8.0,7.0,17.0,407.0,False,False,106.23775854472575,104.58376116594164,1.6539973787841098,26,-4.0,7.5,-53.333333333333336,112.5,185.71428571428572,True,4.0,4.0,2.0,3.0,2.0,1.0,0.0,0.0,0.0,0.0,1.0,1.0,0.0,0.0,0.0,0.0,2.0,0.0,1.0,0.0,2.0,2.0,0.0,0.0,0.0,0.0,1.0,0.0,4.0,4.0,0.5,8|103|106|110|112,19|21|67|68|85,True,True,0
1452_033,1452,regular_season,4,2719.0,2745.0,26.0,True,False,7,10860|3129|54|57|68,10872|10874|10875|14038|29,2.0,0.0,0.0,1.0,13.0,161.0,False,False,106.23775854472575,104.58376116594164,1.6539973787841098,26,2.0,0.5,400.0,,0.0,True,0.0,0.0,0.0,0.0,0.0,0.0,0.0,0.0,0.0,1.0,0.0,0.0,0.0,0.0,0.0,0.0,0.0,0.0,0.0,0.0,0.0,0.0,0.0,0.0,0.0,0.0,0.0,0.0,0.0,0.0,,8|87|103|106|112,19|21|22|67|85,True,True,0
1452_034,1452,regular_season,4,2745.0,2829.0,84.0,True,False,7,10860|3129|54|57|68,10872|10873|10874|10875|14303,5.0,2.0,3.44,2.0,15.0,135.0,False,False,106.23775854472575,104.58376116594164,1.6539973787841098,26,3.0,2.7199999999999998,110.29411764705884,145.34883720930233,100.0,True,3.0,2.0,1.0,2.0,1.0,0.0,0.0,1.0,1.0,0.0,0.0,0.0,0.0,0.0,0.0,0.0,0.0,1.0,2.0,1.0,0.0,0.0,0.0,0.0,0.0,0.0,0.0,0.0,2.44,2.44,0.7093023255813954,8|87|103|106|112,19|20|21|22|68,True,True,0
1452_035,1452,regular_season,4,2829.0,2854.0,25.0,True,False,7,10884|12|3129|55|64,10871|10873|10875|19|24,0.0,0.0,1.0,1.0,18.0,51.0,False,False,106.23775854472575,104.58376116594164,1.6539973787841098,26,0.0,1.0,0.0,0.0,0.0,False,,,,,,,,,,,,,,,,,,,,,,,,,,,,,,,,31|50|87|104|111,18|20|22|76|81,True,True,0
1452_036,1452,regular_season,4,2854.0,2880.0,26.0,True,False,7,10884|55|56|60|64,10871|10873|10875|19|24,0.0,2.0,1.0,1.0,18.0,26.0,False,False,106.23775854472575,104.58376116594164,1.6539973787841098,26,-2.0,1.0,-200.0,0.0,200.0,False,,,,,,,,,,,,,,,,,,,,,,,,,,,,,,,,31|104|105|109|111,18|20|22|76|81,True,True,0
1455_001,1455,regular_season,1,0.0,268.0,268.0,True,True,4,10861|3129|54|57|68,10885|10887|13778|75|76,10.0,7.0,8.0,8.76,0.0,2880.0,False,False,102.89064040188134,100.04139962405513,2.8492407778261946,23,3.0,8.379999999999999,35.79952267303103,125.0,79.90867579908677,False,,,,,,,,,,,,,,,,,,,,,,,,,,,,,,,,9|87|103|106|112,32|34|62|116|117,True,True,1
1455_002,1455,regular_season,1,268.0,382.0,114.0,True,True,4,16|3129|54|57|68,10885|10887|13778|75|76,2.0,7.0,4.0,3.0,3.0,2612.0,False,False,102.89064040188134,100.04139962405513,2.8492407778261946,23,-5.0,3.5,-142.85714285714286,50.0,233.33333333333334,False,,,,,,,,,,,,,,,,,,,,,,,,,,,,,,,,75|87|103|106|112,32|34|62|116|117,True,True,1
1455_003,1455,regular_season,1,382.0,499.0,117.0,True,True,4,16|54|57|58|68,10887|14843|75|76|90,7.0,7.0,4.32,4.0,-2.0,2498.0,False,False,102.89064040188134,100.04139962405513,2.8492407778261946,23,0.0,4.16,0.0,162.03703703703704,175.0,False,,,,,,,,,,,,,,,,,,,,,,,,,,,,,,,,75|103|106|107|112,34|71|116|117|132,True,True,1
1455_004,1455,regular_season,1,499.0,617.0,118.0,True,True,4,16|54|58|62|68,10887|14843|75|76|90,8.0,5.0,3.0,4.0,-2.0,2381.0,False,False,102.89064040188134,100.04139962405513,2.8492407778261946,23,3.0,3.5,85.71428571428571,266.6666666666667,125.0,False,,,,,,,,,,,,,,,,,,,,,,,,,,,,,,,,75|103|107|110|112,34|71|116|117|132,True,True,1
1455_005,1455,regular_season,1,617.0,661.0,44.0,True,True,4,10861|12|16|58|62,13778|14843|75|80|90,2.0,0.0,1.0,1.0,1.0,2263.0,False,False,102.89064040188134,100.04139962405513,2.8492407778261946,23,2.0,1.0,200.0,200.0,0.0,False,,,,,,,,,,,,,,,,,,,,,,,,,,,,,,,,9|50|75|107|110,62|71|116|121|132,True,True,1
1455_006,1455,regular_season,1,661.0,689.0,28.0,True,True,4,10861|12|16|58|62,13778|14843|75|80|87,0.0,0.0,1.0,1.0,3.0,2219.0,False,False,102.89064040188134,100.04139962405513,2.8492407778261946,23,0.0,1.0,0.0,0.0,0.0,False,,,,,,,,,,,,,,,,,,,,,,,,,,,,,,,,9|50|75|107|110,62|71|116|121|127,True,True,1
1455_007,1455,regular_season,1,689.0,720.0,31.0,True,True,4,10861|12|16|58|62,10885|13778|14843|80|87,2.0,2.0,1.0,1.0,3.0,2191.0,False,False,102.89064040188134,100.04139962405513,2.8492407778261946,23,0.0,1.0,0.0,200.0,200.0,False,,,,,,,,,,,,,,,,,,,,,,,,,,,,,,,,9|50|75|107|110,32|62|71|121|127,True,True,1
1455_008,1455,regular_season,2,720.0,770.0,50.0,True,True,4,10861|12|16|58|62,10885|13778|14843|80|87,0.0,0.0,2.0,1.88,3.0,2160.0,False,False,102.89064040188134,100.04139962405513,2.8492407778261946,23,0.0,1.94,0.0,0.0,0.0,False,,,,,,,,,,,,,,,,,,,,,,,,,,,,,,,,9|50|75|107|110,32|62|71|121|127,True,True,1
1455_009,1455,regular_season,2,770.0,950.0,180.0,True,True,4,10861|12|16|55|58,10885|13778|14843|80|87,7.0,5.0,6.76,5.88,3.0,2110.0,False,False,102.89064040188134,100.04139962405513,2.8492407778261946,23,2.0,6.32,31.645569620253163,103.55029585798817,85.03401360544218,False,,,,,,,,,,,,,,,,,,,,,,,,,,,,,,,,9|50|75|104|107,32|62|71|121|127,True,True,1
1455_010,1455,regular_season,2,950.0,977.0,27.0,True,True,4,10861|12|54|58|68,10885|10887|14843|76|87,0.0,0.0,1.0,1.0,5.0,1930.0,False,False,102.89064040188134,100.04139962405513,2.8492407778261946,23,0.0,1.0,0.0,0.0,0.0,False,,,,,,,,,,,,,,,,,,,,,,,,,,,,,,,,9|50|103|107|112,32|34|71|117|127,True,True,1
1455_011,1455,regular_season,2,977.0,1005.0,28.0,True,True,4,12|16|54|58|68,10885|10887|14843|76|87,3.0,1.0,1.0,0.88,5.0,1903.0,False,False,102.89064040188134,100.04139962405513,2.8492407778261946,23,2.0,0.94,212.76595744680853,300.0,113.63636363636364,False,,,,,,,,,,,,,,,,,,,,,,,,,,,,,,,,50|75|103|107|112,32|34|71|117|127,True,True,1
1455_012,1455,regular_season,2,1005.0,1028.0,23.0,True,True,4,12|16|54|58|68,10885|10887|14843|75|76,2.0,2.0,0.88,0.88,7.0,1875.0,False,False,102.89064040188134,100.04139962405513,2.8492407778261946,23,0.0,0.88,0.0,227.27272727272728,227.27272727272728,False,,,,,,,,,,,,,,,,,,,,,,,,,,,,,,,,50|75|103|107|112,32|34|71|116|117,True,True,1
1455_013,1455,regular_season,2,1028.0,1108.0,80.0,True,True,4,12|16|54|58|68,10885|10887|13778|75|76,3.0,2.0,2.44,3.0,7.0,1852.0,False,False,102.89064040188134,100.04139962405513,2.8492407778261946,23,1.0,2.7199999999999998,36.76470588235294,122.95081967213115,66.66666666666667,False,,,,,,,,,,,,,,,,,,,,,,,,,,,,,,,,50|75|103|107|112,32|34|62|116|117,True,True,1
1455_014,1455,regular_season,2,1108.0,1169.0,61.0,True,True,4,16|54|57|58|68,10885|10887|13778|75|76,5.0,5.0,2.0,1.88,8.0,1772.0,False,False,102.89064040188134,100.04139962405513,2.8492407778261946,23,0.0,1.94,0.0,250.0,265.95744680851067,False,,,,,,,,,,,,,,,,,,,,,,,,,,,,,,,,75|103|106|107|112,32|34|62|116|117,True,True,1
1455_015,1455,regular_season,2,1169.0,1318.0,149.0,True,True,4,16|3129|54|57|68,10885|10887|13778|75|76,2.0,6.0,5.0,2.88,8.0,1711.0,False,False,102.89064040188134,100.04139962405513,2.8492407778261946,23,-4.0,3.94,-101.5228426395939,40.0,208.33333333333334,False,,,,,,,,,,,,,,,,,,,,,,,,,,,,,,,,75|87|103|106|112,32|34|62|116|117,True,True,1
1455_016,1455,regular_season,2,1318.0,1391.0,73.0,True,True,4,16|54|57|62|68,10885|10887|13778|75|76,3.0,2.0,2.0,3.0,4.0,1562.0,False,False,102.89064040188134,100.04139962405513,2.8492407778261946,23,1.0,2.5,40.0,150.0,66.66666666666667,False,,,,,,,,,,,,,,,,,,,,,,,,,,,,,,,,75|103|106|110|112,32|34|62|116|117,True,True,1
1455_017,1455,regular_season,2,1391.0,1429.0,38.0,True,True,4,16|54|57|62|68,10885|10887|75|76|87,2.0,1.0,2.0,0.88,5.0,1489.0,False,False,102.89064040188134,100.04139962405513,2.8492407778261946,23,1.0,1.44,69.44444444444444,100.0,113.63636363636364,False,,,,,,,,,,,,,,,,,,,,,,,,,,,,,,,,75|103|106|110|112,32|34|116|117|127,True,True,1
1455_018,1455,regular_season,2,1429.0,1440.0,11.0,True,True,4,10884|16|3129|57|68,10887|14843|75|76|87,3.0,2.0,1.0,0.88,6.0,1451.0,False,False,102.89064040188134,100.04139962405513,2.8492407778261946,23,1.0,0.94,106.38297872340426,300.0,227.27272727272728,False,,,,,,,,,,,,,,,,,,,,,,,,,,,,,,,,31|75|87|106|112,34|71|116|117|127,True,True,1
1455_019,1455,regular_season,3,1440.0,1652.0,212.0,True,True,4,16|3129|54|57|68,10885|10887|14843|75|76,10.0,10.0,7.0,7.640000000000001,7.0,1440.0,False,False,102.89064040188134,100.04139962405513,2.8492407778261946,23,0.0,7.32,0.0,142.85714285714286,130.89005235602093,False,,,,,,,,,,,,,,,,,,,,,,,,,,,,,,,,75|87|103|106|112,32|34|71|116|117,True,True,1
1455_020,1455,regular_season,3,1652.0,1762.0,110.0,True,True,4,16|3129|54|57|68,10885|10887|13778|75|76,10.0,3.0,4.32,4.44,7.0,1228.0,False,False,102.89064040188134,100.04139962405513,2.8492407778261946,23,7.0,4.380000000000001,159.81735159817347,231.48148148148147,67.56756756756756,False,,,,,,,,,,,,,,,,,,,,,,,,,,,,,,,,75|87|103|106|112,32|34|62|116|117,True,True,1
1455_021,1455,regular_season,3,1762.0,1802.0,40.0,True,True,4,16|3129|54|57|68,10887|13778|75|76|87,5.0,0.0,2.0,1.0,14.0,1118.0,False,False,102.89064040188134,100.04139962405513,2.8492407778261946,23,5.0,1.5,333.3333333333333,250.0,0.0,False,,,,,,,,,,,,,,,,,,,,,,,,,,,,,,,,75|87|103|106|112,34|62|116|117|127,True,True,1
1455_022,1455,regular_season,3,1802.0,1852.0,50.0,True,True,4,16|3129|54|58|68,10887|14843|75|76|87,0.0,5.0,1.0,1.88,19.0,1078.0,False,False,102.89064040188134,100.04139962405513,2.8492407778261946,23,-5.0,1.44,-347.22222222222223,0.0,265.95744680851067,False,,,,,,,,,,,,,,,,,,,,,,,,,,,,,,,,75|87|103|107|112,34|71|116|117|127,True,True,1
1455_023,1455,regular_season,3,1852.0,1889.0,37.0,True,True,4,12|16|54|58|68,10887|14843|75|76|87,2.0,0.0,1.0,1.0,14.0,1028.0,False,False,102.89064040188134,100.04139962405513,2.8492407778261946,23,2.0,1.0,200.0,200.0,0.0,False,,,,,,,,,,,,,,,,,,,,,,,,,,,,,,,,50|75|103|107|112,34|71|116|117|127,True,True,1
1455_024,1455,regular_season,3,1889.0,1978.0,89.0,True,True,4,10861|12|54|58|68,10887|14843|75|76|87,3.0,4.0,4.0,4.32,16.0,991.0,False,False,102.89064040188134,100.04139962405513,2.8492407778261946,23,-1.0,4.16,-24.038461538461537,75.0,92.59259259259258,False,,,,,,,,,,,,,,,,,,,,,,,,,,,,,,,,9|50|103|107|112,34|71|116|117|127,True,True,1
1455_025,1455,regular_season,3,1978.0,2027.0,49.0,True,True,4,10861|12|54|58|68,10887|14843|14982|75|87,2.0,5.0,2.0,2.44,15.0,902.0,False,False,102.89064040188134,100.04139962405513,2.8492407778261946,23,-3.0,2.2199999999999998,-135.13513513513516,100.0,204.91803278688525,False,,,,,,,,,,,,,,,,,,,,,,,,,,,,,,,,9|50|103|107|112,34|71|74|116|127,True,True,1
1455_026,1455,regular_season,3,2027.0,2160.0,133.0,True,True,4,10861|12|16|58|62,10887|14843|14982|87|88,1.0,6.0,5.88,5.88,12.0,853.0,False,False,102.89064040188134,100.04139962405513,2.8492407778261946,23,-5.0,5.88,-85.03401360544218,17.006802721088437,102.04081632653062,False,,,,,,,,,,,,,,,,,,,,,,,,,,,,,,,,9|50|75|107|110,34|71|74|127|128,True,True,1
1455_027,1455,regular_season,4,2160.0,2261.0,101.0,True,True,4,10861|12|16|58|62,10887|14843|14982|87|88,2.0,5.0,3.0,2.0,7.0,720.0,False,False,102.89064040188134,100.04139962405513,2.8492407778261946,23,-3.0,2.5,-120.0,66.66666666666667,250.0,False,,,,,,,,,,,,,,,,,,,,,,,,,,,,,,,,9|50|75|107|110,34|71|74|127|128,True,True,1
1455_028,1455,regular_season,4,2261.0,2385.0,124.0,True,True,4,16|54|58|62|68,10887|14843|14982|87|88,5.0,4.0,4.0,4.0,4.0,619.0,False,False,102.89064040188134,100.04139962405513,2.8492407778261946,23,1.0,4.0,25.0,125.0,100.0,False,,,,,,,,,,,,,,,,,,,,,,,,,,,,,,,,75|103|107|110|112,34|71|74|127|128,True,True,1
1455_029,1455,regular_season,4,2385.0,2515.0,130.0,True,True,4,10861|54|57|58|68,10887|13778|14982|75|88,5.0,2.0,4.32,5.44,5.0,495.0,False,False,102.89064040188134,100.04139962405513,2.8492407778261946,23,3.0,4.880000000000001,61.475409836065566,115.74074074074073,36.76470588235294,False,,,,,,,,,,,,,,,,,,,,,,,,,,,,,,,,9|103|106|107|112,34|62|74|116|128,True,True,1
1455_030,1455,regular_season,4,2515.0,2637.0,122.0,True,True,4,10861|54|57|58|68,13778|14982|75|87|88,2.0,5.0,4.0,3.0,8.0,365.0,False,False,102.89064040188134,100.04139962405513,2.8492407778261946,23,-3.0,3.5,-85.71428571428571,50.0,166.66666666666666,False,,,,,,,,,,,,,,,,,,,,,,,,,,,,,,,,9|103|106|107|112,62|74|116|127|128,True,True,1
1455_031,1455,regular_season,4,2637.0,2732.0,95.0,True,True,4,10861|54|57|58|68,13778|14843|14982|75|87,0.0,7.0,3.0,4.0,5.0,243.0,False,False,102.89064040188134,100.04139962405513,2.8492407778261946,23,-7.0,3.5,-200.0,0.0,175.0,False,,,,,,,,,,,,,,,,,,,,,,,,,,,,,,,,9|103|106|107|112,62|71|74|116|127,True,True,1
1455_032,1455,regular_season,4,2732.0,2863.0,131.0,True,True,4,16|54|57|58|68,13778|14843|14982|75|87,0.0,2.0,5.0,3.76,-2.0,148.0,False,False,102.89064040188134,100.04139962405513,2.8492407778261946,23,-2.0,4.38,-45.662100456621005,0.0,53.19148936170213,False,,,,,,,,,,,,,,,,,,,,,,,,,,,,,,,,75|103|106|107|112,62|71|74|116|127,True,True,1
1455_033,1455,regular_season,4,2863.0,2863.0,0.0,True,True,4,16|3129|54|58|68,13778|14843|14982|75|87,0.0,0.0,0.0,0.0,-4.0,17.0,False,False,102.89064040188134,100.04139962405513,2.8492407778261946,23,0.0,0.0,,,,False,,,,,,,,,,,,,,,,,,,,,,,,,,,,,,,,75|87|103|107|112,62|71|74|116|127,True,False,1
1455_034,1455,regular_season,4,2863.0,2880.0,17.0,True,True,4,16|3129|54|58|68,10887|14843|14982|75|87,3.0,2.0,2.3200000000000003,1.76,-4.0,17.0,False,False,102.89064040188134,100.04139962405513,2.8492407778261946,23,1.0,2.04,49.01960784313725,129.3103448275862,113.63636363636364,False,,,,,,,,,,,,,,,,,,,,,,,,,,,,,,,,75|87|103|107|112,34|71|74|116|127,True,True,1
1457_001,1457,regular_season,1,0.0,286.0,286.0,True,True,7,10860|3129|54|57|68,10872|13029|24|29|34,10.0,11.0,8.0,9.0,0.0,2880.0,False,False,106.20378738197279,104.98812417012041,1.2156632118523696,28,-1.0,8.5,-11.764705882352942,125.0,122.22222222222223,True,5.0,4.0,2.0,3.0,1.0,1.0,1.0,0.0,0.0,1.0,1.0,1.0,0.0,0.0,2.0,1.0,2.0,0.0,2.0,0.0,0.0,0.0,1.0,1.0,0.0,0.0,1.0,1.0,4.0,6.0,0.75,8|87|103|106|112,19|57|81|85|89,True,True,2
1457_002,1457,regular_season,1,286.0,371.0,85.0,True,True,7,10860|3129|54|57|68,10872|13029|14038|24|28,2.0,0.0,2.76,2.0,-1.0,2594.0,False,False,106.20378738197279,104.98812417012041,1.2156632118523696,28,2.0,2.38,84.03361344537815,72.46376811594203,0.0,True,2.0,1.0,0.0,1.0,0.0,0.0,0.0,4.0,2.0,0.0,1.0,0.0,0.0,0.0,0.0,0.0,0.0,0.0,0.0,0.0,0.0,0.0,1.0,0.0,0.0,0.0,0.0,0.0,2.76,2.76,1.0,8|87|103|106|112,19|57|67|81|84,True,True,2
1457_003,1457,regular_season,1,371.0,420.0,49.0,True,True,7,10860|12|16|54|58,10872|13029|14038|24|28,0.0,3.0,1.0,0.88,1.0,2509.0,False,False,106.20378738197279,104.98812417012041,1.2156632118523696,28,-3.0,0.94,-319.1489361702128,0.0,340.90909090909093,True,0.0,0.0,0.0,0.0,0.0,0.0,0.0,0.0,0.0,0.0,0.0,0.0,0.0,0.0,0.0,0.0,0.0,0.0,0.0,0.0,0.0,0.0,0.0,0.0,0.0,0.0,0.0,0.0,0.0,0.0,0.0,8|50|75|103|107,19|57|67|81|84,True,True,2
1457_004,1457,regular_season,1,420.0,529.0,109.0,True,True,7,10860|12|16|54|58,10872|14038|28|29|34,5.0,6.0,3.0,4.0,-2.0,2460.0,False,False,106.20378738197279,104.98812417012041,1.2156632118523696,28,-1.0,3.5,-28.571428571428573,166.66666666666666,150.0,True,0.0,1.0,0.0,0.0,0.0,1.0,0.0,0.0,0.0,0.0,0.0,0.0,0.0,0.0,0.0,0.0,0.0,0.0,0.0,0.0,0.0,0.0,0.0,0.0,0.0,0.0,1.0,0.0,1.0,1.0,0.3333333333333333,8|50|75|103|107,19|67|84|85|89,True,True,2
1457_005,1457,regular_season,1,529.0,571.0,42.0,True,True,7,10860|12|16|58|62,10873|14038|28|29|34,0.0,0.0,1.88,2.0,-3.0,2351.0,False,False,106.20378738197279,104.98812417012041,1.2156632118523696,28,0.0,1.94,0.0,0.0,0.0,True,0.0,0.0,0.0,0.0,0.0,0.0,0.0,0.0,0.0,0.0,0.0,0.0,1.0,0.0,0.0,0.0,0.0,0.0,0.0,0.0,0.0,0.0,0.0,0.0,0.0,0.0,0.0,0.0,0.0,0.0,0.0,8|50|75|107|110,20|67|84|85|89,True,True,2
1457_006,1457,regular_season,1,571.0,619.0,48.0,True,True,7,10860|12|16|58|62,13029|25|28|29|34,2.0,2.0,1.0,1.0,-3.0,2309.0,False,False,106.20378738197279,104.98812417012041,1.2156632118523696,28,0.0,1.0,0.0,200.0,200.0,True,0.0,0.0,0.0,0.0,0.0,0.0,0.0,0.0,0.0,0.0,0.0,0.0,0.0,0.0,0.0,0.0,0.0,0.0,0.0,0.0,0.0,0.0,0.0,0.0,0.0,0.0,0.0,0.0,0.0,0.0,0.0,8|50|75|107|110,57|82|84|85|89,True,True,2
1457_007,1457,regular_season,1,619.0,663.0,44.0,True,True,7,12|16|58|62|68,10872|13029|24|29|34,2.0,0.0,2.0,1.0,-3.0,2261.0,False,False,106.20378738197279,104.98812417012041,1.2156632118523696,28,2.0,1.5,133.33333333333334,100.0,0.0,False,,,,,,,,,,,,,,,,,,,,,,,,,,,,,,,,50|75|107|110|112,19|57|81|85|89,True,True,2
1457_008,1457,regular_season,1,663.0,720.0,57.0,True,True,7,12|16|58|62|68,10872|13029|28|29|34,0.0,2.0,1.0,2.0,-1.0,2217.0,False,False,106.20378738197279,104.98812417012041,1.2156632118523696,28,-2.0,1.5,-133.33333333333334,0.0,100.0,False,,,,,,,,,,,,,,,,,,,,,,,,,,,,,,,,50|75|107|110|112,19|57|84|85|89,True,True,2
1457_009,1457,regular_season,2,720.0,820.0,100.0,True,True,7,12|16|58|62|68,10874|13029|25|29|34,7.0,2.0,2.88,2.0,-3.0,2160.0,False,False,106.20378738197279,104.98812417012041,1.2156632118523696,28,5.0,2.44,204.91803278688525,243.05555555555557,100.0,False,,,,,,,,,,,,,,,,,,,,,,,,,,,,,,,,50|75|107|110|112,21|57|82|85|89,True,True,2
1457_010,1457,regular_season,2,820.0,938.0,118.0,True,True,7,12|16|58|62|68,10874|13029|14038|24|29,3.0,8.0,3.0,3.88,2.0,2060.0,False,False,106.20378738197279,104.98812417012041,1.2156632118523696,28,-5.0,3.44,-145.34883720930233,100.0,206.18556701030928,False,,,,,,,,,,,,,,,,,,,,,,,,,,,,,,,,50|75|107|110|112,21|57|67|81|85,True,True,2
1457_011,1457,regular_season,2,938.0,1041.0,103.0,True,True,7,10860|54|57|62|68,10872|10874|13029|14038|24,2.0,6.0,3.0,3.44,-3.0,1942.0,False,False,106.20378738197279,104.98812417012041,1.2156632118523696,28,-4.0,3.2199999999999998,-124.22360248447205,66.66666666666667,174.41860465116278,True,2.0,2.0,1.0,2.0,1.0,0.0,0.0,0.0,0.0,0.0,1.0,0.0,0.0,0.0,1.0,1.0,1.0,0.0,1.0,1.0,1.0,0.0,0.0,0.0,0.0,0.0,0.0,0.0,2.0,3.0,1.0,8|103|106|110|112,19|21|57|67|81,True,True,2
1457_012,1457,regular_season,2,1041.0,1126.0,85.0,True,True,7,10860|16|3129|54|57,10872|13029|14038|28|29,2.0,5.0,3.0,2.0,-7.0,1839.0,False,False,106.20378738197279,104.98812417012041,1.2156632118523696,28,-3.0,2.5,-120.0,66.66666666666667,250.0,True,2.0,1.0,1.0,1.0,1.0,0.0,0.0,0.0,0.0,0.0,0.0,0.0,0.0,0.0,0.0,0.0,1.0,0.0,1.0,1.0,0.0,0.0,0.0,0.0,0.0,0.0,0.0,0.0,1.0,1.0,0.3333333333333333,8|75|87|103|106,19|57|67|84|85,True,True,2
1457_013,1457,regular_season,2,1126.0,1168.0,42.0,True,True,7,10860|16|54|57|58,10872|13029|14038|28|29,0.0,4.0,1.0,2.3200000000000003,-10.0,1754.0,False,False,106.20378738197279,104.98812417012041,1.2156632118523696,28,-4.0,1.6600000000000001,-240.96385542168673,0.0,172.41379310344826,True,0.0,0.0,0.0,0.0,0.0,0.0,0.0,0.0,0.0,0.0,0.0,0.0,0.0,0.0,0.0,0.0,0.0,0.0,0.0,0.0,0.0,0.0,0.0,0.0,0.0,0.0,0.0,0.0,0.0,0.0,0.0,8|75|103|106|107,19|57|67|84|85,True,True,2
1457_014,1457,regular_season,2,1168.0,1182.0,14.0,True,True,7,10860|54|57|58|68,10872|13029|14038|28|29,3.0,0.0,1.44,0.0,-14.0,1712.0,False,False,106.20378738197279,104.98812417012041,1.2156632118523696,28,3.0,0.72,416.6666666666667,208.33333333333334,,True,3.0,1.0,1.0,1.0,1.0,0.0,0.0,1.0,1.0,0.0,1.0,0.0,0.0,0.0,0.0,0.0,1.0,0.0,1.0,1.0,0.0,0.0,0.0,0.0,0.0,0.0,0.0,0.0,1.44,1.44,1.0,8|103|106|107|112,19|57|67|84|85,True,True,2
1457_015,1457,regular_season,2,1182.0,1214.0,32.0,True,True,7,10860|12|54|58|68,10872|13029|14038|24|29,0.0,0.0,1.0,1.0,-11.0,1698.0,False,False,106.20378738197279,104.98812417012041,1.2156632118523696,28,0.0,1.0,0.0,0.0,0.0,True,0.0,0.0,0.0,0.0,0.0,0.0,0.0,0.0,0.0,0.0,1.0,0.0,0.0,0.0,1.0,0.0,0.0,0.0,0.0,0.0,0.0,0.0,0.0,0.0,0.0,0.0,0.0,0.0,0.0,1.0,1.0,8|50|103|107|112,19|57|67|81|85,True,True,2
1457_016,1457,regular_season,2,1214.0,1336.0,122.0,True,True,7,10860|12|54|58|68,10872|10874|13029|29|34,2.0,5.0,4.0,4.0,-11.0,1666.0,False,False,106.20378738197279,104.98812417012041,1.2156632118523696,28,-3.0,4.0,-75.0,50.0,125.0,True,2.0,1.0,1.0,1.0,1.0,0.0,0.0,0.0,0.0,0.0,1.0,0.0,0.0,0.0,0.0,0.0,1.0,0.0,0.0,0.0,0.0,0.0,1.0,1.0,0.0,0.0,0.0,0.0,1.0,1.0,0.25,8|50|103|107|112,19|21|57|85|89,True,True,2
1457_017,1457,regular_season,2,1336.0,1384.0,48.0,True,True,7,10860|12|54|58|68,10872|14038|25|29|34,2.0,2.0,1.0,1.88,-14.0,1544.0,False,False,106.20378738197279,104.98812417012041,1.2156632118523696,28,0.0,1.44,0.0,200.0,106.38297872340426,True,0.0,0.0,0.0,0.0,0.0,0.0,0.0,0.0,0.0,0.0,0.0,0.0,1.0,0.0,0.0,0.0,0.0,0.0,0.0,0.0,0.0,0.0,0.0,0.0,0.0,0.0,0.0,0.0,0.0,0.0,0.0,8|50|103|107|112,19|67|82|85|89,True,True,2
1457_018,1457,regular_season,2,1384.0,1440.0,56.0,True,True,7,10860|54|57|58|68,10873|14038|25|29|34,2.0,2.0,3.0,2.0,-14.0,1496.0,False,False,106.20378738197279,104.98812417012041,1.2156632118523696,28,0.0,2.5,0.0,66.66666666666667,100.0,True,2.0,1.0,1.0,1.0,1.0,0.0,0.0,0.0,0.0,0.0,0.0,0.0,1.0,0.0,0.0,0.0,0.0,1.0,1.0,1.0,0.0,0.0,0.0,0.0,0.0,0.0,0.0,0.0,1.0,1.0,0.3333333333333333,8|103|106|107|112,20|67|82|85|89,True,True,2
1457_019,1457,regular_season,3,1440.0,1525.0,85.0,True,True,7,10860|12|54|57|68,10872|13029|24|29|34,7.0,2.0,3.44,2.0,-14.0,1440.0,False,False,106.20378738197279,104.98812417012041,1.2156632118523696,28,5.0,2.7199999999999998,183.82352941176472,203.48837209302326,100.0,True,4.0,2.0,2.0,2.0,2.0,0.0,0.0,1.0,0.0,0.0,0.0,1.0,0.0,0.0,0.0,0.0,2.0,0.0,2.0,2.0,0.0,0.0,0.0,0.0,0.0,0.0,0.0,0.0,2.44,2.44,0.7093023255813954,8|50|103|106|112,19|57|81|85|89,True,True,2
1457_020,1457,regular_season,3,1525.0,1736.0,211.0,True,True,7,10860|12|54|57|68,10872|10874|13029|29|34,7.0,12.0,6.0,7.88,-9.0,1355.0,False,False,106.20378738197279,104.98812417012041,1.2156632118523696,28,-5.0,6.9399999999999995,-72.04610951008647,116.66666666666667,152.28426395939087,True,2.0,1.0,1.0,1.0,1.0,0.0,0.0,0.0,0.0,1.0,0.0,0.0,0.0,0.0,0.0,1.0,0.0,1.0,1.0,1.0,0.0,0.0,0.0,0.0,0.0,0.0,0.0,0.0,1.0,1.0,0.16666666666666666,8|50|103|106|112,19|21|57|85|89,True,True,2
1457_021,1457,regular_season,3,1736.0,1846.0,110.0,True,True,7,12|16|54|57|68,10872|10874|13029|29|34,3.0,3.0,3.0,3.0,-14.0,1144.0,False,False,106.20378738197279,104.98812417012041,1.2156632118523696,28,0.0,3.0,0.0,100.0,100.0,False,,,,,,,,,,,,,,,,,,,,,,,,,,,,,,,,50|75|103|106|112,19|21|57|85|89,True,True,2
1457_022,1457,regular_season,3,1846.0,1933.0,87.0,True,True,7,12|16|57|58|68,10872|10874|13029|14038|25,2.0,6.0,2.76,3.0,-14.0,1034.0,False,False,106.20378738197279,104.98812417012041,1.2156632118523696,28,-4.0,2.88,-138.88888888888889,72.46376811594203,200.0,False,,,,,,,,,,,,,,,,,,,,,,,,,,,,,,,,50|75|106|107|112,19|21|57|67|82,True,True,2
1457_023,1457,regular_season,3,1933.0,2010.0,77.0,True,True,7,10860|12|16|57|58,10872|10874|13029|14038|24,2.0,2.0,3.0,2.0,-18.0,947.0,False,False,106.20378738197279,104.98812417012041,1.2156632118523696,28,0.0,2.5,0.0,66.66666666666667,100.0,True,2.0,1.0,1.0,1.0,1.0,0.0,0.0,0.0,0.0,0.0,1.0,0.0,0.0,0.0,0.0,0.0,1.0,0.0,1.0,1.0,0.0,0.0,0.0,0.0,0.0,0.0,0.0,0.0,1.0,1.0,0.3333333333333333,8|50|75|106|107,19|21|57|67|81,True,True,2
1457_024,1457,regular_season,3,2010.0,2155.0,145.0,True,True,7,10860|16|54|57|58,10873|10874|14038|29|34,3.0,3.0,4.0,4.0,-18.0,870.0,False,False,106.20378738197279,104.98812417012041,1.2156632118523696,28,0.0,4.0,0.0,75.0,75.0,True,0.0,2.0,0.0,2.0,0.0,0.0,0.0,0.0,0.0,0.0,1.0,0.0,0.0,0.0,0.0,0.0,0.0,0.0,0.0,0.0,1.0,0.0,1.0,0.0,0.0,0.0,0.0,0.0,2.0,2.0,0.5,8|75|103|106|107,20|21|67|85|89,True,True,2
1457_025,1457,regular_season,3,2155.0,2160.0,5.0,True,True,7,10860|16|54|57|58,10871|10873|14038|25|34,0.0,0.0,1.0,1.0,-18.0,725.0,False,False,106.20378738197279,104.98812417012041,1.2156632118523696,28,0.0,1.0,0.0,0.0,0.0,True,0.0,1.0,0.0,1.0,0.0,0.0,0.0,0.0,0.0,0.0,0.0,0.0,0.0,0.0,0.0,0.0,0.0,0.0,1.0,0.0,0.0,0.0,0.0,0.0,0.0,0.0,0.0,0.0,1.0,1.0,1.0,8|75|103|106|107,18|20|67|82|89,True,True,2
1457_026,1457,regular_season,4,2160.0,2276.0,116.0,True,True,7,10860|16|54|57|58,10872|10874|14038|29|34,5.0,4.0,4.44,4.2,-18.0,720.0,False,False,106.20378738197279,104.98812417012041,1.2156632118523696,28,1.0,4.32,23.148148148148145,112.61261261261261,95.23809523809524,True,0.0,0.0,0.0,0.0,0.0,0.0,0.0,0.0,0.0,0.0,0.0,0.0,0.0,0.0,0.0,1.0,0.0,0.0,0.0,0.0,0.0,0.0,0.0,0.0,0.0,0.0,0.0,0.0,0.0,0.0,0.0,8|75|103|106|107,19|21|67|85|89,True,True,2
1457_027,1457,regular_season,4,2276.0,2311.0,35.0,True,True,7,10860|16|54|57|58,10872|10874|13029|29|34,2.0,2.0,1.0,2.0,-17.0,604.0,False,False,106.20378738197279,104.98812417012041,1.2156632118523696,28,0.0,1.5,0.0,200.0,100.0,True,0.0,0.0,0.0,0.0,0.0,0.0,0.0,0.0,0.0,0.0,0.0,0.0,0.0,0.0,0.0,0.0,0.0,0.0,0.0,0.0,0.0,0.0,0.0,0.0,0.0,0.0,0.0,0.0,0.0,0.0,0.0,8|75|103|106|107,19|21|57|85|89,True,True,2
1457_028,1457,regular_season,4,2311.0,2342.0,31.0,True,True,7,10860|16|54|57|58,10872|13029|24|29|34,0.0,3.0,2.0,1.0,-17.0,569.0,False,False,106.20378738197279,104.98812417012041,1.2156632118523696,28,-3.0,1.5,-200.0,0.0,300.0,True,0.0,1.0,0.0,0.0,0.0,1.0,0.0,0.0,0.0,0.0,0.0,0.0,0.0,0.0,0.0,0.0,0.0,0.0,0.0,0.0,0.0,0.0,0.0,0.0,0.0,0.0,1.0,0.0,1.0,1.0,0.5,8|75|103|106|107,19|57|81|85|89,True,True,2
1457_029,1457,regular_season,4,2342.0,2393.0,51.0,True,True,7,10860|12|16|54|58,10872|13029|24|29|34,0.0,0.0,2.0,3.0,-20.0,538.0,False,True,106.20378738197279,104.98812417012041,1.2156632118523696,28,0.0,2.5,0.0,0.0,0.0,True,0.0,0.0,0.0,0.0,0.0,0.0,0.0,0.0,0.0,0.0,0.0,0.0,0.0,0.0,0.0,0.0,0.0,0.0,0.0,0.0,0.0,0.0,0.0,0.0,0.0,0.0,0.0,0.0,0.0,0.0,0.0,8|50|75|103|107,19|57|81|85|89,True,True,2
1457_030,1457,regular_season,4,2393.0,2511.0,118.0,True,True,7,10860|12|54|58|68,10872|13029|24|29|34,6.0,7.0,2.88,4.0,-20.0,487.0,False,True,106.20378738197279,104.98812417012041,1.2156632118523696,28,-1.0,3.44,-29.069767441860467,208.33333333333334,175.0,True,3.0,1.0,1.0,1.0,1.0,0.0,0.0,2.0,1.0,0.0,0.0,0.0,0.0,0.0,0.0,0.0,1.0,0.0,1.0,1.0,0.0,0.0,0.0,0.0,0.0,0.0,0.0,0.0,1.88,1.88,0.6527777777777778,8|50|103|107|112,19|57|81|85|89,True,True,2
1457_031,1457,regular_season,4,2511.0,2610.0,99.0,True,True,7,10860|12|54|58|68,10872|10874|13029|28|34,2.0,2.0,4.0,3.0,-21.0,369.0,False,True,106.20378738197279,104.98812417012041,1.2156632118523696,28,0.0,3.5,0.0,50.0,66.66666666666667,True,0.0,2.0,0.0,2.0,0.0,0.0,0.0,0.0,0.0,0.0,0.0,0.0,0.0,0.0,1.0,1.0,0.0,0.0,1.0,0.0,0.0,0.0,1.0,0.0,0.0,0.0,0.0,0.0,2.0,3.0,0.75,8|50|103|107|112,19|21|57|84|89,True,True,2
1457_032,1457,regular_season,4,2610.0,2688.0,78.0,True,True,7,10860|12|3129|57|68,10874|13029|14038|28|29,8.0,1.0,3.0,2.88,-21.0,270.0,False,True,106.20378738197279,104.98812417012041,1.2156632118523696,28,7.0,2.94,238.0952380952381,266.6666666666667,34.72222222222222,True,0.0,0.0,0.0,0.0,0.0,0.0,0.0,0.0,0.0,0.0,2.0,0.0,0.0,0.0,0.0,0.0,0.0,0.0,0.0,0.0,0.0,0.0,0.0,0.0,0.0,0.0,0.0,0.0,0.0,0.0,0.0,8|50|87|106|112,21|57|67|84|85,True,True,2
1457_033,1457,regular_season,4,2688.0,2711.0,23.0,True,True,7,10860|12|3129|57|68,10874|13029|14038|25|29,0.0,2.0,0.0,0.88,-14.0,192.0,False,False,106.20378738197279,104.98812417012041,1.2156632118523696,28,-2.0,0.44,-454.54545454545456,,227.27272727272728,True,0.0,0.0,0.0,0.0,0.0,0.0,0.0,0.0,0.0,0.0,0.0,0.0,0.0,0.0,0.0,0.0,0.0,0.0,0.0,0.0,0.0,0.0,0.0,0.0,0.0,0.0,0.0,0.0,0.0,0.0,,8|50|87|106|112,21|57|67|82|85,True,True,2
1457_034,1457,regular_season,4,2711.0,2806.0,95.0,True,True,7,10860|12|3129|57|68,10872|10874|13029|29|34,2.0,7.0,2.76,3.88,-16.0,169.0,False,False,106.20378738197279,104.98812417012041,1.2156632118523696,28,-5.0,3.32,-150.60240963855424,72.46376811594203,180.41237113402062,True,0.0,0.0,0.0,0.0,0.0,0.0,0.0,0.0,0.0,1.0,0.0,0.0,0.0,0.0,0.0,0.0,0.0,0.0,0.0,0.0,0.0,0.0,0.0,0.0,0.0,0.0,0.0,0.0,0.0,0.0,0.0,8|50|87|106|112,19|21|57|85|89,True,True,2
1457_035,1457,regular_season,4,2806.0,2880.0,74.0,True,True,7,10884|55|56|60|64,10871|10873|19|23|24,8.0,0.0,3.0,2.0,-21.0,74.0,False,True,106.20378738197279,104.98812417012041,1.2156632118523696,28,8.0,2.5,320.0,266.6666666666667,0.0,False,,,,,,,,,,,,,,,,,,,,,,,,,,,,,,,,31|104|105|109|111,18|20|76|80|81,True,True,2
1461_001,1461,regular_season,1,0.0,188.0,188.0,True,False,3,10861|3129|54|57|68,103|10890|13906|79|89,11.0,6.0,4.88,4.88,0.0,2880.0,False,False,107.54784396287586,104.48479255495417,3.0630514079216984,28,5.0,4.88,102.45901639344262,225.40983606557378,122.95081967213115,False,,,,,,,,,,,,,,,,,,,,,,,,,,,,,,,,9|87|103|106|112,3|37|63|120|130,True,True,3
1461_002,1461,regular_season,1,188.0,219.0,31.0,True,False,3,10861|3129|54|57|68,103|107|13906|79|89,3.0,0.0,1.0,1.0,5.0,2692.0,False,False,107.54784396287586,104.48479255495417,3.0630514079216984,28,3.0,1.0,300.0,300.0,0.0,False,,,,,,,,,,,,,,,,,,,,,,,,,,,,,,,,9|87|103|106|112,3|6|63|120|130,True,True,3
1461_003,1461,regular_season,1,219.0,317.0,98.0,True,False,3,10861|3129|54|57|68,107|13906|79|89|99,5.0,5.0,3.76,2.88,8.0,2661.0,False,False,107.54784396287586,104.48479255495417,3.0630514079216984,28,0.0,3.32,0.0,132.97872340425533,173.61111111111111,False,,,,,,,,,,,,,,,,,,,,,,,,,,,,,,,,9|87|103|106|112,6|63|120|130|136,True,True,3
1461_004,1461,regular_season,1,317.0,376.0,59.0,True,False,3,10860|54|57|58|68,107|13906|79|86|99,2.0,0.0,2.0,2.0,8.0,2563.0,False,False,107.54784396287586,104.48479255495417,3.0630514079216984,28,2.0,2.0,100.0,100.0,0.0,True,0.0,0.0,0.0,0.0,0.0,0.0,0.0,0.0,0.0,0.0,1.0,0.0,0.0,0.0,1.0,0.0,0.0,0.0,0.0,0.0,0.0,0.0,0.0,0.0,0.0,0.0,0.0,0.0,0.0,1.0,0.5,8|103|106|107|112,6|63|120|125|136,True,True,3
1461_005,1461,regular_season,1,376.0,410.0,34.0,True,False,3,10860|54|57|58|68,103|107|13906|86|99,2.0,2.0,2.0,2.88,10.0,2504.0,False,False,107.54784396287586,104.48479255495417,3.0630514079216984,28,0.0,2.44,0.0,100.0,69.44444444444444,True,0.0,0.0,0.0,0.0,0.0,0.0,0.0,0.0,0.0,0.0,0.0,0.0,0.0,0.0,0.0,0.0,0.0,0.0,0.0,0.0,0.0,0.0,0.0,0.0,0.0,0.0,0.0,0.0,0.0,0.0,0.0,8|103|106|107|112,3|6|63|125|136,True,True,3
1461_006,1461,regular_season,1,410.0,503.0,93.0,True,False,3,10860|54|57|58|68,103|107|10890|86|89,2.0,7.0,3.0,3.0,10.0,2470.0,False,False,107.54784396287586,104.48479255495417,3.0630514079216984,28,-5.0,3.0,-166.66666666666666,66.66666666666667,233.33333333333334,True,0.0,0.0,0.0,0.0,0.0,0.0,0.0,0.0,0.0,0.0,0.0,0.0,0.0,0.0,0.0,0.0,0.0,0.0,0.0,0.0,0.0,0.0,0.0,0.0,0.0,0.0,0.0,0.0,0.0,0.0,0.0,8|103|106|107|112,3|6|37|125|130,True,True,3
1461_007,1461,regular_season,1,503.0,626.0,123.0,True,False,3,10860|10861|12|57|58,103|107|10890|86|89,5.0,10.0,4.88,4.0,5.0,2377.0,False,False,107.54784396287586,104.48479255495417,3.0630514079216984,28,-5.0,4.4399999999999995,-112.61261261261262,102.45901639344262,250.0,True,0.0,0.0,0.0,0.0,0.0,0.0,0.0,0.0,0.0,0.0,0.0,1.0,0.0,0.0,0.0,0.0,0.0,0.0,0.0,0.0,0.0,0.0,0.0,0.0,0.0,0.0,0.0,0.0,0.0,0.0,0.0,8|9|50|106|107,3|6|37|125|130,True,True,3
1461_008,1461,regular_season,1,626.0,710.0,84.0,True,False,3,10860|10861|12|58|62,103|107|10890|86|89,2.0,3.0,2.88,5.0,0.0,2254.0,False,False,107.54784396287586,104.48479255495417,3.0630514079216984,28,-1.0,3.94,-25.380710659898476,69.44444444444444,60.0,True,0.0,1.0,0.0,0.0,0.0,1.0,0.0,0.0,0.0,0.0,0.0,0.0,0.0,0.0,0.0,0.0,0.0,0.0,0.0,0.0,0.0,0.0,0.0,0.0,0.0,0.0,1.0,0.0,1.0,1.0,0.3472222222222222,8|9|50|107|110,3|6|37|125|130,True,True,3
1461_009,1461,regular_season,1,710.0,720.0,10.0,True,False,3,10860|10861|12|58|62,107|10890|79|86|89,0.0,0.0,1.0,0.0,-1.0,2170.0,False,False,107.54784396287586,104.48479255495417,3.0630514079216984,28,0.0,0.5,0.0,0.0,,True,0.0,0.0,0.0,0.0,0.0,0.0,0.0,0.0,0.0,0.0,0.0,0.0,0.0,0.0,0.0,0.0,0.0,0.0,0.0,0.0,0.0,0.0,0.0,0.0,0.0,0.0,0.0,0.0,0.0,0.0,0.0,8|9|50|107|110,6|37|120|125|130,True,True,3
1461_010,1461,regular_season,2,720.0,889.0,169.0,True,False,3,10860|10861|12|58|62,103|10890|13906|79|89,4.0,5.0,3.76,5.0,-1.0,2160.0,False,False,107.54784396287586,104.48479255495417,3.0630514079216984,28,-1.0,4.38,-22.831050228310502,106.38297872340426,100.0,True,0.0,1.0,0.0,1.0,0.0,0.0,0.0,0.0,0.0,0.0,1.0,1.0,1.0,1.0,0.0,0.0,0.0,0.0,0.0,0.0,1.0,0.0,0.0,0.0,0.0,0.0,0.0,0.0,1.0,1.0,0.26595744680851063,8|9|50|107|110,3|37|63|120|130,True,True,3
1461_011,1461,regular_season,2,889.0,928.0,39.0,True,False,3,10860|12|58|62|68,103|10890|13906|89|91,2.0,0.0,2.0,2.0,-2.0,1991.0,False,False,107.54784396287586,104.48479255495417,3.0630514079216984,28,2.0,2.0,100.0,100.0,0.0,True,2.0,1.0,1.0,1.0,1.0,0.0,0.0,0.0,0.0,0.0,0.0,0.0,0.0,0.0,0.0,0.0,1.0,0.0,0.0,0.0,1.0,1.0,0.0,0.0,0.0,0.0,0.0,0.0,1.0,1.0,0.5,8|50|107|110|112,3|37|63|130|133,True,True,3
1461_012,1461,regular_season,2,928.0,951.0,23.0,True,False,3,10860|12|54|58|68,103|10890|13906|89|91,0.0,0.0,1.0,0.0,0.0,1952.0,False,False,107.54784396287586,104.48479255495417,3.0630514079216984,28,0.0,0.5,0.0,0.0,,True,0.0,0.0,0.0,0.0,0.0,0.0,0.0,0.0,0.0,0.0,0.0,0.0,0.0,0.0,0.0,0.0,0.0,0.0,0.0,0.0,0.0,0.0,0.0,0.0,0.0,0.0,0.0,0.0,0.0,0.0,0.0,8|50|103|107|112,3|37|63|130|133,True,True,3
1461_013,1461,regular_season,2,951.0,971.0,20.0,True,False,3,10860|12|54|58|68,107|13906|86|89|91,0.0,2.0,0.0,0.88,0.0,1929.0,False,False,107.54784396287586,104.48479255495417,3.0630514079216984,28,-2.0,0.44,-454.54545454545456,,227.27272727272728,True,0.0,0.0,0.0,0.0,0.0,0.0,0.0,0.0,0.0,0.0,0.0,0.0,0.0,0.0,0.0,0.0,0.0,0.0,0.0,0.0,0.0,0.0,0.0,0.0,0.0,0.0,0.0,0.0,0.0,0.0,,8|50|103|107|112,6|63|125|130|133,True,True,3
1461_014,1461,regular_season,2,971.0,1026.0,55.0,True,False,3,10860|12|54|57|68,107|13906|86|89|91,2.0,2.0,2.0,1.88,-2.0,1909.0,False,False,107.54784396287586,104.48479255495417,3.0630514079216984,28,0.0,1.94,0.0,100.0,106.38297872340426,True,0.0,0.0,0.0,0.0,0.0,0.0,0.0,0.0,0.0,0.0,0.0,0.0,0.0,0.0,0.0,0.0,0.0,0.0,0.0,0.0,0.0,0.0,0.0,0.0,0.0,0.0,0.0,0.0,0.0,0.0,0.0,8|50|103|106|112,6|63|125|130|133,True,True,3
1461_015,1461,regular_season,2,1026.0,1168.0,142.0,True,False,3,10861|3129|54|57|68,107|13906|79|86|89,5.0,7.0,3.88,4.32,-2.0,1854.0,False,False,107.54784396287586,104.48479255495417,3.0630514079216984,28,-2.0,4.1,-48.78048780487805,128.8659793814433,162.03703703703704,False,,,,,,,,,,,,,,,,,,,,,,,,,,,,,,,,9|87|103|106|112,6|63|120|125|130,True,True,3
1461_016,1461,regular_season,2,1168.0,1222.0,54.0,True,False,3,10860|10861|3129|54|57,103|107|13906|79|86,1.0,3.0,0.88,1.0,-4.0,1712.0,False,False,107.54784396287586,104.48479255495417,3.0630514079216984,28,-2.0,0.94,-212.76595744680853,113.63636363636364,300.0,True,0.0,0.0,0.0,0.0,0.0,0.0,0.0,0.0,0.0,0.0,0.0,0.0,0.0,0.0,0.0,0.0,0.0,0.0,0.0,0.0,0.0,0.0,0.0,0.0,0.0,0.0,0.0,0.0,0.0,0.0,0.0,8|9|87|103|106,3|6|63|120|125,True,True,3
1461_017,1461,regular_season,2,1222.0,1342.0,120.0,True,False,3,10860|10861|54|57|58,103|107|10890|79|86,6.0,7.0,4.88,3.88,-6.0,1658.0,False,False,107.54784396287586,104.48479255495417,3.0630514079216984,28,-1.0,4.38,-22.831050228310502,122.95081967213115,180.41237113402062,True,2.0,1.0,1.0,1.0,1.0,0.0,0.0,0.0,0.0,0.0,1.0,0.0,0.0,0.0,1.0,0.0,1.0,0.0,1.0,1.0,0.0,0.0,0.0,0.0,0.0,0.0,0.0,0.0,1.0,2.0,0.4098360655737705,8|9|103|106|107,3|6|37|120|125,True,True,3
1461_018,1461,regular_season,2,1342.0,1362.0,20.0,True,False,3,10860|10861|54|57|58,103|107|10890|86|89,2.0,0.0,0.88,1.0,-7.0,1538.0,False,False,107.54784396287586,104.48479255495417,3.0630514079216984,28,2.0,0.94,212.76595744680853,227.27272727272728,0.0,True,0.0,0.0,0.0,0.0,0.0,0.0,0.0,0.0,0.0,0.0,0.0,0.0,0.0,0.0,0.0,0.0,0.0,0.0,0.0,0.0,0.0,0.0,0.0,0.0,0.0,0.0,0.0,0.0,0.0,0.0,0.0,8|9|103|106|107,3|6|37|125|130,True,True,3
1461_019,1461,regular_season,2,1362.0,1440.0,78.0,True,False,3,10860|10861|54|57|58,103|10890|13906|86|89,2.0,3.0,2.0,3.0,-5.0,1518.0,False,False,107.54784396287586,104.48479255495417,3.0630514079216984,28,-1.0,2.5,-40.0,100.0,100.0,True,0.0,0.0,0.0,0.0,0.0,0.0,0.0,0.0,0.0,0.0,0.0,0.0,1.0,0.0,0.0,0.0,0.0,0.0,0.0,0.0,0.0,0.0,0.0,0.0,0.0,0.0,0.0,0.0,0.0,0.0,0.0,8|9|103|106|107,3|37|63|125|130,True,True,3
1461_020,1461,regular_season,3,1440.0,1642.0,202.0,True,False,3,10861|3129|54|57|68,103|10890|13906|79|89,8.0,7.0,6.88,5.76,-6.0,1440.0,False,False,107.54784396287586,104.48479255495417,3.0630514079216984,28,1.0,6.32,15.822784810126581,116.27906976744187,121.52777777777779,False,,,,,,,,,,,,,,,,,,,,,,,,,,,,,,,,9|87|103|106|112,3|37|63|120|130,True,True,3
1461_021,1461,regular_season,3,1642.0,1690.0,48.0,True,False,3,10861|3129|54|57|68,103|107|13906|79|89,0.0,1.0,2.0,1.88,-5.0,1238.0,False,False,107.54784396287586,104.48479255495417,3.0630514079216984,28,-1.0,1.94,-51.54639175257732,0.0,53.19148936170213,False,,,,,,,,,,,,,,,,,,,,,,,,,,,,,,,,9|87|103|106|112,3|6|63|120|130,True,True,3
1461_022,1461,regular_season,3,1690.0,1712.0,22.0,True,False,3,10861|3129|54|57|68,103|107|13906|86|89,0.0,2.0,0.0,1.0,-6.0,1190.0,False,False,107.54784396287586,104.48479255495417,3.0630514079216984,28,-2.0,0.5,-400.0,,200.0,False,,,,,,,,,,,,,,,,,,,,,,,,,,,,,,,,9|87|103|106|112,3|6|63|125|130,True,True,3
1461_023,1461,regular_season,3,1712.0,1782.0,70.0,True,False,3,10861|3129|54|58|68,103|107|13906|86|89,0.0,2.0,2.0,2.0,-8.0,1168.0,False,False,107.54784396287586,104.48479255495417,3.0630514079216984,28,-2.0,2.0,-100.0,0.0,100.0,False,,,,,,,,,,,,,,,,,,,,,,,,,,,,,,,,9|87|103|107|112,3|6|63|125|130,True,True,3
1461_024,1461,regular_season,3,1782.0,1854.0,72.0,True,False,3,10861|3129|54|58|68,103|10890|13906|86|89,3.0,2.0,3.88,3.0,-10.0,1098.0,False,False,107.54784396287586,104.48479255495417,3.0630514079216984,28,1.0,3.44,29.069767441860467,77.31958762886597,66.66666666666667,False,,,,,,,,,,,,,,,,,,,,,,,,,,,,,,,,9|87|103|107|112,3|37|63|125|130,True,True,3
1461_025,1461,regular_season,3,1854.0,1970.0,116.0,True,False,3,10860|3129|54|58|68,10890|13906|79|86|89,3.0,10.0,2.88,4.0,-9.0,1026.0,False,False,107.54784396287586,104.48479255495417,3.0630514079216984,28,-7.0,3.44,-203.48837209302326,104.16666666666667,250.0,True,1.0,0.0,0.0,0.0,0.0,0.0,0.0,2.0,1.0,0.0,0.0,0.0,0.0,0.0,0.0,0.0,0.0,0.0,0.0,0.0,0.0,0.0,0.0,0.0,0.0,0.0,0.0,0.0,0.88,0.88,0.3055555555555556,8|87|103|107|112,37|63|120|125|130,True,True,3
1461_026,1461,regular_season,3,1970.0,2016.0,46.0,True,False,3,10860|10861|12|54|58,107|10890|79|86|89,1.0,0.0,1.88,1.0,-16.0,910.0,False,False,107.54784396287586,104.48479255495417,3.0630514079216984,28,1.0,1.44,69.44444444444444,53.19148936170213,0.0,True,1.0,0.0,0.0,0.0,0.0,0.0,0.0,2.0,1.0,0.0,0.0,0.0,0.0,0.0,0.0,0.0,0.0,0.0,0.0,0.0,0.0,0.0,0.0,0.0,0.0,0.0,0.0,0.0,0.88,0.88,0.46808510638297873,8|9|50|103|107,6|37|120|125|130,True,True,3
1461_027,1461,regular_season,3,2016.0,2160.0,144.0,True,False,3,10860|10861|12|54|58,103|107|10890|79|86,0.0,0.0,5.0,5.0,-15.0,864.0,False,False,107.54784396287586,104.48479255495417,3.0630514079216984,28,0.0,5.0,0.0,0.0,0.0,True,0.0,4.0,0.0,4.0,0.0,0.0,0.0,0.0,0.0,1.0,2.0,0.0,0.0,0.0,0.0,0.0,0.0,0.0,1.0,0.0,2.0,0.0,1.0,0.0,0.0,0.0,0.0,0.0,4.0,4.0,0.8,8|9|50|103|107,3|6|37|120|125,True,True,3
1461_028,1461,regular_season,4,2160.0,2246.0,86.0,True,False,3,10860|10861|12|54|58,103|10890|13906|79|89,2.0,2.0,2.0,2.0,-15.0,720.0,False,False,107.54784396287586,104.48479255495417,3.0630514079216984,28,0.0,2.0,0.0,100.0,100.0,True,0.0,1.0,0.0,1.0,0.0,0.0,0.0,0.0,0.0,0.0,0.0,0.0,0.0,1.0,0.0,0.0,0.0,0.0,0.0,0.0,0.0,0.0,1.0,0.0,0.0,0.0,0.0,0.0,1.0,1.0,0.5,8|9|50|103|107,3|37|63|120|130,True,True,3
1461_029,1461,regular_season,4,2246.0,2283.0,37.0,True,False,3,10860|10861|12|54|58,103|107|13906|79|86,0.0,2.0,0.0,0.88,-15.0,634.0,False,False,107.54784396287586,104.48479255495417,3.0630514079216984,28,-2.0,0.44,-454.54545454545456,,227.27272727272728,True,0.0,0.0,0.0,0.0,0.0,0.0,0.0,0.0,0.0,0.0,0.0,0.0,0.0,0.0,0.0,0.0,0.0,0.0,0.0,0.0,0.0,0.0,0.0,0.0,0.0,0.0,0.0,0.0,0.0,0.0,,8|9|50|103|107,3|6|63|120|125,True,True,3
1461_030,1461,regular_season,4,2283.0,2334.0,51.0,True,False,3,10861|12|54|58|68,103|107|13906|79|86,2.0,0.0,2.0,1.0,-17.0,597.0,False,False,107.54784396287586,104.48479255495417,3.0630514079216984,28,2.0,1.5,133.33333333333334,100.0,0.0,False,,,,,,,,,,,,,,,,,,,,,,,,,,,,,,,,9|50|103|107|112,3|6|63|120|125,True,True,3
1461_031,1461,regular_season,4,2334.0,2366.0,32.0,True,False,3,10861|12|57|58|68,103|107|13906|79|86,0.0,0.0,1.0,1.0,-15.0,546.0,False,False,107.54784396287586,104.48479255495417,3.0630514079216984,28,0.0,1.0,0.0,0.0,0.0,False,,,,,,,,,,,,,,,,,,,,,,,,,,,,,,,,9|50|106|107|112,3|6|63|120|125,True,True,3
1461_032,1461,regular_season,4,2366.0,2430.0,64.0,True,False,3,10861|12|57|58|68,107|13906|79|86|89,0.0,2.0,2.0,3.0,-15.0,514.0,False,False,107.54784396287586,104.48479255495417,3.0630514079216984,28,-2.0,2.5,-80.0,0.0,66.66666666666667,False,,,,,,,,,,,,,,,,,,,,,,,,,,,,,,,,9|50|106|107|112,6|63|120|125|130,True,True,3
1461_033,1461,regular_season,4,2430.0,2474.0,44.0,True,False,3,10861|54|57|58|68,107|13906|79|86|89,2.0,2.0,2.0,1.0,-17.0,450.0,False,False,107.54784396287586,104.48479255495417,3.0630514079216984,28,0.0,1.5,0.0,100.0,200.0,False,,,,,,,,,,,,,,,,,,,,,,,,,,,,,,,,9|103|106|107|112,6|63|120|125|130,True,True,3
1461_034,1461,regular_season,4,2474.0,2511.0,37.0,True,False,3,10860|54|57|58|68,10890|13906|79|86|89,3.0,2.0,1.0,1.0,-17.0,406.0,False,False,107.54784396287586,104.48479255495417,3.0630514079216984,28,1.0,1.0,100.0,300.0,200.0,True,0.0,0.0,0.0,0.0,0.0,0.0,0.0,0.0,0.0,0.0,0.0,0.0,0.0,0.0,0.0,0.0,0.0,0.0,0.0,0.0,0.0,0.0,0.0,0.0,0.0,0.0,0.0,0.0,0.0,0.0,0.0,8|103|106|107|112,37|63|120|125|130,True,True,3
1461_035,1461,regular_season,4,2511.0,2581.0,70.0,True,False,3,10860|3129|54|57|68,10890|13906|79|86|89,2.0,2.0,2.0,2.0,-16.0,369.0,False,False,107.54784396287586,104.48479255495417,3.0630514079216984,28,0.0,2.0,0.0,100.0,100.0,True,2.0,1.0,1.0,1.0,1.0,0.0,0.0,0.0,0.0,0.0,0.0,0.0,0.0,0.0,0.0,0.0,1.0,0.0,1.0,1.0,0.0,0.0,0.0,0.0,0.0,0.0,0.0,0.0,1.0,1.0,0.5,8|87|103|106|112,37|63|120|125|130,True,True,3
1461_036,1461,regular_season,4,2581.0,2691.0,110.0,True,False,3,10860|3129|54|57|68,103|10890|13906|79|89,0.0,4.0,4.0,5.0,-16.0,299.0,False,False,107.54784396287586,104.48479255495417,3.0630514079216984,28,-4.0,4.5,-88.88888888888889,0.0,80.0,True,0.0,1.0,0.0,1.0,0.0,0.0,0.0,0.0,0.0,0.0,0.0,0.0,0.0,0.0,0.0,0.0,0.0,0.0,1.0,0.0,0.0,0.0,0.0,0.0,0.0,0.0,0.0,0.0,1.0,1.0,0.25,8|87|103|106|112,3|37|63|120|130,True,True,3
1461_037,1461,regular_season,4,2691.0,2761.0,70.0,True,False,3,10860|10884|55|56|68,103|10890|13906|79|89,2.0,3.0,2.0,2.0,-20.0,189.0,False,True,107.54784396287586,104.48479255495417,3.0630514079216984,28,-1.0,2.0,-50.0,100.0,150.0,True,2.0,1.0,1.0,1.0,1.0,0.0,0.0,0.0,0.0,0.0,0.0,0.0,0.0,0.0,0.0,0.0,1.0,0.0,0.0,0.0,1.0,1.0,0.0,0.0,0.0,0.0,0.0,0.0,1.0,1.0,0.5,8|31|104|105|112,3|37|63|120|130,True,True,3
1461_038,1461,regular_season,4,2761.0,2880.0,119.0,True,False,3,10884|55|56|60|64,101|83|86|95|97,0.0,6.0,4.0,3.88,-21.0,119.0,False,True,107.54784396287586,104.48479255495417,3.0630514079216984,28,-6.0,3.94,-152.28426395939087,0.0,154.63917525773195,False,,,,,,,,,,,,,,,,,,,,,,,,,,,,,,,,31|104|105|109|111,2|123|125|134|135,True,True,3
1464_001,1464,regular_season,1,0.0,268.0,268.0,True,False,8,10861|3129|54|57|68,1|10|10867|14|14845,9.0,6.0,8.88,7.88,0.0,2880.0,False,False,104.33579407363683,109.97140758273426,-5.63561350909743,27,3.0,8.38,35.79952267303102,101.35135135135134,76.14213197969544,False,,,,,,,,,,,,,,,,,,,,,,,,,,,,,,,,9|87|103|106|112,0|1|14|65|73,True,True,4
1464_002,1464,regular_season,1,268.0,330.0,62.0,True,False,8,10861|54|57|58|68,1|10|10867|14|14845,4.0,4.0,2.0,3.44,3.0,2612.0,False,False,104.33579407363683,109.97140758273426,-5.63561350909743,27,0.0,2.7199999999999998,0.0,200.0,116.27906976744187,False,,,,,,,,,,,,,,,,,,,,,,,,,,,,,,,,9|103|106|107|112,0|1|14|65|73,True,True,4
1464_003,1464,regular_season,1,330.0,493.0,163.0,True,False,8,10861|54|57|58|68,1|10867|14|14845|5,7.0,11.0,7.0,6.88,3.0,2550.0,False,False,104.33579407363683,109.97140758273426,-5.63561350909743,27,-4.0,6.9399999999999995,-57.636887608069166,100.0,159.88372093023256,False,,,,,,,,,,,,,,,,,,,,,,,,,,,,,,,,9|103|106|107|112,0|14|65|73|101,True,True,4
1464_004,1464,regular_season,1,493.0,513.0,20.0,True,False,8,12|16|54|58|68,1|10867|13907|14|5,0.0,1.0,1.0,0.88,-1.0,2387.0,False,False,104.33579407363683,109.97140758273426,-5.63561350909743,27,-1.0,0.94,-106.38297872340426,0.0,113.63636363636364,False,,,,,,,,,,,,,,,,,,,,,,,,,,,,,,,,50|75|103|107|112,0|14|64|65|101,True,True,4
1464_005,1464,regular_season,1,513.0,554.0,41.0,True,False,8,12|16|55|58|68,1|10867|13907|14|5,3.0,1.0,1.0,0.88,-2.0,2367.0,False,False,104.33579407363683,109.97140758273426,-5.63561350909743,27,2.0,0.94,212.76595744680853,300.0,113.63636363636364,False,,,,,,,,,,,,,,,,,,,,,,,,,,,,,,,,50|75|104|107|112,0|14|64|65|101,True,True,4
1464_006,1464,regular_season,1,554.0,599.0,45.0,True,False,8,12|16|55|58|68,1|10|10867|13907|5,5.0,0.0,1.88,1.0,0.0,2326.0,False,False,104.33579407363683,109.97140758273426,-5.63561350909743,27,5.0,1.44,347.22222222222223,265.95744680851067,0.0,False,,,,,,,,,,,,,,,,,,,,,,,,,,,,,,,,50|75|104|107|112,0|1|14|64|101,True,True,4
1464_007,1464,regular_season,1,599.0,691.0,92.0,True,False,8,12|16|55|58|68,1|10|13907|14845|5,4.0,4.0,3.0,3.88,5.0,2281.0,False,False,104.33579407363683,109.97140758273426,-5.63561350909743,27,0.0,3.44,0.0,133.33333333333334,103.09278350515464,False,,,,,,,,,,,,,,,,,,,,,,,,,,,,,,,,50|75|104|107|112,0|1|64|73|101,True,True,4
1464_008,1464,regular_season,1,691.0,720.0,29.0,True,False,8,12|16|55|58|68,10|10865|13907|14845|5,0.0,0.0,2.0,1.0,5.0,2189.0,False,False,104.33579407363683,109.97140758273426,-5.63561350909743,27,0.0,1.5,0.0,0.0,0.0,False,,,,,,,,,,,,,,,,,,,,,,,,,,,,,,,,50|75|104|107|112,1|13|64|73|101,True,True,4
1464_009,1464,regular_season,2,720.0,882.0,162.0,True,False,8,10861|12|16|55|58,10|10865|13907|14845|5,2.0,5.0,5.0,5.0,5.0,2160.0,False,False,104.33579407363683,109.97140758273426,-5.63561350909743,27,-3.0,5.0,-60.0,40.0,100.0,False,,,,,,,,,,,,,,,,,,,,,,,,,,,,,,,,9|50|75|104|107,1|13|64|73|101,True,True,4
1464_010,1464,regular_season,2,882.0,938.0,56.0,True,False,8,10861|12|16|55|58,1|10|13907|14845|5,0.0,3.0,1.0,1.88,2.0,1998.0,False,False,104.33579407363683,109.97140758273426,-5.63561350909743,27,-3.0,1.44,-208.33333333333334,0.0,159.5744680851064,False,,,,,,,,,,,,,,,,,,,,,,,,,,,,,,,,9|50|75|104|107,0|1|64|73|101,True,True,4
1464_011,1464,regular_season,2,938.0,966.0,28.0,True,False,8,10861|16|54|55|58,1|10|13907|14845|5,0.0,1.0,1.0,0.88,-1.0,1942.0,False,False,104.33579407363683,109.97140758273426,-5.63561350909743,27,-1.0,0.94,-106.38297872340426,0.0,113.63636363636364,False,,,,,,,,,,,,,,,,,,,,,,,,,,,,,,,,9|75|103|104|107,0|1|64|73|101,True,True,4
1464_012,1464,regular_season,2,966.0,1005.0,39.0,True,False,8,10861|54|55|58|68,1|10|13907|14845|5,5.0,0.0,1.88,1.0,-2.0,1914.0,False,False,104.33579407363683,109.97140758273426,-5.63561350909743,27,5.0,1.44,347.22222222222223,265.95744680851067,0.0,False,,,,,,,,,,,,,,,,,,,,,,,,,,,,,,,,9|103|104|107|112,0|1|64|73|101,True,True,4
1464_013,1464,regular_season,2,1005.0,1081.0,76.0,True,False,8,10861|54|55|58|68,1|10|10867|14|14845,3.0,2.0,2.0,3.0,3.0,1875.0,False,False,104.33579407363683,109.97140758273426,-5.63561350909743,27,1.0,2.5,40.0,150.0,66.66666666666667,False,,,,,,,,,,,,,,,,,,,,,,,,,,,,,,,,9|103|104|107|112,0|1|14|65|73,True,True,4
1464_014,1464,regular_season,2,1081.0,1185.0,104.0,True,False,8,16|54|55|58|68,1|10|10867|13907|14,5.0,5.0,5.44,3.0,4.0,1799.0,False,False,104.33579407363683,109.97140758273426,-5.63561350909743,27,0.0,4.220000000000001,0.0,91.91176470588235,166.66666666666666,False,,,,,,,,,,,,,,,,,,,,,,,,,,,,,,,,75|103|104|107|112,0|1|14|64|65,True,True,4
1464_015,1464,regular_season,2,1185.0,1339.0,154.0,True,False,8,16|3129|54|57|68,1|10|10867|13907|14,2.0,2.0,4.88,6.0,4.0,1695.0,False,False,104.33579407363683,109.97140758273426,-5.63561350909743,27,0.0,5.4399999999999995,0.0,40.98360655737705,33.333333333333336,False,,,,,,,,,,,,,,,,,,,,,,,,,,,,,,,,75|87|103|106|112,0|1|14|64|65,True,True,4
1464_016,1464,regular_season,2,1339.0,1359.0,20.0,True,False,8,10861|3129|54|57|68,1|13907|14|14845|5,2.0,0.0,0.88,1.0,4.0,1541.0,False,False,104.33579407363683,109.97140758273426,-5.63561350909743,27,2.0,0.94,212.76595744680853,227.27272727272728,0.0,False,,,,,,,,,,,,,,,,,,,,,,,,,,,,,,,,9|87|103|106|112,0|64|65|73|101,True,True,4
1464_017,1464,regular_season,2,1359.0,1440.0,81.0,True,False,8,10861|3129|54|57|68,1|10|13907|14845|5,4.0,0.0,2.0,3.0,6.0,1521.0,False,False,104.33579407363683,109.97140758273426,-5.63561350909743,27,4.0,2.5,160.0,200.0,0.0,False,,,,,,,,,,,,,,,,,,,,,,,,,,,,,,,,9|87|103|106|112,0|1|64|73|101,True,True,4
1464_018,1464,regular_season,3,1440.0,1602.0,162.0,True,False,8,10861|3129|54|57|68,1|10|10867|14|14845,4.0,0.0,4.88,5.0,10.0,1440.0,False,False,104.33579407363683,109.97140758273426,-5.63561350909743,27,4.0,4.9399999999999995,80.97165991902835,81.9672131147541,0.0,False,,,,,,,,,,,,,,,,,,,,,,,,,,,,,,,,9|87|103|106|112,0|1|14|65|73,True,True,4
1464_019,1464,regular_season,3,1602.0,1828.0,226.0,True,False,8,10861|3129|54|57|68,1|10|10867|13907|5,14.0,6.0,8.0,6.88,14.0,1278.0,False,False,104.33579407363683,109.97140758273426,-5.63561350909743,27,8.0,7.4399999999999995,107.52688172043011,175.0,87.20930232558139,False,,,,,,,,,,,,,,,,,,,,,,,,,,,,,,,,9|87|103|106|112,0|1|14|64|101,True,True,4
1464_020,1464,regular_season,3,1828.0,1927.0,99.0,True,False,8,10861|54|57|58|68,1|13907|14845|3|5,0.0,2.0,2.0,2.88,22.0,1052.0,False,False,104.33579407363683,109.97140758273426,-5.63561350909743,27,-2.0,2.44,-81.9672131147541,0.0,69.44444444444444,False,,,,,,,,,,,,,,,,,,,,,,,,,,,,,,,,9|103|106|107|112,0|64|73|86|101,True,True,4
1464_021,1464,regular_season,3,1927.0,1990.0,63.0,True,False,8,16|54|57|58|68,1|13907|14845|3|5,0.0,2.0,1.88,1.0,20.0,953.0,False,False,104.33579407363683,109.97140758273426,-5.63561350909743,27,-2.0,1.44,-138.88888888888889,0.0,200.0,False,,,,,,,,,,,,,,,,,,,,,,,,,,,,,,,,75|103|106|107|112,0|64|73|86|101,True,True,4
1464_022,1464,regular_season,3,1990.0,2022.0,32.0,True,False,8,16|54|55|58|68,1|13907|14845|3|5,2.0,0.0,1.44,1.0,18.0,890.0,False,False,104.33579407363683,109.97140758273426,-5.63561350909743,27,2.0,1.22,163.9344262295082,138.88888888888889,0.0,False,,,,,,,,,,,,,,,,,,,,,,,,,,,,,,,,75|103|104|107|112,0|64|73|86|101,True,True,4
1464_023,1464,regular_season,3,2022.0,2160.0,138.0,True,False,8,10861|16|54|55|58,1|10867|14845|3|5,2.0,2.0,4.0,4.0,20.0,858.0,False,False,104.33579407363683,109.97140758273426,-5.63561350909743,27,0.0,4.0,0.0,50.0,50.0,False,,,,,,,,,,,,,,,,,,,,,,,,,,,,,,,,9|75|103|104|107,0|14|73|86|101,True,True,4
1464_024,1464,regular_season,4,2160.0,2315.0,155.0,True,False,8,10861|12|16|55|58,10863|10867|14845|3|5,5.0,4.0,4.88,3.88,20.0,720.0,False,True,104.33579407363683,109.97140758273426,-5.63561350909743,27,1.0,4.38,22.831050228310502,102.45901639344262,103.09278350515464,False,,,,,,,,,,,,,,,,,,,,,,,,,,,,,,,,9|50|75|104|107,11|14|73|86|101,True,True,4
1464_025,1464,regular_season,4,2315.0,2379.0,64.0,True,False,8,12|16|55|58|68,10863|10867|14845|3|5,2.0,2.0,2.0,2.0,21.0,565.0,False,True,104.33579407363683,109.97140758273426,-5.63561350909743,27,0.0,2.0,0.0,100.0,100.0,False,,,,,,,,,,,,,,,,,,,,,,,,,,,,,,,,50|75|104|107|112,11|14|73|86|101,True,True,4
1464_026,1464,regular_season,4,2379.0,2513.0,134.0,True,False,8,12|16|55|57|68,10|10863|10867|13907|5,2.0,5.0,3.0,4.0,21.0,501.0,False,True,104.33579407363683,109.97140758273426,-5.63561350909743,27,-3.0,3.5,-85.71428571428571,66.66666666666667,125.0,False,,,,,,,,,,,,,,,,,,,,,,,,,,,,,,,,50|75|104|106|112,1|11|14|64|101,True,True,4
1464_027,1464,regular_season,4,2513.0,2513.0,0.0,True,False,8,16|54|55|57|68,1|10|10867|13907|5,0.0,0.0,0.0,0.0,18.0,367.0,False,False,104.33579407363683,109.97140758273426,-5.63561350909743,27,0.0,0.0,,,,False,,,,,,,,,,,,,,,,,,,,,,,,,,,,,,,,75|103|104|106|112,0|1|14|64|101,True,False,4
1464_028,1464,regular_season,4,2513.0,2602.0,89.0,True,False,8,16|3129|54|57|68,1|10|10867|13907|5,5.0,3.0,2.0,2.0,18.0,367.0,False,False,104.33579407363683,109.97140758273426,-5.63561350909743,27,2.0,2.0,100.0,250.0,150.0,False,,,,,,,,,,,,,,,,,,,,,,,,,,,,,,,,75|87|103|106|112,0|1|14|64|101,True,True,4
1464_029,1464,regular_season,4,2602.0,2636.0,34.0,True,False,8,16|3129|54|57|68,1|10|13907|14845|5,2.0,0.0,2.0,2.0,20.0,278.0,False,True,104.33579407363683,109.97140758273426,-5.63561350909743,27,2.0,2.0,100.0,100.0,0.0,False,,,,,,,,,,,,,,,,,,,,,,,,,,,,,,,,75|87|103|106|112,0|1|64|73|101,True,True,4
1464_030,1464,regular_season,4,2636.0,2656.0,20.0,True,False,8,16|3129|54|57|68,10|10863|13907|14845|3,3.0,2.0,1.0,0.88,22.0,244.0,False,True,104.33579407363683,109.97140758273426,-5.63561350909743,27,1.0,0.94,106.38297872340426,300.0,227.27272727272728,False,,,,,,,,,,,,,,,,,,,,,,,,,,,,,,,,75|87|103|106|112,1|11|64|73|86,True,True,4
1464_031,1464,regular_season,4,2656.0,2721.0,65.0,True,False,8,10861|3129|54|57|68,10|10863|10864|14845|3,0.0,0.0,3.0,2.0,23.0,224.0,False,True,104.33579407363683,109.97140758273426,-5.63561350909743,27,0.0,2.5,0.0,0.0,0.0,False,,,,,,,,,,,,,,,,,,,,,,,,,,,,,,,,9|87|103|106|112,1|11|12|73|86,True,True,4
1464_032,1464,regular_season,4,2721.0,2743.0,22.0,True,False,8,10861|12|3129|55|58,10863|10864|13|2|3,1.0,0.0,0.88,1.0,23.0,159.0,False,True,104.33579407363683,109.97140758273426,-5.63561350909743,27,1.0,0.94,106.38297872340426,113.63636363636364,0.0,False,,,,,,,,,,,,,,,,,,,,,,,,,,,,,,,,9|50|87|104|107,11|12|56|77|86,True,True,4
1464_033,1464,regular_season,4,2743.0,2756.0,13.0,True,False,8,10861|10884|12|55|58,10863|10864|13|2|3,0.0,0.0,0.0,0.0,24.0,137.0,False,True,104.33579407363683,109.97140758273426,-5.63561350909743,27,0.0,0.0,,,,False,,,,,,,,,,,,,,,,,,,,,,,,,,,,,,,,9|31|50|104|107,11|12|56|77|86,True,True,4
1464_034,1464,regular_season,4,2756.0,2880.0,124.0,True,False,8,10884|55|56|60|64,10863|10864|13|2|3,2.0,0.0,3.0,4.0,24.0,124.0,False,True,104.33579407363683,109.97140758273426,-5.63561350909743,27,2.0,3.5,57.142857142857146,66.66666666666667,0.0,False,,,,,,,,,,,,,,,,,,,,,,,,,,,,,,,,31|104|105|109|111,11|12|56|77|86,True,True,4
1471_001,1471,regular_season,1,0.0,324.0,324.0,True,False,4,10861|3129|54|57|68,10885|10887|10888|75|76,6.0,4.0,12.32,10.88,0.0,2880.0,False,False,104.21077415625896,100.67068147177847,3.540092684480499,29,2.0,11.600000000000001,17.241379310344826,48.7012987012987,36.76470588235294,False,,,,,,,,,,,,,,,,,,,,,,,,,,,,,,,,9|87|103|106|112,32|34|35|116|117,True,True,0
1471_002,1471,regular_season,1,324.0,356.0,32.0,True,False,4,16|3129|54|57|68,10862|10885|10888|75|76,0.0,0.0,1.0,2.0,2.0,2556.0,False,False,104.21077415625896,100.67068147177847,3.540092684480499,29,0.0,1.5,0.0,0.0,0.0,False,,,,,,,,,,,,,,,,,,,,,,,,,,,,,,,,75|87|103|106|112,10|32|35|116|117,True,True,0
1471_003,1471,regular_season,1,356.0,473.0,117.0,True,False,4,16|54|57|58|68,10862|10885|10888|76|88,5.0,5.0,3.0,2.76,2.0,2524.0,False,False,104.21077415625896,100.67068147177847,3.540092684480499,29,0.0,2.88,0.0,166.66666666666666,181.1594202898551,False,,,,,,,,,,,,,,,,,,,,,,,,,,,,,,,,75|103|106|107|112,10|32|35|117|128,True,True,0
1471_004,1471,regular_season,1,473.0,570.0,97.0,True,False,4,16|54|57|58|68,10862|10887|76|87|88,2.0,7.0,3.0,3.0,2.0,2407.0,False,False,104.21077415625896,100.67068147177847,3.540092684480499,29,-5.0,3.0,-166.66666666666666,66.66666666666667,233.33333333333334,False,,,,,,,,,,,,,,,,,,,,,,,,,,,,,,,,75|103|106|107|112,10|34|117|127|128,True,True,0
1471_005,1471,regular_season,1,570.0,657.0,87.0,True,False,4,10861|12|16|54|58,10862|10887|76|87|88,2.0,0.0,2.0,2.0,-3.0,2310.0,False,False,104.21077415625896,100.67068147177847,3.540092684480499,29,2.0,2.0,100.0,100.0,0.0,False,,,,,,,,,,,,,,,,,,,,,,,,,,,,,,,,9|50|75|103|107,10|34|117|127|128,True,True,0
1471_006,1471,regular_season,1,657.0,720.0,63.0,True,False,4,10861|12|16|58|62,10862|10887|80|87|88,0.0,0.0,2.0,1.0,-1.0,2223.0,False,False,104.21077415625896,100.67068147177847,3.540092684480499,29,0.0,1.5,0.0,0.0,0.0,False,,,,,,,,,,,,,,,,,,,,,,,,,,,,,,,,9|50|75|107|110,10|34|121|127|128,True,True,0
1471_007,1471,regular_season,2,720.0,937.0,217.0,True,False,4,10861|12|16|58|62,10862|10887|80|87|88,9.0,5.0,8.44,8.0,-1.0,2160.0,False,False,104.21077415625896,100.67068147177847,3.540092684480499,29,4.0,8.219999999999999,48.66180048661801,106.6350710900474,62.5,False,,,,,,,,,,,,,,,,,,,,,,,,,,,,,,,,9|50|75|107|110,10|34|121|127|128,True,True,0
1471_008,1471,regular_season,2,937.0,997.0,60.0,True,False,4,10861|12|16|58|62,10862|10887|14982|87|88,3.0,0.0,1.44,2.44,3.0,1943.0,False,False,104.21077415625896,100.67068147177847,3.540092684480499,29,3.0,1.94,154.63917525773195,208.33333333333334,0.0,False,,,,,,,,,,,,,,,,,,,,,,,,,,,,,,,,9|50|75|107|110,10|34|74|127|128,True,True,0
1471_009,1471,regular_season,2,997.0,1160.0,163.0,True,False,4,12|16|58|62|68,10887|10888|14982|75|87,8.0,9.0,5.0,4.88,6.0,1883.0,False,False,104.21077415625896,100.67068147177847,3.540092684480499,29,-1.0,4.9399999999999995,-20.24291497975709,160.0,184.4262295081967,False,,,,,,,,,,,,,,,,,,,,,,,,,,,,,,,,50|75|107|110|112,34|35|74|116|127,True,True,0
1471_010,1471,regular_season,2,1160.0,1188.0,28.0,True,False,4,16|3129|54|58|68,10887|10888|75|76|82,2.0,0.0,2.0,1.0,5.0,1720.0,False,False,104.21077415625896,100.67068147177847,3.540092684480499,29,2.0,1.5,133.33333333333334,100.0,0.0,False,,,,,,,,,,,,,,,,,,,,,,,,,,,,,,,,75|87|103|107|112,34|35|116|117|122,True,True,0
1471_011,1471,regular_season,2,1188.0,1284.0,96.0,True,False,4,16|3129|54|57|68,10887|10888|75|76|82,0.0,4.0,4.0,4.44,7.0,1692.0,False,False,104.21077415625896,100.67068147177847,3.540092684480499,29,-4.0,4.220000000000001,-94.78672985781989,0.0,90.09009009009009,False,,,,,,,,,,,,,,,,,,,,,,,,,,,,,,,,75|87|103|106|112,34|35|116|117|122,True,True,0
1471_012,1471,regular_season,2,1284.0,1428.0,144.0,True,False,4,16|3129|54|57|68,10862|10888|75|76|82,4.0,2.0,3.0,4.88,3.0,1596.0,False,False,104.21077415625896,100.67068147177847,3.540092684480499,29,2.0,3.94,50.76142131979695,133.33333333333334,40.98360655737705,False,,,,,,,,,,,,,,,,,,,,,,,,,,,,,,,,75|87|103|106|112,10|35|116|117|122,True,True,0
1471_013,1471,regular_season,2,1428.0,1439.0,11.0,True,False,4,16|54|57|62|68,10862|10888|75|82|87,0.0,0.0,1.0,0.0,5.0,1452.0,False,False,104.21077415625896,100.67068147177847,3.540092684480499,29,0.0,0.5,0.0,0.0,,False,,,,,,,,,,,,,,,,,,,,,,,,,,,,,,,,75|103|106|110|112,10|35|116|122|127,True,True,0
1471_014,1471,regular_season,2,1439.0,1440.0,1.0,True,False,4,16|54|57|62|68,10862|10885|10888|82|87,0.0,0.0,0.0,0.0,5.0,1441.0,False,False,104.21077415625896,100.67068147177847,3.540092684480499,29,0.0,0.0,,,,False,,,,,,,,,,,,,,,,,,,,,,,,,,,,,,,,75|103|106|110|112,10|32|35|122|127,True,True,0
1471_015,1471,regular_season,3,1440.0,1729.0,289.0,True,False,4,16|3129|54|57|68,10885|10887|10888|75|76,7.0,13.0,7.88,8.0,5.0,1440.0,False,False,104.21077415625896,100.67068147177847,3.540092684480499,29,-6.0,7.9399999999999995,-75.56675062972293,88.83248730964468,162.5,False,,,,,,,,,,,,,,,,,,,,,,,,,,,,,,,,75|87|103|106|112,32|34|35|116|117,True,True,0
1471_016,1471,regular_season,3,1729.0,1780.0,51.0,True,False,4,10861|3129|54|57|68,10885|10887|10888|75|76,0.0,2.0,1.0,2.44,-1.0,1151.0,False,False,104.21077415625896,100.67068147177847,3.540092684480499,29,-2.0,1.72,-116.27906976744187,0.0,81.9672131147541,False,,,,,,,,,,,,,,,,,,,,,,,,,,,,,,,,9|87|103|106|112,32|34|35|116|117,True,True,0
1471_017,1471,regular_season,3,1780.0,1881.0,101.0,True,False,4,10861|3129|54|58|68,10885|10887|10888|75|76,5.0,4.0,3.88,4.0,-3.0,1100.0,False,False,104.21077415625896,100.67068147177847,3.540092684480499,29,1.0,3.94,25.380710659898476,128.8659793814433,100.0,False,,,,,,,,,,,,,,,,,,,,,,,,,,,,,,,,9|87|103|107|112,32|34|35|116|117,True,True,0
1471_018,1471,regular_season,3,1881.0,1970.0,89.0,True,False,4,10861|3129|54|58|68,10862|10885|10888|75|76,3.0,4.0,2.0,3.0,-2.0,999.0,False,False,104.21077415625896,100.67068147177847,3.540092684480499,29,-1.0,2.5,-40.0,150.0,133.33333333333334,False,,,,,,,,,,,,,,,,,,,,,,,,,,,,,,,,9|87|103|107|112,10|32|35|116|117,True,True,0
1471_019,1471,regular_season,3,1970.0,1983.0,13.0,True,False,4,10861|12|58|62|68,10862|10888|75|76|87,0.0,2.0,1.0,1.44,-3.0,910.0,False,False,104.21077415625896,100.67068147177847,3.540092684480499,29,-2.0,1.22,-163.9344262295082,0.0,138.88888888888889,False,,,,,,,,,,,,,,,,,,,,,,,,,,,,,,,,9|50|107|110|112,10|35|116|117|127,True,True,0
1471_020,1471,regular_season,3,1983.0,2042.0,59.0,True,False,4,10861|12|16|58|62,10862|10888|75|76|87,4.0,0.0,1.88,2.0,-5.0,897.0,False,False,104.21077415625896,100.67068147177847,3.540092684480499,29,4.0,1.94,206.18556701030928,212.76595744680853,0.0,False,,,,,,,,,,,,,,,,,,,,,,,,,,,,,,,,9|50|75|107|110,10|35|116|117|127,True,True,0
1471_021,1471,regular_season,3,2042.0,2160.0,118.0,True,False,4,10861|12|16|58|62,10862|10887|75|87|88,2.0,7.0,4.0,3.88,-1.0,838.0,False,False,104.21077415625896,100.67068147177847,3.540092684480499,29,-5.0,3.94,-126.90355329949239,50.0,180.41237113402062,False,,,,,,,,,,,,,,,,,,,,,,,,,,,,,,,,9|50|75|107|110,10|34|116|127|128,True,True,0
1471_022,1471,regular_season,4,2160.0,2262.0,102.0,True,False,4,10861|12|16|58|62,10862|10887|75|87|88,4.0,5.0,4.44,3.0,-6.0,720.0,False,False,104.21077415625896,100.67068147177847,3.540092684480499,29,-1.0,3.72,-26.881720430107524,90.09009009009009,166.66666666666666,False,,,,,,,,,,,,,,,,,,,,,,,,,,,,,,,,9|50|75|107|110,10|34|116|127|128,True,True,0
1471_023,1471,regular_season,4,2262.0,2309.0,47.0,True,False,4,10861|12|54|58|68,10862|10887|75|87|88,0.0,6.0,0.88,2.44,-7.0,618.0,False,False,104.21077415625896,100.67068147177847,3.540092684480499,29,-6.0,1.66,-361.44578313253015,0.0,245.9016393442623,False,,,,,,,,,,,,,,,,,,,,,,,,,,,,,,,,9|50|103|107|112,10|34|116|127|128,True,True,0
1471_024,1471,regular_season,4,2309.0,2401.0,92.0,True,False,4,12|16|54|58|68,10862|10887|75|87|88,3.0,0.0,3.0,3.0,-13.0,571.0,False,False,104.21077415625896,100.67068147177847,3.540092684480499,29,3.0,3.0,100.0,100.0,0.0,False,,,,,,,,,,,,,,,,,,,,,,,,,,,,,,,,50|75|103|107|112,10|34|116|127|128,True,True,0
1471_025,1471,regular_season,4,2401.0,2634.0,233.0,True,False,4,12|16|54|57|68,10862|10887|75|87|88,10.0,8.0,7.0,6.88,-10.0,479.0,False,False,104.21077415625896,100.67068147177847,3.540092684480499,29,2.0,6.9399999999999995,28.818443804034583,142.85714285714286,116.27906976744187,False,,,,,,,,,,,,,,,,,,,,,,,,,,,,,,,,50|75|103|106|112,10|34|116|127|128,True,True,0
1471_026,1471,regular_season,4,2634.0,2758.0,124.0,True,False,4,16|54|57|58|68,10862|10887|75|87|88,4.0,5.0,4.0,3.44,-8.0,246.0,False,False,104.21077415625896,100.67068147177847,3.540092684480499,29,-1.0,3.7199999999999998,-26.881720430107528,100.0,145.34883720930233,False,,,,,,,,,,,,,,,,,,,,,,,,,,,,,,,,75|103|106|107|112,10|34|116|127|128,True,True,0
1471_027,1471,regular_season,4,2758.0,2770.0,12.0,True,False,4,16|54|57|58|68,10862|10885|75|87|88,3.0,0.0,1.44,1.0,-9.0,122.0,False,False,104.21077415625896,100.67068147177847,3.540092684480499,29,3.0,1.22,245.9016393442623,208.33333333333334,0.0,False,,,,,,,,,,,,,,,,,,,,,,,,,,,,,,,,75|103|106|107|112,10|32|116|127|128,True,True,0
1471_028,1471,regular_season,4,2770.0,2855.0,85.0,True,False,4,16|54|57|58|68,10862|10887|75|87|88,4.0,8.0,4.640000000000001,4.76,-6.0,110.0,False,False,104.21077415625896,100.67068147177847,3.540092684480499,29,-4.0,4.7,-85.1063829787234,86.20689655172413,168.0672268907563,False,,,,,,,,,,,,,,,,,,,,,,,,,,,,,,,,75|103|106|107|112,10|34|116|127|128,True,True,0
1471_029,1471,regular_season,4,2855.0,2860.0,5.0,True,False,4,16|54|57|58|68,10887|75|82|87|88,0.0,2.0,0.0,0.88,-10.0,25.0,False,False,104.21077415625896,100.67068147177847,3.540092684480499,29,-2.0,0.44,-454.54545454545456,,227.27272727272728,False,,,,,,,,,,,,,,,,,,,,,,,,,,,,,,,,75|103|106|107|112,34|116|122|127|128,True,True,0
1471_030,1471,regular_season,4,2860.0,2880.0,20.0,True,False,4,16|3129|54|57|68,10887|75|82|87|88,1.0,0.0,0.88,1.0,-12.0,20.0,False,False,104.21077415625896,100.67068147177847,3.540092684480499,29,1.0,0.94,106.38297872340426,113.63636363636364,0.0,False,,,,,,,,,,,,,,,,,,,,,,,,,,,,,,,,75|87|103|106|112,34|116|122|127|128,True,True,0
1475_001,1475,regular_season,1,0.0,302.0,302.0,True,True,2,16|54|57|62|68,110|118|121|14844|4181,10.0,10.0,8.32,8.88,0.0,2880.0,False,False,101.03803439910772,109.79928520850068,-8.761250809392964,32,0.0,8.600000000000001,0.0,120.1923076923077,112.61261261261261,False,,,,,,,,,,,,,,,,,,,,,,,,,,,,,,,,75|103|106|110|112,44|48|51|72|95,True,True,1
1475_002,1475,regular_season,1,302.0,311.0,9.0,True,True,2,16|3129|54|57|68,110|118|121|14844|4181,0.0,0.0,0.88,0.0,0.0,2578.0,False,False,101.03803439910772,109.79928520850068,-8.761250809392964,32,0.0,0.44,0.0,0.0,,False,,,,,,,,,,,,,,,,,,,,,,,,,,,,,,,,75|87|103|106|112,44|48|51|72|95,True,True,1
1475_003,1475,regular_season,1,311.0,352.0,41.0,True,True,2,16|3129|54|57|68,108|116|118|4181|51,1.0,0.0,0.44,1.0,0.0,2569.0,False,False,101.03803439910772,109.79928520850068,-8.761250809392964,32,1.0,0.72,138.88888888888889,227.27272727272728,0.0,False,,,,,,,,,,,,,,,,,,,,,,,,,,,,,,,,75|87|103|106|112,7|47|48|95|102,True,True,1
1475_004,1475,regular_season,1,352.0,447.0,95.0,True,True,2,10861|3129|54|57|68,108|116|118|4181|51,7.0,5.0,3.0,2.88,1.0,2528.0,False,False,101.03803439910772,109.79928520850068,-8.761250809392964,32,2.0,2.94,68.02721088435375,233.33333333333334,173.61111111111111,False,,,,,,,,,,,,,,,,,,,,,,,,,,,,,,,,9|87|103|106|112,7|47|48|95|102,True,True,1
1475_005,1475,regular_season,1,447.0,512.0,65.0,True,True,2,10861|54|57|58|68,108|116|118|4181|51,2.0,1.0,3.0,1.88,3.0,2433.0,False,False,101.03803439910772,109.79928520850068,-8.761250809392964,32,1.0,2.44,40.98360655737705,66.66666666666667,53.19148936170213,False,,,,,,,,,,,,,,,,,,,,,,,,,,,,,,,,9|103|106|107|112,7|47|48|95|102,True,True,1
1475_006,1475,regular_season,1,512.0,596.0,84.0,True,True,2,10861|12|16|54|58,108|110|116|118|51,0.0,2.0,1.0,1.0,4.0,2368.0,False,False,101.03803439910772,109.79928520850068,-8.761250809392964,32,-2.0,1.0,-200.0,0.0,200.0,False,,,,,,,,,,,,,,,,,,,,,,,,,,,,,,,,9|50|75|103|107,7|44|47|48|102,True,True,1
1475_007,1475,regular_season,1,596.0,601.0,5.0,True,True,2,10861|12|16|55|58,108|110|116|118|51,0.0,0.0,0.0,1.0,2.0,2284.0,False,False,101.03803439910772,109.79928520850068,-8.761250809392964,32,0.0,0.5,0.0,,0.0,False,,,,,,,,,,,,,,,,,,,,,,,,,,,,,,,,9|50|75|104|107,7|44|47|48|102,True,True,1
1475_008,1475,regular_season,1,601.0,720.0,119.0,True,True,2,10861|12|16|55|58,108|110|116|121|51,3.0,1.0,3.88,3.88,2.0,2279.0,False,False,101.03803439910772,109.79928520850068,-8.761250809392964,32,2.0,3.88,51.54639175257732,77.31958762886597,25.77319587628866,False,,,,,,,,,,,,,,,,,,,,,,,,,,,,,,,,9|50|75|104|107,7|44|47|51|102,True,True,1
1475_009,1475,regular_season,2,720.0,881.0,161.0,True,True,2,10861|12|16|55|58,110|118|121|14844|4181,3.0,5.0,5.88,5.0,4.0,2160.0,False,False,101.03803439910772,109.79928520850068,-8.761250809392964,32,-2.0,5.4399999999999995,-36.76470588235294,51.02040816326531,100.0,False,,,,,,,,,,,,,,,,,,,,,,,,,,,,,,,,9|50|75|104|107,44|48|51|72|95,True,True,1
1475_010,1475,regular_season,2,881.0,909.0,28.0,True,True,2,12|16|55|58|68,116|118|121|14844|4181,0.0,2.0,1.0,1.88,2.0,1999.0,False,False,101.03803439910772,109.79928520850068,-8.761250809392964,32,-2.0,1.44,-138.88888888888889,0.0,106.38297872340426,False,,,,,,,,,,,,,,,,,,,,,,,,,,,,,,,,50|75|104|107|112,47|48|51|72|95,True,True,1
1475_011,1475,regular_season,2,909.0,932.0,23.0,True,True,2,12|16|55|58|68,116|118|121|14844|51,0.0,0.0,0.0,0.0,0.0,1971.0,False,False,101.03803439910772,109.79928520850068,-8.761250809392964,32,0.0,0.0,,,,False,,,,,,,,,,,,,,,,,,,,,,,,,,,,,,,,50|75|104|107|112,47|48|51|72|102,True,True,1
1475_012,1475,regular_season,2,932.0,970.0,38.0,True,True,2,12|16|58|62|68,116|118|121|14844|51,2.0,2.0,2.0,1.0,0.0,1948.0,False,False,101.03803439910772,109.79928520850068,-8.761250809392964,32,0.0,1.5,0.0,100.0,200.0,False,,,,,,,,,,,,,,,,,,,,,,,,,,,,,,,,50|75|107|110|112,47|48|51|72|102,True,True,1
1475_013,1475,regular_season,2,970.0,1056.0,86.0,True,True,2,16|54|58|62|68,116|118|121|45|51,5.0,1.0,2.88,2.88,0.0,1910.0,False,False,101.03803439910772,109.79928520850068,-8.761250809392964,32,4.0,2.88,138.88888888888889,173.61111111111111,34.72222222222222,False,,,,,,,,,,,,,,,,,,,,,,,,,,,,,,,,75|103|107|110|112,47|48|51|98|102,True,True,1
1475_014,1475,regular_season,2,1056.0,1164.0,108.0,True,True,2,10861|54|58|62|68,108|116|118|45|51,4.0,1.0,3.0,2.88,4.0,1824.0,False,False,101.03803439910772,109.79928520850068,-8.761250809392964,32,3.0,2.94,102.04081632653062,133.33333333333334,34.72222222222222,False,,,,,,,,,,,,,,,,,,,,,,,,,,,,,,,,9|103|107|110|112,7|47|48|98|102,True,True,1
1475_015,1475,regular_season,2,1164.0,1254.0,90.0,True,True,2,10861|54|57|62|68,10891|116|118|45|51,2.0,2.0,3.0,3.0,7.0,1716.0,False,False,101.03803439910772,109.79928520850068,-8.761250809392964,32,0.0,3.0,0.0,66.66666666666667,66.66666666666667,False,,,,,,,,,,,,,,,,,,,,,,,,,,,,,,,,9|103|106|110|112,38|47|48|98|102,True,True,1
1475_016,1475,regular_season,2,1254.0,1306.0,52.0,True,True,2,10861|54|57|62|68,10891|110|118|45|51,5.0,3.0,2.0,1.88,7.0,1626.0,False,False,101.03803439910772,109.79928520850068,-8.761250809392964,32,2.0,1.94,103.09278350515464,250.0,159.5744680851064,False,,,,,,,,,,,,,,,,,,,,,,,,,,,,,,,,9|103|106|110|112,38|44|48|98|102,True,True,1
1475_017,1475,regular_season,2,1306.0,1440.0,134.0,True,True,2,10861|3129|54|62|68,110|118|4181|45|51,6.0,6.0,4.0,3.0,9.0,1574.0,False,False,101.03803439910772,109.79928520850068,-8.761250809392964,32,0.0,3.5,0.0,150.0,200.0,False,,,,,,,,,,,,,,,,,,,,,,,,,,,,,,,,9|87|103|110|112,44|48|95|98|102,True,True,1
1475_018,1475,regular_season,3,1440.0,1810.0,370.0,True,True,2,16|54|57|62|68,110|118|121|4181|45,12.0,12.0,9.0,10.88,9.0,1440.0,False,False,101.03803439910772,109.79928520850068,-8.761250809392964,32,0.0,9.940000000000001,0.0,133.33333333333334,110.29411764705881,False,,,,,,,,,,,,,,,,,,,,,,,,,,,,,,,,75|103|106|110|112,44|48|51|95|98,True,True,1
1475_019,1475,regular_season,3,1810.0,1839.0,29.0,True,True,2,16|54|58|62|68,116|118|121|4181|45,0.0,0.0,1.0,0.0,9.0,1070.0,False,False,101.03803439910772,109.79928520850068,-8.761250809392964,32,0.0,0.5,0.0,0.0,,False,,,,,,,,,,,,,,,,,,,,,,,,,,,,,,,,75|103|107|110|112,47|48|51|95|98,True,True,1
1475_020,1475,regular_season,3,1839.0,1929.0,90.0,True,True,2,10861|54|58|62|68,116|118|121|45|51,1.0,2.0,2.88,3.0,9.0,1041.0,False,False,101.03803439910772,109.79928520850068,-8.761250809392964,32,-1.0,2.94,-34.013605442176875,34.72222222222222,66.66666666666667,False,,,,,,,,,,,,,,,,,,,,,,,,,,,,,,,,9|103|107|110|112,47|48|51|98|102,True,True,1
1475_021,1475,regular_season,3,1929.0,2160.0,231.0,True,True,2,10861|16|3129|54|58,10891|110|118|45|51,8.0,8.0,6.88,7.0,8.0,951.0,False,False,101.03803439910772,109.79928520850068,-8.761250809392964,32,0.0,6.9399999999999995,0.0,116.27906976744187,114.28571428571429,False,,,,,,,,,,,,,,,,,,,,,,,,,,,,,,,,9|75|87|103|107,38|44|48|98|102,True,True,1
1475_022,1475,regular_season,4,2160.0,2289.0,129.0,True,True,2,10861|12|16|3129|58,10891|110|118|45|51,7.0,2.0,4.0,3.0,8.0,720.0,False,False,101.03803439910772,109.79928520850068,-8.761250809392964,32,5.0,3.5,142.85714285714286,175.0,66.66666666666667,False,,,,,,,,,,,,,,,,,,,,,,,,,,,,,,,,9|50|75|87|107,38|44|48|98|102,True,True,1
1475_023,1475,regular_season,4,2289.0,2371.0,82.0,True,True,2,10861|12|16|3129|58,110|118|121|45|51,0.0,2.0,2.0,2.0,13.0,591.0,False,False,101.03803439910772,109.79928520850068,-8.761250809392964,32,-2.0,2.0,-100.0,0.0,100.0,False,,,,,,,,,,,,,,,,,,,,,,,,,,,,,,,,9|50|75|87|107,44|48|51|98|102,True,True,1
1475_024,1475,regular_season,4,2371.0,2396.0,25.0,True,True,2,10861|12|16|3129|58,110|118|121|4181|45,0.0,0.0,0.0,0.0,11.0,509.0,False,False,101.03803439910772,109.79928520850068,-8.761250809392964,32,0.0,0.0,,,,False,,,,,,,,,,,,,,,,,,,,,,,,,,,,,,,,9|50|75|87|107,44|48|51|95|98,True,True,1
1475_025,1475,regular_season,4,2396.0,2484.0,88.0,True,True,2,12|16|3129|57|68,110|118|121|4181|45,5.0,2.0,2.0,3.0,11.0,484.0,False,False,101.03803439910772,109.79928520850068,-8.761250809392964,32,3.0,2.5,120.0,250.0,66.66666666666667,False,,,,,,,,,,,,,,,,,,,,,,,,,,,,,,,,50|75|87|106|112,44|48|51|95|98,True,True,1
1475_026,1475,regular_season,4,2484.0,2546.0,62.0,True,True,2,12|16|3129|57|68,108|118|121|4181|51,5.0,0.0,2.88,2.0,14.0,396.0,False,False,101.03803439910772,109.79928520850068,-8.761250809392964,32,5.0,2.44,204.91803278688525,173.61111111111111,0.0,False,,,,,,,,,,,,,,,,,,,,,,,,,,,,,,,,50|75|87|106|112,7|48|51|95|102,True,True,1
1475_027,1475,regular_season,4,2546.0,2581.0,35.0,True,True,2,10861|12|3129|57|68,108|10891|116|4181|51,3.0,0.0,1.0,1.0,19.0,334.0,False,False,101.03803439910772,109.79928520850068,-8.761250809392964,32,3.0,1.0,300.0,300.0,0.0,False,,,,,,,,,,,,,,,,,,,,,,,,,,,,,,,,9|50|87|106|112,7|38|47|95|102,True,True,1
1475_028,1475,regular_season,4,2581.0,2589.0,8.0,True,True,2,10861|10884|12|3129|68,108|10891|116|4181|51,0.0,0.0,0.0,0.88,22.0,299.0,False,True,101.03803439910772,109.79928520850068,-8.761250809392964,32,0.0,0.44,0.0,,0.0,False,,,,,,,,,,,,,,,,,,,,,,,,,,,,,,,,9|31|50|87|112,7|38|47|95|102,True,True,1
1475_029,1475,regular_season,4,2589.0,2630.0,41.0,True,True,2,10861|10884|12|55|68,108|10891|116|4181|51,3.0,0.0,1.0,0.0,22.0,291.0,False,True,101.03803439910772,109.79928520850068,-8.761250809392964,32,3.0,0.5,600.0,300.0,,False,,,,,,,,,,,,,,,,,,,,,,,,,,,,,,,,9|31|50|104|112,7|38|47|95|102,True,True,1
1475_030,1475,regular_season,4,2630.0,2713.0,83.0,True,True,2,10861|10884|12|55|56,10891|116|13275|4181|51,4.0,2.0,2.0,2.0,25.0,250.0,False,True,101.03803439910772,109.79928520850068,-8.761250809392964,32,2.0,2.0,100.0,200.0,100.0,False,,,,,,,,,,,,,,,,,,,,,,,,,,,,,,,,9|31|50|104|105,38|47|58|95|102,True,True,1
1475_031,1475,regular_season,4,2713.0,2880.0,167.0,True,True,2,10884|55|56|60|64,10891|116|13275|4181|51,7.0,3.0,4.88,4.88,27.0,167.0,False,True,101.03803439910772,109.79928520850068,-8.761250809392964,32,4.0,4.88,81.9672131147541,143.44262295081967,61.47540983606557,False,,,,,,,,,,,,,,,,,,,,,,,,,,,,,,,,31|104|105|109|111,38|47|58|95|102,True,True,1
1477_001,1477,regular_season,1,0.0,299.0,299.0,True,True,8,16|54|57|62|68,1|10864|10867|13907|14,9.0,17.0,10.0,11.2,0.0,2880.0,False,False,104.05058851227302,110.88400085811043,-6.8334123458373925,32,-8.0,10.6,-75.47169811320755,90.0,151.7857142857143,False,,,,,,,,,,,,,,,,,,,,,,,,,,,,,,,,75|103|106|110|112,0|12|14|64|65,True,True,2
1477_002,1477,regular_season,1,299.0,387.0,88.0,True,True,8,16|54|57|58|68,1|10867|13907|14|5,5.0,3.0,4.88,4.0,-8.0,2581.0,False,False,104.05058851227302,110.88400085811043,-6.8334123458373925,32,2.0,4.4399999999999995,45.04504504504505,102.45901639344262,75.0,False,,,,,,,,,,,,,,,,,,,,,,,,,,,,,,,,75|103|106|107|112,0|14|64|65|101,True,True,2
1477_003,1477,regular_season,1,387.0,426.0,39.0,True,True,8,10884|16|54|58|68,1|10|10867|13907|5,2.0,5.0,2.0,2.44,-6.0,2493.0,False,False,104.05058851227302,110.88400085811043,-6.8334123458373925,32,-3.0,2.2199999999999998,-135.13513513513516,100.0,204.91803278688525,False,,,,,,,,,,,,,,,,,,,,,,,,,,,,,,,,31|75|103|107|112,0|1|14|64|101,True,True,2
1477_004,1477,regular_season,1,426.0,504.0,78.0,True,True,8,10860|10884|54|58|68,1|10|10867|14845|5,4.0,4.0,3.3200000000000003,2.88,-9.0,2454.0,False,False,104.05058851227302,110.88400085811043,-6.8334123458373925,32,0.0,3.1,0.0,120.48192771084337,138.88888888888889,True,1.0,0.0,0.0,0.0,0.0,0.0,0.0,2.0,1.0,0.0,0.0,0.0,0.0,0.0,0.0,0.0,0.0,0.0,0.0,0.0,0.0,0.0,0.0,0.0,0.0,0.0,0.0,0.0,0.88,0.88,0.2650602409638554,8|31|103|107|112,0|1|14|73|101,True,True,2
1477_005,1477,regular_season,1,504.0,714.0,210.0,True,True,8,10860|12|55|58|68,1|10|13907|14845|5,9.0,5.0,6.0,5.76,-9.0,2376.0,False,False,104.05058851227302,110.88400085811043,-6.8334123458373925,32,4.0,5.88,68.02721088435375,150.0,86.80555555555556,True,2.0,1.0,1.0,1.0,1.0,0.0,0.0,0.0,0.0,1.0,2.0,0.0,0.0,1.0,0.0,0.0,0.0,1.0,0.0,0.0,1.0,1.0,0.0,0.0,0.0,0.0,0.0,0.0,1.0,1.0,0.16666666666666666,8|50|104|107|112,0|1|64|73|101,True,True,2
1477_006,1477,regular_season,1,714.0,720.0,6.0,True,True,8,10860|12|55|58|68,10|10867|13907|14|5,0.0,0.0,1.0,0.0,-5.0,2166.0,False,False,104.05058851227302,110.88400085811043,-6.8334123458373925,32,0.0,0.5,0.0,0.0,,True,0.0,0.0,0.0,0.0,0.0,0.0,0.0,0.0,0.0,0.0,0.0,0.0,0.0,0.0,0.0,0.0,0.0,0.0,0.0,0.0,0.0,0.0,0.0,0.0,0.0,0.0,0.0,0.0,0.0,0.0,0.0,8|50|104|107|112,1|14|64|65|101,True,True,2
1477_007,1477,regular_season,2,720.0,898.0,178.0,True,True,8,10860|12|16|55|58,1|10|13907|14845|5,2.0,2.0,4.0,4.88,-5.0,2160.0,False,False,104.05058851227302,110.88400085811043,-6.8334123458373925,32,0.0,4.4399999999999995,0.0,50.0,40.98360655737705,True,0.0,1.0,0.0,1.0,0.0,0.0,0.0,0.0,0.0,0.0,0.0,0.0,0.0,0.0,0.0,0.0,0.0,0.0,0.0,0.0,0.0,0.0,1.0,0.0,0.0,0.0,0.0,0.0,1.0,1.0,0.25,8|50|75|104|107,0|1|64|73|101,True,True,2
1477_008,1477,regular_season,2,898.0,906.0,8.0,True,True,8,10860|12|16|57|58,1|10|13907|14|14845,0.0,0.0,0.0,0.0,-5.0,1982.0,False,False,104.05058851227302,110.88400085811043,-6.8334123458373925,32,0.0,0.0,,,,True,0.0,0.0,0.0,0.0,0.0,0.0,0.0,0.0,0.0,0.0,0.0,0.0,0.0,0.0,0.0,0.0,0.0,0.0,0.0,0.0,0.0,0.0,0.0,0.0,0.0,0.0,0.0,0.0,0.0,0.0,,8|50|75|106|107,0|1|64|65|73,True,True,2
1477_009,1477,regular_season,2,906.0,945.0,39.0,True,True,8,10860|12|16|57|58,1|13907|14|14845|3,5.0,0.0,2.44,1.0,-5.0,1974.0,False,False,104.05058851227302,110.88400085811043,-6.8334123458373925,32,5.0,1.72,290.69767441860466,204.91803278688525,0.0,True,2.0,1.0,1.0,1.0,1.0,0.0,0.0,0.0,0.0,0.0,0.0,0.0,1.0,0.0,0.0,0.0,0.0,1.0,0.0,0.0,1.0,1.0,0.0,0.0,0.0,0.0,0.0,0.0,1.0,1.0,0.4098360655737705,8|50|75|106|107,0|64|65|73|86,True,True,2
1477_010,1477,regular_season,2,945.0,1037.0,92.0,True,True,8,10860|12|16|57|58,1|10867|13907|14|3,4.0,2.0,3.0,4.0,0.0,1935.0,False,False,104.05058851227302,110.88400085811043,-6.8334123458373925,32,2.0,3.5,57.142857142857146,133.33333333333334,50.0,True,2.0,1.0,1.0,1.0,1.0,0.0,0.0,0.0,0.0,0.0,2.0,0.0,0.0,0.0,1.0,0.0,1.0,0.0,0.0,0.0,0.0,0.0,1.0,1.0,0.0,0.0,0.0,0.0,1.0,2.0,0.6666666666666666,8|50|75|106|107,0|14|64|65|86,True,True,2
1477_011,1477,regular_season,2,1037.0,1167.0,130.0,True,True,8,10860|12|57|58|68,1|13907|14|14845|3,8.0,5.0,4.0,3.88,2.0,1843.0,False,False,104.05058851227302,110.88400085811043,-6.8334123458373925,32,3.0,3.94,76.14213197969544,200.0,128.8659793814433,True,2.0,1.0,1.0,1.0,1.0,0.0,0.0,0.0,0.0,0.0,0.0,0.0,0.0,0.0,0.0,0.0,1.0,0.0,0.0,0.0,0.0,0.0,1.0,1.0,0.0,0.0,0.0,0.0,1.0,1.0,0.25,8|50|106|107|112,0|64|65|73|86,True,True,2
1477_012,1477,regular_season,2,1167.0,1220.0,53.0,True,True,8,10860|12|16|54|57,10|13907|14|14845|3,0.0,4.0,2.0,1.88,5.0,1713.0,False,False,104.05058851227302,110.88400085811043,-6.8334123458373925,32,-4.0,1.94,-206.18556701030928,0.0,212.76595744680853,True,0.0,0.0,0.0,0.0,0.0,0.0,0.0,0.0,0.0,0.0,0.0,0.0,0.0,0.0,0.0,0.0,0.0,0.0,0.0,0.0,0.0,0.0,0.0,0.0,0.0,0.0,0.0,0.0,0.0,0.0,0.0,8|50|75|103|106,1|64|65|73|86,True,True,2
1477_013,1477,regular_season,2,1220.0,1334.0,114.0,True,True,8,16|3129|54|57|68,10|13907|14|14845|5,6.0,4.0,4.76,4.0,1.0,1660.0,False,False,104.05058851227302,110.88400085811043,-6.8334123458373925,32,2.0,4.38,45.662100456621005,126.05042016806723,100.0,False,,,,,,,,,,,,,,,,,,,,,,,,,,,,,,,,75|87|103|106|112,1|64|65|73|101,True,True,2
1477_014,1477,regular_season,2,1334.0,1362.0,28.0,True,True,8,16|3129|54|57|68,1|10|10864|13907|5,2.0,0.0,1.0,1.0,3.0,1546.0,False,False,104.05058851227302,110.88400085811043,-6.8334123458373925,32,2.0,1.0,200.0,200.0,0.0,False,,,,,,,,,,,,,,,,,,,,,,,,,,,,,,,,75|87|103|106|112,0|1|12|64|101,True,True,2
1477_015,1477,regular_season,2,1362.0,1440.0,78.0,True,True,8,16|3129|54|57|68,1|10|13|13907|5,3.0,0.0,1.88,3.0,5.0,1518.0,False,False,104.05058851227302,110.88400085811043,-6.8334123458373925,32,3.0,2.44,122.95081967213115,159.5744680851064,0.0,False,,,,,,,,,,,,,,,,,,,,,,,,,,,,,,,,75|87|103|106|112,0|1|56|64|101,True,True,2
1477_016,1477,regular_season,3,1440.0,1722.0,282.0,True,True,8,16|3129|54|57|68,1|13907|14|14845|5,7.0,8.0,8.0,9.32,8.0,1440.0,False,False,104.05058851227302,110.88400085811043,-6.8334123458373925,32,-1.0,8.66,-11.547344110854503,87.5,85.83690987124463,False,,,,,,,,,,,,,,,,,,,,,,,,,,,,,,,,75|87|103|106|112,0|64|65|73|101,True,True,2
1477_017,1477,regular_season,3,1722.0,1872.0,150.0,True,True,8,16|54|57|62|68,1|13907|14|14845|5,4.0,8.0,5.0,5.88,7.0,1158.0,False,False,104.05058851227302,110.88400085811043,-6.8334123458373925,32,-4.0,5.4399999999999995,-73.52941176470588,80.0,136.0544217687075,False,,,,,,,,,,,,,,,,,,,,,,,,,,,,,,,,75|103|106|110|112,0|64|65|73|101,True,True,2
1477_018,1477,regular_season,3,1872.0,1957.0,85.0,True,True,8,10860|16|54|57|62,1|10|13907|14845|5,8.0,0.0,3.0,2.0,3.0,1008.0,False,False,104.05058851227302,110.88400085811043,-6.8334123458373925,32,8.0,2.5,320.0,266.6666666666667,0.0,True,3.0,1.0,1.0,0.0,0.0,1.0,1.0,0.0,0.0,0.0,1.0,0.0,0.0,0.0,0.0,0.0,1.0,0.0,0.0,0.0,0.0,0.0,0.0,0.0,0.0,0.0,1.0,1.0,1.0,1.0,0.3333333333333333,8|75|103|106|110,0|1|64|73|101,True,True,2
1477_019,1477,regular_season,3,1957.0,2020.0,63.0,True,True,8,10860|12|16|57|62,1|10|13907|14845|5,0.0,2.0,0.0,1.0,11.0,923.0,False,False,104.05058851227302,110.88400085811043,-6.8334123458373925,32,-2.0,0.5,-400.0,,200.0,True,0.0,1.0,0.0,0.0,0.0,1.0,0.0,0.0,0.0,0.0,0.0,0.0,0.0,0.0,0.0,0.0,0.0,0.0,0.0,0.0,0.0,0.0,0.0,0.0,0.0,0.0,1.0,0.0,1.0,1.0,,8|50|75|106|110,0|1|64|73|101,True,True,2
1477_020,1477,regular_season,3,2020.0,2064.0,44.0,True,True,8,10860|12|16|57|58,1|10|13907|14845|5,2.0,2.0,1.0,1.0,9.0,860.0,False,False,104.05058851227302,110.88400085811043,-6.8334123458373925,32,0.0,1.0,0.0,200.0,200.0,True,2.0,1.0,1.0,1.0,1.0,0.0,0.0,0.0,0.0,0.0,0.0,0.0,0.0,0.0,0.0,0.0,1.0,0.0,0.0,0.0,1.0,1.0,0.0,0.0,0.0,0.0,0.0,0.0,1.0,1.0,1.0,8|50|75|106|107,0|1|64|73|101,True,True,2
1477_021,1477,regular_season,3,2064.0,2156.0,92.0,True,True,8,10860|12|16|57|58,1|10|13|13907|5,2.0,2.0,2.0,2.0,9.0,816.0,False,False,104.05058851227302,110.88400085811043,-6.8334123458373925,32,0.0,2.0,0.0,100.0,100.0,True,0.0,0.0,0.0,0.0,0.0,0.0,0.0,0.0,0.0,0.0,0.0,1.0,0.0,0.0,0.0,0.0,0.0,0.0,0.0,0.0,0.0,0.0,0.0,0.0,0.0,0.0,0.0,0.0,0.0,0.0,0.0,8|50|75|106|107,0|1|56|64|101,True,True,2
1477_022,1477,regular_season,3,2156.0,2160.0,4.0,True,True,8,10860|12|57|58|68,10|13|13907|14|5,0.0,0.0,1.0,0.0,9.0,724.0,False,False,104.05058851227302,110.88400085811043,-6.8334123458373925,32,0.0,0.5,0.0,0.0,,True,0.0,0.0,0.0,0.0,0.0,0.0,0.0,0.0,0.0,0.0,0.0,0.0,0.0,0.0,0.0,0.0,0.0,0.0,0.0,0.0,0.0,0.0,0.0,0.0,0.0,0.0,0.0,0.0,0.0,0.0,0.0,8|50|106|107|112,1|56|64|65|101,True,True,2
1477_023,1477,regular_season,4,2160.0,2232.0,72.0,True,True,8,10860|12|55|58|68,10|13|13907|14|3,2.0,3.0,3.0,3.0,9.0,720.0,False,False,104.05058851227302,110.88400085811043,-6.8334123458373925,32,-1.0,3.0,-33.333333333333336,66.66666666666667,100.0,True,2.0,1.0,1.0,1.0,1.0,0.0,0.0,0.0,0.0,1.0,1.0,0.0,1.0,0.0,0.0,0.0,1.0,0.0,0.0,0.0,0.0,0.0,1.0,1.0,0.0,0.0,0.0,0.0,1.0,1.0,0.3333333333333333,8|50|104|107|112,1|56|64|65|86,True,True,2
1477_024,1477,regular_season,4,2232.0,2275.0,43.0,True,True,8,10860|12|55|58|68,1|13|13907|14|3,4.0,0.0,2.0,1.0,8.0,648.0,False,False,104.05058851227302,110.88400085811043,-6.8334123458373925,32,4.0,1.5,266.6666666666667,200.0,0.0,True,2.0,2.0,1.0,2.0,1.0,0.0,0.0,0.0,0.0,0.0,0.0,0.0,0.0,0.0,0.0,0.0,0.0,1.0,0.0,0.0,2.0,1.0,0.0,0.0,0.0,0.0,0.0,0.0,2.0,2.0,1.0,8|50|104|107|112,0|56|64|65|86,True,True,2
1477_025,1477,regular_season,4,2275.0,2381.0,106.0,True,True,8,10860|12|57|58|68,1|13907|14|14845|3,2.0,2.0,4.0,4.0,12.0,605.0,False,False,104.05058851227302,110.88400085811043,-6.8334123458373925,32,0.0,4.0,0.0,50.0,50.0,True,2.0,2.0,1.0,1.0,1.0,1.0,0.0,0.0,0.0,0.0,1.0,0.0,0.0,0.0,0.0,0.0,1.0,0.0,0.0,0.0,0.0,0.0,1.0,1.0,0.0,0.0,1.0,0.0,2.0,2.0,0.5,8|50|106|107|112,0|64|65|73|86,True,True,2
1477_026,1477,regular_season,4,2381.0,2602.0,221.0,True,True,8,10860|54|57|58|68,1|13907|14|14845|3,10.0,5.0,7.0,6.88,12.0,499.0,False,False,104.05058851227302,110.88400085811043,-6.8334123458373925,32,5.0,6.9399999999999995,72.04610951008647,142.85714285714286,72.67441860465117,True,2.0,2.0,1.0,2.0,1.0,0.0,0.0,0.0,0.0,1.0,0.0,0.0,1.0,0.0,0.0,1.0,0.0,1.0,0.0,0.0,2.0,1.0,0.0,0.0,0.0,0.0,0.0,0.0,2.0,2.0,0.2857142857142857,8|103|106|107|112,0|64|65|73|86,True,True,2
1477_027,1477,regular_season,4,2602.0,2751.0,149.0,True,True,8,10860|3129|54|57|68,1|13907|14|14845|5,1.0,6.0,2.88,3.88,17.0,278.0,False,False,104.05058851227302,110.88400085811043,-6.8334123458373925,32,-5.0,3.38,-147.92899408284023,34.72222222222222,154.63917525773195,True,0.0,1.0,0.0,1.0,0.0,0.0,0.0,0.0,0.0,0.0,0.0,0.0,0.0,0.0,0.0,1.0,0.0,0.0,0.0,0.0,0.0,0.0,1.0,0.0,0.0,0.0,0.0,0.0,1.0,1.0,0.3472222222222222,8|87|103|106|112,0|64|65|73|101,True,True,2
1477_028,1477,regular_season,4,2751.0,2880.0,129.0,True,True,8,10860|16|3129|54|57,1|13907|14|14845|5,6.0,7.0,4.0,4.0,12.0,129.0,False,False,104.05058851227302,110.88400085811043,-6.8334123458373925,32,-1.0,4.0,-25.0,150.0,175.0,True,0.0,0.0,0.0,0.0,0.0,0.0,0.0,0.0,0.0,0.0,0.0,0.0,0.0,0.0,0.0,0.0,0.0,0.0,0.0,0.0,0.0,0.0,0.0,0.0,0.0,0.0,0.0,0.0,0.0,0.0,0.0,8|75|87|103|106,0|64|65|73|101,True,True,2
1480_001,1480,regular_season,1,0.0,272.0,272.0,True,False,4,16|54|57|62|68,10885|10887|14843|75|76,9.0,4.0,8.0,8.0,0.0,2880.0,False,False,104.97196689464619,100.73000103665883,4.241965857987342,31,5.0,8.0,62.5,112.5,50.0,False,,,,,,,,,,,,,,,,,,,,,,,,,,,,,,,,75|103|106|110|112,32|34|71|116|117,True,True,3
1480_002,1480,regular_season,1,272.0,371.0,99.0,True,False,4,10884|16|54|57|68,10862|10885|10887|75|76,2.0,4.0,2.88,3.3200000000000003,5.0,2608.0,False,False,104.97196689464619,100.73000103665883,4.241965857987342,31,-2.0,3.1,-64.51612903225806,69.44444444444444,120.48192771084337,False,,,,,,,,,,,,,,,,,,,,,,,,,,,,,,,,31|75|103|106|112,10|32|34|116|117,True,True,3
1480_003,1480,regular_season,1,371.0,404.0,33.0,True,False,4,10884|16|54|57|68,10862|10887|75|76|87,3.0,0.0,1.0,1.0,3.0,2509.0,False,False,104.97196689464619,100.73000103665883,4.241965857987342,31,3.0,1.0,300.0,300.0,0.0,False,,,,,,,,,,,,,,,,,,,,,,,,,,,,,,,,31|75|103|106|112,10|34|116|117|127,True,True,3
1480_004,1480,regular_season,1,404.0,406.0,2.0,True,False,4,10860|10884|54|57|68,10862|10887|75|76|87,0.0,2.0,0.0,0.88,6.0,2476.0,False,False,104.97196689464619,100.73000103665883,4.241965857987342,31,-2.0,0.44,-454.54545454545456,,227.27272727272728,True,0.0,0.0,0.0,0.0,0.0,0.0,0.0,0.0,0.0,0.0,0.0,0.0,0.0,0.0,0.0,0.0,0.0,0.0,0.0,0.0,0.0,0.0,0.0,0.0,0.0,0.0,0.0,0.0,0.0,0.0,,8|31|103|106|112,10|34|116|117|127,True,True,3
1480_005,1480,regular_season,1,406.0,478.0,72.0,True,False,4,10860|10884|54|58|68,10862|10887|75|76|87,2.0,0.0,2.0,2.0,4.0,2474.0,False,False,104.97196689464619,100.73000103665883,4.241965857987342,31,2.0,2.0,100.0,100.0,0.0,True,2.0,3.0,1.0,2.0,1.0,1.0,0.0,0.0,0.0,1.0,1.0,0.0,0.0,0.0,0.0,0.0,0.0,1.0,1.0,0.0,1.0,1.0,0.0,0.0,0.0,0.0,1.0,0.0,3.0,3.0,1.5,8|31|103|107|112,10|34|116|117|127,True,True,3
1480_006,1480,regular_season,1,478.0,496.0,18.0,True,False,4,10860|10884|12|58|68,10862|10887|76|87|88,0.0,0.0,1.0,0.0,6.0,2402.0,False,False,104.97196689464619,100.73000103665883,4.241965857987342,31,0.0,0.5,0.0,0.0,,True,0.0,0.0,0.0,0.0,0.0,0.0,0.0,0.0,0.0,1.0,0.0,0.0,0.0,0.0,0.0,0.0,0.0,0.0,0.0,0.0,0.0,0.0,0.0,0.0,0.0,0.0,0.0,0.0,0.0,0.0,0.0,8|31|50|107|112,10|34|117|127|128,True,True,3
1480_007,1480,regular_season,1,496.0,572.0,76.0,True,False,4,10860|12|3129|58|68,10862|10887|76|87|88,2.0,3.0,2.0,2.88,6.0,2384.0,False,False,104.97196689464619,100.73000103665883,4.241965857987342,31,-1.0,2.44,-40.98360655737705,100.0,104.16666666666667,True,0.0,1.0,0.0,1.0,0.0,0.0,0.0,0.0,0.0,0.0,0.0,0.0,0.0,0.0,0.0,0.0,0.0,0.0,0.0,0.0,0.0,0.0,1.0,0.0,0.0,0.0,0.0,0.0,1.0,1.0,0.5,8|50|87|107|112,10|34|117|127|128,True,True,3
1480_008,1480,regular_season,1,572.0,693.0,121.0,True,False,4,10860|12|3129|58|68,10862|10887|14982|87|88,2.0,2.0,3.88,3.0,5.0,2308.0,False,False,104.97196689464619,100.73000103665883,4.241965857987342,31,0.0,3.44,0.0,51.54639175257732,66.66666666666667,True,0.0,2.0,0.0,1.0,0.0,1.0,0.0,2.0,0.0,2.0,1.0,0.0,0.0,0.0,0.0,0.0,0.0,0.0,0.0,0.0,1.0,0.0,0.0,0.0,0.0,0.0,1.0,0.0,2.88,2.88,0.7422680412371134,8|50|87|107|112,10|34|74|127|128,True,True,3
1480_009,1480,regular_season,1,693.0,720.0,27.0,True,False,4,10860|12|16|3129|58,10862|14843|14982|87|88,0.0,0.0,1.0,1.0,5.0,2187.0,False,False,104.97196689464619,100.73000103665883,4.241965857987342,31,0.0,1.0,0.0,0.0,0.0,True,0.0,0.0,0.0,0.0,0.0,0.0,0.0,0.0,0.0,0.0,0.0,0.0,0.0,1.0,0.0,0.0,0.0,0.0,0.0,0.0,0.0,0.0,0.0,0.0,0.0,0.0,0.0,0.0,0.0,0.0,0.0,8|50|75|87|107,10|71|74|127|128,True,True,3
1480_010,1480,regular_season,2,720.0,840.0,120.0,True,False,4,10860|12|16|3129|58,10862|14843|14982|87|88,3.0,6.0,4.44,4.0,5.0,2160.0,False,False,104.97196689464619,100.73000103665883,4.241965857987342,31,-3.0,4.220000000000001,-71.09004739336491,67.56756756756756,150.0,True,0.0,1.0,0.0,1.0,0.0,0.0,0.0,0.0,0.0,0.0,1.0,0.0,0.0,0.0,0.0,0.0,0.0,0.0,0.0,0.0,0.0,0.0,1.0,0.0,0.0,0.0,0.0,0.0,1.0,1.0,0.2252252252252252,8|50|75|87|107,10|71|74|127|128,True,True,3
1480_011,1480,regular_season,2,840.0,900.0,60.0,True,False,4,10860|12|16|3129|54,10862|14843|14982|87|88,0.0,1.0,2.0,2.88,2.0,2040.0,False,False,104.97196689464619,100.73000103665883,4.241965857987342,31,-1.0,2.44,-40.98360655737705,0.0,34.72222222222222,True,0.0,1.0,0.0,1.0,0.0,0.0,0.0,0.0,0.0,0.0,0.0,0.0,0.0,0.0,0.0,1.0,0.0,0.0,0.0,0.0,1.0,0.0,0.0,0.0,0.0,0.0,0.0,0.0,1.0,1.0,0.5,8|50|75|87|103,10|71|74|127|128,True,True,3
1480_012,1480,regular_season,2,900.0,1043.0,143.0,True,False,4,12|16|3129|54|68,10862|14843|75|87|88,8.0,3.0,5.0,4.0,1.0,1980.0,False,False,104.97196689464619,100.73000103665883,4.241965857987342,31,5.0,4.5,111.11111111111111,160.0,75.0,False,,,,,,,,,,,,,,,,,,,,,,,,,,,,,,,,50|75|87|103|112,10|71|116|127|128,True,True,3
1480_013,1480,regular_season,2,1043.0,1146.0,103.0,True,False,4,16|3129|54|57|68,10887|14843|75|87|88,2.0,5.0,4.0,4.44,6.0,1837.0,False,False,104.97196689464619,100.73000103665883,4.241965857987342,31,-3.0,4.220000000000001,-71.09004739336491,50.0,112.61261261261261,False,,,,,,,,,,,,,,,,,,,,,,,,,,,,,,,,75|87|103|106|112,34|71|116|127|128,True,True,3
1480_014,1480,regular_season,2,1146.0,1237.0,91.0,True,False,4,16|3129|54|57|68,10862|10887|75|88|90,3.0,5.0,2.0,2.88,3.0,1734.0,False,False,104.97196689464619,100.73000103665883,4.241965857987342,31,-2.0,2.44,-81.9672131147541,150.0,173.61111111111111,False,,,,,,,,,,,,,,,,,,,,,,,,,,,,,,,,75|87|103|106|112,10|34|116|128|132,True,True,3
1480_015,1480,regular_season,2,1237.0,1306.0,69.0,True,False,4,10860|3129|54|57|68,10862|10887|75|88|90,4.0,3.0,2.0,2.44,1.0,1643.0,False,False,104.97196689464619,100.73000103665883,4.241965857987342,31,1.0,2.2199999999999998,45.04504504504505,200.0,122.95081967213115,True,4.0,2.0,2.0,2.0,2.0,0.0,0.0,0.0,0.0,1.0,0.0,0.0,0.0,0.0,0.0,0.0,1.0,1.0,0.0,0.0,2.0,2.0,0.0,0.0,0.0,0.0,0.0,0.0,2.0,2.0,1.0,8|87|103|106|112,10|34|116|128|132,True,True,3
1480_016,1480,regular_season,2,1306.0,1343.0,37.0,True,False,4,10860|3129|54|57|68,10862|10887|75|76|90,3.0,2.0,2.3200000000000003,1.0,2.0,1574.0,False,False,104.97196689464619,100.73000103665883,4.241965857987342,31,1.0,1.6600000000000001,60.24096385542168,129.3103448275862,200.0,True,0.0,0.0,0.0,0.0,0.0,0.0,0.0,0.0,0.0,0.0,0.0,0.0,0.0,0.0,1.0,0.0,0.0,0.0,0.0,0.0,0.0,0.0,0.0,0.0,0.0,0.0,0.0,0.0,0.0,1.0,0.43103448275862066,8|87|103|106|112,10|34|116|117|132,True,True,3
1480_017,1480,regular_season,2,1343.0,1374.0,31.0,True,False,4,10860|54|57|62|68,10862|10887|75|76|90,2.0,2.0,1.0,1.0,3.0,1537.0,False,False,104.97196689464619,100.73000103665883,4.241965857987342,31,0.0,1.0,0.0,200.0,200.0,True,2.0,1.0,1.0,1.0,1.0,0.0,0.0,0.0,0.0,0.0,0.0,0.0,0.0,0.0,0.0,0.0,0.0,1.0,0.0,0.0,0.0,0.0,1.0,1.0,0.0,0.0,0.0,0.0,1.0,1.0,1.0,8|103|106|110|112,10|34|116|117|132,True,True,3
1480_018,1480,regular_season,2,1374.0,1440.0,66.0,True,False,4,10860|54|57|62|68,10862|10887|75|76|87,2.0,0.0,1.0,2.0,3.0,1506.0,False,False,104.97196689464619,100.73000103665883,4.241965857987342,31,2.0,1.5,133.33333333333334,200.0,0.0,True,2.0,3.0,1.0,3.0,1.0,0.0,0.0,0.0,0.0,2.0,1.0,0.0,0.0,0.0,0.0,0.0,0.0,1.0,2.0,0.0,1.0,1.0,0.0,0.0,0.0,0.0,0.0,0.0,3.0,3.0,3.0,8|103|106|110|112,10|34|116|117|127,True,True,3
1480_019,1480,regular_season,3,1440.0,1526.0,86.0,True,False,4,16|3129|54|57|68,10885|10887|14843|75|76,3.0,2.0,3.0,1.88,5.0,1440.0,False,False,104.97196689464619,100.73000103665883,4.241965857987342,31,1.0,2.44,40.98360655737705,100.0,106.38297872340426,False,,,,,,,,,,,,,,,,,,,,,,,,,,,,,,,,75|87|103|106|112,32|34|71|116|117,True,True,3
1480_020,1480,regular_season,3,1526.0,1811.0,285.0,True,False,4,16|3129|54|57|68,10862|10885|14843|75|76,5.0,11.0,7.0,7.0,6.0,1354.0,False,False,104.97196689464619,100.73000103665883,4.241965857987342,31,-6.0,7.0,-85.71428571428571,71.42857142857143,157.14285714285714,False,,,,,,,,,,,,,,,,,,,,,,,,,,,,,,,,75|87|103|106|112,10|32|71|116|117,True,True,3
1480_021,1480,regular_season,3,1811.0,1831.0,20.0,True,False,4,16|54|57|62|68,10862|10885|14843|75|76,0.0,0.0,0.0,1.0,0.0,1069.0,False,False,104.97196689464619,100.73000103665883,4.241965857987342,31,0.0,0.5,0.0,,0.0,False,,,,,,,,,,,,,,,,,,,,,,,,,,,,,,,,75|103|106|110|112,10|32|71|116|117,True,True,3
1480_022,1480,regular_season,3,1831.0,1904.0,73.0,True,False,4,10860|54|57|62|68,10862|10885|14843|75|76,2.0,0.0,2.0,2.0,0.0,1049.0,False,False,104.97196689464619,100.73000103665883,4.241965857987342,31,2.0,2.0,100.0,100.0,0.0,True,0.0,1.0,0.0,1.0,0.0,0.0,0.0,0.0,0.0,0.0,1.0,0.0,1.0,0.0,0.0,0.0,0.0,0.0,0.0,0.0,0.0,0.0,1.0,0.0,0.0,0.0,0.0,0.0,1.0,1.0,0.5,8|103|106|110|112,10|32|71|116|117,True,True,3
1480_023,1480,regular_season,3,1904.0,2030.0,126.0,True,False,4,10860|54|57|62|68,10862|10887|75|76|87,3.0,2.0,4.0,4.0,2.0,976.0,False,False,104.97196689464619,100.73000103665883,4.241965857987342,31,1.0,4.0,25.0,75.0,50.0,True,3.0,1.0,1.0,0.0,0.0,1.0,1.0,0.0,0.0,0.0,2.0,0.0,0.0,0.0,1.0,0.0,1.0,0.0,0.0,0.0,0.0,0.0,0.0,0.0,0.0,0.0,1.0,1.0,1.0,2.0,0.5,8|103|106|110|112,10|34|116|117|127,True,True,3
1480_024,1480,regular_season,3,2030.0,2152.0,122.0,True,False,4,10860|12|16|57|62,10862|10887|75|87|88,0.0,6.0,4.0,3.0,3.0,850.0,False,False,104.97196689464619,100.73000103665883,4.241965857987342,31,-6.0,3.5,-171.42857142857142,0.0,200.0,True,0.0,0.0,0.0,0.0,0.0,0.0,0.0,0.0,0.0,0.0,0.0,0.0,0.0,0.0,1.0,0.0,0.0,0.0,0.0,0.0,0.0,0.0,0.0,0.0,0.0,0.0,0.0,0.0,0.0,1.0,0.25,8|50|75|106|110,10|34|116|127|128,True,True,3
1480_025,1480,regular_season,3,2152.0,2160.0,8.0,True,False,4,10860|12|16|57|58,10862|10887|75|87|88,0.0,3.0,0.0,1.0,-3.0,728.0,False,False,104.97196689464619,100.73000103665883,4.241965857987342,31,-3.0,0.5,-600.0,,300.0,True,0.0,0.0,0.0,0.0,0.0,0.0,0.0,0.0,0.0,0.0,0.0,0.0,0.0,0.0,0.0,0.0,0.0,0.0,0.0,0.0,0.0,0.0,0.0,0.0,0.0,0.0,0.0,0.0,0.0,0.0,,8|50|75|106|107,10|34|116|127|128,True,True,3
1480_026,1480,regular_season,4,2160.0,2238.0,78.0,True,False,4,10860|12|16|57|58,10862|10887|75|87|88,2.0,2.0,0.88,1.0,-6.0,720.0,False,False,104.97196689464619,100.73000103665883,4.241965857987342,31,0.0,0.94,0.0,227.27272727272728,200.0,True,0.0,0.0,0.0,0.0,0.0,0.0,0.0,0.0,0.0,0.0,0.0,0.0,0.0,0.0,0.0,0.0,0.0,0.0,0.0,0.0,0.0,0.0,0.0,0.0,0.0,0.0,0.0,0.0,0.0,0.0,0.0,8|50|75|106|107,10|34|116|127|128,True,True,3
1480_027,1480,regular_season,4,2238.0,2404.0,166.0,True,False,4,10860|12|16|3129|58,10862|10887|75|87|88,7.0,4.0,5.0,4.88,-6.0,642.0,False,False,104.97196689464619,100.73000103665883,4.241965857987342,31,3.0,4.9399999999999995,60.72874493927126,140.0,81.9672131147541,True,2.0,1.0,1.0,1.0,1.0,0.0,0.0,0.0,0.0,1.0,3.0,0.0,0.0,0.0,1.0,0.0,1.0,0.0,1.0,1.0,0.0,0.0,0.0,0.0,0.0,0.0,0.0,0.0,1.0,2.0,0.4,8|50|75|87|107,10|34|116|127|128,True,True,3
1480_028,1480,regular_season,4,2404.0,2442.0,38.0,True,False,4,10860|12|16|3129|54,10862|10885|10887|75|76,2.0,0.0,2.0,2.0,-3.0,476.0,False,False,104.97196689464619,100.73000103665883,4.241965857987342,31,2.0,2.0,100.0,100.0,0.0,True,0.0,0.0,0.0,0.0,0.0,0.0,0.0,0.0,0.0,0.0,0.0,0.0,0.0,0.0,1.0,0.0,0.0,0.0,0.0,0.0,0.0,0.0,0.0,0.0,0.0,0.0,0.0,0.0,0.0,1.0,0.5,8|50|75|87|103,10|32|34|116|117,True,True,3
1480_029,1480,regular_season,4,2442.0,2535.0,93.0,True,False,4,12|16|3129|54|68,10862|10885|10887|75|76,5.0,0.0,3.3200000000000003,4.0,-1.0,438.0,False,False,104.97196689464619,100.73000103665883,4.241965857987342,31,5.0,3.66,136.61202185792348,150.6024096385542,0.0,False,,,,,,,,,,,,,,,,,,,,,,,,,,,,,,,,50|75|87|103|112,10|32|34|116|117,True,True,3
1480_030,1480,regular_season,4,2535.0,2670.0,135.0,True,False,4,12|16|54|57|68,10862|14843|75|87|88,0.0,2.0,4.0,3.76,4.0,345.0,False,False,104.97196689464619,100.73000103665883,4.241965857987342,31,-2.0,3.88,-51.54639175257732,0.0,53.19148936170213,False,,,,,,,,,,,,,,,,,,,,,,,,,,,,,,,,50|75|103|106|112,10|71|116|127|128,True,True,3
1480_031,1480,regular_season,4,2670.0,2769.0,99.0,True,False,4,16|3129|54|57|68,10862|14843|75|87|88,0.0,1.0,3.0,3.88,2.0,210.0,False,False,104.97196689464619,100.73000103665883,4.241965857987342,31,-1.0,3.44,-29.069767441860467,0.0,25.77319587628866,False,,,,,,,,,,,,,,,,,,,,,,,,,,,,,,,,75|87|103|106|112,10|71|116|127|128,True,True,3
1480_032,1480,regular_season,4,2769.0,2813.0,44.0,True,False,4,16|3129|54|57|68,10887|14843|75|87|88,0.0,0.0,1.0,0.0,1.0,111.0,False,False,104.97196689464619,100.73000103665883,4.241965857987342,31,0.0,0.5,0.0,0.0,,False,,,,,,,,,,,,,,,,,,,,,,,,,,,,,,,,75|87|103|106|112,34|71|116|127|128,True,True,3
1480_033,1480,regular_season,4,2813.0,2861.0,48.0,True,False,4,16|3129|54|57|68,10862|10887|75|87|88,0.0,2.0,1.0,0.88,1.0,67.0,False,False,104.97196689464619,100.73000103665883,4.241965857987342,31,-2.0,0.94,-212.76595744680853,0.0,227.27272727272728,False,,,,,,,,,,,,,,,,,,,,,,,,,,,,,,,,75|87|103|106|112,10|34|116|127|128,True,True,3
1480_034,1480,regular_season,4,2861.0,2880.0,19.0,True,False,4,16|3129|54|57|68,10862|10885|10887|75|87,0.0,2.0,2.0,1.0,-1.0,19.0,False,False,104.97196689464619,100.73000103665883,4.241965857987342,31,-2.0,1.5,-133.33333333333334,0.0,200.0,False,,,,,,,,,,,,,,,,,,,,,,,,,,,,,,,,75|87|103|106|112,10|32|34|116|127,True,True,3
1484_001,1484,regular_season,1,0.0,349.0,349.0,True,False,6,10861|54|57|62|68,10877|10880|10881|40|44,16.0,19.0,10.88,11.44,0.0,2880.0,False,False,105.20881728905667,102.21470739367254,2.9941098953841165,34,-3.0,11.16,-26.881720430107528,147.05882352941177,166.08391608391608,False,,,,,,,,,,,,,,,,,,,,,,,,,,,,,,,,9|103|106|110|112,24|27|28|94|97,True,True,4
1484_002,1484,regular_season,1,349.0,391.0,42.0,True,False,6,10861|16|3129|54|57,10877|10880|10881|40|44,3.0,2.0,1.0,2.0,-3.0,2531.0,False,False,105.20881728905667,102.21470739367254,2.9941098953841165,34,1.0,1.5,66.66666666666667,300.0,100.0,False,,,,,,,,,,,,,,,,,,,,,,,,,,,,,,,,9|75|87|103|106,24|27|28|94|97,True,True,4
1484_003,1484,regular_season,1,391.0,443.0,52.0,True,False,6,10861|10884|16|3129|54,10877|10879|10880|10881|40,0.0,2.0,2.88,2.0,-2.0,2489.0,False,False,105.20881728905667,102.21470739367254,2.9941098953841165,34,-2.0,2.44,-81.9672131147541,0.0,100.0,False,,,,,,,,,,,,,,,,,,,,,,,,,,,,,,,,9|31|75|87|103,24|26|27|28|94,True,True,4
1484_004,1484,regular_season,1,443.0,489.0,46.0,True,False,6,10861|10884|16|3129|54,104|10877|10879|10881|47,0.0,2.0,1.0,2.0,-4.0,2437.0,False,False,105.20881728905667,102.21470739367254,2.9941098953841165,34,-2.0,1.5,-133.33333333333334,0.0,100.0,False,,,,,,,,,,,,,,,,,,,,,,,,,,,,,,,,9|31|75|87|103,4|24|26|28|99,True,True,4
1484_005,1484,regular_season,1,489.0,567.0,78.0,True,False,6,16|3129|54|64|68,104|10877|10879|10881|47,2.0,2.0,2.0,1.88,-6.0,2391.0,False,False,105.20881728905667,102.21470739367254,2.9941098953841165,34,0.0,1.94,0.0,100.0,106.38297872340426,False,,,,,,,,,,,,,,,,,,,,,,,,,,,,,,,,75|87|103|111|112,4|24|26|28|99,True,True,4
1484_006,1484,regular_season,1,567.0,632.0,65.0,True,False,6,12|16|3129|64|68,104|10879|10881|39|47,0.0,0.0,3.0,2.0,-6.0,2313.0,False,False,105.20881728905667,102.21470739367254,2.9941098953841165,34,0.0,2.5,0.0,0.0,0.0,False,,,,,,,,,,,,,,,,,,,,,,,,,,,,,,,,50|75|87|111|112,4|26|28|92|99,True,True,4
1484_007,1484,regular_season,1,632.0,642.0,10.0,True,False,6,12|16|3129|64|68,104|10879|10880|113|39,0.0,1.0,0.0,0.44,-6.0,2248.0,False,False,105.20881728905667,102.21470739367254,2.9941098953841165,34,-1.0,0.22,-454.54545454545456,,227.27272727272728,False,,,,,,,,,,,,,,,,,,,,,,,,,,,,,,,,50|75|87|111|112,4|26|27|46|92,True,True,4
1484_008,1484,regular_season,1,642.0,688.0,46.0,True,False,6,12|16|3129|62|68,104|10879|10880|113|39,1.0,4.0,2.88,3.0,-7.0,2238.0,False,False,105.20881728905667,102.21470739367254,2.9941098953841165,34,-3.0,2.94,-102.04081632653062,34.72222222222222,133.33333333333334,False,,,,,,,,,,,,,,,,,,,,,,,,,,,,,,,,50|75|87|110|112,4|26|27|46|92,True,True,4
1484_009,1484,regular_season,1,688.0,720.0,32.0,True,False,6,12|16|57|62|68,104|10879|10880|113|39,0.0,0.0,1.0,1.0,-10.0,2192.0,False,False,105.20881728905667,102.21470739367254,2.9941098953841165,34,0.0,1.0,0.0,0.0,0.0,False,,,,,,,,,,,,,,,,,,,,,,,,,,,,,,,,50|75|106|110|112,4|26|27|46|92,True,True,4
1484_010,1484,regular_season,2,720.0,823.0,103.0,True,False,6,12|16|57|62|68,104|10880|113|39|40,3.0,6.0,2.88,2.88,-10.0,2160.0,False,False,105.20881728905667,102.21470739367254,2.9941098953841165,34,-3.0,2.88,-104.16666666666667,104.16666666666667,208.33333333333334,False,,,,,,,,,,,,,,,,,,,,,,,,,,,,,,,,50|75|106|110|112,4|27|46|92|94,True,True,4
1484_011,1484,regular_season,2,823.0,904.0,81.0,True,False,6,10861|3129|54|57|68,104|10877|10880|113|40,4.0,6.0,2.88,3.0,-13.0,2057.0,False,False,105.20881728905667,102.21470739367254,2.9941098953841165,34,-2.0,2.94,-68.02721088435375,138.88888888888889,200.0,False,,,,,,,,,,,,,,,,,,,,,,,,,,,,,,,,9|87|103|106|112,4|24|27|46|94,True,True,4
1484_012,1484,regular_season,2,904.0,1004.0,100.0,True,False,6,10861|3129|54|57|68,104|10877|10880|40|44,6.0,2.0,3.44,3.0,-15.0,1976.0,False,False,105.20881728905667,102.21470739367254,2.9941098953841165,34,4.0,3.2199999999999998,124.22360248447205,174.41860465116278,66.66666666666667,False,,,,,,,,,,,,,,,,,,,,,,,,,,,,,,,,9|87|103|106|112,4|24|27|94|97,True,True,4
1484_013,1484,regular_season,2,1004.0,1116.0,112.0,True,False,6,10861|3129|54|57|68,10877|10880|10881|40|44,8.0,3.0,4.0,4.0,-11.0,1876.0,False,False,105.20881728905667,102.21470739367254,2.9941098953841165,34,5.0,4.0,125.0,200.0,75.0,False,,,,,,,,,,,,,,,,,,,,,,,,,,,,,,,,9|87|103|106|112,24|27|28|94|97,True,True,4
1484_014,1484,regular_season,2,1116.0,1210.0,94.0,True,False,6,10861|3129|54|57|68,10877|10880|10881|113|40,4.0,1.0,3.88,4.88,-6.0,1764.0,False,False,105.20881728905667,102.21470739367254,2.9941098953841165,34,3.0,4.38,68.4931506849315,103.09278350515464,20.491803278688526,False,,,,,,,,,,,,,,,,,,,,,,,,,,,,,,,,9|87|103|106|112,24|27|28|46|94,True,True,4
1484_015,1484,regular_season,2,1210.0,1228.0,18.0,True,False,6,10861|54|57|62|68,10877|10879|10880|10881|40,2.0,0.0,1.0,1.0,-3.0,1670.0,False,False,105.20881728905667,102.21470739367254,2.9941098953841165,34,2.0,1.0,200.0,200.0,0.0,False,,,,,,,,,,,,,,,,,,,,,,,,,,,,,,,,9|103|106|110|112,24|26|27|28|94,True,True,4
1484_016,1484,regular_season,2,1228.0,1303.0,75.0,True,False,6,10861|54|57|62|68,104|10877|10879|10881|47,0.0,5.0,2.0,3.0,-1.0,1652.0,False,False,105.20881728905667,102.21470739367254,2.9941098953841165,34,-5.0,2.5,-200.0,0.0,166.66666666666666,False,,,,,,,,,,,,,,,,,,,,,,,,,,,,,,,,9|103|106|110|112,4|24|26|28|99,True,True,4
1484_017,1484,regular_season,2,1303.0,1385.0,82.0,True,False,6,16|54|57|62|68,104|10877|10879|10881|47,7.0,2.0,3.88,3.44,-6.0,1577.0,False,False,105.20881728905667,102.21470739367254,2.9941098953841165,34,5.0,3.66,136.61202185792348,180.41237113402062,58.139534883720934,False,,,,,,,,,,,,,,,,,,,,,,,,,,,,,,,,75|103|106|110|112,4|24|26|28|99,True,True,4
1484_018,1484,regular_season,2,1385.0,1440.0,55.0,True,False,6,12|16|57|62|68,104|10877|10879|10881|40,2.0,5.0,1.0,2.0,-1.0,1495.0,False,False,105.20881728905667,102.21470739367254,2.9941098953841165,34,-3.0,1.5,-200.0,200.0,250.0,False,,,,,,,,,,,,,,,,,,,,,,,,,,,,,,,,50|75|106|110|112,4|24|26|28|94,True,True,4
1484_019,1484,regular_season,3,1440.0,1702.0,262.0,True,False,6,16|54|57|62|68,10877|10879|10880|10881|113,8.0,6.0,7.76,6.88,-4.0,1440.0,False,False,105.20881728905667,102.21470739367254,2.9941098953841165,34,2.0,7.32,27.3224043715847,103.09278350515464,87.20930232558139,False,,,,,,,,,,,,,,,,,,,,,,,,,,,,,,,,75|103|106|110|112,24|26|27|28|46,True,True,4
1484_020,1484,regular_season,3,1702.0,1788.0,86.0,True,False,6,16|3129|54|57|68,10877|10879|10880|10881|113,3.0,3.0,2.88,3.0,-2.0,1178.0,False,False,105.20881728905667,102.21470739367254,2.9941098953841165,34,0.0,2.94,0.0,104.16666666666667,100.0,False,,,,,,,,,,,,,,,,,,,,,,,,,,,,,,,,75|87|103|106|112,24|26|27|28|46,True,True,4
1484_021,1484,regular_season,3,1788.0,1849.0,61.0,True,False,6,10861|3129|54|57|68,104|10877|10880|39|40,2.0,3.0,1.0,2.0,-2.0,1092.0,False,False,105.20881728905667,102.21470739367254,2.9941098953841165,34,-1.0,1.5,-66.66666666666667,200.0,150.0,False,,,,,,,,,,,,,,,,,,,,,,,,,,,,,,,,9|87|103|106|112,4|24|27|92|94,True,True,4
1484_022,1484,regular_season,3,1849.0,1934.0,85.0,True,False,6,10861|10884|3129|54|68,104|10877|10880|39|40,0.0,3.0,3.0,2.44,-3.0,1031.0,False,False,105.20881728905667,102.21470739367254,2.9941098953841165,34,-3.0,2.7199999999999998,-110.29411764705884,0.0,122.95081967213115,False,,,,,,,,,,,,,,,,,,,,,,,,,,,,,,,,9|31|87|103|112,4|24|27|92|94,True,True,4
1484_023,1484,regular_season,3,1934.0,1968.0,34.0,True,False,6,10861|10884|16|3129|54,104|10877|10880|39|40,0.0,0.0,1.0,1.0,-6.0,946.0,False,False,105.20881728905667,102.21470739367254,2.9941098953841165,34,0.0,1.0,0.0,0.0,0.0,False,,,,,,,,,,,,,,,,,,,,,,,,,,,,,,,,9|31|75|87|103,4|24|27|92|94,True,True,4
1484_024,1484,regular_season,3,1968.0,2012.0,44.0,True,False,6,10861|10884|16|3129|54,104|10881|39|40|47,0.0,0.0,1.0,1.0,-6.0,912.0,False,False,105.20881728905667,102.21470739367254,2.9941098953841165,34,0.0,1.0,0.0,0.0,0.0,False,,,,,,,,,,,,,,,,,,,,,,,,,,,,,,,,9|31|75|87|103,4|28|92|94|99,True,True,4
1484_025,1484,regular_season,3,2012.0,2092.0,80.0,True,False,6,10861|12|16|3129|57,104|10881|39|40|47,2.0,1.0,2.88,3.3200000000000003,-6.0,868.0,False,False,105.20881728905667,102.21470739367254,2.9941098953841165,34,1.0,3.1,32.25806451612903,69.44444444444444,30.12048192771084,False,,,,,,,,,,,,,,,,,,,,,,,,,,,,,,,,9|50|75|87|106,4|28|92|94|99,True,True,4
1484_026,1484,regular_season,3,2092.0,2137.0,45.0,True,False,6,10861|12|16|57|62,104|10877|10880|39|47,0.0,4.0,1.0,1.88,-5.0,788.0,False,False,105.20881728905667,102.21470739367254,2.9941098953841165,34,-4.0,1.44,-277.77777777777777,0.0,212.76595744680853,False,,,,,,,,,,,,,,,,,,,,,,,,,,,,,,,,9|50|75|106|110,4|24|27|92|99,True,True,4
1484_027,1484,regular_season,3,2137.0,2160.0,23.0,True,False,6,10861|12|16|54|62,104|10877|10880|39|47,0.0,0.0,1.0,0.0,-9.0,743.0,False,False,105.20881728905667,102.21470739367254,2.9941098953841165,34,0.0,0.5,0.0,0.0,,False,,,,,,,,,,,,,,,,,,,,,,,,,,,,,,,,9|50|75|103|110,4|24|27|92|99,True,True,4
1484_028,1484,regular_season,4,2160.0,2296.0,136.0,True,False,6,10861|12|16|54|62,104|10877|10880|39|47,5.0,7.0,4.0,4.0,-9.0,720.0,False,False,105.20881728905667,102.21470739367254,2.9941098953841165,34,-2.0,4.0,-50.0,125.0,175.0,False,,,,,,,,,,,,,,,,,,,,,,,,,,,,,,,,9|50|75|103|110,4|24|27|92|99,True,True,4
1484_029,1484,regular_season,4,2296.0,2388.0,92.0,True,False,6,12|16|3129|54|68,104|10877|10880|39|47,3.0,2.0,3.0,3.0,-11.0,584.0,False,False,105.20881728905667,102.21470739367254,2.9941098953841165,34,1.0,3.0,33.333333333333336,100.0,66.66666666666667,False,,,,,,,,,,,,,,,,,,,,,,,,,,,,,,,,50|75|87|103|112,4|24|27|92|99,True,True,4
1484_030,1484,regular_season,4,2388.0,2423.0,35.0,True,False,6,12|16|3129|54|68,104|10877|10880|113|39,0.0,2.0,0.0,1.0,-10.0,492.0,False,False,105.20881728905667,102.21470739367254,2.9941098953841165,34,-2.0,0.5,-400.0,,200.0,False,,,,,,,,,,,,,,,,,,,,,,,,,,,,,,,,50|75|87|103|112,4|24|27|46|92,True,True,4
1484_031,1484,regular_season,4,2423.0,2452.0,29.0,True,False,6,16|3129|54|62|68,104|10877|10880|113|39,5.0,0.0,2.44,1.0,-12.0,457.0,False,False,105.20881728905667,102.21470739367254,2.9941098953841165,34,5.0,1.72,290.69767441860466,204.91803278688525,0.0,False,,,,,,,,,,,,,,,,,,,,,,,,,,,,,,,,75|87|103|110|112,4|24|27|46|92,True,True,4
1484_032,1484,regular_season,4,2452.0,2459.0,7.0,True,False,6,16|3129|54|62|68,10877|10880|10881|113|39,2.0,0.0,1.0,1.0,-7.0,428.0,False,False,105.20881728905667,102.21470739367254,2.9941098953841165,34,2.0,1.0,200.0,200.0,0.0,False,,,,,,,,,,,,,,,,,,,,,,,,,,,,,,,,75|87|103|110|112,24|27|28|46|92,True,True,4
1484_033,1484,regular_season,4,2459.0,2624.0,165.0,True,False,6,16|3129|54|62|68,10877|10879|10880|10881|39,0.0,7.0,4.0,5.0,-5.0,421.0,False,False,105.20881728905667,102.21470739367254,2.9941098953841165,34,-7.0,4.5,-155.55555555555554,0.0,140.0,False,,,,,,,,,,,,,,,,,,,,,,,,,,,,,,,,75|87|103|110|112,24|26|27|28|92,True,True,4
1484_034,1484,regular_season,4,2624.0,2739.0,115.0,True,False,6,10861|54|57|62|68,10877|10879|10880|10881|39,2.0,2.0,3.0,2.88,-12.0,256.0,False,False,105.20881728905667,102.21470739367254,2.9941098953841165,34,0.0,2.94,0.0,66.66666666666667,69.44444444444444,False,,,,,,,,,,,,,,,,,,,,,,,,,,,,,,,,9|103|106|110|112,24|26|27|28|92,True,True,4
1484_035,1484,regular_season,4,2739.0,2799.0,60.0,True,False,6,10861|54|57|62|68,104|10877|10879|10881|39,3.0,2.0,3.0,2.0,-12.0,141.0,False,False,105.20881728905667,102.21470739367254,2.9941098953841165,34,1.0,2.5,40.0,100.0,100.0,False,,,,,,,,,,,,,,,,,,,,,,,,,,,,,,,,9|103|106|110|112,4|24|26|28|92,True,True,4
1484_036,1484,regular_season,4,2799.0,2880.0,81.0,True,False,6,10861|3129|54|57|68,104|10877|10879|10881|39,0.0,3.0,2.0,2.0,-11.0,81.0,False,False,105.20881728905667,102.21470739367254,2.9941098953841165,34,-3.0,2.0,-150.0,0.0,150.0,False,,,,,,,,,,,,,,,,,,,,,,,,,,,,,,,,9|87|103|106|112,4|24|26|28|92,True,True,4
1489_001,1489,regular_season,1,0.0,219.0,219.0,True,True,3,16|54|57|62|68,103|10890|13906|79|89,6.0,6.0,8.44,6.88,0.0,2880.0,False,False,108.70491735452754,103.18473533805876,5.520182016468777,37,0.0,7.66,0.0,71.09004739336493,87.20930232558139,False,,,,,,,,,,,,,,,,,,,,,,,,,,,,,,,,75|103|106|110|112,3|37|63|120|130,True,True,1
1489_002,1489,regular_season,1,219.0,241.0,22.0,True,True,3,16|54|57|62|68,103|107|13906|79|89,2.0,3.0,0.88,1.0,0.0,2661.0,False,False,108.70491735452754,103.18473533805876,5.520182016468777,37,-1.0,0.94,-106.38297872340426,227.27272727272728,300.0,False,,,,,,,,,,,,,,,,,,,,,,,,,,,,,,,,75|103|106|110|112,3|6|63|120|130,True,True,1
1489_003,1489,regular_season,1,241.0,343.0,102.0,True,True,3,16|54|57|62|68,103|107|13906|89|91,2.0,5.0,3.0,3.88,-1.0,2639.0,False,False,108.70491735452754,103.18473533805876,5.520182016468777,37,-3.0,3.44,-87.20930232558139,66.66666666666667,128.8659793814433,False,,,,,,,,,,,,,,,,,,,,,,,,,,,,,,,,75|103|106|110|112,3|6|63|130|133,True,True,1
1489_004,1489,regular_season,1,343.0,361.0,18.0,True,True,3,10861|54|57|58|68,103|107|13906|89|91,0.0,0.0,0.0,0.0,-4.0,2537.0,False,False,108.70491735452754,103.18473533805876,5.520182016468777,37,0.0,0.0,,,,False,,,,,,,,,,,,,,,,,,,,,,,,,,,,,,,,9|103|106|107|112,3|6|63|130|133,True,True,1
1489_005,1489,regular_season,1,361.0,455.0,94.0,True,True,3,10861|54|57|58|68,107|13906|77|89|91,7.0,4.0,3.88,2.0,-4.0,2519.0,False,False,108.70491735452754,103.18473533805876,5.520182016468777,37,3.0,2.94,102.04081632653062,180.41237113402062,200.0,False,,,,,,,,,,,,,,,,,,,,,,,,,,,,,,,,9|103|106|107|112,6|63|118|130|133,True,True,1
1489_006,1489,regular_season,1,455.0,505.0,50.0,True,True,3,10861|3129|54|58|68,107|13906|77|79|86,2.0,0.0,1.88,2.0,-1.0,2425.0,False,False,108.70491735452754,103.18473533805876,5.520182016468777,37,2.0,1.94,103.09278350515464,106.38297872340426,0.0,False,,,,,,,,,,,,,,,,,,,,,,,,,,,,,,,,9|87|103|107|112,6|63|118|120|125,True,True,1
1489_007,1489,regular_season,1,505.0,560.0,55.0,True,True,3,10861|12|3129|58|68,107|10890|77|79|86,0.0,5.0,2.0,2.0,1.0,2375.0,False,False,108.70491735452754,103.18473533805876,5.520182016468777,37,-5.0,2.0,-250.0,0.0,250.0,False,,,,,,,,,,,,,,,,,,,,,,,,,,,,,,,,9|50|87|107|112,6|37|118|120|125,True,True,1
1489_008,1489,regular_season,1,560.0,646.0,86.0,True,True,3,10861|12|16|3129|58,107|10890|77|79|86,4.0,2.0,2.88,3.0,-4.0,2320.0,False,False,108.70491735452754,103.18473533805876,5.520182016468777,37,2.0,2.94,68.02721088435375,138.88888888888889,66.66666666666667,False,,,,,,,,,,,,,,,,,,,,,,,,,,,,,,,,9|50|75|87|107,6|37|118|120|125,True,True,1
1489_009,1489,regular_season,1,646.0,720.0,74.0,True,True,3,10861|12|16|3129|58,103|107|10890|79|86,0.0,4.0,2.0,3.0,-2.0,2234.0,False,False,108.70491735452754,103.18473533805876,5.520182016468777,37,-4.0,2.5,-160.0,0.0,133.33333333333334,False,,,,,,,,,,,,,,,,,,,,,,,,,,,,,,,,9|50|75|87|107,3|6|37|120|125,True,True,1
1489_010,1489,regular_season,2,720.0,767.0,47.0,True,True,3,10861|12|16|3129|58,103|10890|13906|79|86,0.0,0.0,1.0,2.0,-6.0,2160.0,False,False,108.70491735452754,103.18473533805876,5.520182016468777,37,0.0,1.5,0.0,0.0,0.0,False,,,,,,,,,,,,,,,,,,,,,,,,,,,,,,,,9|50|75|87|107,3|37|63|120|125,True,True,1
1489_011,1489,regular_season,2,767.0,920.0,153.0,True,True,3,10861|12|16|57|58,103|10890|13906|79|86,8.0,5.0,4.0,4.0,-6.0,2113.0,False,False,108.70491735452754,103.18473533805876,5.520182016468777,37,3.0,4.0,75.0,200.0,125.0,False,,,,,,,,,,,,,,,,,,,,,,,,,,,,,,,,9|50|75|106|107,3|37|63|120|125,True,True,1
1489_012,1489,regular_season,2,920.0,935.0,15.0,True,True,3,10861|12|16|57|58,103|107|10890|86|91,0.0,1.0,1.0,0.44,-3.0,1960.0,False,False,108.70491735452754,103.18473533805876,5.520182016468777,37,-1.0,0.72,-138.88888888888889,0.0,227.27272727272728,False,,,,,,,,,,,,,,,,,,,,,,,,,,,,,,,,9|50|75|106|107,3|6|37|125|133,True,True,1
1489_013,1489,regular_season,2,935.0,984.0,49.0,True,True,3,10861|12|57|62|68,103|107|10890|86|91,2.0,2.0,1.0,2.0,-4.0,1945.0,False,False,108.70491735452754,103.18473533805876,5.520182016468777,37,0.0,1.5,0.0,200.0,100.0,False,,,,,,,,,,,,,,,,,,,,,,,,,,,,,,,,9|50|106|110|112,3|6|37|125|133,True,True,1
1489_014,1489,regular_season,2,984.0,1102.0,118.0,True,True,3,10861|54|57|62|68,103|107|10890|89|91,6.0,3.0,5.44,4.0,-4.0,1896.0,False,False,108.70491735452754,103.18473533805876,5.520182016468777,37,3.0,4.720000000000001,63.5593220338983,110.29411764705881,75.0,False,,,,,,,,,,,,,,,,,,,,,,,,,,,,,,,,9|103|106|110|112,3|6|37|130|133,True,True,1
1489_015,1489,regular_season,2,1102.0,1187.0,85.0,True,True,3,10861|54|57|62|68,107|10890|77|89|91,5.0,0.0,1.88,2.0,-1.0,1778.0,False,False,108.70491735452754,103.18473533805876,5.520182016468777,37,5.0,1.94,257.7319587628866,265.95744680851067,0.0,False,,,,,,,,,,,,,,,,,,,,,,,,,,,,,,,,9|103|106|110|112,6|37|118|130|133,True,True,1
1489_016,1489,regular_season,2,1187.0,1206.0,19.0,True,True,3,16|54|57|58|68,103|107|10890|77|89,0.0,0.0,0.0,0.0,4.0,1693.0,False,False,108.70491735452754,103.18473533805876,5.520182016468777,37,0.0,0.0,,,,False,,,,,,,,,,,,,,,,,,,,,,,,,,,,,,,,75|103|106|107|112,3|6|37|118|130,True,True,1
1489_017,1489,regular_season,2,1206.0,1237.0,31.0,True,True,3,12|16|54|58|68,103|107|10890|77|89,1.0,2.0,1.44,1.88,4.0,1674.0,False,False,108.70491735452754,103.18473533805876,5.520182016468777,37,-1.0,1.66,-60.24096385542169,69.44444444444444,106.38297872340426,False,,,,,,,,,,,,,,,,,,,,,,,,,,,,,,,,50|75|103|107|112,3|6|37|118|130,True,True,1
1489_018,1489,regular_season,2,1237.0,1281.0,44.0,True,True,3,12|16|54|58|68,103|107|13906|77|89,1.0,0.0,1.88,1.0,3.0,1643.0,False,False,108.70491735452754,103.18473533805876,5.520182016468777,37,1.0,1.44,69.44444444444444,53.19148936170213,0.0,False,,,,,,,,,,,,,,,,,,,,,,,,,,,,,,,,50|75|103|107|112,3|6|63|118|130,True,True,1
1489_019,1489,regular_season,2,1281.0,1340.0,59.0,True,True,3,12|16|54|58|68,103|107|13906|79|89,2.0,3.0,2.0,2.76,4.0,1599.0,False,False,108.70491735452754,103.18473533805876,5.520182016468777,37,-1.0,2.38,-42.016806722689076,100.0,108.69565217391305,False,,,,,,,,,,,,,,,,,,,,,,,,,,,,,,,,50|75|103|107|112,3|6|63|120|130,True,True,1
1489_020,1489,regular_season,2,1340.0,1367.0,27.0,True,True,3,10861|12|54|58|68,103|107|13906|79|89,0.0,2.0,1.0,1.0,3.0,1540.0,False,False,108.70491735452754,103.18473533805876,5.520182016468777,37,-2.0,1.0,-200.0,0.0,200.0,False,,,,,,,,,,,,,,,,,,,,,,,,,,,,,,,,9|50|103|107|112,3|6|63|120|130,True,True,1
1489_021,1489,regular_season,2,1367.0,1440.0,73.0,True,True,3,10861|54|58|62|68,103|107|13906|79|89,2.0,0.0,1.0,1.0,1.0,1513.0,False,False,108.70491735452754,103.18473533805876,5.520182016468777,37,2.0,1.0,200.0,200.0,0.0,False,,,,,,,,,,,,,,,,,,,,,,,,,,,,,,,,9|103|107|110|112,3|6|63|120|130,True,True,1
1489_022,1489,regular_season,3,1440.0,1615.0,175.0,True,True,3,16|54|57|62|68,103|10890|13906|79|89,8.0,0.0,6.44,5.0,3.0,1440.0,False,False,108.70491735452754,103.18473533805876,5.520182016468777,37,8.0,5.720000000000001,139.86013986013984,124.22360248447204,0.0,False,,,,,,,,,,,,,,,,,,,,,,,,,,,,,,,,75|103|106|110|112,3|37|63|120|130,True,True,1
1489_023,1489,regular_season,3,1615.0,1677.0,62.0,True,True,3,16|54|57|62|68,107|13906|79|86|91,2.0,2.0,2.0,2.88,11.0,1265.0,False,False,108.70491735452754,103.18473533805876,5.520182016468777,37,0.0,2.44,0.0,100.0,69.44444444444444,False,,,,,,,,,,,,,,,,,,,,,,,,,,,,,,,,75|103|106|110|112,6|63|120|125|133,True,True,1
1489_024,1489,regular_season,3,1677.0,1717.0,40.0,True,True,3,16|54|57|58|68,107|13906|79|86|91,3.0,0.0,1.44,1.0,11.0,1203.0,False,False,108.70491735452754,103.18473533805876,5.520182016468777,37,3.0,1.22,245.9016393442623,208.33333333333334,0.0,False,,,,,,,,,,,,,,,,,,,,,,,,,,,,,,,,75|103|106|107|112,6|63|120|125|133,True,True,1
1489_025,1489,regular_season,3,1717.0,1832.0,115.0,True,True,3,10861|54|57|58|68,103|107|10890|79|86,10.0,4.0,4.44,3.0,14.0,1163.0,False,False,108.70491735452754,103.18473533805876,5.520182016468777,37,6.0,3.72,161.29032258064515,225.22522522522522,133.33333333333334,False,,,,,,,,,,,,,,,,,,,,,,,,,,,,,,,,9|103|106|107|112,3|6|37|120|125,True,True,1
1489_026,1489,regular_season,3,1832.0,1882.0,50.0,True,True,3,10861|54|57|58|68,103|107|10890|86|89,0.0,2.0,1.0,2.0,20.0,1048.0,False,False,108.70491735452754,103.18473533805876,5.520182016468777,37,-2.0,1.5,-133.33333333333334,0.0,100.0,False,,,,,,,,,,,,,,,,,,,,,,,,,,,,,,,,9|103|106|107|112,3|6|37|125|130,True,True,1
1489_027,1489,regular_season,3,1882.0,1948.0,66.0,True,True,3,10861|54|58|62|68,103|107|10890|86|89,4.0,3.0,2.44,1.88,18.0,998.0,False,False,108.70491735452754,103.18473533805876,5.520182016468777,37,1.0,2.16,46.29629629629629,163.9344262295082,159.5744680851064,False,,,,,,,,,,,,,,,,,,,,,,,,,,,,,,,,9|103|107|110|112,3|6|37|125|130,True,True,1
1489_028,1489,regular_season,3,1948.0,2019.0,71.0,True,True,3,10861|12|58|62|68,103|107|10890|86|89,3.0,3.0,2.0,2.76,19.0,932.0,False,False,108.70491735452754,103.18473533805876,5.520182016468777,37,0.0,2.38,0.0,150.0,108.69565217391305,False,,,,,,,,,,,,,,,,,,,,,,,,,,,,,,,,9|50|107|110|112,3|6|37|125|130,True,True,1
1489_029,1489,regular_season,3,2019.0,2080.0,61.0,True,True,3,10861|12|57|62|68,103|10890|13906|86|89,0.0,2.0,1.0,0.88,19.0,861.0,False,False,108.70491735452754,103.18473533805876,5.520182016468777,37,-2.0,0.94,-212.76595744680853,0.0,227.27272727272728,False,,,,,,,,,,,,,,,,,,,,,,,,,,,,,,,,9|50|106|110|112,3|37|63|125|130,True,True,1
1489_030,1489,regular_season,3,2080.0,2160.0,80.0,True,True,3,10861|12|54|62|68,10890|13906|77|86|89,5.0,6.0,2.88,3.76,17.0,800.0,False,False,108.70491735452754,103.18473533805876,5.520182016468777,37,-1.0,3.32,-30.120481927710845,173.61111111111111,159.5744680851064,False,,,,,,,,,,,,,,,,,,,,,,,,,,,,,,,,9|50|103|110|112,37|63|118|125|130,True,True,1
1489_031,1489,regular_season,4,2160.0,2219.0,59.0,True,True,3,10861|12|16|54|62,103|10890|13906|86|89,0.0,2.0,1.0,1.88,16.0,720.0,False,False,108.70491735452754,103.18473533805876,5.520182016468777,37,-2.0,1.44,-138.88888888888889,0.0,106.38297872340426,False,,,,,,,,,,,,,,,,,,,,,,,,,,,,,,,,9|50|75|103|110,3|37|63|125|130,True,True,1
1489_032,1489,regular_season,4,2219.0,2285.0,66.0,True,True,3,10861|12|16|54|58,103|10890|13906|86|89,4.0,0.0,1.88,1.0,14.0,661.0,False,False,108.70491735452754,103.18473533805876,5.520182016468777,37,4.0,1.44,277.77777777777777,212.76595744680853,0.0,False,,,,,,,,,,,,,,,,,,,,,,,,,,,,,,,,9|50|75|103|107,3|37|63|125|130,True,True,1
1489_033,1489,regular_season,4,2285.0,2358.0,73.0,True,True,3,10861|12|16|54|58,103|107|13906|79|89,2.0,0.0,2.0,2.0,18.0,595.0,False,False,108.70491735452754,103.18473533805876,5.520182016468777,37,2.0,2.0,100.0,100.0,0.0,False,,,,,,,,,,,,,,,,,,,,,,,,,,,,,,,,9|50|75|103|107,3|6|63|120|130,True,True,1
1489_034,1489,regular_season,4,2358.0,2484.0,126.0,True,True,3,10861|12|57|58|68,103|107|13906|79|89,0.0,7.0,3.88,4.0,20.0,522.0,False,True,108.70491735452754,103.18473533805876,5.520182016468777,37,-7.0,3.94,-177.66497461928935,0.0,175.0,False,,,,,,,,,,,,,,,,,,,,,,,,,,,,,,,,9|50|106|107|112,3|6|63|120|130,True,True,1
1489_035,1489,regular_season,4,2484.0,2644.0,160.0,True,True,3,10861|54|57|58|68,103|107|13906|79|89,4.0,9.0,4.88,6.0,13.0,396.0,False,False,108.70491735452754,103.18473533805876,5.520182016468777,37,-5.0,5.4399999999999995,-91.91176470588236,81.9672131147541,150.0,False,,,,,,,,,,,,,,,,,,,,,,,,,,,,,,,,9|103|106|107|112,3|6|63|120|130,True,True,1
1489_036,1489,regular_season,4,2644.0,2774.0,130.0,True,True,3,10861|54|57|58|68,103|107|10890|79|89,3.0,2.0,4.0,3.0,8.0,236.0,False,False,108.70491735452754,103.18473533805876,5.520182016468777,37,1.0,3.5,28.571428571428573,75.0,66.66666666666667,False,,,,,,,,,,,,,,,,,,,,,,,,,,,,,,,,9|103|106|107|112,3|6|37|120|130,True,True,1
1489_037,1489,regular_season,4,2774.0,2843.0,69.0,True,True,3,16|54|57|58|68,103|107|10890|79|89,2.0,6.0,2.0,3.44,9.0,106.0,False,False,108.70491735452754,103.18473533805876,5.520182016468777,37,-4.0,2.7199999999999998,-147.05882352941177,100.0,174.41860465116278,False,,,,,,,,,,,,,,,,,,,,,,,,,,,,,,,,75|103|106|107|112,3|6|37|120|130,True,True,1
1489_038,1489,regular_season,4,2843.0,2851.0,8.0,True,True,3,16|54|58|62|68,103|107|10890|79|89,2.0,0.0,0.88,0.0,5.0,37.0,False,False,108.70491735452754,103.18473533805876,5.520182016468777,37,2.0,0.44,454.54545454545456,227.27272727272728,,False,,,,,,,,,,,,,,,,,,,,,,,,,,,,,,,,75|103|107|110|112,3|6|37|120|130,True,True,1
1489_039,1489,regular_season,4,2851.0,2880.0,29.0,True,True,3,12|16|54|58|68,103|107|10890|86|89,2.0,5.0,1.76,3.0,7.0,29.0,False,False,108.70491735452754,103.18473533805876,5.520182016468777,37,-3.0,2.38,-126.05042016806723,113.63636363636364,166.66666666666666,False,,,,,,,,,,,,,,,,,,,,,,,,,,,,,,,,50|75|103|107|112,3|6|37|125|130,True,True,1
1493_001,1493,regular_season,1,0.0,277.0,277.0,True,False,7,10860|16|54|57|58,13029|21|24|29|34,5.0,10.0,9.76,9.44,0.0,2880.0,False,False,106.55687151570795,107.1265386613526,-0.5696671456446359,36,-5.0,9.6,-52.083333333333336,51.22950819672131,105.93220338983052,True,3.0,1.0,0.0,1.0,0.0,0.0,0.0,4.0,3.0,0.0,1.0,0.0,0.0,0.0,0.0,0.0,0.0,0.0,1.0,0.0,0.0,0.0,0.0,0.0,0.0,0.0,0.0,0.0,2.76,2.76,0.2827868852459016,8|75|103|106|107,57|78|81|85|89,True,True,2
1493_002,1493,regular_season,1,277.0,331.0,54.0,True,False,7,10860|16|54|57|58,13029|21|22|24|34,0.0,2.0,2.0,2.0,-5.0,2603.0,False,False,106.55687151570795,107.1265386613526,-0.5696671456446359,36,-2.0,2.0,-100.0,0.0,100.0,True,0.0,0.0,0.0,0.0,0.0,0.0,0.0,0.0,0.0,0.0,1.0,0.0,0.0,0.0,1.0,0.0,0.0,0.0,0.0,0.0,0.0,0.0,0.0,0.0,0.0,0.0,0.0,0.0,0.0,1.0,0.5,8|75|103|106|107,57|78|79|81|89,True,True,2
1493_003,1493,regular_season,1,331.0,406.0,75.0,True,False,7,10861|10884|16|54|58,10874|13029|21|22|34,4.0,2.0,2.88,3.0,-7.0,2549.0,False,False,106.55687151570795,107.1265386613526,-0.5696671456446359,36,2.0,2.94,68.02721088435375,138.88888888888889,66.66666666666667,False,,,,,,,,,,,,,,,,,,,,,,,,,,,,,,,,9|31|75|103|107,21|57|78|79|89,True,True,2
1493_004,1493,regular_season,1,406.0,430.0,24.0,True,False,7,10861|10884|12|16|58,10874|14038|22|29|34,0.0,0.0,0.0,0.0,-5.0,2474.0,False,False,106.55687151570795,107.1265386613526,-0.5696671456446359,36,0.0,0.0,,,,False,,,,,,,,,,,,,,,,,,,,,,,,,,,,,,,,9|31|50|75|107,21|67|79|85|89,True,True,2
1493_005,1493,regular_season,1,430.0,471.0,41.0,True,False,7,10860|10861|10884|12|58,10874|14038|22|29|34,2.0,0.0,2.0,2.88,-5.0,2450.0,False,False,106.55687151570795,107.1265386613526,-0.5696671456446359,36,2.0,2.44,81.9672131147541,100.0,0.0,True,2.0,1.0,1.0,1.0,1.0,0.0,0.0,0.0,0.0,0.0,0.0,0.0,1.0,0.0,0.0,0.0,0.0,1.0,0.0,0.0,0.0,0.0,1.0,1.0,0.0,0.0,0.0,0.0,1.0,1.0,0.5,8|9|31|50|107,21|67|79|85|89,True,True,2
1493_006,1493,regular_season,1,471.0,621.0,150.0,True,False,7,10860|10861|10884|12|62,10874|14038|22|29|34,2.0,2.0,5.0,4.88,-3.0,2409.0,False,False,106.55687151570795,107.1265386613526,-0.5696671456446359,36,0.0,4.9399999999999995,0.0,40.0,40.98360655737705,True,0.0,2.0,0.0,1.0,0.0,1.0,0.0,0.0,0.0,0.0,3.0,0.0,0.0,0.0,0.0,1.0,0.0,0.0,0.0,0.0,0.0,0.0,1.0,0.0,0.0,0.0,1.0,0.0,2.0,2.0,0.4,8|9|31|50|110,21|67|79|85|89,True,True,2
1493_007,1493,regular_season,1,621.0,720.0,99.0,True,False,7,10861|12|16|57|62,10874|13029|14038|24|29,5.0,3.0,4.0,3.0,-3.0,2259.0,False,False,106.55687151570795,107.1265386613526,-0.5696671456446359,36,2.0,3.5,57.142857142857146,125.0,100.0,False,,,,,,,,,,,,,,,,,,,,,,,,,,,,,,,,9|50|75|106|110,21|57|67|81|85,True,True,2
1493_008,1493,regular_season,2,720.0,852.0,132.0,True,False,7,10861|12|16|57|62,10874|13029|14038|24|29,7.0,7.0,4.0,4.0,-1.0,2160.0,False,False,106.55687151570795,107.1265386613526,-0.5696671456446359,36,0.0,4.0,0.0,175.0,175.0,False,,,,,,,,,,,,,,,,,,,,,,,,,,,,,,,,9|50|75|106|110,21|57|67|81|85,True,True,2
1493_009,1493,regular_season,2,852.0,854.0,2.0,True,False,7,10861|12|16|57|62,13029|21|24|28|34,0.0,3.0,0.0,1.44,-1.0,2028.0,False,False,106.55687151570795,107.1265386613526,-0.5696671456446359,36,-3.0,0.72,-416.6666666666667,,208.33333333333334,False,,,,,,,,,,,,,,,,,,,,,,,,,,,,,,,,9|50|75|106|110,57|78|81|84|89,True,True,2
1493_010,1493,regular_season,2,854.0,941.0,87.0,True,False,7,10861|10884|12|16|62,13029|21|24|28|34,2.0,3.0,3.0,2.0,-4.0,2026.0,False,False,106.55687151570795,107.1265386613526,-0.5696671456446359,36,-1.0,2.5,-40.0,66.66666666666667,150.0,False,,,,,,,,,,,,,,,,,,,,,,,,,,,,,,,,9|31|50|75|110,57|78|81|84|89,True,True,2
1493_011,1493,regular_season,2,941.0,957.0,16.0,True,False,7,10860|10861|10884|54|62,10873|13029|21|28|34,0.0,0.0,0.0,0.0,-5.0,1939.0,False,False,106.55687151570795,107.1265386613526,-0.5696671456446359,36,0.0,0.0,,,,True,0.0,0.0,0.0,0.0,0.0,0.0,0.0,0.0,0.0,0.0,0.0,0.0,0.0,0.0,0.0,0.0,0.0,0.0,0.0,0.0,0.0,0.0,0.0,0.0,0.0,0.0,0.0,0.0,0.0,0.0,,8|9|31|103|110,20|57|78|84|89,True,True,2
1493_012,1493,regular_season,2,957.0,957.0,0.0,True,False,7,10860|10861|10884|54|62,13029|14038|21|23|28,0.0,0.0,0.0,0.0,-5.0,1923.0,False,False,106.55687151570795,107.1265386613526,-0.5696671456446359,36,0.0,0.0,,,,True,0.0,0.0,0.0,0.0,0.0,0.0,0.0,0.0,0.0,0.0,0.0,0.0,0.0,0.0,0.0,0.0,0.0,0.0,0.0,0.0,0.0,0.0,0.0,0.0,0.0,0.0,0.0,0.0,0.0,0.0,,8|9|31|103|110,57|67|78|80|84,True,False,2
1493_013,1493,regular_season,2,957.0,1068.0,111.0,True,False,7,10860|10861|10884|54|58,13029|14038|21|23|28,7.0,5.0,3.0,4.0,-5.0,1923.0,False,False,106.55687151570795,107.1265386613526,-0.5696671456446359,36,2.0,3.5,57.142857142857146,233.33333333333334,125.0,True,0.0,0.0,0.0,0.0,0.0,0.0,0.0,0.0,0.0,0.0,0.0,2.0,0.0,0.0,0.0,0.0,0.0,0.0,0.0,0.0,0.0,0.0,0.0,0.0,0.0,0.0,0.0,0.0,0.0,0.0,0.0,8|9|31|103|107,57|67|78|80|84,True,True,2
1493_014,1493,regular_season,2,1068.0,1139.0,71.0,True,False,7,10860|10884|16|54|58,10873|13029|14038|21|24,4.0,2.0,3.0,2.88,-3.0,1812.0,False,False,106.55687151570795,107.1265386613526,-0.5696671456446359,36,2.0,2.94,68.02721088435375,133.33333333333334,69.44444444444444,True,2.0,1.0,1.0,1.0,1.0,0.0,0.0,0.0,0.0,0.0,0.0,0.0,1.0,0.0,0.0,0.0,1.0,0.0,1.0,1.0,0.0,0.0,0.0,0.0,0.0,0.0,0.0,0.0,1.0,1.0,0.3333333333333333,8|31|75|103|107,20|57|67|78|81,True,True,2
1493_015,1493,regular_season,2,1139.0,1273.0,134.0,True,False,7,10860|16|54|58|62,13029|21|28|29|34,2.0,0.0,4.0,4.0,-1.0,1741.0,False,False,106.55687151570795,107.1265386613526,-0.5696671456446359,36,2.0,4.0,50.0,50.0,0.0,True,0.0,0.0,0.0,0.0,0.0,0.0,0.0,0.0,0.0,0.0,1.0,0.0,0.0,0.0,0.0,0.0,0.0,0.0,0.0,0.0,0.0,0.0,0.0,0.0,0.0,0.0,0.0,0.0,0.0,0.0,0.0,8|75|103|107|110,57|78|84|85|89,True,True,2
1493_016,1493,regular_season,2,1273.0,1288.0,15.0,True,False,7,10860|16|54|58|62,13029|21|24|29|34,3.0,1.0,1.0,0.88,1.0,1607.0,False,False,106.55687151570795,107.1265386613526,-0.5696671456446359,36,2.0,0.94,212.76595744680853,300.0,113.63636363636364,True,3.0,1.0,1.0,0.0,0.0,1.0,1.0,0.0,0.0,0.0,1.0,0.0,0.0,0.0,0.0,1.0,1.0,0.0,0.0,0.0,0.0,0.0,0.0,0.0,0.0,0.0,1.0,1.0,1.0,1.0,1.0,8|75|103|107|110,57|78|81|85|89,True,True,2
1493_017,1493,regular_season,2,1288.0,1345.0,57.0,True,False,7,10860|16|54|58|62,14038|21|22|29|34,2.0,0.0,2.0,2.0,3.0,1592.0,False,False,106.55687151570795,107.1265386613526,-0.5696671456446359,36,2.0,2.0,100.0,100.0,0.0,True,2.0,2.0,1.0,1.0,1.0,1.0,0.0,0.0,0.0,0.0,1.0,0.0,0.0,0.0,0.0,0.0,1.0,0.0,1.0,1.0,0.0,0.0,0.0,0.0,0.0,0.0,1.0,0.0,2.0,2.0,1.0,8|75|103|107|110,67|78|79|85|89,True,True,2
1493_018,1493,regular_season,2,1345.0,1370.0,25.0,True,False,7,10860|12|16|58|62,14038|21|22|29|34,2.0,2.0,1.0,1.0,5.0,1535.0,False,False,106.55687151570795,107.1265386613526,-0.5696671456446359,36,0.0,1.0,0.0,200.0,200.0,True,0.0,0.0,0.0,0.0,0.0,0.0,0.0,0.0,0.0,0.0,0.0,0.0,0.0,0.0,0.0,0.0,0.0,0.0,0.0,0.0,0.0,0.0,0.0,0.0,0.0,0.0,0.0,0.0,0.0,0.0,0.0,8|50|75|107|110,67|78|79|85|89,True,True,2
1493_019,1493,regular_season,2,1370.0,1440.0,70.0,True,False,7,10861|12|16|58|62,14038|21|22|29|34,4.0,3.0,2.0,2.0,5.0,1510.0,False,False,106.55687151570795,107.1265386613526,-0.5696671456446359,36,1.0,2.0,50.0,200.0,150.0,False,,,,,,,,,,,,,,,,,,,,,,,,,,,,,,,,9|50|75|107|110,67|78|79|85|89,True,True,2
1493_020,1493,regular_season,3,1440.0,1557.0,117.0,True,False,7,10860|16|54|57|58,13029|21|24|29|34,5.0,2.0,4.44,4.44,6.0,1440.0,False,False,106.55687151570795,107.1265386613526,-0.5696671456446359,36,3.0,4.44,67.56756756756756,112.61261261261261,45.04504504504504,True,0.0,0.0,0.0,0.0,0.0,0.0,0.0,0.0,0.0,0.0,2.0,0.0,0.0,0.0,0.0,1.0,0.0,0.0,0.0,0.0,0.0,0.0,0.0,0.0,0.0,0.0,0.0,0.0,0.0,0.0,0.0,8|75|103|106|107,57|78|81|85|89,True,True,2
1493_021,1493,regular_season,3,1557.0,1722.0,165.0,True,False,7,10860|16|54|57|58,13029|22|24|29|34,2.0,2.0,5.0,4.0,9.0,1323.0,False,False,106.55687151570795,107.1265386613526,-0.5696671456446359,36,0.0,4.5,0.0,40.0,50.0,True,0.0,1.0,0.0,0.0,0.0,1.0,0.0,0.0,0.0,0.0,1.0,0.0,0.0,0.0,0.0,0.0,0.0,0.0,0.0,0.0,0.0,0.0,0.0,0.0,0.0,0.0,1.0,0.0,1.0,1.0,0.2,8|75|103|106|107,57|79|81|85|89,True,True,2
1493_022,1493,regular_season,3,1722.0,1742.0,20.0,True,False,7,10861|16|54|57|62,13029|22|24|29|34,2.0,0.0,1.0,1.0,9.0,1158.0,False,False,106.55687151570795,107.1265386613526,-0.5696671456446359,36,2.0,1.0,200.0,200.0,0.0,False,,,,,,,,,,,,,,,,,,,,,,,,,,,,,,,,9|75|103|106|110,57|79|81|85|89,True,True,2
1493_023,1493,regular_season,3,1742.0,1857.0,115.0,True,False,7,10861|12|16|57|62,13029|22|24|29|34,2.0,10.0,2.0,5.32,11.0,1138.0,False,False,106.55687151570795,107.1265386613526,-0.5696671456446359,36,-8.0,3.66,-218.5792349726776,100.0,187.96992481203006,False,,,,,,,,,,,,,,,,,,,,,,,,,,,,,,,,9|50|75|106|110,57|79|81|85|89,True,True,2
1493_024,1493,regular_season,3,1857.0,1952.0,95.0,True,False,7,10861|12|16|57|62,13029|14038|22|24|29,0.0,7.0,3.0,3.0,3.0,1023.0,False,False,106.55687151570795,107.1265386613526,-0.5696671456446359,36,-7.0,3.0,-233.33333333333334,0.0,233.33333333333334,False,,,,,,,,,,,,,,,,,,,,,,,,,,,,,,,,9|50|75|106|110,57|67|79|81|85,True,True,2
1493_025,1493,regular_season,3,1952.0,1974.0,22.0,True,False,7,10860|10861|54|58|62,13029|14038|22|24|29,1.0,0.0,0.88,0.0,-4.0,928.0,False,False,106.55687151570795,107.1265386613526,-0.5696671456446359,36,1.0,0.44,227.27272727272728,113.63636363636364,,True,0.0,0.0,0.0,0.0,0.0,0.0,0.0,0.0,0.0,0.0,0.0,0.0,0.0,0.0,0.0,0.0,0.0,0.0,0.0,0.0,0.0,0.0,0.0,0.0,0.0,0.0,0.0,0.0,0.0,0.0,0.0,8|9|103|107|110,57|67|79|81|85,True,True,2
1493_026,1493,regular_season,3,1974.0,2058.0,84.0,True,False,7,10860|10861|10884|54|58,13029|14038|22|24|29,2.0,4.0,2.88,2.88,-3.0,906.0,False,False,106.55687151570795,107.1265386613526,-0.5696671456446359,36,-2.0,2.88,-69.44444444444444,69.44444444444444,138.88888888888889,True,0.0,1.0,0.0,0.0,0.0,1.0,0.0,0.0,0.0,0.0,1.0,1.0,0.0,0.0,0.0,0.0,0.0,0.0,0.0,0.0,0.0,0.0,0.0,0.0,0.0,0.0,1.0,0.0,1.0,1.0,0.3472222222222222,8|9|31|103|107,57|67|79|81|85,True,True,2
1493_027,1493,regular_season,3,2058.0,2126.0,68.0,True,False,7,10860|10861|10884|54|58,13029|14038|21|22|24,4.0,3.0,1.88,2.0,-5.0,822.0,False,False,106.55687151570795,107.1265386613526,-0.5696671456446359,36,1.0,1.94,51.54639175257732,212.76595744680853,150.0,True,2.0,1.0,1.0,1.0,1.0,0.0,0.0,0.0,0.0,0.0,1.0,0.0,0.0,0.0,0.0,0.0,0.0,1.0,0.0,0.0,1.0,1.0,0.0,0.0,0.0,0.0,0.0,0.0,1.0,1.0,0.5319148936170213,8|9|31|103|107,57|67|78|79|81,True,True,2
1493_028,1493,regular_season,3,2126.0,2160.0,34.0,True,False,7,10860|10884|12|16|58,10874|14038|21|22|34,2.0,0.0,1.0,1.0,-4.0,754.0,False,False,106.55687151570795,107.1265386613526,-0.5696671456446359,36,2.0,1.0,200.0,200.0,0.0,True,0.0,0.0,0.0,0.0,0.0,0.0,0.0,0.0,0.0,0.0,1.0,0.0,0.0,0.0,0.0,0.0,0.0,0.0,0.0,0.0,0.0,0.0,0.0,0.0,0.0,0.0,0.0,0.0,0.0,0.0,0.0,8|31|50|75|107,21|67|78|79|89,True,True,2
1493_029,1493,regular_season,4,2160.0,2264.0,104.0,True,False,7,10861|12|16|54|58,10874|14038|21|29|34,4.0,4.0,2.88,3.0,-2.0,720.0,False,False,106.55687151570795,107.1265386613526,-0.5696671456446359,36,0.0,2.94,0.0,138.88888888888889,133.33333333333334,False,,,,,,,,,,,,,,,,,,,,,,,,,,,,,,,,9|50|75|103|107,21|67|78|85|89,True,True,2
1493_030,1493,regular_season,4,2264.0,2377.0,113.0,True,False,7,10860|12|16|54|58,10874|13029|14038|24|29,2.0,2.0,3.0,4.0,-2.0,616.0,False,False,106.55687151570795,107.1265386613526,-0.5696671456446359,36,0.0,3.5,0.0,66.66666666666667,50.0,True,0.0,0.0,0.0,0.0,0.0,0.0,0.0,0.0,0.0,0.0,1.0,0.0,1.0,0.0,0.0,0.0,0.0,0.0,0.0,0.0,0.0,0.0,0.0,0.0,0.0,0.0,0.0,0.0,0.0,0.0,0.0,8|50|75|103|107,21|57|67|81|85,True,True,2
1493_031,1493,regular_season,4,2377.0,2467.0,90.0,True,False,7,10860|12|16|57|58,13029|22|24|29|34,0.0,4.0,3.0,2.0,-2.0,503.0,False,False,106.55687151570795,107.1265386613526,-0.5696671456446359,36,-4.0,2.5,-160.0,0.0,200.0,True,0.0,1.0,0.0,0.0,0.0,1.0,0.0,0.0,0.0,1.0,0.0,0.0,0.0,0.0,0.0,0.0,0.0,0.0,0.0,0.0,0.0,0.0,0.0,0.0,0.0,0.0,1.0,0.0,1.0,1.0,0.3333333333333333,8|50|75|106|107,57|79|81|85|89,True,True,2
1493_032,1493,regular_season,4,2467.0,2601.0,134.0,True,False,7,10860|16|54|57|62,13029|22|24|29|34,4.0,4.0,3.0,4.0,-6.0,413.0,False,False,106.55687151570795,107.1265386613526,-0.5696671456446359,36,0.0,3.5,0.0,133.33333333333334,100.0,True,0.0,0.0,0.0,0.0,0.0,0.0,0.0,0.0,0.0,0.0,1.0,0.0,0.0,0.0,0.0,1.0,0.0,0.0,0.0,0.0,0.0,0.0,0.0,0.0,0.0,0.0,0.0,0.0,0.0,0.0,0.0,8|75|103|106|110,57|79|81|85|89,True,True,2
1493_033,1493,regular_season,4,2601.0,2724.0,123.0,True,False,7,10860|16|54|57|62,13029|24|28|29|34,7.0,5.0,3.88,3.0,-6.0,279.0,False,False,106.55687151570795,107.1265386613526,-0.5696671456446359,36,2.0,3.44,58.139534883720934,180.41237113402062,166.66666666666666,True,3.0,1.0,1.0,1.0,1.0,0.0,0.0,2.0,1.0,0.0,0.0,0.0,0.0,0.0,0.0,0.0,0.0,1.0,0.0,0.0,1.0,1.0,0.0,0.0,0.0,0.0,0.0,0.0,1.88,1.88,0.4845360824742268,8|75|103|106|110,57|81|84|85|89,True,True,2
1493_034,1493,regular_season,4,2724.0,2783.0,59.0,True,False,7,10860|16|54|57|62,13029|21|24|29|34,2.0,3.0,2.0,2.0,-4.0,156.0,False,False,106.55687151570795,107.1265386613526,-0.5696671456446359,36,-1.0,2.0,-50.0,100.0,150.0,True,2.0,1.0,1.0,1.0,1.0,0.0,0.0,0.0,0.0,0.0,1.0,0.0,0.0,0.0,0.0,0.0,0.0,1.0,1.0,1.0,0.0,0.0,0.0,0.0,0.0,0.0,0.0,0.0,1.0,1.0,0.5,8|75|103|106|110,57|78|81|85|89,True,True,2
1493_035,1493,regular_season,4,2783.0,2811.0,28.0,True,False,7,10860|16|54|57|58,14038|21|22|29|34,2.0,0.0,0.88,1.0,-5.0,97.0,False,False,106.55687151570795,107.1265386613526,-0.5696671456446359,36,2.0,0.94,212.76595744680853,227.27272727272728,0.0,True,0.0,0.0,0.0,0.0,0.0,0.0,0.0,0.0,0.0,0.0,0.0,0.0,0.0,0.0,0.0,0.0,0.0,0.0,0.0,0.0,0.0,0.0,0.0,0.0,0.0,0.0,0.0,0.0,0.0,0.0,0.0,8|75|103|106|107,67|78|79|85|89,True,True,2
1493_036,1493,regular_season,4,2811.0,2880.0,69.0,True,False,7,10860|16|54|57|58,13029|21|24|29|34,2.0,2.0,2.0,2.0,-3.0,69.0,False,False,106.55687151570795,107.1265386613526,-0.5696671456446359,36,0.0,2.0,0.0,100.0,100.0,True,2.0,1.0,1.0,1.0,1.0,0.0,0.0,0.0,0.0,0.0,0.0,0.0,0.0,0.0,0.0,0.0,1.0,0.0,1.0,1.0,0.0,0.0,0.0,0.0,0.0,0.0,0.0,0.0,1.0,1.0,0.5,8|75|103|106|107,57|78|81|85|89,True,True,2
1499_001,1499,preseason,1,0.0,288.0,288.0,True,False,6,10861|54|58|62|68,10877|10880|10881|39|44,5.0,16.0,8.88,8.44,0.0,2880.0,False,False,121.97851387645478,126.07905497501136,-4.100541098556562,1,-11.0,8.66,-127.02078521939954,56.306306306306304,189.5734597156398,False,,,,,,,,,,,,,,,,,,,,,,,,,,,,,,,,9|103|107|110|112,24|27|28|92|97,True,True,0
1499_002,1499,preseason,1,288.0,461.0,173.0,True,False,6,10860|12|3129|58|68,10877|10880|10881|39|44,2.0,9.0,5.0,5.0,-11.0,2592.0,False,False,121.97851387645478,126.07905497501136,-4.100541098556562,1,-7.0,5.0,-140.0,40.0,180.0,True,0.0,2.0,0.0,2.0,0.0,0.0,0.0,0.0,0.0,0.0,0.0,0.0,0.0,0.0,0.0,0.0,0.0,0.0,0.0,0.0,1.0,0.0,1.0,0.0,0.0,0.0,0.0,0.0,2.0,2.0,0.4,8|50|87|107|112,24|27|28|92|97,True,True,0
1499_003,1499,preseason,1,461.0,622.0,161.0,True,False,6,10860|12|16|3129|57,10877|10879|10880|10881|113,6.0,7.0,5.88,6.0,-18.0,2419.0,False,False,121.97851387645478,126.07905497501136,-4.100541098556562,1,-1.0,5.9399999999999995,-16.835016835016837,102.04081632653062,116.66666666666667,True,6.0,2.0,2.0,2.0,2.0,0.0,0.0,2.0,2.0,0.0,1.0,0.0,0.0,0.0,0.0,0.0,1.0,1.0,0.0,0.0,1.0,1.0,1.0,1.0,0.0,0.0,0.0,0.0,2.88,2.88,0.4897959183673469,8|50|75|87|106,24|26|27|28|46,True,True,0
1499_004,1499,preseason,1,622.0,654.0,32.0,True,False,6,10860|10884|16|56|57,10879|10880|10881|113|48,2.0,2.0,1.0,0.88,-19.0,2258.0,False,False,121.97851387645478,126.07905497501136,-4.100541098556562,1,0.0,0.94,0.0,200.0,227.27272727272728,True,0.0,0.0,0.0,0.0,0.0,0.0,0.0,0.0,0.0,0.0,0.0,0.0,0.0,0.0,0.0,0.0,0.0,0.0,0.0,0.0,0.0,0.0,0.0,0.0,0.0,0.0,0.0,0.0,0.0,0.0,0.0,8|31|75|105|106,26|27|28|46|100,True,True,0
1499_005,1499,preseason,1,654.0,702.0,48.0,True,False,6,10860|10884|16|56|57,10879|10881|113|35|48,2.0,0.0,0.76,1.0,-19.0,2226.0,False,False,121.97851387645478,126.07905497501136,-4.100541098556562,1,2.0,0.88,227.27272727272728,263.1578947368421,0.0,True,2.0,1.0,0.0,0.0,0.0,1.0,0.0,2.0,2.0,0.0,0.0,0.0,0.0,0.0,0.0,0.0,0.0,0.0,0.0,0.0,0.0,0.0,0.0,0.0,0.0,0.0,1.0,0.0,1.88,1.88,2.4736842105263155,8|31|75|105|106,26|28|46|90|100,True,True,0
1499_006,1499,preseason,1,702.0,720.0,18.0,True,False,6,10860|10884|16|56|57,10879|10880|10881|35|48,0.0,1.0,2.0,1.88,-17.0,2178.0,False,False,121.97851387645478,126.07905497501136,-4.100541098556562,1,-1.0,1.94,-51.54639175257732,0.0,53.19148936170213,True,0.0,0.0,0.0,0.0,0.0,0.0,0.0,0.0,0.0,0.0,0.0,0.0,0.0,0.0,0.0,0.0,0.0,0.0,0.0,0.0,0.0,0.0,0.0,0.0,0.0,0.0,0.0,0.0,0.0,0.0,0.0,8|31|75|105|106,26|27|28|90|100,True,True,0
1499_007,1499,preseason,2,720.0,857.0,137.0,True,False,6,10860|10884|16|54|56,10880|10881|39|40|44,2.0,3.0,3.0,3.0,-18.0,2160.0,False,False,121.97851387645478,126.07905497501136,-4.100541098556562,1,-1.0,3.0,-33.333333333333336,66.66666666666667,100.0,True,2.0,1.0,1.0,1.0,1.0,0.0,0.0,0.0,0.0,0.0,1.0,0.0,0.0,0.0,0.0,0.0,1.0,0.0,0.0,0.0,1.0,1.0,0.0,0.0,0.0,0.0,0.0,0.0,1.0,1.0,0.3333333333333333,8|31|75|103|105,27|28|92|94|97,True,True,0
1499_008,1499,preseason,2,857.0,864.0,7.0,True,False,6,10861|10884|16|3129|54,10880|39|40|44|47,0.0,0.0,0.0,0.0,-19.0,2023.0,False,False,121.97851387645478,126.07905497501136,-4.100541098556562,1,0.0,0.0,,,,False,,,,,,,,,,,,,,,,,,,,,,,,,,,,,,,,9|31|75|87|103,27|92|94|97|99,True,True,0
1499_009,1499,preseason,2,864.0,957.0,93.0,True,False,6,10861|12|16|3129|54,10880|39|40|44|47,2.0,0.0,2.0,3.0,-19.0,2016.0,False,False,121.97851387645478,126.07905497501136,-4.100541098556562,1,2.0,2.5,80.0,100.0,0.0,False,,,,,,,,,,,,,,,,,,,,,,,,,,,,,,,,9|50|75|87|103,27|92|94|97|99,True,True,0
1499_010,1499,preseason,2,957.0,1088.0,131.0,True,False,6,10861|12|16|3129|54,10877|10881|39|40|47,4.0,10.0,4.0,4.0,-17.0,1923.0,False,False,121.97851387645478,126.07905497501136,-4.100541098556562,1,-6.0,4.0,-150.0,100.0,250.0,False,,,,,,,,,,,,,,,,,,,,,,,,,,,,,,,,9|50|75|87|103,24|28|92|94|99,True,True,0
1499_011,1499,preseason,2,1088.0,1089.0,1.0,True,False,6,10861|12|16|3129|54,10877|10881|40|47|48,2.0,0.0,0.88,0.0,-23.0,1792.0,False,False,121.97851387645478,126.07905497501136,-4.100541098556562,1,2.0,0.44,454.54545454545456,227.27272727272728,,False,,,,,,,,,,,,,,,,,,,,,,,,,,,,,,,,9|50|75|87|103,24|28|94|99|100,True,True,0
1499_012,1499,preseason,2,1089.0,1178.0,89.0,True,False,6,10861|12|58|62|68,10877|10881|40|47|48,1.0,4.0,2.88,3.0,-21.0,1791.0,False,False,121.97851387645478,126.07905497501136,-4.100541098556562,1,-3.0,2.94,-102.04081632653062,34.72222222222222,133.33333333333334,False,,,,,,,,,,,,,,,,,,,,,,,,,,,,,,,,9|50|107|110|112,24|28|94|99|100,True,True,0
1499_013,1499,preseason,2,1178.0,1208.0,30.0,True,False,6,10860|54|58|62|68,10877|10880|10881|40|48,1.0,2.0,0.88,1.0,-24.0,1702.0,False,False,121.97851387645478,126.07905497501136,-4.100541098556562,1,-1.0,0.94,-106.38297872340426,113.63636363636364,200.0,True,0.0,0.0,0.0,0.0,0.0,0.0,0.0,0.0,0.0,0.0,0.0,0.0,0.0,0.0,0.0,0.0,0.0,0.0,0.0,0.0,0.0,0.0,0.0,0.0,0.0,0.0,0.0,0.0,0.0,0.0,0.0,8|103|107|110|112,24|27|28|94|100,True,True,0
1499_014,1499,preseason,2,1208.0,1301.0,93.0,True,False,6,10860|54|58|62|68,10877|10880|10882|113|48,3.0,9.0,2.44,3.0,-25.0,1672.0,False,False,121.97851387645478,126.07905497501136,-4.100541098556562,1,-6.0,2.7199999999999998,-220.58823529411768,122.95081967213115,300.0,True,0.0,0.0,0.0,0.0,0.0,0.0,0.0,0.0,0.0,0.0,0.0,0.0,0.0,0.0,0.0,0.0,0.0,0.0,0.0,0.0,0.0,0.0,0.0,0.0,0.0,0.0,0.0,0.0,0.0,0.0,0.0,8|103|107|110|112,24|27|29|46|100,True,True,0
1499_015,1499,preseason,2,1301.0,1302.0,1.0,True,False,6,10860|54|58|62|68,10877|10881|10882|113|48,2.0,0.0,0.88,0.0,-31.0,1579.0,False,False,121.97851387645478,126.07905497501136,-4.100541098556562,1,2.0,0.44,454.54545454545456,227.27272727272728,,True,2.0,0.0,0.0,0.0,0.0,0.0,0.0,2.0,2.0,0.0,0.0,0.0,0.0,0.0,0.0,0.0,0.0,0.0,0.0,0.0,0.0,0.0,0.0,0.0,0.0,0.0,0.0,0.0,0.88,0.88,1.0,8|103|107|110|112,24|28|29|46|100,True,True,0
1499_016,1499,preseason,2,1302.0,1440.0,138.0,True,False,6,10860|10884|16|54|58,10877|10881|10882|113|48,3.0,4.0,4.88,5.0,-29.0,1578.0,False,False,121.97851387645478,126.07905497501136,-4.100541098556562,1,-1.0,4.9399999999999995,-20.24291497975709,61.47540983606557,80.0,True,0.0,1.0,0.0,1.0,0.0,0.0,0.0,0.0,0.0,0.0,1.0,0.0,0.0,0.0,0.0,0.0,0.0,0.0,0.0,0.0,1.0,0.0,0.0,0.0,0.0,0.0,0.0,0.0,1.0,1.0,0.20491803278688525,8|31|75|103|107,24|28|29|46|100,True,True,0
1499_017,1499,preseason,3,1440.0,1599.0,159.0,True,False,6,10860|12|16|54|56,10877|10880|10881|39|44,8.0,2.0,6.44,5.0,-30.0,1440.0,False,False,121.97851387645478,126.07905497501136,-4.100541098556562,1,6.0,5.720000000000001,104.89510489510488,124.22360248447204,40.0,True,0.0,0.0,0.0,0.0,0.0,0.0,0.0,0.0,0.0,0.0,1.0,0.0,1.0,0.0,0.0,0.0,0.0,0.0,0.0,0.0,0.0,0.0,0.0,0.0,0.0,0.0,0.0,0.0,0.0,0.0,0.0,8|50|75|103|105,24|27|28|92|97,True,True,0
1499_018,1499,preseason,3,1599.0,1687.0,88.0,True,False,6,10860|12|16|54|56,10877|10880|10881|39|40,5.0,0.0,3.88,3.0,-24.0,1281.0,False,False,121.97851387645478,126.07905497501136,-4.100541098556562,1,5.0,3.44,145.34883720930233,128.8659793814433,0.0,True,0.0,0.0,0.0,0.0,0.0,0.0,0.0,0.0,0.0,0.0,0.0,0.0,0.0,0.0,0.0,0.0,0.0,0.0,0.0,0.0,0.0,0.0,0.0,0.0,0.0,0.0,0.0,0.0,0.0,0.0,0.0,8|50|75|103|105,24|27|28|92|94,True,True,0
1499_019,1499,preseason,3,1687.0,1768.0,81.0,True,False,6,10860|12|16|54|56,10877|10879|10880|10881|39,2.0,0.0,2.0,3.0,-19.0,1193.0,False,False,121.97851387645478,126.07905497501136,-4.100541098556562,1,2.0,2.5,80.0,100.0,0.0,True,0.0,0.0,0.0,0.0,0.0,0.0,0.0,0.0,0.0,0.0,1.0,0.0,0.0,0.0,0.0,0.0,0.0,0.0,0.0,0.0,0.0,0.0,0.0,0.0,0.0,0.0,0.0,0.0,0.0,0.0,0.0,8|50|75|103|105,24|26|27|28|92,True,True,0
1499_020,1499,preseason,3,1768.0,1777.0,9.0,True,False,6,10860|12|16|54|56,10877|10879|10881|39|47,0.0,0.0,0.0,1.0,-17.0,1112.0,False,False,121.97851387645478,126.07905497501136,-4.100541098556562,1,0.0,0.5,0.0,,0.0,True,0.0,0.0,0.0,0.0,0.0,0.0,0.0,0.0,0.0,0.0,0.0,0.0,0.0,0.0,0.0,0.0,0.0,0.0,0.0,0.0,0.0,0.0,0.0,0.0,0.0,0.0,0.0,0.0,0.0,0.0,,8|50|75|103|105,24|26|28|92|99,True,True,0
1499_021,1499,preseason,3,1777.0,1839.0,62.0,True,False,6,10860|12|16|54|56,10877|10879|10881|10882|47,3.0,3.0,2.44,1.0,-17.0,1103.0,False,False,121.97851387645478,126.07905497501136,-4.100541098556562,1,0.0,1.72,0.0,122.95081967213115,300.0,True,3.0,1.0,1.0,1.0,1.0,0.0,0.0,1.0,1.0,0.0,0.0,0.0,0.0,0.0,0.0,0.0,0.0,1.0,0.0,0.0,1.0,1.0,0.0,0.0,0.0,0.0,0.0,0.0,1.44,1.44,0.5901639344262295,8|50|75|103|105,24|26|28|29|99,True,True,0
1499_022,1499,preseason,3,1839.0,1913.0,74.0,True,False,6,10860|54|56|58|68,10877|10879|10881|10882|47,2.0,0.0,1.88,2.0,-17.0,1041.0,False,False,121.97851387645478,126.07905497501136,-4.100541098556562,1,2.0,1.94,103.09278350515464,106.38297872340426,0.0,True,2.0,0.0,0.0,0.0,0.0,0.0,0.0,2.0,2.0,0.0,1.0,0.0,0.0,0.0,0.0,0.0,0.0,0.0,0.0,0.0,0.0,0.0,0.0,0.0,0.0,0.0,0.0,0.0,0.88,0.88,0.46808510638297873,8|103|105|107|112,24|26|28|29|99,True,True,0
1499_023,1499,preseason,3,1913.0,1971.0,58.0,True,False,6,10860|54|57|58|68,10877|10879|10881|10882|113,0.0,2.0,2.0,2.0,-15.0,967.0,False,False,121.97851387645478,126.07905497501136,-4.100541098556562,1,-2.0,2.0,-100.0,0.0,100.0,True,0.0,1.0,0.0,0.0,0.0,1.0,0.0,0.0,0.0,0.0,0.0,0.0,0.0,0.0,0.0,0.0,0.0,0.0,0.0,0.0,0.0,0.0,0.0,0.0,0.0,0.0,1.0,0.0,1.0,1.0,0.5,8|103|106|107|112,24|26|28|29|46,True,True,0
1499_024,1499,preseason,3,1971.0,1989.0,18.0,True,False,6,10861|54|57|58|68,10877|10879|10880|10882|113,0.0,0.0,0.0,1.0,-17.0,909.0,False,False,121.97851387645478,126.07905497501136,-4.100541098556562,1,0.0,0.5,0.0,,0.0,False,,,,,,,,,,,,,,,,,,,,,,,,,,,,,,,,9|103|106|107|112,24|26|27|29|46,True,True,0
1499_025,1499,preseason,3,1989.0,2004.0,15.0,True,False,6,10861|10884|57|58|68,10877|10879|10880|10882|113,2.0,0.0,0.88,1.0,-17.0,891.0,False,False,121.97851387645478,126.07905497501136,-4.100541098556562,1,2.0,0.94,212.76595744680853,227.27272727272728,0.0,False,,,,,,,,,,,,,,,,,,,,,,,,,,,,,,,,9|31|106|107|112,24|26|27|29|46,True,True,0
1499_026,1499,preseason,3,2004.0,2142.0,138.0,True,False,6,10861|10884|57|58|68,10879|10880|10882|113|48,4.0,2.0,5.0,4.0,-15.0,876.0,False,False,121.97851387645478,126.07905497501136,-4.100541098556562,1,2.0,4.5,44.44444444444444,80.0,50.0,False,,,,,,,,,,,,,,,,,,,,,,,,,,,,,,,,9|31|106|107|112,26|27|29|46|100,True,True,0
1499_027,1499,preseason,3,2142.0,2160.0,18.0,True,False,6,10861|10884|57|58|68,10877|10879|10880|10881|40,0.0,0.0,0.0,1.0,-13.0,738.0,False,False,121.97851387645478,126.07905497501136,-4.100541098556562,1,0.0,0.5,0.0,,0.0,False,,,,,,,,,,,,,,,,,,,,,,,,,,,,,,,,9|31|106|107|112,24|26|27|28|94,True,True,0
1499_028,1499,preseason,4,2160.0,2201.0,41.0,True,False,6,10861|10884|57|58|68,10877|10880|10881|39|44,0.0,3.0,0.0,1.0,-13.0,720.0,False,False,121.97851387645478,126.07905497501136,-4.100541098556562,1,-3.0,0.5,-600.0,,300.0,False,,,,,,,,,,,,,,,,,,,,,,,,,,,,,,,,9|31|106|107|112,24|27|28|92|97,True,True,0
1499_029,1499,preseason,4,2201.0,2224.0,23.0,True,False,6,10861|10884|12|57|68,10877|10880|10881|39|44,0.0,0.0,1.0,1.0,-16.0,679.0,False,False,121.97851387645478,126.07905497501136,-4.100541098556562,1,0.0,1.0,0.0,0.0,0.0,False,,,,,,,,,,,,,,,,,,,,,,,,,,,,,,,,9|31|50|106|112,24|27|28|92|97,True,True,0
1499_030,1499,preseason,4,2224.0,2384.0,160.0,True,False,6,10861|12|54|62|68,10877|10880|10881|39|44,2.0,6.0,6.0,4.0,-16.0,656.0,False,False,121.97851387645478,126.07905497501136,-4.100541098556562,1,-4.0,5.0,-80.0,33.333333333333336,150.0,False,,,,,,,,,,,,,,,,,,,,,,,,,,,,,,,,9|50|103|110|112,24|27|28|92|97,True,True,0
1499_031,1499,preseason,4,2384.0,2438.0,54.0,True,False,6,10860|12|54|56|68,10877|10880|10881|39|44,2.0,2.0,2.0,2.0,-20.0,496.0,False,True,121.97851387645478,126.07905497501136,-4.100541098556562,1,0.0,2.0,0.0,100.0,100.0,True,2.0,1.0,1.0,1.0,1.0,0.0,0.0,0.0,0.0,0.0,0.0,0.0,0.0,1.0,0.0,0.0,1.0,0.0,0.0,0.0,0.0,0.0,1.0,1.0,0.0,0.0,0.0,0.0,1.0,1.0,0.5,8|50|103|105|112,24|27|28|92|97,True,True,0
1499_032,1499,preseason,4,2438.0,2499.0,61.0,True,False,6,10860|10884|54|56|68,10877|10881|39|44|47,2.0,2.0,3.0,3.0,-20.0,442.0,False,True,121.97851387645478,126.07905497501136,-4.100541098556562,1,0.0,3.0,0.0,66.66666666666667,66.66666666666667,True,0.0,0.0,0.0,0.0,0.0,0.0,0.0,0.0,0.0,0.0,0.0,0.0,0.0,0.0,1.0,0.0,0.0,0.0,0.0,0.0,0.0,0.0,0.0,0.0,0.0,0.0,0.0,0.0,0.0,1.0,0.3333333333333333,8|31|103|105|112,24|28|92|97|99,True,True,0
1499_033,1499,preseason,4,2499.0,2537.0,38.0,True,False,6,10860|10884|54|56|68,10877|10881|39|40|47,2.0,2.0,0.88,1.0,-20.0,381.0,False,True,121.97851387645478,126.07905497501136,-4.100541098556562,1,0.0,0.94,0.0,227.27272727272728,200.0,True,2.0,0.0,0.0,0.0,0.0,0.0,0.0,2.0,2.0,0.0,0.0,0.0,0.0,0.0,0.0,0.0,0.0,0.0,0.0,0.0,0.0,0.0,0.0,0.0,0.0,0.0,0.0,0.0,0.88,0.88,1.0,8|31|103|105|112,24|28|92|94|99,True,True,0
1499_034,1499,preseason,4,2537.0,2653.0,116.0,True,False,6,10860|10884|12|16|56,10881|10882|39|40|47,0.0,5.0,3.0,3.88,-20.0,343.0,False,True,121.97851387645478,126.07905497501136,-4.100541098556562,1,-5.0,3.44,-145.34883720930233,0.0,128.8659793814433,True,0.0,3.0,0.0,2.0,0.0,1.0,0.0,0.0,0.0,0.0,1.0,0.0,1.0,0.0,0.0,0.0,0.0,0.0,1.0,0.0,0.0,0.0,1.0,0.0,0.0,0.0,1.0,0.0,3.0,3.0,1.0,8|31|50|75|105,28|29|92|94|99,True,True,0
1499_035,1499,preseason,4,2653.0,2722.0,69.0,True,False,6,10860|10884|12|16|56,10882|35|39|40|47,4.0,3.0,3.0,2.0,-25.0,227.0,False,True,121.97851387645478,126.07905497501136,-4.100541098556562,1,1.0,2.5,40.0,133.33333333333334,150.0,True,2.0,1.0,1.0,1.0,1.0,0.0,0.0,0.0,0.0,0.0,0.0,0.0,0.0,0.0,0.0,1.0,1.0,0.0,1.0,1.0,0.0,0.0,0.0,0.0,0.0,0.0,0.0,0.0,1.0,1.0,0.3333333333333333,8|31|50|75|105,29|90|92|94|99,True,True,0
1499_036,1499,preseason,4,2722.0,2776.0,54.0,True,False,6,10860|10884|12|16|56,10882|10883|35|47|48,4.0,0.0,2.0,2.0,-24.0,158.0,False,True,121.97851387645478,126.07905497501136,-4.100541098556562,1,4.0,2.0,200.0,200.0,0.0,True,0.0,0.0,0.0,0.0,0.0,0.0,0.0,0.0,0.0,0.0,0.0,0.0,0.0,0.0,0.0,0.0,0.0,0.0,0.0,0.0,0.0,0.0,0.0,0.0,0.0,0.0,0.0,0.0,0.0,0.0,0.0,8|31|50|75|105,29|30|90|99|100,True,True,0
1499_037,1499,preseason,4,2776.0,2880.0,104.0,True,False,6,10860|10884|12|16|56,10878|10882|10883|35|48,2.0,2.0,2.0,2.0,-20.0,104.0,False,True,121.97851387645478,126.07905497501136,-4.100541098556562,1,0.0,2.0,0.0,100.0,100.0,True,0.0,0.0,0.0,0.0,0.0,0.0,0.0,0.0,0.0,0.0,0.0,0.0,0.0,0.0,0.0,0.0,0.0,0.0,0.0,0.0,0.0,0.0,0.0,0.0,0.0,0.0,0.0,0.0,0.0,0.0,0.0,8|31|50|75|105,25|29|30|90|100,True,True,0
1502_001,1502,preseason,1,0.0,221.0,221.0,True,True,7,10860|16|54|57|58,10872|10874|10876|29|867,4.0,0.0,4.76,6.0,0.0,2880.0,False,False,101.87449062754686,107.14285714285714,-5.2683665153102766,1,4.0,5.38,74.34944237918216,84.03361344537815,0.0,True,3.0,3.0,1.0,2.0,1.0,1.0,0.0,2.0,1.0,1.0,4.0,1.0,0.0,0.0,1.0,0.0,0.0,1.0,0.0,0.0,1.0,0.0,1.0,1.0,0.0,0.0,1.0,0.0,3.88,4.88,1.0252100840336136,8|75|103|106|107,19|21|23|85|126,True,True,1
1502_002,1502,preseason,1,221.0,332.0,111.0,True,True,7,10860|16|54|57|58,10874|10876|24|29|867,6.0,7.0,5.0,4.88,4.0,2659.0,False,False,101.87449062754686,107.14285714285714,-5.2683665153102766,1,-1.0,4.9399999999999995,-20.24291497975709,120.0,143.44262295081967,True,2.0,1.0,1.0,1.0,1.0,0.0,0.0,0.0,0.0,0.0,1.0,0.0,0.0,0.0,0.0,0.0,1.0,0.0,0.0,0.0,1.0,1.0,0.0,0.0,0.0,0.0,0.0,0.0,1.0,1.0,0.2,8|75|103|106|107,21|23|81|85|126,True,True,1
1502_003,1502,preseason,1,332.0,396.0,64.0,True,True,7,10860|12|16|54|56,10872|10874|10875|24|34,4.0,2.0,3.0,2.0,3.0,2548.0,False,False,101.87449062754686,107.14285714285714,-5.2683665153102766,1,2.0,2.5,80.0,133.33333333333334,100.0,True,0.0,0.0,0.0,0.0,0.0,0.0,0.0,0.0,0.0,0.0,0.0,0.0,0.0,0.0,0.0,0.0,0.0,0.0,0.0,0.0,0.0,0.0,0.0,0.0,0.0,0.0,0.0,0.0,0.0,0.0,0.0,8|50|75|103|105,19|21|22|81|89,True,True,1
1502_004,1502,preseason,1,396.0,501.0,105.0,True,True,7,10860|10861|10884|12|56,10872|10874|10875|24|34,5.0,0.0,3.44,3.0,5.0,2484.0,False,False,101.87449062754686,107.14285714285714,-5.2683665153102766,1,5.0,3.2199999999999998,155.27950310559007,145.34883720930233,0.0,True,3.0,2.0,1.0,2.0,1.0,0.0,0.0,1.0,1.0,1.0,1.0,0.0,0.0,0.0,0.0,0.0,0.0,1.0,0.0,0.0,2.0,1.0,0.0,0.0,0.0,0.0,0.0,0.0,2.44,2.44,0.7093023255813954,8|9|31|50|105,19|21|22|81|89,True,True,1
1502_005,1502,preseason,1,501.0,568.0,67.0,True,True,7,10860|10861|10884|12|56,10872|10875|19|24|867,2.0,2.0,1.0,2.0,10.0,2379.0,False,False,101.87449062754686,107.14285714285714,-5.2683665153102766,1,0.0,1.5,0.0,200.0,100.0,True,0.0,0.0,0.0,0.0,0.0,0.0,0.0,0.0,0.0,0.0,0.0,0.0,0.0,0.0,0.0,0.0,0.0,0.0,0.0,0.0,0.0,0.0,0.0,0.0,0.0,0.0,0.0,0.0,0.0,0.0,0.0,8|9|31|50|105,19|22|76|81|126,True,True,1
1502_006,1502,preseason,1,568.0,585.0,17.0,True,True,7,10860|10861|10884|12|56,10872|10875|19|25|867,0.0,0.0,1.0,0.0,10.0,2312.0,False,False,101.87449062754686,107.14285714285714,-5.2683665153102766,1,0.0,0.5,0.0,0.0,,True,0.0,0.0,0.0,0.0,0.0,0.0,0.0,0.0,0.0,0.0,0.0,0.0,0.0,0.0,0.0,0.0,0.0,0.0,0.0,0.0,0.0,0.0,0.0,0.0,0.0,0.0,0.0,0.0,0.0,0.0,0.0,8|9|31|50|105,19|22|76|82|126,True,True,1
1502_007,1502,preseason,1,585.0,611.0,26.0,True,True,7,10860|10861|10884|12|56,10875|19|25|29|867,0.0,2.0,0.0,1.0,10.0,2295.0,False,False,101.87449062754686,107.14285714285714,-5.2683665153102766,1,-2.0,0.5,-400.0,,200.0,True,0.0,0.0,0.0,0.0,0.0,0.0,0.0,0.0,0.0,0.0,0.0,0.0,0.0,0.0,0.0,0.0,0.0,0.0,0.0,0.0,0.0,0.0,0.0,0.0,0.0,0.0,0.0,0.0,0.0,0.0,,8|9|31|50|105,22|76|82|85|126,True,True,1
1502_008,1502,preseason,1,611.0,720.0,109.0,True,True,7,10861|12|54|56|62,10875|19|25|29|867,4.0,4.0,2.88,3.0,8.0,2269.0,False,False,101.87449062754686,107.14285714285714,-5.2683665153102766,1,0.0,2.94,0.0,138.88888888888889,133.33333333333334,False,,,,,,,,,,,,,,,,,,,,,,,,,,,,,,,,9|50|103|105|110,22|76|82|85|126,True,True,1
1502_009,1502,preseason,2,720.0,787.0,67.0,True,True,7,10861|3129|54|58|62,10875|19|25|29|867,5.0,0.0,2.0,1.0,8.0,2160.0,False,False,101.87449062754686,107.14285714285714,-5.2683665153102766,1,5.0,1.5,333.3333333333333,250.0,0.0,False,,,,,,,,,,,,,,,,,,,,,,,,,,,,,,,,9|87|103|107|110,22|76|82|85|126,True,True,1
1502_010,1502,preseason,2,787.0,861.0,74.0,True,True,7,10861|3129|54|58|62,10873|10875|19|29|867,0.0,2.0,3.0,4.0,13.0,2093.0,False,False,101.87449062754686,107.14285714285714,-5.2683665153102766,1,-2.0,3.5,-57.142857142857146,0.0,50.0,False,,,,,,,,,,,,,,,,,,,,,,,,,,,,,,,,9|87|103|107|110,20|22|76|85|126,True,True,1
1502_011,1502,preseason,2,861.0,972.0,111.0,True,True,7,10861|16|54|58|62,10873|10876|19|29|34,2.0,3.0,3.0,3.0,11.0,2019.0,False,False,101.87449062754686,107.14285714285714,-5.2683665153102766,1,-1.0,3.0,-33.333333333333336,66.66666666666667,100.0,False,,,,,,,,,,,,,,,,,,,,,,,,,,,,,,,,9|75|103|107|110,20|23|76|85|89,True,True,1
1502_012,1502,preseason,2,972.0,973.0,1.0,False,True,7,10860|10861|54|57|62,10873|10876|19|29,0.0,0.0,0.0,-1.0,10.0,1908.0,False,False,101.87449062754686,107.14285714285714,-5.2683665153102766,1,0.0,-0.5,,,,True,0.0,0.0,0.0,0.0,0.0,0.0,0.0,0.0,0.0,0.0,0.0,0.0,0.0,0.0,0.0,0.0,0.0,0.0,0.0,0.0,0.0,0.0,0.0,0.0,0.0,0.0,0.0,0.0,0.0,0.0,,8|9|103|106|110,20|23|76|85,True,False,1
1502_013,1502,preseason,2,973.0,1003.0,30.0,False,True,7,10860|10861|54|57|62,10875|10876|19|29,0.0,0.0,0.0,1.0,10.0,1907.0,False,False,101.87449062754686,107.14285714285714,-5.2683665153102766,1,0.0,0.5,0.0,,0.0,True,0.0,0.0,0.0,0.0,0.0,0.0,0.0,0.0,0.0,0.0,1.0,0.0,0.0,0.0,0.0,0.0,0.0,0.0,0.0,0.0,0.0,0.0,0.0,0.0,0.0,0.0,0.0,0.0,0.0,0.0,,8|9|103|106|110,22|23|76|85,True,False,1
1502_014,1502,preseason,2,1003.0,1011.0,8.0,False,True,7,10860|10861|16|54|57,10875|10876|19|29,0.0,0.0,1.0,0.0,10.0,1877.0,False,False,101.87449062754686,107.14285714285714,-5.2683665153102766,1,0.0,0.5,0.0,0.0,,True,0.0,1.0,0.0,1.0,0.0,0.0,0.0,0.0,0.0,0.0,0.0,0.0,0.0,0.0,0.0,0.0,0.0,0.0,0.0,0.0,1.0,0.0,0.0,0.0,0.0,0.0,0.0,0.0,1.0,1.0,1.0,8|9|75|103|106,22|23|76|85,True,False,1
1502_015,1502,preseason,2,1011.0,1091.0,80.0,False,True,7,10860|16|54|57|58,10875|10876|19|29,3.0,5.0,2.88,2.88,10.0,1869.0,False,False,101.87449062754686,107.14285714285714,-5.2683665153102766,1,-2.0,2.88,-69.44444444444444,104.16666666666667,173.61111111111111,True,1.0,0.0,0.0,0.0,0.0,0.0,0.0,2.0,1.0,0.0,0.0,0.0,0.0,0.0,0.0,1.0,0.0,0.0,0.0,0.0,0.0,0.0,0.0,0.0,0.0,0.0,0.0,0.0,0.88,0.88,0.3055555555555556,8|75|103|106|107,22|23|76|85,True,False,1
1502_016,1502,preseason,2,1091.0,1125.0,34.0,False,True,7,10860|12|16|57|58,10872|10875|10876|22,0.0,2.0,1.0,0.88,8.0,1789.0,False,False,101.87449062754686,107.14285714285714,-5.2683665153102766,1,-2.0,0.94,-212.76595744680853,0.0,227.27272727272728,True,0.0,0.0,0.0,0.0,0.0,0.0,0.0,0.0,0.0,0.0,0.0,0.0,0.0,0.0,1.0,2.0,0.0,0.0,0.0,0.0,0.0,0.0,0.0,0.0,0.0,0.0,0.0,0.0,0.0,1.0,1.0,8|50|75|106|107,19|22|23|79,True,False,1
1502_017,1502,preseason,2,1125.0,1174.0,49.0,False,True,7,10861|12|16|57|58,10872|10875|10876|22,3.0,3.0,1.88,2.0,6.0,1755.0,False,False,101.87449062754686,107.14285714285714,-5.2683665153102766,1,0.0,1.94,0.0,159.5744680851064,150.0,False,,,,,,,,,,,,,,,,,,,,,,,,,,,,,,,,9|50|75|106|107,19|22|23|79,True,False,1
1502_018,1502,preseason,2,1174.0,1264.0,90.0,False,True,7,10861|12|16|57|58,10872|10875|10876|23,2.0,2.0,3.0,3.0,6.0,1706.0,False,False,101.87449062754686,107.14285714285714,-5.2683665153102766,1,0.0,3.0,0.0,66.66666666666667,66.66666666666667,False,,,,,,,,,,,,,,,,,,,,,,,,,,,,,,,,9|50|75|106|107,19|22|23|80,True,False,1
1502_019,1502,preseason,2,1264.0,1265.0,1.0,False,True,7,10861|12|16|54|56,10872|10875|10876|23,1.0,0.0,0.88,0.0,6.0,1616.0,False,False,101.87449062754686,107.14285714285714,-5.2683665153102766,1,1.0,0.44,227.27272727272728,113.63636363636364,,False,,,,,,,,,,,,,,,,,,,,,,,,,,,,,,,,9|50|75|103|105,19|22|23|80,True,False,1
1502_020,1502,preseason,2,1265.0,1317.0,52.0,True,True,7,10861|12|16|54|56,10872|10874|10875|19|867,0.0,0.0,2.0,3.0,7.0,1615.0,False,False,101.87449062754686,107.14285714285714,-5.2683665153102766,1,0.0,2.5,0.0,0.0,0.0,False,,,,,,,,,,,,,,,,,,,,,,,,,,,,,,,,9|50|75|103|105,19|21|22|76|126,True,True,1
1502_021,1502,preseason,2,1317.0,1440.0,123.0,True,True,7,10861|12|16|54|56,10874|19|29|34|867,3.0,3.0,4.88,4.0,7.0,1563.0,False,False,101.87449062754686,107.14285714285714,-5.2683665153102766,1,0.0,4.4399999999999995,0.0,61.47540983606557,75.0,False,,,,,,,,,,,,,,,,,,,,,,,,,,,,,,,,9|50|75|103|105,21|76|85|89|126,True,True,1
1502_022,1502,preseason,3,1440.0,1557.0,117.0,True,True,7,10860|16|54|57|58,10872|10874|10876|22|867,2.0,8.0,3.0,4.0,7.0,1440.0,False,False,101.87449062754686,107.14285714285714,-5.2683665153102766,1,-6.0,3.5,-171.42857142857142,66.66666666666667,200.0,True,2.0,1.0,1.0,1.0,1.0,0.0,0.0,0.0,0.0,0.0,0.0,0.0,0.0,1.0,0.0,0.0,1.0,0.0,1.0,1.0,0.0,0.0,0.0,0.0,0.0,0.0,0.0,0.0,1.0,1.0,0.3333333333333333,8|75|103|106|107,19|21|23|79|126,True,True,1
1502_023,1502,preseason,3,1557.0,1661.0,104.0,True,True,7,10860|16|54|57|58,10874|10876|22|29|867,2.0,5.0,3.0,2.0,1.0,1323.0,False,False,101.87449062754686,107.14285714285714,-5.2683665153102766,1,-3.0,2.5,-120.0,66.66666666666667,250.0,True,0.0,2.0,0.0,2.0,0.0,0.0,0.0,0.0,0.0,0.0,0.0,0.0,0.0,0.0,0.0,1.0,0.0,0.0,0.0,0.0,0.0,0.0,2.0,0.0,0.0,0.0,0.0,0.0,2.0,2.0,0.6666666666666666,8|75|103|106|107,21|23|79|85|126,True,True,1
1502_024,1502,preseason,3,1661.0,1812.0,151.0,True,True,7,10861|12|16|54|58,10873|10875|19|29|867,9.0,7.0,4.0,5.0,-2.0,1219.0,False,False,101.87449062754686,107.14285714285714,-5.2683665153102766,1,2.0,4.5,44.44444444444444,225.0,140.0,False,,,,,,,,,,,,,,,,,,,,,,,,,,,,,,,,9|50|75|103|107,20|22|76|85|126,True,True,1
1502_025,1502,preseason,3,1812.0,1974.0,162.0,True,True,7,10861|12|16|54|58,10872|10875|26|29|34,4.0,7.0,4.0,4.0,0.0,1068.0,False,False,101.87449062754686,107.14285714285714,-5.2683665153102766,1,-3.0,4.0,-75.0,100.0,175.0,False,,,,,,,,,,,,,,,,,,,,,,,,,,,,,,,,9|50|75|103|107,19|22|83|85|89,True,True,1
1502_026,1502,preseason,3,1974.0,2038.0,64.0,True,True,7,10860|10861|10884|12|56,10872|10875|26|29|34,2.0,3.0,2.0,1.0,-3.0,906.0,False,False,101.87449062754686,107.14285714285714,-5.2683665153102766,1,-1.0,1.5,-66.66666666666667,100.0,300.0,True,0.0,0.0,0.0,0.0,0.0,0.0,0.0,0.0,0.0,0.0,0.0,0.0,0.0,0.0,0.0,0.0,0.0,0.0,0.0,0.0,0.0,0.0,0.0,0.0,0.0,0.0,0.0,0.0,0.0,0.0,0.0,8|9|31|50|105,19|22|83|85|89,True,True,1
1502_027,1502,preseason,3,2038.0,2061.0,23.0,True,True,7,10860|10861|10884|12|56,10872|10874|10875|26|34,0.0,0.0,1.0,1.0,-4.0,842.0,False,False,101.87449062754686,107.14285714285714,-5.2683665153102766,1,0.0,1.0,0.0,0.0,0.0,True,0.0,0.0,0.0,0.0,0.0,0.0,0.0,0.0,0.0,0.0,0.0,0.0,0.0,0.0,0.0,0.0,0.0,0.0,0.0,0.0,0.0,0.0,0.0,0.0,0.0,0.0,0.0,0.0,0.0,0.0,0.0,8|9|31|50|105,19|21|22|83|89,True,True,1
1502_028,1502,preseason,3,2061.0,2142.0,81.0,True,True,7,10860|10861|10884|12|56,10872|10874|10876|24|34,2.0,2.0,2.0,2.0,-4.0,819.0,False,False,101.87449062754686,107.14285714285714,-5.2683665153102766,1,0.0,2.0,0.0,100.0,100.0,True,2.0,1.0,1.0,1.0,1.0,0.0,0.0,0.0,0.0,1.0,0.0,0.0,0.0,0.0,0.0,0.0,0.0,1.0,0.0,0.0,1.0,1.0,0.0,0.0,0.0,0.0,0.0,0.0,1.0,1.0,0.5,8|9|31|50|105,19|21|23|81|89,True,True,1
1502_029,1502,preseason,3,2142.0,2160.0,18.0,True,True,7,10860|10861|10884|12|56,10872|10876|22|24|34,0.0,0.0,0.0,1.0,-4.0,738.0,False,False,101.87449062754686,107.14285714285714,-5.2683665153102766,1,0.0,0.5,0.0,,0.0,True,0.0,0.0,0.0,0.0,0.0,0.0,0.0,0.0,0.0,0.0,0.0,0.0,0.0,0.0,0.0,0.0,0.0,0.0,0.0,0.0,0.0,0.0,0.0,0.0,0.0,0.0,0.0,0.0,0.0,0.0,,8|9|31|50|105,19|23|79|81|89,True,True,1
1502_030,1502,preseason,4,2160.0,2317.0,157.0,True,True,7,10860|10861|10884|12|56,10872|10876|22|24|867,8.0,7.0,5.0,5.0,-4.0,720.0,False,False,101.87449062754686,107.14285714285714,-5.2683665153102766,1,1.0,5.0,20.0,160.0,140.0,True,2.0,2.0,1.0,2.0,1.0,0.0,0.0,0.0,0.0,1.0,0.0,0.0,0.0,0.0,0.0,0.0,0.0,1.0,0.0,0.0,1.0,1.0,1.0,0.0,0.0,0.0,0.0,0.0,2.0,2.0,0.4,8|9|31|50|105,19|23|79|81|126,True,True,1
1502_031,1502,preseason,4,2317.0,2369.0,52.0,True,True,7,10861|10884|12|16|56,10872|10876|28|29|867,5.0,2.0,2.44,1.0,-3.0,563.0,False,False,101.87449062754686,107.14285714285714,-5.2683665153102766,1,3.0,1.72,174.41860465116278,204.91803278688525,200.0,False,,,,,,,,,,,,,,,,,,,,,,,,,,,,,,,,9|31|50|75|105,19|23|84|85|126,True,True,1
1502_032,1502,preseason,4,2369.0,2405.0,36.0,True,True,7,10861|10884|12|16|56,10872|10876|25|29|867,0.0,3.0,1.0,1.0,0.0,511.0,False,False,101.87449062754686,107.14285714285714,-5.2683665153102766,1,-3.0,1.0,-300.0,0.0,300.0,False,,,,,,,,,,,,,,,,,,,,,,,,,,,,,,,,9|31|50|75|105,19|23|82|85|126,True,True,1
1502_033,1502,preseason,4,2405.0,2438.0,33.0,True,True,7,10861|16|54|56|57,10872|10876|25|29|867,2.0,0.0,1.44,1.0,-3.0,475.0,False,False,101.87449062754686,107.14285714285714,-5.2683665153102766,1,2.0,1.22,163.9344262295082,138.88888888888889,0.0,False,,,,,,,,,,,,,,,,,,,,,,,,,,,,,,,,9|75|103|105|106,19|23|82|85|126,True,True,1
1502_034,1502,preseason,4,2438.0,2524.0,86.0,True,True,7,10861|16|54|57|58,10872|10876|25|29|867,0.0,0.0,3.0,4.0,-1.0,442.0,False,False,101.87449062754686,107.14285714285714,-5.2683665153102766,1,0.0,3.5,0.0,0.0,0.0,False,,,,,,,,,,,,,,,,,,,,,,,,,,,,,,,,9|75|103|106|107,19|23|82|85|126,True,True,1
1502_035,1502,preseason,4,2524.0,2671.0,147.0,True,True,7,10860|12|16|54|58,10872|10875|19|29|34,3.0,2.0,4.0,4.0,-1.0,356.0,False,False,101.87449062754686,107.14285714285714,-5.2683665153102766,1,1.0,4.0,25.0,75.0,50.0,True,3.0,1.0,1.0,0.0,0.0,1.0,1.0,0.0,0.0,0.0,1.0,0.0,0.0,0.0,0.0,0.0,0.0,1.0,0.0,0.0,0.0,0.0,0.0,0.0,0.0,0.0,1.0,1.0,1.0,1.0,0.25,8|50|75|103|107,19|22|76|85|89,True,True,1
1502_036,1502,preseason,4,2671.0,2880.0,209.0,True,True,7,10860|12|16|54|58,10872|10874|10875|29|34,6.0,16.0,7.0,7.0,0.0,209.0,False,False,101.87449062754686,107.14285714285714,-5.2683665153102766,1,-10.0,7.0,-142.85714285714286,85.71428571428571,228.57142857142858,True,0.0,2.0,0.0,2.0,0.0,0.0,0.0,0.0,0.0,0.0,0.0,1.0,0.0,0.0,0.0,0.0,0.0,0.0,0.0,0.0,1.0,0.0,1.0,0.0,0.0,0.0,0.0,0.0,2.0,2.0,0.2857142857142857,8|50|75|103|107,19|21|22|85|89,True,True,1
1503_001,1503,regular_season,1,0.0,263.0,263.0,True,True,2,10861|16|3129|54|57,10891|110|118|14844|4181,9.0,6.0,8.44,8.0,0.0,2880.0,False,False,101.6176621381029,111.15863046013904,-9.540968322036143,36,3.0,8.219999999999999,36.49635036496351,106.6350710900474,75.0,False,,,,,,,,,,,,,,,,,,,,,,,,,,,,,,,,9|75|87|103|106,38|44|48|72|95,True,True,0
1503_002,1503,regular_season,1,263.0,284.0,21.0,True,True,2,10861|16|3129|54|57,116|118|121|14844|4181,0.0,0.0,0.0,1.0,3.0,2617.0,False,False,101.6176621381029,111.15863046013904,-9.540968322036143,36,0.0,0.5,0.0,,0.0,False,,,,,,,,,,,,,,,,,,,,,,,,,,,,,,,,9|75|87|103|106,47|48|51|72|95,True,True,0
1503_003,1503,regular_season,1,284.0,345.0,61.0,True,True,2,10861|16|54|57|62,116|118|121|14844|4181,3.0,0.0,2.0,1.0,3.0,2596.0,False,False,101.6176621381029,111.15863046013904,-9.540968322036143,36,3.0,1.5,200.0,150.0,0.0,False,,,,,,,,,,,,,,,,,,,,,,,,,,,,,,,,9|75|103|106|110,47|48|51|72|95,True,True,0
1503_004,1503,regular_season,1,345.0,531.0,186.0,True,True,2,10860|16|54|57|62,116|118|121|14844|4181,2.0,6.0,4.0,5.0,6.0,2535.0,False,False,101.6176621381029,111.15863046013904,-9.540968322036143,36,-4.0,4.5,-88.88888888888889,50.0,120.0,True,0.0,1.0,0.0,1.0,0.0,0.0,0.0,0.0,0.0,0.0,1.0,0.0,0.0,0.0,0.0,1.0,0.0,0.0,0.0,0.0,0.0,0.0,1.0,0.0,0.0,0.0,0.0,0.0,1.0,1.0,0.25,8|75|103|106|110,47|48|51|72|95,True,True,0
1503_005,1503,regular_season,1,531.0,558.0,27.0,True,True,2,10860|16|54|58|62,10891|110|116|121|45,0.0,0.0,2.0,1.0,2.0,2349.0,False,False,101.6176621381029,111.15863046013904,-9.540968322036143,36,0.0,1.5,0.0,0.0,0.0,True,0.0,0.0,0.0,0.0,0.0,0.0,0.0,0.0,0.0,0.0,1.0,0.0,0.0,0.0,1.0,0.0,0.0,0.0,0.0,0.0,0.0,0.0,0.0,0.0,0.0,0.0,0.0,0.0,0.0,1.0,0.5,8|75|103|107|110,38|44|47|51|98,True,True,0
1503_006,1503,regular_season,1,558.0,612.0,54.0,True,True,2,10860|10861|12|58|62,10891|110|116|121|45,4.0,3.0,1.88,2.0,2.0,2322.0,False,False,101.6176621381029,111.15863046013904,-9.540968322036143,36,1.0,1.94,51.54639175257732,212.76595744680853,150.0,True,0.0,0.0,0.0,0.0,0.0,0.0,0.0,0.0,0.0,0.0,0.0,0.0,0.0,0.0,0.0,0.0,0.0,0.0,0.0,0.0,0.0,0.0,0.0,0.0,0.0,0.0,0.0,0.0,0.0,0.0,0.0,8|9|50|107|110,38|44|47|51|98,True,True,0
1503_007,1503,regular_season,1,612.0,720.0,108.0,True,True,2,10860|10861|12|3129|58,10891|110|116|121|45,5.0,3.0,3.0,4.0,3.0,2268.0,False,False,101.6176621381029,111.15863046013904,-9.540968322036143,36,2.0,3.5,57.142857142857146,166.66666666666666,75.0,True,2.0,2.0,1.0,1.0,1.0,1.0,0.0,0.0,0.0,1.0,0.0,0.0,0.0,0.0,0.0,0.0,0.0,1.0,1.0,1.0,0.0,0.0,0.0,0.0,0.0,0.0,1.0,0.0,2.0,2.0,0.6666666666666666,8|9|50|87|107,38|44|47|51|98,True,True,0
1503_008,1503,regular_season,2,720.0,834.0,114.0,True,True,2,10860|10861|12|3129|58,110|121|14844|4181|45,2.0,9.0,4.0,4.44,5.0,2160.0,False,False,101.6176621381029,111.15863046013904,-9.540968322036143,36,-7.0,4.220000000000001,-165.87677725118482,50.0,202.70270270270268,True,0.0,1.0,0.0,1.0,0.0,0.0,0.0,0.0,0.0,0.0,0.0,0.0,0.0,0.0,0.0,0.0,0.0,0.0,1.0,0.0,0.0,0.0,0.0,0.0,0.0,0.0,0.0,0.0,1.0,1.0,0.25,8|9|50|87|107,44|51|72|95|98,True,True,0
1503_009,1503,regular_season,2,834.0,849.0,15.0,True,True,2,10861|12|16|3129|57,110|121|14844|4181|45,2.0,0.0,0.88,0.0,-2.0,2046.0,False,False,101.6176621381029,111.15863046013904,-9.540968322036143,36,2.0,0.44,454.54545454545456,227.27272727272728,,False,,,,,,,,,,,,,,,,,,,,,,,,,,,,,,,,9|50|75|87|106,44|51|72|95|98,True,True,0
1503_010,1503,regular_season,2,849.0,917.0,68.0,True,True,2,10861|12|16|3129|57,110|118|14844|4181|45,2.0,5.0,1.88,2.0,0.0,2031.0,False,False,101.6176621381029,111.15863046013904,-9.540968322036143,36,-3.0,1.94,-154.63917525773195,106.38297872340426,250.0,False,,,,,,,,,,,,,,,,,,,,,,,,,,,,,,,,9|50|75|87|106,44|48|72|95|98,True,True,0
1503_011,1503,regular_season,2,917.0,957.0,40.0,True,True,2,10861|16|54|57|62,10891|110|118|14844|4181,1.0,2.0,1.88,2.0,-3.0,1963.0,False,False,101.6176621381029,111.15863046013904,-9.540968322036143,36,-1.0,1.94,-51.54639175257732,53.19148936170213,100.0,False,,,,,,,,,,,,,,,,,,,,,,,,,,,,,,,,9|75|103|106|110,38|44|48|72|95,True,True,0
1503_012,1503,regular_season,2,957.0,1035.0,78.0,True,True,2,10861|16|54|57|62,110|118|121|14844|4181,2.0,2.0,2.0,3.3200000000000003,-4.0,1923.0,False,False,101.6176621381029,111.15863046013904,-9.540968322036143,36,0.0,2.66,0.0,100.0,60.24096385542168,False,,,,,,,,,,,,,,,,,,,,,,,,,,,,,,,,9|75|103|106|110,44|48|51|72|95,True,True,0
1503_013,1503,regular_season,2,1035.0,1079.0,44.0,True,True,2,10860|16|54|57|62,110|118|121|14844|4181,2.0,0.0,1.0,1.0,-4.0,1845.0,False,False,101.6176621381029,111.15863046013904,-9.540968322036143,36,2.0,1.0,200.0,200.0,0.0,True,0.0,0.0,0.0,0.0,0.0,0.0,0.0,0.0,0.0,0.0,0.0,1.0,0.0,0.0,0.0,0.0,0.0,0.0,0.0,0.0,0.0,0.0,0.0,0.0,0.0,0.0,0.0,0.0,0.0,0.0,0.0,8|75|103|106|110,44|48|51|72|95,True,True,0
1503_014,1503,regular_season,2,1079.0,1127.0,48.0,True,True,2,10860|16|54|57|62,116|118|121|14844|4181,4.0,0.0,2.0,1.0,-2.0,1801.0,False,False,101.6176621381029,111.15863046013904,-9.540968322036143,36,4.0,1.5,266.6666666666667,200.0,0.0,True,0.0,0.0,0.0,0.0,0.0,0.0,0.0,0.0,0.0,0.0,0.0,0.0,0.0,0.0,0.0,0.0,0.0,0.0,0.0,0.0,0.0,0.0,0.0,0.0,0.0,0.0,0.0,0.0,0.0,0.0,0.0,8|75|103|106|110,47|48|51|72|95,True,True,0
1503_015,1503,regular_season,2,1127.0,1277.0,150.0,True,True,2,10860|16|3129|54|57,116|118|121|14844|4181,3.0,4.0,5.44,4.88,2.0,1753.0,False,False,101.6176621381029,111.15863046013904,-9.540968322036143,36,-1.0,5.16,-19.37984496124031,55.147058823529406,81.9672131147541,True,3.0,4.0,1.0,4.0,1.0,0.0,0.0,1.0,1.0,1.0,2.0,0.0,0.0,0.0,0.0,1.0,0.0,1.0,1.0,1.0,1.0,0.0,2.0,0.0,0.0,0.0,0.0,0.0,4.44,4.44,0.8161764705882353,8|75|87|103|106,47|48|51|72|95,True,True,0
1503_016,1503,regular_season,2,1277.0,1331.0,54.0,True,True,2,10860|16|3129|54|57,116|118|14844|4181|45,4.0,5.0,1.88,1.88,1.0,1603.0,False,False,101.6176621381029,111.15863046013904,-9.540968322036143,36,-1.0,1.88,-53.19148936170213,212.76595744680853,265.95744680851067,True,4.0,1.0,1.0,1.0,1.0,0.0,0.0,2.0,2.0,0.0,0.0,0.0,0.0,0.0,0.0,0.0,1.0,0.0,1.0,1.0,0.0,0.0,0.0,0.0,0.0,0.0,0.0,0.0,1.88,1.88,1.0,8|75|87|103|106,47|48|72|95|98,True,True,0
1503_017,1503,regular_season,2,1331.0,1440.0,109.0,True,True,2,10860|16|54|57|62,110|118|14844|4181|45,2.0,0.0,4.0,4.0,0.0,1549.0,False,False,101.6176621381029,111.15863046013904,-9.540968322036143,36,2.0,4.0,50.0,50.0,0.0,True,0.0,1.0,0.0,0.0,0.0,1.0,0.0,0.0,0.0,0.0,1.0,0.0,0.0,0.0,1.0,0.0,0.0,0.0,0.0,0.0,0.0,0.0,0.0,0.0,0.0,0.0,1.0,0.0,1.0,2.0,0.5,8|75|103|106|110,44|48|72|95|98,True,True,0
1503_018,1503,regular_season,3,1440.0,1592.0,152.0,True,True,2,10861|16|3129|54|57,110|118|121|14844|4181,6.0,3.0,3.88,4.88,2.0,1440.0,False,False,101.6176621381029,111.15863046013904,-9.540968322036143,36,3.0,4.38,68.4931506849315,154.63917525773195,61.47540983606557,False,,,,,,,,,,,,,,,,,,,,,,,,,,,,,,,,9|75|87|103|106,44|48|51|72|95,True,True,0
1503_019,1503,regular_season,3,1592.0,1940.0,348.0,True,True,2,10861|16|3129|54|57,116|118|121|14844|4181,17.0,9.0,11.32,11.88,5.0,1288.0,False,False,101.6176621381029,111.15863046013904,-9.540968322036143,36,8.0,11.600000000000001,68.9655172413793,150.17667844522967,75.75757575757575,False,,,,,,,,,,,,,,,,,,,,,,,,,,,,,,,,9|75|87|103|106,47|48|51|72|95,True,True,0
1503_020,1503,regular_season,3,1940.0,1976.0,36.0,True,True,2,10860|12|16|57|58,10891|116|121|14844|4181,0.0,0.0,1.0,0.0,13.0,940.0,False,False,101.6176621381029,111.15863046013904,-9.540968322036143,36,0.0,0.5,0.0,0.0,,True,0.0,0.0,0.0,0.0,0.0,0.0,0.0,0.0,0.0,0.0,0.0,0.0,0.0,1.0,0.0,0.0,0.0,0.0,0.0,0.0,0.0,0.0,0.0,0.0,0.0,0.0,0.0,0.0,0.0,0.0,0.0,8|50|75|106|107,38|47|51|72|95,True,True,0
1503_021,1503,regular_season,3,1976.0,2047.0,71.0,True,True,2,10860|12|16|57|58,10891|121|14844|4181|45,0.0,1.0,2.0,2.88,13.0,904.0,False,False,101.6176621381029,111.15863046013904,-9.540968322036143,36,-1.0,2.44,-40.98360655737705,0.0,34.72222222222222,True,0.0,0.0,0.0,0.0,0.0,0.0,0.0,0.0,0.0,0.0,1.0,0.0,0.0,0.0,0.0,1.0,0.0,0.0,0.0,0.0,0.0,0.0,0.0,0.0,0.0,0.0,0.0,0.0,0.0,0.0,0.0,8|50|75|106|107,38|51|72|95|98,True,True,0
1503_022,1503,regular_season,3,2047.0,2160.0,113.0,True,True,2,10860|10861|12|3129|58,10891|118|121|4181|45,9.0,2.0,4.0,3.0,12.0,833.0,False,False,101.6176621381029,111.15863046013904,-9.540968322036143,36,7.0,3.5,200.0,225.0,66.66666666666667,True,0.0,0.0,0.0,0.0,0.0,0.0,0.0,0.0,0.0,0.0,0.0,0.0,0.0,0.0,0.0,0.0,0.0,0.0,0.0,0.0,0.0,0.0,0.0,0.0,0.0,0.0,0.0,0.0,0.0,0.0,0.0,8|9|50|87|107,38|48|51|95|98,True,True,0
1503_023,1503,regular_season,4,2160.0,2262.0,102.0,True,True,2,10860|10861|12|3129|58,10891|116|118|14844|45,5.0,3.0,2.88,2.88,19.0,720.0,False,False,101.6176621381029,111.15863046013904,-9.540968322036143,36,2.0,2.88,69.44444444444444,173.61111111111111,104.16666666666667,True,1.0,0.0,0.0,0.0,0.0,0.0,0.0,2.0,1.0,1.0,1.0,0.0,0.0,1.0,0.0,0.0,0.0,0.0,0.0,0.0,0.0,0.0,0.0,0.0,0.0,0.0,0.0,0.0,0.88,0.88,0.3055555555555556,8|9|50|87|107,38|47|48|72|98,True,True,0
1503_024,1503,regular_season,4,2262.0,2346.0,84.0,True,True,2,10860|12|16|3129|58,10891|116|118|14844|45,4.0,5.0,3.0,3.44,21.0,618.0,False,True,101.6176621381029,111.15863046013904,-9.540968322036143,36,-1.0,3.2199999999999998,-31.055900621118013,133.33333333333334,145.34883720930233,True,0.0,0.0,0.0,0.0,0.0,0.0,0.0,0.0,0.0,0.0,0.0,0.0,0.0,0.0,0.0,0.0,0.0,0.0,0.0,0.0,0.0,0.0,0.0,0.0,0.0,0.0,0.0,0.0,0.0,0.0,0.0,8|50|75|87|107,38|47|48|72|98,True,True,0
1503_025,1503,regular_season,4,2346.0,2382.0,36.0,True,True,2,10860|12|16|3129|58,10891|116|14844|4181|45,0.0,1.0,1.0,0.88,20.0,534.0,False,True,101.6176621381029,111.15863046013904,-9.540968322036143,36,-1.0,0.94,-106.38297872340426,0.0,113.63636363636364,True,0.0,0.0,0.0,0.0,0.0,0.0,0.0,0.0,0.0,0.0,0.0,0.0,0.0,0.0,0.0,0.0,0.0,0.0,0.0,0.0,0.0,0.0,0.0,0.0,0.0,0.0,0.0,0.0,0.0,0.0,0.0,8|50|75|87|107,38|47|72|95|98,True,True,0
1503_026,1503,regular_season,4,2382.0,2463.0,81.0,True,True,2,10860|12|16|58|62,10891|116|14844|4181|45,4.0,2.0,3.0,2.0,19.0,498.0,False,False,101.6176621381029,111.15863046013904,-9.540968322036143,36,2.0,2.5,80.0,133.33333333333334,100.0,True,2.0,1.0,1.0,1.0,1.0,0.0,0.0,0.0,0.0,0.0,0.0,0.0,0.0,0.0,0.0,0.0,1.0,0.0,0.0,0.0,1.0,1.0,0.0,0.0,0.0,0.0,0.0,0.0,1.0,1.0,0.3333333333333333,8|50|75|107|110,38|47|72|95|98,True,True,0
1503_027,1503,regular_season,4,2463.0,2579.0,116.0,False,True,2,10860|12|16|62,116|118|121|14844|4181,0.0,4.0,3.0,4.44,21.0,417.0,False,True,101.6176621381029,111.15863046013904,-9.540968322036143,36,-4.0,3.72,-107.5268817204301,0.0,90.09009009009009,True,0.0,1.0,0.0,1.0,0.0,0.0,0.0,0.0,0.0,0.0,1.0,0.0,0.0,0.0,0.0,1.0,0.0,0.0,0.0,0.0,0.0,0.0,1.0,0.0,0.0,0.0,0.0,0.0,1.0,1.0,0.3333333333333333,8|50|75|110,47|48|51|72|95,True,False,0
1503_028,1503,regular_season,4,2579.0,2683.0,104.0,True,True,2,10861|54|57|58|62,116|118|121|14844|4181,2.0,0.0,4.0,3.0,17.0,301.0,False,False,101.6176621381029,111.15863046013904,-9.540968322036143,36,2.0,3.5,57.142857142857146,50.0,0.0,False,,,,,,,,,,,,,,,,,,,,,,,,,,,,,,,,9|103|106|107|110,47|48|51|72|95,True,True,0
1503_029,1503,regular_season,4,2683.0,2789.0,106.0,True,True,2,10861|54|57|58|62,10891|116|14844|4181|45,2.0,6.0,3.0,3.88,19.0,197.0,False,False,101.6176621381029,111.15863046013904,-9.540968322036143,36,-4.0,3.44,-116.27906976744187,66.66666666666667,154.63917525773195,False,,,,,,,,,,,,,,,,,,,,,,,,,,,,,,,,9|103|106|107|110,38|47|72|95|98,True,True,0
1503_030,1503,regular_season,4,2789.0,2880.0,91.0,True,True,2,10884|57|58|60|64,10891|116|14844|4181|45,3.0,4.0,3.0,1.88,15.0,91.0,False,False,101.6176621381029,111.15863046013904,-9.540968322036143,36,-1.0,2.44,-40.98360655737705,100.0,212.76595744680853,False,,,,,,,,,,,,,,,,,,,,,,,,,,,,,,,,31|106|107|109|111,38|47|72|95|98,True,True,0
6316_001,6316,playoffs,1,0.0,245.0,245.0,True,True,7,16|54|57|62|68,13029|21|24|29|32,8.0,14.0,7.76,7.0,0.0,2880.0,False,False,106.51762548267803,106.98959422540983,-0.4719687427318046,40,-6.0,7.38,-81.30081300813008,103.09278350515464,200.0,False,,,,,,,,,,,,,,,,,,,,,,,,,,,,,,,,75|103|106|110|112,57|78|81|85|88,True,True,3
6316_002,6316,playoffs,1,245.0,302.0,57.0,True,True,7,16|3129|54|57|68,13029|21|24|29|32,0.0,2.0,1.0,2.0,-6.0,2635.0,False,False,106.51762548267803,106.98959422540983,-0.4719687427318046,40,-2.0,1.5,-133.33333333333334,0.0,100.0,False,,,,,,,,,,,,,,,,,,,,,,,,,,,,,,,,75|87|103|106|112,57|78|81|85|88,True,True,3
6316_003,6316,playoffs,1,302.0,397.0,95.0,True,True,7,16|3129|54|58|68,13029|21|24|29|32,2.0,5.0,4.0,3.88,-8.0,2578.0,False,False,106.51762548267803,106.98959422540983,-0.4719687427318046,40,-3.0,3.94,-76.14213197969544,50.0,128.8659793814433,False,,,,,,,,,,,,,,,,,,,,,,,,,,,,,,,,75|87|103|107|112,57|78|81|85|88,True,True,3
6316_004,6316,playoffs,1,397.0,433.0,36.0,True,True,7,16|3129|54|58|68,10872|13029|21|24|32,3.0,0.0,2.44,1.0,-11.0,2483.0,False,False,106.51762548267803,106.98959422540983,-0.4719687427318046,40,3.0,1.72,174.41860465116278,122.95081967213115,0.0,False,,,,,,,,,,,,,,,,,,,,,,,,,,,,,,,,75|87|103|107|112,19|57|78|81|88,True,True,3
6316_005,6316,playoffs,1,433.0,541.0,108.0,True,True,7,10861|3129|54|58|68,10872|10874|13029|14038|21,5.0,4.0,4.32,3.88,-8.0,2447.0,False,False,106.51762548267803,106.98959422540983,-0.4719687427318046,40,1.0,4.1,24.390243902439025,115.74074074074073,103.09278350515464,False,,,,,,,,,,,,,,,,,,,,,,,,,,,,,,,,9|87|103|107|112,19|21|57|67|78,True,True,3
6316_006,6316,playoffs,1,541.0,615.0,74.0,True,True,7,10861|12|3129|58|68,10872|10874|13029|14038|29,2.0,2.0,4.44,3.0,-7.0,2339.0,False,False,106.51762548267803,106.98959422540983,-0.4719687427318046,40,0.0,3.72,0.0,45.04504504504504,66.66666666666667,False,,,,,,,,,,,,,,,,,,,,,,,,,,,,,,,,9|50|87|107|112,19|21|57|67|85,True,True,3
6316_007,6316,playoffs,1,615.0,683.0,68.0,True,True,7,10861|12|3129|58|68,10872|10874|14038|29|32,2.0,6.0,1.0,2.0,-7.0,2265.0,False,False,106.51762548267803,106.98959422540983,-0.4719687427318046,40,-4.0,1.5,-266.6666666666667,200.0,300.0,False,,,,,,,,,,,,,,,,,,,,,,,,,,,,,,,,9|50|87|107|112,19|21|67|85|88,True,True,3
6316_008,6316,playoffs,1,683.0,710.0,27.0,True,True,7,10861|12|3129|58|68,10872|14038|25|29|32,0.0,0.0,1.88,2.0,-11.0,2197.0,False,False,106.51762548267803,106.98959422540983,-0.4719687427318046,40,0.0,1.94,0.0,0.0,0.0,False,,,,,,,,,,,,,,,,,,,,,,,,,,,,,,,,9|50|87|107|112,19|67|82|85|88,True,True,3
6316_009,6316,playoffs,1,710.0,720.0,10.0,True,True,7,12|16|57|58|68,10872|10874|13029|14038|29,0.0,3.0,0.0,1.0,-11.0,2170.0,False,False,106.51762548267803,106.98959422540983,-0.4719687427318046,40,-3.0,0.5,-600.0,,300.0,False,,,,,,,,,,,,,,,,,,,,,,,,,,,,,,,,50|75|106|107|112,19|21|57|67|85,True,True,3
6316_010,6316,playoffs,2,720.0,872.0,152.0,True,True,7,10861|12|16|57|58,10872|10874|14038|29|32,6.0,5.0,5.32,5.0,-14.0,2160.0,False,False,106.51762548267803,106.98959422540983,-0.4719687427318046,40,1.0,5.16,19.37984496124031,112.78195488721803,100.0,False,,,,,,,,,,,,,,,,,,,,,,,,,,,,,,,,9|50|75|106|107,19|21|67|85|88,True,True,3
6316_011,6316,playoffs,2,872.0,900.0,28.0,True,True,7,10861|12|16|57|58,13029|14038|21|24|29,0.0,2.0,0.0,1.0,-13.0,2008.0,False,False,106.51762548267803,106.98959422540983,-0.4719687427318046,40,-2.0,0.5,-400.0,,200.0,False,,,,,,,,,,,,,,,,,,,,,,,,,,,,,,,,9|50|75|106|107,57|67|78|81|85,True,True,3
6316_012,6316,playoffs,2,900.0,1001.0,101.0,True,True,7,10861|16|54|57|58,13029|14038|21|24|29,7.0,2.0,4.44,3.0,-15.0,1980.0,False,False,106.51762548267803,106.98959422540983,-0.4719687427318046,40,5.0,3.72,134.40860215053763,157.65765765765764,66.66666666666667,False,,,,,,,,,,,,,,,,,,,,,,,,,,,,,,,,9|75|103|106|107,57|67|78|81|85,True,True,3
6316_013,6316,playoffs,2,1001.0,1002.0,1.0,True,True,7,16|54|57|58|68,13029|21|24|29|32,2.0,0.0,-0.12,0.0,-10.0,1879.0,False,False,106.51762548267803,106.98959422540983,-0.4719687427318046,40,2.0,-0.06,,,,False,,,,,,,,,,,,,,,,,,,,,,,,,,,,,,,,75|103|106|107|112,57|78|81|85|88,True,True,3
6316_014,6316,playoffs,2,1002.0,1111.0,109.0,True,True,7,16|54|57|58|68,13029|14038|21|24|29,4.0,6.0,2.88,3.88,-8.0,1878.0,False,False,106.51762548267803,106.98959422540983,-0.4719687427318046,40,-2.0,3.38,-59.171597633136095,138.88888888888889,154.63917525773195,False,,,,,,,,,,,,,,,,,,,,,,,,,,,,,,,,75|103|106|107|112,57|67|78|81|85,True,True,3
6316_015,6316,playoffs,2,1111.0,1147.0,36.0,True,True,7,16|3129|54|57|68,10874|13029|14038|21|29,2.0,1.0,1.0,0.88,-10.0,1769.0,False,False,106.51762548267803,106.98959422540983,-0.4719687427318046,40,1.0,0.94,106.38297872340426,200.0,113.63636363636364,False,,,,,,,,,,,,,,,,,,,,,,,,,,,,,,,,75|87|103|106|112,21|57|67|78|85,True,True,3
6316_016,6316,playoffs,2,1147.0,1251.0,104.0,True,True,7,16|54|57|58|68,10872|10874|13029|14038|29,3.0,7.0,3.0,3.3200000000000003,-9.0,1733.0,False,False,106.51762548267803,106.98959422540983,-0.4719687427318046,40,-4.0,3.16,-126.58227848101265,100.0,210.8433734939759,False,,,,,,,,,,,,,,,,,,,,,,,,,,,,,,,,75|103|106|107|112,19|21|57|67|85,True,True,3
6316_017,6316,playoffs,2,1251.0,1349.0,98.0,True,True,7,16|54|57|58|68,10872|10874|13029|14038|21,6.0,2.0,3.44,3.0,-13.0,1629.0,False,False,106.51762548267803,106.98959422540983,-0.4719687427318046,40,4.0,3.2199999999999998,124.22360248447205,174.41860465116278,66.66666666666667,False,,,,,,,,,,,,,,,,,,,,,,,,,,,,,,,,75|103|106|107|112,19|21|57|67|78,True,True,3
6316_018,6316,playoffs,2,1349.0,1373.0,24.0,True,True,7,16|54|57|58|68,10872|10874|13029|21|32,2.0,0.0,1.0,0.0,-9.0,1531.0,False,False,106.51762548267803,106.98959422540983,-0.4719687427318046,40,2.0,0.5,400.0,200.0,,False,,,,,,,,,,,,,,,,,,,,,,,,,,,,,,,,75|103|106|107|112,19|21|57|78|88,True,True,3
6316_019,6316,playoffs,2,1373.0,1440.0,67.0,True,True,7,16|54|57|58|68,10872|13029|21|29|32,0.0,5.0,1.0,2.0,-7.0,1507.0,False,False,106.51762548267803,106.98959422540983,-0.4719687427318046,40,-5.0,1.5,-333.3333333333333,0.0,250.0,False,,,,,,,,,,,,,,,,,,,,,,,,,,,,,,,,75|103|106|107|112,19|57|78|85|88,True,True,3
6316_020,6316,playoffs,3,1440.0,1677.0,237.0,True,True,7,16|3129|54|57|68,13029|21|24|29|32,8.0,5.0,10.32,9.0,-12.0,1440.0,False,False,106.51762548267803,106.98959422540983,-0.4719687427318046,40,3.0,9.66,31.055900621118013,77.51937984496124,55.55555555555556,False,,,,,,,,,,,,,,,,,,,,,,,,,,,,,,,,75|87|103|106|112,57|78|81|85|88,True,True,3
6316_021,6316,playoffs,3,1677.0,1706.0,29.0,True,True,7,16|3129|54|58|68,13029|14038|21|24|29,0.0,0.0,1.0,1.0,-9.0,1203.0,False,False,106.51762548267803,106.98959422540983,-0.4719687427318046,40,0.0,1.0,0.0,0.0,0.0,False,,,,,,,,,,,,,,,,,,,,,,,,,,,,,,,,75|87|103|107|112,57|67|78|81|85,True,True,3
6316_022,6316,playoffs,3,1706.0,1724.0,18.0,True,True,7,16|3129|54|58|68,10872|13029|14038|24|29,0.0,0.0,1.0,1.0,-9.0,1174.0,False,False,106.51762548267803,106.98959422540983,-0.4719687427318046,40,0.0,1.0,0.0,0.0,0.0,False,,,,,,,,,,,,,,,,,,,,,,,,,,,,,,,,75|87|103|107|112,19|57|67|81|85,True,True,3
6316_023,6316,playoffs,3,1724.0,1804.0,80.0,True,True,7,10861|3129|54|58|68,10872|13029|14038|24|29,2.0,3.0,1.0,2.0,-9.0,1156.0,False,False,106.51762548267803,106.98959422540983,-0.4719687427318046,40,-1.0,1.5,-66.66666666666667,200.0,150.0,False,,,,,,,,,,,,,,,,,,,,,,,,,,,,,,,,9|87|103|107|112,19|57|67|81|85,True,True,3
6316_024,6316,playoffs,3,1804.0,1879.0,75.0,True,True,7,10861|16|3129|54|58,10872|10874|13029|14038|29,7.0,2.0,3.3200000000000003,2.0,-10.0,1076.0,False,False,106.51762548267803,106.98959422540983,-0.4719687427318046,40,5.0,2.66,187.96992481203006,210.8433734939759,100.0,False,,,,,,,,,,,,,,,,,,,,,,,,,,,,,,,,9|75|87|103|107,19|21|57|67|85,True,True,3
6316_025,6316,playoffs,3,1879.0,1970.0,91.0,True,True,7,10861|16|3129|54|58,10872|10874|14038|29|32,2.0,5.0,3.0,3.44,-5.0,1001.0,False,False,106.51762548267803,106.98959422540983,-0.4719687427318046,40,-3.0,3.2199999999999998,-93.16770186335404,66.66666666666667,145.34883720930233,False,,,,,,,,,,,,,,,,,,,,,,,,,,,,,,,,9|75|87|103|107,19|21|67|85|88,True,True,3
6316_026,6316,playoffs,3,1970.0,2021.0,51.0,True,True,7,10861|54|57|58|68,10872|14038|21|29|32,3.0,0.0,1.44,2.0,-8.0,910.0,False,False,106.51762548267803,106.98959422540983,-0.4719687427318046,40,3.0,1.72,174.41860465116278,208.33333333333334,0.0,False,,,,,,,,,,,,,,,,,,,,,,,,,,,,,,,,9|103|106|107|112,19|67|78|85|88,True,True,3
6316_027,6316,playoffs,3,2021.0,2089.0,68.0,True,True,7,10861|54|57|58|68,10872|13029|14038|21|29,2.0,3.0,2.0,2.44,-5.0,859.0,False,False,106.51762548267803,106.98959422540983,-0.4719687427318046,40,-1.0,2.2199999999999998,-45.04504504504505,100.0,122.95081967213115,False,,,,,,,,,,,,,,,,,,,,,,,,,,,,,,,,9|103|106|107|112,19|57|67|78|85,True,True,3
6316_028,6316,playoffs,3,2089.0,2118.0,29.0,True,True,7,10861|54|57|58|68,10872|10874|13029|14038|21,2.0,2.0,1.0,0.88,-6.0,791.0,False,False,106.51762548267803,106.98959422540983,-0.4719687427318046,40,0.0,0.94,0.0,200.0,227.27272727272728,False,,,,,,,,,,,,,,,,,,,,,,,,,,,,,,,,9|103|106|107|112,19|21|57|67|78,True,True,3
6316_029,6316,playoffs,3,2118.0,2138.0,20.0,True,True,7,10861|12|58|62|68,10872|13029|14038|21|23,0.0,1.0,1.0,0.88,-6.0,762.0,False,False,106.51762548267803,106.98959422540983,-0.4719687427318046,40,-1.0,0.94,-106.38297872340426,0.0,113.63636363636364,False,,,,,,,,,,,,,,,,,,,,,,,,,,,,,,,,9|50|107|110|112,19|57|67|78|80,True,True,3
6316_030,6316,playoffs,3,2138.0,2158.0,20.0,True,True,7,10861|12|58|62|68,10872|14038|21|23|25,0.0,2.0,1.0,0.88,-7.0,742.0,False,False,106.51762548267803,106.98959422540983,-0.4719687427318046,40,-2.0,0.94,-212.76595744680853,0.0,227.27272727272728,False,,,,,,,,,,,,,,,,,,,,,,,,,,,,,,,,9|50|107|110|112,19|67|78|80|82,True,True,3
6316_031,6316,playoffs,3,2158.0,2160.0,2.0,True,True,7,10861|12|58|62|68,10872|14038|21|25|32,0.0,0.0,1.0,0.0,-9.0,722.0,False,False,106.51762548267803,106.98959422540983,-0.4719687427318046,40,0.0,0.5,0.0,0.0,,False,,,,,,,,,,,,,,,,,,,,,,,,,,,,,,,,9|50|107|110|112,19|67|78|82|88,True,True,3
6316_032,6316,playoffs,4,2160.0,2187.0,27.0,True,True,7,10861|12|58|62|68,10872|10874|14038|21|32,0.0,0.0,0.0,1.0,-9.0,720.0,False,False,106.51762548267803,106.98959422540983,-0.4719687427318046,40,0.0,0.5,0.0,,0.0,False,,,,,,,,,,,,,,,,,,,,,,,,,,,,,,,,9|50|107|110|112,19|21|67|78|88,True,True,3
6316_033,6316,playoffs,4,2187.0,2289.0,102.0,True,True,7,10861|12|58|62|68,10872|13029|21|24|32,2.0,3.0,3.0,3.0,-9.0,693.0,False,False,106.51762548267803,106.98959422540983,-0.4719687427318046,40,-1.0,3.0,-33.333333333333336,66.66666666666667,100.0,False,,,,,,,,,,,,,,,,,,,,,,,,,,,,,,,,9|50|107|110|112,19|57|78|81|88,True,True,3
6316_034,6316,playoffs,4,2289.0,2391.0,102.0,True,True,7,16|54|58|62|68,13029|14038|21|24|29,2.0,6.0,3.0,3.0,-10.0,591.0,False,False,106.51762548267803,106.98959422540983,-0.4719687427318046,40,-4.0,3.0,-133.33333333333334,66.66666666666667,200.0,False,,,,,,,,,,,,,,,,,,,,,,,,,,,,,,,,75|103|107|110|112,57|67|78|81|85,True,True,3
6316_035,6316,playoffs,4,2391.0,2439.0,48.0,True,True,7,16|3129|54|58|68,13029|14038|21|24|29,3.0,0.0,2.0,1.0,-14.0,489.0,False,False,106.51762548267803,106.98959422540983,-0.4719687427318046,40,3.0,1.5,200.0,150.0,0.0,False,,,,,,,,,,,,,,,,,,,,,,,,,,,,,,,,75|87|103|107|112,57|67|78|81|85,True,True,3
6316_036,6316,playoffs,4,2439.0,2472.0,33.0,True,True,7,16|3129|54|58|68,13029|21|24|29|32,1.0,0.0,0.88,1.0,-11.0,441.0,False,False,106.51762548267803,106.98959422540983,-0.4719687427318046,40,1.0,0.94,106.38297872340426,113.63636363636364,0.0,False,,,,,,,,,,,,,,,,,,,,,,,,,,,,,,,,75|87|103|107|112,57|78|81|85|88,True,True,3
6316_037,6316,playoffs,4,2472.0,2484.0,12.0,True,True,7,16|3129|54|58|68,10872|10874|13029|29|32,0.0,0.0,0.0,0.0,-10.0,408.0,False,False,106.51762548267803,106.98959422540983,-0.4719687427318046,40,0.0,0.0,,,,False,,,,,,,,,,,,,,,,,,,,,,,,,,,,,,,,75|87|103|107|112,19|21|57|85|88,True,True,3
6316_038,6316,playoffs,4,2484.0,2533.0,49.0,True,True,7,16|3129|54|58|68,10872|10874|13029|14038|29,0.0,3.0,0.88,2.0,-10.0,396.0,False,False,106.51762548267803,106.98959422540983,-0.4719687427318046,40,-3.0,1.44,-208.33333333333334,0.0,150.0,False,,,,,,,,,,,,,,,,,,,,,,,,,,,,,,,,75|87|103|107|112,19|21|57|67|85,True,True,3
6316_039,6316,playoffs,4,2533.0,2638.0,105.0,True,True,7,16|3129|54|57|68,10872|10874|13029|14038|29,4.0,2.0,3.0,3.0,-13.0,347.0,False,False,106.51762548267803,106.98959422540983,-0.4719687427318046,40,2.0,3.0,66.66666666666667,133.33333333333334,66.66666666666667,False,,,,,,,,,,,,,,,,,,,,,,,,,,,,,,,,75|87|103|106|112,19|21|57|67|85,True,True,3
6316_040,6316,playoffs,4,2638.0,2674.0,36.0,True,True,7,10861|3129|54|57|68,10872|13029|21|29|32,4.0,0.0,1.88,1.0,-11.0,242.0,False,False,106.51762548267803,106.98959422540983,-0.4719687427318046,40,4.0,1.44,277.77777777777777,212.76595744680853,0.0,False,,,,,,,,,,,,,,,,,,,,,,,,,,,,,,,,9|87|103|106|112,19|57|78|85|88,True,True,3
6316_041,6316,playoffs,4,2674.0,2880.0,206.0,True,True,7,10861|54|57|58|68,10872|13029|21|29|32,9.0,10.0,6.88,6.640000000000001,-7.0,206.0,False,False,106.51762548267803,106.98959422540983,-0.4719687427318046,40,-1.0,6.76,-14.792899408284024,130.8139534883721,150.6024096385542,False,,,,,,,,,,,,,,,,,,,,,,,,,,,,,,,,9|103|106|107|112,19|57|78|85|88,True,True,3
6317_001,6317,playoffs,1,0.0,248.0,248.0,True,True,7,16|3129|54|58|68,13029|21|24|29|34,12.0,8.0,7.88,7.0,0.0,2880.0,False,False,106.82078994458959,107.00943033560293,-0.18864039101331803,41,4.0,7.4399999999999995,53.763440860215056,152.28426395939087,114.28571428571429,False,,,,,,,,,,,,,,,,,,,,,,,,,,,,,,,,75|87|103|107|112,57|78|81|85|89,True,True,4
6317_002,6317,playoffs,1,248.0,355.0,107.0,True,True,7,16|3129|54|58|68,10874|13029|14038|21|29,4.0,0.0,3.3200000000000003,4.0,4.0,2632.0,False,False,106.82078994458959,107.00943033560293,-0.18864039101331803,41,4.0,3.66,109.2896174863388,120.48192771084337,0.0,False,,,,,,,,,,,,,,,,,,,,,,,,,,,,,,,,75|87|103|107|112,21|57|67|78|85,True,True,4
6317_003,6317,playoffs,1,355.0,368.0,13.0,True,True,7,16|3129|54|58|68,10872|14038|21|29|34,4.0,0.0,1.88,1.0,8.0,2525.0,False,False,106.82078994458959,107.00943033560293,-0.18864039101331803,41,4.0,1.44,277.77777777777777,212.76595744680853,0.0,False,,,,,,,,,,,,,,,,,,,,,,,,,,,,,,,,75|87|103|107|112,19|67|78|85|89,True,True,4
6317_004,6317,playoffs,1,368.0,457.0,89.0,True,True,7,16|54|57|58|68,10872|14038|21|29|34,6.0,4.0,3.0,4.44,12.0,2512.0,False,False,106.82078994458959,107.00943033560293,-0.18864039101331803,41,2.0,3.72,53.76344086021505,200.0,90.09009009009009,False,,,,,,,,,,,,,,,,,,,,,,,,,,,,,,,,75|103|106|107|112,19|67|78|85|89,True,True,4
6317_005,6317,playoffs,1,457.0,490.0,33.0,True,True,7,10860|12|57|58|68,10872|13029|21|28|34,0.0,2.0,1.0,0.88,14.0,2423.0,False,False,106.82078994458959,107.00943033560293,-0.18864039101331803,41,-2.0,0.94,-212.76595744680853,0.0,227.27272727272728,True,0.0,0.0,0.0,0.0,0.0,0.0,0.0,0.0,0.0,0.0,0.0,0.0,0.0,0.0,0.0,1.0,0.0,0.0,0.0,0.0,0.0,0.0,0.0,0.0,0.0,0.0,0.0,0.0,0.0,0.0,0.0,8|50|106|107|112,19|57|78|84|89,True,True,4
6317_006,6317,playoffs,1,490.0,537.0,47.0,True,True,7,10860|12|57|62|68,10872|13029|21|28|34,2.0,2.0,1.88,0.88,12.0,2390.0,False,False,106.82078994458959,107.00943033560293,-0.18864039101331803,41,0.0,1.38,0.0,106.38297872340426,227.27272727272728,True,2.0,2.0,0.0,1.0,0.0,1.0,0.0,2.0,2.0,0.0,0.0,0.0,0.0,0.0,0.0,1.0,0.0,0.0,0.0,0.0,0.0,0.0,1.0,0.0,0.0,0.0,1.0,0.0,2.88,2.88,1.5319148936170213,8|50|106|110|112,19|57|78|84|89,True,True,4
6317_007,6317,playoffs,1,537.0,685.0,148.0,True,True,7,10860|12|57|62|68,10872|13029|28|29|34,4.0,4.0,5.0,5.88,12.0,2343.0,False,False,106.82078994458959,107.00943033560293,-0.18864039101331803,41,0.0,5.4399999999999995,0.0,80.0,68.02721088435375,True,2.0,1.0,1.0,1.0,1.0,0.0,0.0,0.0,0.0,0.0,1.0,0.0,1.0,0.0,1.0,0.0,1.0,0.0,1.0,1.0,0.0,0.0,0.0,0.0,0.0,0.0,0.0,0.0,1.0,2.0,0.4,8|50|106|110|112,19|57|84|85|89,True,True,4
6317_008,6317,playoffs,1,685.0,715.0,30.0,True,True,7,10860|12|16|57|62,10872|13029|24|29|34,0.0,1.0,1.0,0.88,12.0,2195.0,False,False,106.82078994458959,107.00943033560293,-0.18864039101331803,41,-1.0,0.94,-106.38297872340426,0.0,113.63636363636364,True,0.0,0.0,0.0,0.0,0.0,0.0,0.0,0.0,0.0,0.0,0.0,0.0,0.0,0.0,0.0,0.0,0.0,0.0,0.0,0.0,0.0,0.0,0.0,0.0,0.0,0.0,0.0,0.0,0.0,0.0,0.0,8|50|75|106|110,19|57|81|85|89,True,True,4
6317_009,6317,playoffs,1,715.0,720.0,5.0,True,True,7,10860|12|16|57|62,10872|14038|21|22|34,0.0,0.0,1.0,0.0,11.0,2165.0,False,False,106.82078994458959,107.00943033560293,-0.18864039101331803,41,0.0,0.5,0.0,0.0,,True,0.0,0.0,0.0,0.0,0.0,0.0,0.0,0.0,0.0,0.0,0.0,0.0,0.0,0.0,0.0,0.0,0.0,0.0,0.0,0.0,0.0,0.0,0.0,0.0,0.0,0.0,0.0,0.0,0.0,0.0,0.0,8|50|75|106|110,19|67|78|79|89,True,True,4
6317_010,6317,playoffs,2,720.0,803.0,83.0,True,True,7,10860|12|16|57|62,10872|14038|22|29|34,5.0,1.0,2.0,1.88,11.0,2160.0,False,False,106.82078994458959,107.00943033560293,-0.18864039101331803,41,4.0,1.94,206.18556701030928,250.0,53.19148936170213,True,2.0,1.0,1.0,1.0,1.0,0.0,0.0,0.0,0.0,0.0,1.0,0.0,0.0,0.0,0.0,0.0,1.0,0.0,0.0,0.0,1.0,1.0,0.0,0.0,0.0,0.0,0.0,0.0,1.0,1.0,0.5,8|50|75|106|110,19|67|79|85|89,True,True,4
6317_011,6317,playoffs,2,803.0,858.0,55.0,True,True,7,10860|12|16|57|62,13029|22|24|29|34,2.0,0.0,2.0,2.0,15.0,2077.0,False,False,106.82078994458959,107.00943033560293,-0.18864039101331803,41,2.0,2.0,100.0,100.0,0.0,True,0.0,0.0,0.0,0.0,0.0,0.0,0.0,0.0,0.0,0.0,0.0,0.0,0.0,0.0,0.0,0.0,0.0,0.0,0.0,0.0,0.0,0.0,0.0,0.0,0.0,0.0,0.0,0.0,0.0,0.0,0.0,8|50|75|106|110,57|79|81|85|89,True,True,4
6317_012,6317,playoffs,2,858.0,970.0,112.0,True,True,7,10860|12|16|58|62,13029|21|24|29|34,3.0,6.0,3.0,4.0,17.0,2022.0,False,False,106.82078994458959,107.00943033560293,-0.18864039101331803,41,-3.0,3.5,-85.71428571428571,100.0,150.0,True,3.0,2.0,1.0,0.0,0.0,2.0,1.0,0.0,0.0,0.0,0.0,0.0,0.0,0.0,0.0,0.0,1.0,0.0,0.0,0.0,0.0,0.0,0.0,0.0,0.0,0.0,2.0,1.0,2.0,2.0,0.6666666666666666,8|50|75|107|110,57|78|81|85|89,True,True,4
6317_013,6317,playoffs,2,970.0,1071.0,101.0,True,True,7,10860|3129|54|58|68,13029|14038|21|24|29,5.0,4.0,4.0,3.0,14.0,1910.0,False,False,106.82078994458959,107.00943033560293,-0.18864039101331803,41,1.0,3.5,28.571428571428573,125.0,133.33333333333334,True,0.0,0.0,0.0,0.0,0.0,0.0,0.0,0.0,0.0,0.0,0.0,0.0,0.0,0.0,0.0,0.0,0.0,0.0,0.0,0.0,0.0,0.0,0.0,0.0,0.0,0.0,0.0,0.0,0.0,0.0,0.0,8|87|103|107|112,57|67|78|81|85,True,True,4
6317_014,6317,playoffs,2,1071.0,1161.0,90.0,True,True,7,16|3129|54|58|68,10872|13029|14038|21|29,3.0,5.0,2.0,2.0,15.0,1809.0,False,False,106.82078994458959,107.00943033560293,-0.18864039101331803,41,-2.0,2.0,-100.0,150.0,250.0,False,,,,,,,,,,,,,,,,,,,,,,,,,,,,,,,,75|87|103|107|112,19|57|67|78|85,True,True,4
6317_015,6317,playoffs,2,1161.0,1229.0,68.0,True,True,7,16|3129|54|58|68,10872|13029|21|29|34,3.0,1.0,2.0,2.88,13.0,1719.0,False,False,106.82078994458959,107.00943033560293,-0.18864039101331803,41,2.0,2.44,81.9672131147541,150.0,34.72222222222222,False,,,,,,,,,,,,,,,,,,,,,,,,,,,,,,,,75|87|103|107|112,19|57|78|85|89,True,True,4
6317_016,6317,playoffs,2,1229.0,1312.0,83.0,True,True,7,10860|16|3129|54|57,10872|13029|21|24|34,3.0,4.0,2.0,2.0,15.0,1651.0,False,False,106.82078994458959,107.00943033560293,-0.18864039101331803,41,-1.0,2.0,-50.0,150.0,200.0,True,0.0,1.0,0.0,1.0,0.0,0.0,0.0,0.0,0.0,0.0,0.0,1.0,0.0,0.0,0.0,0.0,0.0,0.0,0.0,0.0,1.0,0.0,0.0,0.0,0.0,0.0,0.0,0.0,1.0,1.0,0.5,8|75|87|103|106,19|57|78|81|89,True,True,4
6317_017,6317,playoffs,2,1312.0,1407.0,95.0,True,True,7,10860|16|3129|54|57,10872|13029|14038|21|24,3.0,3.0,2.0,2.0,14.0,1568.0,False,False,106.82078994458959,107.00943033560293,-0.18864039101331803,41,0.0,2.0,0.0,150.0,150.0,True,0.0,0.0,0.0,0.0,0.0,0.0,0.0,0.0,0.0,0.0,0.0,0.0,0.0,0.0,0.0,0.0,0.0,0.0,0.0,0.0,0.0,0.0,0.0,0.0,0.0,0.0,0.0,0.0,0.0,0.0,0.0,8|75|87|103|106,19|57|67|78|81,True,True,4
6317_018,6317,playoffs,2,1407.0,1440.0,33.0,True,True,7,10860|16|3129|54|57,10872|13029|14038|21|25,0.0,0.0,1.0,0.0,14.0,1473.0,False,False,106.82078994458959,107.00943033560293,-0.18864039101331803,41,0.0,0.5,0.0,0.0,,True,0.0,2.0,0.0,2.0,0.0,0.0,0.0,0.0,0.0,1.0,0.0,0.0,0.0,0.0,0.0,0.0,0.0,0.0,1.0,0.0,0.0,0.0,1.0,0.0,0.0,0.0,0.0,0.0,2.0,2.0,2.0,8|75|87|103|106,19|57|67|78|82,True,True,4
6317_019,6317,playoffs,3,1440.0,1596.0,156.0,True,True,7,16|3129|54|58|68,13029|21|24|29|34,9.0,0.0,5.0,3.88,14.0,1440.0,False,False,106.82078994458959,107.00943033560293,-0.18864039101331803,41,9.0,4.4399999999999995,202.70270270270274,180.0,0.0,False,,,,,,,,,,,,,,,,,,,,,,,,,,,,,,,,75|87|103|107|112,57|78|81|85|89,True,True,4
6317_020,6317,playoffs,3,1596.0,1810.0,214.0,True,True,7,16|3129|54|58|68,10872|10874|13029|29|34,1.0,9.0,5.88,6.88,23.0,1284.0,False,False,106.82078994458959,107.00943033560293,-0.18864039101331803,41,-8.0,6.38,-125.39184952978057,17.006802721088437,130.8139534883721,False,,,,,,,,,,,,,,,,,,,,,,,,,,,,,,,,75|87|103|107|112,19|21|57|85|89,True,True,4
6317_021,6317,playoffs,3,1810.0,1821.0,11.0,True,True,7,16|3129|54|57|68,10872|10874|14038|21|34,0.0,0.0,0.0,0.0,15.0,1070.0,False,False,106.82078994458959,107.00943033560293,-0.18864039101331803,41,0.0,0.0,,,,False,,,,,,,,,,,,,,,,,,,,,,,,,,,,,,,,75|87|103|106|112,19|21|67|78|89,True,True,4
6317_022,6317,playoffs,3,1821.0,1883.0,62.0,True,True,7,16|3129|54|57|68,10872|14038|21|25|34,4.0,3.0,3.0,2.88,15.0,1059.0,False,False,106.82078994458959,107.00943033560293,-0.18864039101331803,41,1.0,2.94,34.013605442176875,133.33333333333334,104.16666666666667,False,,,,,,,,,,,,,,,,,,,,,,,,,,,,,,,,75|87|103|106|112,19|67|78|82|89,True,True,4
6317_023,6317,playoffs,3,1883.0,1942.0,59.0,True,True,7,10860|16|3129|54|57,10872|13029|14038|21|24,2.0,3.0,1.0,1.0,16.0,997.0,False,False,106.82078994458959,107.00943033560293,-0.18864039101331803,41,-1.0,1.0,-100.0,200.0,300.0,True,2.0,1.0,1.0,1.0,1.0,0.0,0.0,0.0,0.0,1.0,0.0,0.0,0.0,0.0,0.0,0.0,0.0,1.0,0.0,0.0,1.0,1.0,0.0,0.0,0.0,0.0,0.0,0.0,1.0,1.0,1.0,8|75|87|103|106,19|57|67|78|81,True,True,4
6317_024,6317,playoffs,3,1942.0,2039.0,97.0,True,True,7,10860|16|54|57|62,10872|13029|14038|21|24,8.0,0.0,3.0,2.88,15.0,938.0,False,False,106.82078994458959,107.00943033560293,-0.18864039101331803,41,8.0,2.94,272.108843537415,266.6666666666667,0.0,True,2.0,2.0,1.0,1.0,1.0,1.0,0.0,0.0,0.0,1.0,1.0,0.0,0.0,0.0,0.0,1.0,0.0,1.0,1.0,1.0,0.0,0.0,0.0,0.0,0.0,0.0,1.0,0.0,2.0,2.0,0.6666666666666666,8|75|103|106|110,19|57|67|78|81,True,True,4
6317_025,6317,playoffs,3,2039.0,2058.0,19.0,True,True,7,10860|12|57|62|68,10872|13029|14038|21|24,0.0,0.0,1.0,1.0,23.0,841.0,False,False,106.82078994458959,107.00943033560293,-0.18864039101331803,41,0.0,1.0,0.0,0.0,0.0,True,0.0,0.0,0.0,0.0,0.0,0.0,0.0,0.0,0.0,0.0,0.0,0.0,0.0,0.0,0.0,0.0,0.0,0.0,0.0,0.0,0.0,0.0,0.0,0.0,0.0,0.0,0.0,0.0,0.0,0.0,0.0,8|50|106|110|112,19|57|67|78|81,True,True,4
6317_026,6317,playoffs,3,2058.0,2160.0,102.0,True,True,7,10860|12|57|62|68,10872|10874|13029|14038|25,6.0,6.0,4.44,2.88,23.0,822.0,False,False,106.82078994458959,107.00943033560293,-0.18864039101331803,41,0.0,3.66,0.0,135.13513513513513,208.33333333333334,True,3.0,1.0,1.0,1.0,1.0,0.0,0.0,1.0,1.0,0.0,0.0,0.0,0.0,0.0,0.0,0.0,1.0,0.0,1.0,1.0,0.0,0.0,0.0,0.0,0.0,0.0,0.0,0.0,1.44,1.44,0.3243243243243243,8|50|106|110|112,19|21|57|67|82,True,True,4
6317_027,6317,playoffs,4,2160.0,2297.0,137.0,True,True,7,10860|12|57|62|68,10872|10874|13029|29|34,7.0,8.0,4.44,4.0,23.0,720.0,False,True,106.82078994458959,107.00943033560293,-0.18864039101331803,41,-1.0,4.220000000000001,-23.696682464454973,157.65765765765764,200.0,True,5.0,2.0,2.0,1.0,1.0,1.0,1.0,1.0,0.0,0.0,1.0,0.0,0.0,0.0,0.0,1.0,2.0,0.0,1.0,1.0,0.0,0.0,0.0,0.0,0.0,0.0,1.0,1.0,2.44,2.44,0.5495495495495495,8|50|106|110|112,19|21|57|85|89,True,True,4
6317_028,6317,playoffs,4,2297.0,2371.0,74.0,True,True,7,10860|3129|54|62|68,10872|10874|13029|29|34,6.0,3.0,2.0,2.88,22.0,583.0,False,True,106.82078994458959,107.00943033560293,-0.18864039101331803,41,3.0,2.44,122.95081967213115,300.0,104.16666666666667,True,3.0,1.0,1.0,0.0,0.0,1.0,1.0,0.0,0.0,0.0,1.0,0.0,0.0,0.0,0.0,1.0,1.0,0.0,0.0,0.0,0.0,0.0,0.0,0.0,0.0,0.0,1.0,1.0,1.0,1.0,0.5,8|87|103|110|112,19|21|57|85|89,True,True,4
6317_029,6317,playoffs,4,2371.0,2380.0,9.0,True,True,7,16|3129|54|58|68,10872|10874|13029|29|34,0.0,0.0,0.0,0.0,25.0,509.0,False,True,106.82078994458959,107.00943033560293,-0.18864039101331803,41,0.0,0.0,,,,False,,,,,,,,,,,,,,,,,,,,,,,,,,,,,,,,75|87|103|107|112,19|21|57|85|89,True,True,4
6317_030,6317,playoffs,4,2380.0,2440.0,60.0,True,True,7,16|3129|54|58|68,10872|13029|14038|25|29,2.0,3.0,2.0,2.0,25.0,500.0,False,True,106.82078994458959,107.00943033560293,-0.18864039101331803,41,-1.0,2.0,-50.0,100.0,150.0,False,,,,,,,,,,,,,,,,,,,,,,,,,,,,,,,,75|87|103|107|112,19|57|67|82|85,True,True,4
6317_031,6317,playoffs,4,2440.0,2483.0,43.0,True,True,7,16|3129|54|58|68,10872|10873|13029|14038|29,0.0,2.0,1.0,0.88,24.0,440.0,False,True,106.82078994458959,107.00943033560293,-0.18864039101331803,41,-2.0,0.94,-212.76595744680853,0.0,227.27272727272728,False,,,,,,,,,,,,,,,,,,,,,,,,,,,,,,,,75|87|103|107|112,19|20|57|67|85,True,True,4
6317_032,6317,playoffs,4,2483.0,2573.0,90.0,True,True,7,16|3129|54|58|68,10872|13029|14038|21|22,5.0,0.0,2.88,2.0,22.0,397.0,False,True,106.82078994458959,107.00943033560293,-0.18864039101331803,41,5.0,2.44,204.91803278688525,173.61111111111111,0.0,False,,,,,,,,,,,,,,,,,,,,,,,,,,,,,,,,75|87|103|107|112,19|57|67|78|79,True,True,4
6317_033,6317,playoffs,4,2573.0,2697.0,124.0,True,True,7,16|54|57|62|68,10872|14038|22|29|34,3.0,7.0,3.0,3.0,27.0,307.0,False,True,106.82078994458959,107.00943033560293,-0.18864039101331803,41,-4.0,3.0,-133.33333333333334,100.0,233.33333333333334,False,,,,,,,,,,,,,,,,,,,,,,,,,,,,,,,,75|103|106|110|112,19|67|79|85|89,True,True,4
6317_034,6317,playoffs,4,2697.0,2719.0,22.0,True,True,7,10860|10884|12|16|62,10874|14038|22|24|29,2.0,2.0,0.88,1.0,23.0,183.0,False,True,106.82078994458959,107.00943033560293,-0.18864039101331803,41,0.0,0.94,0.0,227.27272727272728,200.0,True,0.0,0.0,0.0,0.0,0.0,0.0,0.0,0.0,0.0,0.0,0.0,0.0,0.0,0.0,0.0,0.0,0.0,0.0,0.0,0.0,0.0,0.0,0.0,0.0,0.0,0.0,0.0,0.0,0.0,0.0,0.0,8|31|50|75|110,21|67|79|81|85,True,True,4
6317_035,6317,playoffs,4,2719.0,2790.0,71.0,True,True,7,10860|10884|12|60|62,10873|10874|14038|19|22,0.0,0.0,2.0,2.0,23.0,161.0,False,True,106.82078994458959,107.00943033560293,-0.18864039101331803,41,0.0,2.0,0.0,0.0,0.0,True,0.0,0.0,0.0,0.0,0.0,0.0,0.0,0.0,0.0,0.0,0.0,0.0,0.0,0.0,0.0,0.0,0.0,0.0,0.0,0.0,0.0,0.0,0.0,0.0,0.0,0.0,0.0,0.0,0.0,0.0,0.0,8|31|50|109|110,20|21|67|76|79,True,True,4
6317_036,6317,playoffs,4,2790.0,2880.0,90.0,True,True,7,10884|12|60|62|64,10873|19|22|23|28,0.0,1.0,3.0,3.88,23.0,90.0,False,True,106.82078994458959,107.00943033560293,-0.18864039101331803,41,-1.0,3.44,-29.069767441860467,0.0,25.77319587628866,False,,,,,,,,,,,,,,,,,,,,,,,,,,,,,,,,31|50|109|110|111,20|76|79|80|84,True,True,4
6318_001,6318,playoffs,1,0.0,149.0,149.0,True,False,7,16|3129|54|58|68,13029|22|25|29|34,3.0,2.0,5.0,4.0,0.0,2880.0,False,False,106.77342252328442,107.46146044571266,-0.6880379224282415,42,1.0,4.5,22.22222222222222,60.0,50.0,False,,,,,,,,,,,,,,,,,,,,,,,,,,,,,,,,75|87|103|107|112,57|79|82|85|89,True,True,0
6318_002,6318,playoffs,1,149.0,240.0,91.0,True,False,7,16|3129|54|58|68,13029|22|24|29|34,4.0,2.0,2.88,3.0,1.0,2731.0,False,False,106.77342252328442,107.46146044571266,-0.6880379224282415,42,2.0,2.94,68.02721088435375,138.88888888888889,66.66666666666667,False,,,,,,,,,,,,,,,,,,,,,,,,,,,,,,,,75|87|103|107|112,57|79|81|85|89,True,True,0
6318_003,6318,playoffs,1,240.0,300.0,60.0,True,False,7,16|3129|54|58|68,13029|22|24|29|32,2.0,5.0,1.88,2.0,3.0,2640.0,False,False,106.77342252328442,107.46146044571266,-0.6880379224282415,42,-3.0,1.94,-154.63917525773195,106.38297872340426,250.0,False,,,,,,,,,,,,,,,,,,,,,,,,,,,,,,,,75|87|103|107|112,57|79|81|85|88,True,True,0
6318_004,6318,playoffs,1,300.0,355.0,55.0,True,False,7,16|54|57|58|68,10872|13029|22|24|32,0.0,0.0,1.0,2.0,0.0,2580.0,False,False,106.77342252328442,107.46146044571266,-0.6880379224282415,42,0.0,1.5,0.0,0.0,0.0,False,,,,,,,,,,,,,,,,,,,,,,,,,,,,,,,,75|103|106|107|112,19|57|79|81|88,True,True,0
6318_005,6318,playoffs,1,355.0,408.0,53.0,True,False,7,10860|54|57|58|68,10872|13029|22|24|32,4.0,0.0,1.88,1.0,0.0,2525.0,False,False,106.77342252328442,107.46146044571266,-0.6880379224282415,42,4.0,1.44,277.77777777777777,212.76595744680853,0.0,True,0.0,0.0,0.0,0.0,0.0,0.0,0.0,0.0,0.0,0.0,1.0,0.0,0.0,0.0,0.0,0.0,0.0,0.0,0.0,0.0,0.0,0.0,0.0,0.0,0.0,0.0,0.0,0.0,0.0,0.0,0.0,8|103|106|107|112,19|57|79|81|88,True,True,0
6318_006,6318,playoffs,1,408.0,460.0,52.0,True,False,7,10860|54|57|62|68,10872|10874|29|32|34,0.0,0.0,2.88,3.0,4.0,2472.0,False,False,106.77342252328442,107.46146044571266,-0.6880379224282415,42,0.0,2.94,0.0,0.0,0.0,True,0.0,0.0,0.0,0.0,0.0,0.0,0.0,0.0,0.0,0.0,1.0,0.0,0.0,0.0,0.0,0.0,0.0,0.0,0.0,0.0,0.0,0.0,0.0,0.0,0.0,0.0,0.0,0.0,0.0,0.0,0.0,8|103|106|110|112,19|21|85|88|89,True,True,0
6318_007,6318,playoffs,1,460.0,542.0,82.0,True,False,7,10860|12|57|62|68,10872|10874|29|32|34,4.0,0.0,2.88,3.0,4.0,2420.0,False,False,106.77342252328442,107.46146044571266,-0.6880379224282415,42,4.0,2.94,136.0544217687075,138.88888888888889,0.0,True,0.0,1.0,0.0,0.0,0.0,1.0,0.0,0.0,0.0,0.0,0.0,0.0,1.0,0.0,0.0,0.0,0.0,0.0,0.0,0.0,0.0,0.0,0.0,0.0,0.0,0.0,1.0,0.0,1.0,1.0,0.3472222222222222,8|50|106|110|112,19|21|85|88|89,True,True,0
6318_008,6318,playoffs,1,542.0,668.0,126.0,True,False,7,10860|12|16|57|62,10872|10874|13029|29|34,4.0,6.0,4.0,3.88,8.0,2338.0,False,False,106.77342252328442,107.46146044571266,-0.6880379224282415,42,-2.0,3.94,-50.76142131979695,100.0,154.63917525773195,True,2.0,1.0,1.0,1.0,1.0,0.0,0.0,0.0,0.0,0.0,0.0,0.0,0.0,0.0,1.0,1.0,0.0,1.0,0.0,0.0,1.0,1.0,0.0,0.0,0.0,0.0,0.0,0.0,1.0,2.0,0.5,8|50|75|106|110,19|21|57|85|89,True,True,0
6318_009,6318,playoffs,1,668.0,682.0,14.0,True,False,7,10860|12|16|57|62,10872|13029|24|29|32,0.0,1.0,0.0,0.88,6.0,2212.0,False,False,106.77342252328442,107.46146044571266,-0.6880379224282415,42,-1.0,0.44,-227.27272727272728,,113.63636363636364,True,0.0,0.0,0.0,0.0,0.0,0.0,0.0,0.0,0.0,0.0,0.0,0.0,0.0,0.0,0.0,1.0,0.0,0.0,0.0,0.0,0.0,0.0,0.0,0.0,0.0,0.0,0.0,0.0,0.0,0.0,,8|50|75|106|110,19|57|81|85|88,True,True,0
6318_010,6318,playoffs,1,682.0,689.0,7.0,True,False,7,10860|12|57|62|68,10872|13029|24|29|32,1.0,0.0,0.88,0.0,5.0,2198.0,False,False,106.77342252328442,107.46146044571266,-0.6880379224282415,42,1.0,0.44,227.27272727272728,113.63636363636364,,True,0.0,0.0,0.0,0.0,0.0,0.0,0.0,0.0,0.0,0.0,0.0,0.0,0.0,0.0,0.0,0.0,0.0,0.0,0.0,0.0,0.0,0.0,0.0,0.0,0.0,0.0,0.0,0.0,0.0,0.0,0.0,8|50|106|110|112,19|57|81|85|88,True,True,0
6318_011,6318,playoffs,1,689.0,720.0,31.0,True,False,7,10860|12|57|62|68,10872|10874|13029|29|32,0.0,3.0,1.0,1.0,6.0,2191.0,False,False,106.77342252328442,107.46146044571266,-0.6880379224282415,42,-3.0,1.0,-300.0,0.0,300.0,True,0.0,0.0,0.0,0.0,0.0,0.0,0.0,0.0,0.0,0.0,0.0,0.0,0.0,0.0,0.0,0.0,0.0,0.0,0.0,0.0,0.0,0.0,0.0,0.0,0.0,0.0,0.0,0.0,0.0,0.0,0.0,8|50|106|110|112,19|21|57|85|88,True,True,0
6318_012,6318,playoffs,2,720.0,807.0,87.0,True,False,7,10860|12|3129|57|68,10872|13029|24|29|34,1.0,2.0,2.88,2.0,3.0,2160.0,False,False,106.77342252328442,107.46146044571266,-0.6880379224282415,42,-1.0,2.44,-40.98360655737705,34.72222222222222,100.0,True,1.0,1.0,0.0,0.0,0.0,1.0,0.0,2.0,1.0,0.0,1.0,0.0,0.0,0.0,0.0,0.0,0.0,0.0,0.0,0.0,0.0,0.0,0.0,0.0,0.0,0.0,1.0,0.0,1.88,1.88,0.6527777777777778,8|50|87|106|112,19|57|81|85|89,True,True,0
6318_013,6318,playoffs,2,807.0,930.0,123.0,True,False,7,16|3129|54|58|68,10872|10874|13029|29|34,2.0,3.0,4.0,3.0,2.0,2073.0,False,False,106.77342252328442,107.46146044571266,-0.6880379224282415,42,-1.0,3.5,-28.571428571428573,50.0,100.0,False,,,,,,,,,,,,,,,,,,,,,,,,,,,,,,,,75|87|103|107|112,19|21|57|85|89,True,True,0
6318_014,6318,playoffs,2,930.0,974.0,44.0,True,False,7,10860|3129|54|58|68,10874|22|29|32|34,2.0,2.0,2.0,2.0,1.0,1950.0,False,False,106.77342252328442,107.46146044571266,-0.6880379224282415,42,0.0,2.0,0.0,100.0,100.0,True,2.0,1.0,1.0,1.0,1.0,0.0,0.0,0.0,0.0,0.0,0.0,0.0,0.0,0.0,0.0,0.0,1.0,0.0,1.0,1.0,0.0,0.0,0.0,0.0,0.0,0.0,0.0,0.0,1.0,1.0,0.5,8|87|103|107|112,21|79|85|88|89,True,True,0
6318_015,6318,playoffs,2,974.0,995.0,21.0,True,False,7,10860|3129|54|58|68,10872|13029|22|29|34,0.0,3.0,0.0,1.0,1.0,1906.0,False,False,106.77342252328442,107.46146044571266,-0.6880379224282415,42,-3.0,0.5,-600.0,,300.0,True,0.0,0.0,0.0,0.0,0.0,0.0,0.0,0.0,0.0,0.0,0.0,0.0,0.0,0.0,0.0,0.0,0.0,0.0,0.0,0.0,0.0,0.0,0.0,0.0,0.0,0.0,0.0,0.0,0.0,0.0,,8|87|103|107|112,19|57|79|85|89,True,True,0
6318_016,6318,playoffs,2,995.0,1005.0,10.0,True,False,7,10860|3129|54|58|68,10872|13029|22|28|34,2.0,0.0,0.88,0.0,-2.0,1885.0,False,False,106.77342252328442,107.46146044571266,-0.6880379224282415,42,2.0,0.44,454.54545454545456,227.27272727272728,,True,2.0,0.0,0.0,0.0,0.0,0.0,0.0,2.0,2.0,1.0,0.0,0.0,0.0,0.0,0.0,0.0,0.0,0.0,0.0,0.0,0.0,0.0,0.0,0.0,0.0,0.0,0.0,0.0,0.88,0.88,1.0,8|87|103|107|112,19|57|79|84|89,True,True,0
6318_017,6318,playoffs,2,1005.0,1094.0,89.0,True,False,7,10860|3129|54|58|68,10872|13029|22|28|32,4.0,4.0,2.88,3.0,0.0,1875.0,False,False,106.77342252328442,107.46146044571266,-0.6880379224282415,42,0.0,2.94,0.0,138.88888888888889,133.33333333333334,True,3.0,1.0,1.0,0.0,0.0,1.0,1.0,0.0,0.0,0.0,0.0,0.0,0.0,0.0,0.0,0.0,1.0,0.0,0.0,0.0,0.0,0.0,0.0,0.0,0.0,0.0,1.0,1.0,1.0,1.0,0.3472222222222222,8|87|103|107|112,19|57|79|84|88,True,True,0
6318_018,6318,playoffs,2,1094.0,1152.0,58.0,True,False,7,10860|3129|54|57|68,10872|13029|22|24|32,2.0,4.0,1.88,2.0,0.0,1786.0,False,False,106.77342252328442,107.46146044571266,-0.6880379224282415,42,-2.0,1.94,-103.09278350515464,106.38297872340426,200.0,True,0.0,0.0,0.0,0.0,0.0,0.0,0.0,0.0,0.0,0.0,0.0,0.0,0.0,0.0,0.0,0.0,0.0,0.0,0.0,0.0,0.0,0.0,0.0,0.0,0.0,0.0,0.0,0.0,0.0,0.0,0.0,8|87|103|106|112,19|57|79|81|88,True,True,0
6318_019,6318,playoffs,2,1152.0,1238.0,86.0,True,False,7,10860|3129|54|57|68,13029|25|28|29|32,1.0,8.0,2.88,4.44,-2.0,1728.0,False,False,106.77342252328442,107.46146044571266,-0.6880379224282415,42,-7.0,3.66,-191.2568306010929,34.72222222222222,180.18018018018017,True,0.0,0.0,0.0,0.0,0.0,0.0,0.0,0.0,0.0,0.0,0.0,0.0,0.0,0.0,1.0,0.0,0.0,0.0,0.0,0.0,0.0,0.0,0.0,0.0,0.0,0.0,0.0,0.0,0.0,1.0,0.3472222222222222,8|87|103|106|112,57|82|84|85|88,True,True,0
6318_020,6318,playoffs,2,1238.0,1319.0,81.0,True,False,7,10860|16|54|57|58,13029|22|24|29|32,7.0,2.0,2.88,2.0,-9.0,1642.0,False,False,106.77342252328442,107.46146044571266,-0.6880379224282415,42,5.0,2.44,204.91803278688525,243.05555555555557,100.0,True,0.0,0.0,0.0,0.0,0.0,0.0,0.0,0.0,0.0,0.0,0.0,0.0,0.0,0.0,0.0,0.0,0.0,0.0,0.0,0.0,0.0,0.0,0.0,0.0,0.0,0.0,0.0,0.0,0.0,0.0,0.0,8|75|103|106|107,57|79|81|85|88,True,True,0
6318_021,6318,playoffs,2,1319.0,1403.0,84.0,True,False,7,10860|16|54|57|58,10872|13029|24|29|34,0.0,2.0,2.0,2.0,-4.0,1561.0,False,False,106.77342252328442,107.46146044571266,-0.6880379224282415,42,-2.0,2.0,-100.0,0.0,100.0,True,0.0,1.0,0.0,0.0,0.0,1.0,0.0,0.0,0.0,0.0,0.0,0.0,0.0,0.0,1.0,0.0,0.0,0.0,0.0,0.0,0.0,0.0,0.0,0.0,0.0,0.0,1.0,0.0,1.0,2.0,1.0,8|75|103|106|107,19|57|81|85|89,True,True,0
6318_022,6318,playoffs,2,1403.0,1434.0,31.0,True,False,7,10860|3129|54|57|68,10872|13029|28|29|34,0.0,2.0,0.0,1.0,-6.0,1477.0,False,False,106.77342252328442,107.46146044571266,-0.6880379224282415,42,-2.0,0.5,-400.0,,200.0,True,0.0,0.0,0.0,0.0,0.0,0.0,0.0,0.0,0.0,0.0,0.0,0.0,0.0,0.0,0.0,0.0,0.0,0.0,0.0,0.0,0.0,0.0,0.0,0.0,0.0,0.0,0.0,0.0,0.0,0.0,,8|87|103|106|112,19|57|84|85|89,True,True,0
6318_023,6318,playoffs,2,1434.0,1440.0,6.0,True,False,7,10860|3129|54|57|68,10872|13029|25|29|34,2.0,0.0,1.0,0.0,-8.0,1446.0,False,False,106.77342252328442,107.46146044571266,-0.6880379224282415,42,2.0,0.5,400.0,200.0,,True,0.0,0.0,0.0,0.0,0.0,0.0,0.0,0.0,0.0,0.0,0.0,0.0,0.0,0.0,0.0,0.0,0.0,0.0,0.0,0.0,0.0,0.0,0.0,0.0,0.0,0.0,0.0,0.0,0.0,0.0,0.0,8|87|103|106|112,19|57|82|85|89,True,True,0
6318_024,6318,playoffs,3,1440.0,1581.0,141.0,True,False,7,16|3129|54|58|68,13029|22|25|29|34,3.0,6.0,4.0,4.76,-6.0,1440.0,False,False,106.77342252328442,107.46146044571266,-0.6880379224282415,42,-3.0,4.38,-68.4931506849315,75.0,126.05042016806723,False,,,,,,,,,,,,,,,,,,,,,,,,,,,,,,,,75|87|103|107|112,57|79|82|85|89,True,True,0
6318_025,6318,playoffs,3,1581.0,1625.0,44.0,True,False,7,16|3129|54|58|68,13029|22|25|29|32,0.0,4.0,1.0,2.0,-9.0,1299.0,False,False,106.77342252328442,107.46146044571266,-0.6880379224282415,42,-4.0,1.5,-266.6666666666667,0.0,200.0,False,,,,,,,,,,,,,,,,,,,,,,,,,,,,,,,,75|87|103|107|112,57|79|82|85|88,True,True,0
6318_026,6318,playoffs,3,1625.0,1683.0,58.0,True,False,7,16|54|57|62|68,13029|22|25|29|32,2.0,3.0,1.0,1.0,-13.0,1255.0,False,False,106.77342252328442,107.46146044571266,-0.6880379224282415,42,-1.0,1.0,-100.0,200.0,300.0,False,,,,,,,,,,,,,,,,,,,,,,,,,,,,,,,,75|103|106|110|112,57|79|82|85|88,True,True,0
6318_027,6318,playoffs,3,1683.0,1718.0,35.0,True,False,7,16|54|57|62|68,13029|22|24|29|32,4.0,0.0,2.3200000000000003,1.0,-14.0,1197.0,False,False,106.77342252328442,107.46146044571266,-0.6880379224282415,42,4.0,1.6600000000000001,240.96385542168673,172.41379310344826,0.0,False,,,,,,,,,,,,,,,,,,,,,,,,,,,,,,,,75|103|106|110|112,57|79|81|85|88,True,True,0
6318_028,6318,playoffs,3,1718.0,1773.0,55.0,True,False,7,16|54|57|62|68,13029|22|28|29|32,0.0,0.0,3.0,3.0,-10.0,1162.0,False,False,106.77342252328442,107.46146044571266,-0.6880379224282415,42,0.0,3.0,0.0,0.0,0.0,False,,,,,,,,,,,,,,,,,,,,,,,,,,,,,,,,75|103|106|110|112,57|79|84|85|88,True,True,0
6318_029,6318,playoffs,3,1773.0,1855.0,82.0,True,False,7,16|54|57|62|68,10872|13029|28|29|34,3.0,6.0,2.0,2.76,-10.0,1107.0,False,False,106.77342252328442,107.46146044571266,-0.6880379224282415,42,-3.0,2.38,-126.05042016806723,150.0,217.3913043478261,False,,,,,,,,,,,,,,,,,,,,,,,,,,,,,,,,75|103|106|110|112,19|57|84|85|89,True,True,0
6318_030,6318,playoffs,3,1855.0,2018.0,163.0,True,False,7,10860|16|54|57|58,10872|13029|23|29|32,5.0,5.0,5.0,5.0,-13.0,1025.0,False,False,106.77342252328442,107.46146044571266,-0.6880379224282415,42,0.0,5.0,0.0,100.0,100.0,True,5.0,3.0,2.0,1.0,1.0,2.0,1.0,0.0,0.0,0.0,1.0,0.0,0.0,1.0,0.0,0.0,2.0,0.0,0.0,0.0,0.0,0.0,1.0,1.0,0.0,0.0,2.0,1.0,3.0,3.0,0.6,8|75|103|106|107,19|57|80|85|88,True,True,0
6318_031,6318,playoffs,3,2018.0,2070.0,52.0,True,False,7,10860|54|57|58|68,10872|10874|13029|24|32,7.0,3.0,2.44,2.0,-13.0,862.0,False,False,106.77342252328442,107.46146044571266,-0.6880379224282415,42,4.0,2.2199999999999998,180.1801801801802,286.88524590163934,150.0,True,0.0,0.0,0.0,0.0,0.0,0.0,0.0,0.0,0.0,0.0,0.0,0.0,0.0,0.0,0.0,0.0,0.0,0.0,0.0,0.0,0.0,0.0,0.0,0.0,0.0,0.0,0.0,0.0,0.0,0.0,0.0,8|103|106|107|112,19|21|57|81|88,True,True,0
6318_032,6318,playoffs,3,2070.0,2155.0,85.0,True,False,7,10860|3129|54|58|68,10872|10874|13029|24|32,8.0,2.0,2.88,2.0,-9.0,810.0,False,False,106.77342252328442,107.46146044571266,-0.6880379224282415,42,6.0,2.44,245.9016393442623,277.77777777777777,100.0,True,2.0,1.0,0.0,1.0,0.0,0.0,0.0,2.0,2.0,2.0,0.0,0.0,0.0,0.0,0.0,0.0,0.0,0.0,0.0,0.0,1.0,0.0,0.0,0.0,0.0,0.0,0.0,0.0,1.88,1.88,0.6527777777777778,8|87|103|107|112,19|21|57|81|88,True,True,0
6318_033,6318,playoffs,3,2155.0,2160.0,5.0,True,False,7,10860|12|3129|54|68,10872|10874|13029|28|32,0.0,0.0,0.0,1.0,-3.0,725.0,False,False,106.77342252328442,107.46146044571266,-0.6880379224282415,42,0.0,0.5,0.0,,0.0,True,0.0,0.0,0.0,0.0,0.0,0.0,0.0,0.0,0.0,0.0,0.0,0.0,0.0,0.0,0.0,0.0,0.0,0.0,0.0,0.0,0.0,0.0,0.0,0.0,0.0,0.0,0.0,0.0,0.0,0.0,,8|50|87|103|112,19|21|57|84|88,True,True,0
6318_034,6318,playoffs,4,2160.0,2308.0,148.0,True,False,7,10860|12|3129|58|68,10872|10874|29|32|34,7.0,5.0,5.0,4.0,-3.0,720.0,False,False,106.77342252328442,107.46146044571266,-0.6880379224282415,42,2.0,4.5,44.44444444444444,140.0,125.0,True,5.0,2.0,2.0,1.0,1.0,1.0,1.0,0.0,0.0,0.0,0.0,0.0,0.0,0.0,0.0,0.0,2.0,0.0,0.0,0.0,1.0,1.0,0.0,0.0,0.0,0.0,1.0,1.0,2.0,2.0,0.4,8|50|87|107|112,19|21|85|88|89,True,True,0
6318_035,6318,playoffs,4,2308.0,2335.0,27.0,True,False,7,10860|12|3129|58|68,10872|13029|25|29|32,2.0,0.0,1.0,1.0,-1.0,572.0,False,False,106.77342252328442,107.46146044571266,-0.6880379224282415,42,2.0,1.0,200.0,200.0,0.0,True,2.0,1.0,1.0,1.0,1.0,0.0,0.0,0.0,0.0,0.0,0.0,0.0,0.0,0.0,0.0,1.0,1.0,0.0,0.0,0.0,0.0,0.0,1.0,1.0,0.0,0.0,0.0,0.0,1.0,1.0,1.0,8|50|87|107|112,19|57|82|85|88,True,True,0
6318_036,6318,playoffs,4,2335.0,2410.0,75.0,True,False,7,10860|12|3129|58|68,10872|13029|24|29|32,3.0,5.0,2.0,2.0,1.0,545.0,False,False,106.77342252328442,107.46146044571266,-0.6880379224282415,42,-2.0,2.0,-100.0,150.0,250.0,True,0.0,1.0,0.0,1.0,0.0,0.0,0.0,0.0,0.0,1.0,0.0,1.0,0.0,0.0,0.0,0.0,0.0,0.0,0.0,0.0,1.0,0.0,0.0,0.0,0.0,0.0,0.0,0.0,1.0,1.0,0.5,8|50|87|107|112,19|57|81|85|88,True,True,0
6318_037,6318,playoffs,4,2410.0,2465.0,55.0,True,False,7,10860|54|57|58|68,10872|13029|24|29|32,0.0,2.0,1.0,2.0,-1.0,470.0,False,False,106.77342252328442,107.46146044571266,-0.6880379224282415,42,-2.0,1.5,-133.33333333333334,0.0,100.0,True,0.0,2.0,0.0,1.0,0.0,1.0,0.0,0.0,0.0,0.0,0.0,0.0,0.0,0.0,0.0,0.0,0.0,0.0,0.0,0.0,1.0,0.0,0.0,0.0,0.0,0.0,1.0,0.0,2.0,2.0,2.0,8|103|106|107|112,19|57|81|85|88,True,True,0
6318_038,6318,playoffs,4,2465.0,2549.0,84.0,True,False,7,10860|16|54|57|58,10872|13029|24|29|34,2.0,3.0,3.0,3.0,-3.0,415.0,False,False,106.77342252328442,107.46146044571266,-0.6880379224282415,42,-1.0,3.0,-33.333333333333336,66.66666666666667,100.0,True,0.0,1.0,0.0,0.0,0.0,1.0,0.0,0.0,0.0,0.0,0.0,0.0,0.0,0.0,0.0,0.0,0.0,0.0,0.0,0.0,0.0,0.0,0.0,0.0,0.0,0.0,1.0,0.0,1.0,1.0,0.3333333333333333,8|75|103|106|107,19|57|81|85|89,True,True,0
6318_039,6318,playoffs,4,2549.0,2634.0,85.0,True,False,7,16|54|57|58|68,13029|22|24|29|34,5.0,2.0,3.44,2.0,-4.0,331.0,False,False,106.77342252328442,107.46146044571266,-0.6880379224282415,42,3.0,2.7199999999999998,110.29411764705884,145.34883720930233,100.0,False,,,,,,,,,,,,,,,,,,,,,,,,,,,,,,,,75|103|106|107|112,57|79|81|85|89,True,True,0
6318_040,6318,playoffs,4,2634.0,2666.0,32.0,True,False,7,16|3129|54|58|68,13029|22|25|29|34,2.0,0.0,0.88,1.0,-1.0,246.0,False,False,106.77342252328442,107.46146044571266,-0.6880379224282415,42,2.0,0.94,212.76595744680853,227.27272727272728,0.0,False,,,,,,,,,,,,,,,,,,,,,,,,,,,,,,,,75|87|103|107|112,57|79|82|85|89,True,True,0
6318_041,6318,playoffs,4,2666.0,2796.0,130.0,True,False,7,16|3129|54|58|68,10872|13029|25|29|32,2.0,5.0,3.0,3.0,1.0,214.0,False,False,106.77342252328442,107.46146044571266,-0.6880379224282415,42,-3.0,3.0,-100.0,66.66666666666667,166.66666666666666,False,,,,,,,,,,,,,,,,,,,,,,,,,,,,,,,,75|87|103|107|112,19|57|82|85|88,True,True,0
6318_042,6318,playoffs,4,2796.0,2830.0,34.0,True,False,7,16|3129|54|58|68,10872|13029|25|29|34,0.0,0.0,0.88,1.0,-2.0,84.0,False,False,106.77342252328442,107.46146044571266,-0.6880379224282415,42,0.0,0.94,0.0,0.0,0.0,False,,,,,,,,,,,,,,,,,,,,,,,,,,,,,,,,75|87|103|107|112,19|57|82|85|89,True,True,0
6318_043,6318,playoffs,4,2830.0,2832.0,2.0,True,False,7,16|3129|54|58|68,10872|10874|13029|29|32,0.0,0.0,-1.0,0.0,-2.0,50.0,False,False,106.77342252328442,107.46146044571266,-0.6880379224282415,42,0.0,-0.5,,,,False,,,,,,,,,,,,,,,,,,,,,,,,,,,,,,,,75|87|103|107|112,19|21|57|85|88,True,True,0
6318_044,6318,playoffs,4,2832.0,2837.0,5.0,True,False,7,16|3129|54|58|68,10872|13029|25|29|32,2.0,0.0,0.88,0.0,-2.0,48.0,False,False,106.77342252328442,107.46146044571266,-0.6880379224282415,42,2.0,0.44,454.54545454545456,227.27272727272728,,False,,,,,,,,,,,,,,,,,,,,,,,,,,,,,,,,75|87|103|107|112,19|57|82|85|88,True,True,0
6318_045,6318,playoffs,4,2837.0,2863.0,26.0,True,False,7,16|3129|54|58|68,10872|10874|13029|29|32,0.0,2.0,0.0,0.88,0.0,43.0,False,False,106.77342252328442,107.46146044571266,-0.6880379224282415,42,-2.0,0.44,-454.54545454545456,,227.27272727272728,False,,,,,,,,,,,,,,,,,,,,,,,,,,,,,,,,75|87|103|107|112,19|21|57|85|88,True,True,0
6318_046,6318,playoffs,4,2863.0,2863.0,0.0,True,False,7,16|3129|54|58|68,10872|13029|25|29|32,0.0,0.0,0.0,0.0,-2.0,17.0,False,False,106.77342252328442,107.46146044571266,-0.6880379224282415,42,0.0,0.0,,,,False,,,,,,,,,,,,,,,,,,,,,,,,,,,,,,,,75|87|103|107|112,19|57|82|85|88,True,False,0
6318_047,6318,playoffs,4,2863.0,2880.0,17.0,True,False,7,16|3129|54|58|68,10872|13029|25|29|34,0.0,0.0,1.0,0.0,-2.0,17.0,False,False,106.77342252328442,107.46146044571266,-0.6880379224282415,42,0.0,0.5,0.0,0.0,,False,,,,,,,,,,,,,,,,,,,,,,,,,,,,,,,,75|87|103|107|112,19|57|82|85|89,True,True,0
6319_001,6319,playoffs,1,0.0,316.0,316.0,True,False,7,16|3129|54|58|68,13029|22|25|29|34,8.0,12.0,8.88,9.76,0.0,2880.0,False,False,106.95986123148055,107.53289531785853,-0.5730340863779786,43,-4.0,9.32,-42.918454935622314,90.09009009009009,122.95081967213115,False,,,,,,,,,,,,,,,,,,,,,,,,,,,,,,,,75|87|103|107|112,57|79|82|85|89,True,True,1
6319_002,6319,playoffs,1,316.0,358.0,42.0,True,False,7,16|54|57|62|68,10872|13029|21|29|34,6.0,2.0,2.44,1.0,-4.0,2564.0,False,False,106.95986123148055,107.53289531785853,-0.5730340863779786,43,4.0,1.72,232.55813953488374,245.9016393442623,200.0,False,,,,,,,,,,,,,,,,,,,,,,,,,,,,,,,,75|103|106|110|112,19|57|78|85|89,True,True,1
6319_003,6319,playoffs,1,358.0,379.0,21.0,True,False,7,16|54|57|62|68,10872|13029|21|29|32,1.0,0.0,0.88,1.0,0.0,2522.0,False,False,106.95986123148055,107.53289531785853,-0.5730340863779786,43,1.0,0.94,106.38297872340426,113.63636363636364,0.0,False,,,,,,,,,,,,,,,,,,,,,,,,,,,,,,,,75|103|106|110|112,19|57|78|85|88,True,True,1
6319_004,6319,playoffs,1,379.0,529.0,150.0,True,False,7,10861|54|57|62|68,10872|13029|21|29|32,5.0,7.0,4.0,5.0,1.0,2501.0,False,False,106.95986123148055,107.53289531785853,-0.5730340863779786,43,-2.0,4.5,-44.44444444444444,125.0,140.0,False,,,,,,,,,,,,,,,,,,,,,,,,,,,,,,,,9|103|106|110|112,19|57|78|85|88,True,True,1
6319_005,6319,playoffs,1,529.0,584.0,55.0,True,False,7,10861|16|54|57|58,10872|13029|21|24|32,3.0,0.0,1.88,1.0,-1.0,2351.0,False,False,106.95986123148055,107.53289531785853,-0.5730340863779786,43,3.0,1.44,208.33333333333334,159.5744680851064,0.0,False,,,,,,,,,,,,,,,,,,,,,,,,,,,,,,,,9|75|103|106|107,19|57|78|81|88,True,True,1
6319_006,6319,playoffs,1,584.0,694.0,110.0,True,False,7,10861|16|54|57|58,10872|10874|21|32|34,8.0,6.0,3.0,3.88,2.0,2296.0,False,False,106.95986123148055,107.53289531785853,-0.5730340863779786,43,2.0,3.44,58.139534883720934,266.6666666666667,154.63917525773195,False,,,,,,,,,,,,,,,,,,,,,,,,,,,,,,,,9|75|103|106|107,19|21|78|88|89,True,True,1
6319_007,6319,playoffs,1,694.0,711.0,17.0,True,False,7,10861|16|54|57|58,10874|21|22|32|34,0.0,0.0,1.0,0.0,4.0,2186.0,False,False,106.95986123148055,107.53289531785853,-0.5730340863779786,43,0.0,0.5,0.0,0.0,,False,,,,,,,,,,,,,,,,,,,,,,,,,,,,,,,,9|75|103|106|107,21|78|79|88|89,True,True,1
6319_008,6319,playoffs,1,711.0,720.0,9.0,True,False,7,10861|12|16|57|58,10872|10874|13029|22|32,0.0,0.0,0.0,1.0,4.0,2169.0,False,False,106.95986123148055,107.53289531785853,-0.5730340863779786,43,0.0,0.5,0.0,,0.0,False,,,,,,,,,,,,,,,,,,,,,,,,,,,,,,,,9|50|75|106|107,19|21|57|79|88,True,True,1
6319_009,6319,playoffs,2,720.0,767.0,47.0,True,False,7,10861|12|16|57|58,10872|10874|29|32|34,2.0,0.0,1.0,1.0,4.0,2160.0,False,False,106.95986123148055,107.53289531785853,-0.5730340863779786,43,2.0,1.0,200.0,200.0,0.0,False,,,,,,,,,,,,,,,,,,,,,,,,,,,,,,,,9|50|75|106|107,19|21|85|88|89,True,True,1
6319_010,6319,playoffs,2,767.0,859.0,92.0,True,False,7,10861|12|16|57|58,10872|13029|24|29|32,3.0,6.0,3.88,3.0,6.0,2113.0,False,False,106.95986123148055,107.53289531785853,-0.5730340863779786,43,-3.0,3.44,-87.20930232558139,77.31958762886597,200.0,False,,,,,,,,,,,,,,,,,,,,,,,,,,,,,,,,9|50|75|106|107,19|57|81|85|88,True,True,1
6319_011,6319,playoffs,2,859.0,912.0,53.0,True,False,7,12|16|57|58|68,10872|13029|25|29|32,2.0,0.0,1.0,2.0,3.0,2021.0,False,False,106.95986123148055,107.53289531785853,-0.5730340863779786,43,2.0,1.5,133.33333333333334,200.0,0.0,False,,,,,,,,,,,,,,,,,,,,,,,,,,,,,,,,50|75|106|107|112,19|57|82|85|88,True,True,1
6319_012,6319,playoffs,2,912.0,983.0,71.0,True,False,7,12|16|57|58|68,13029|25|28|29|34,6.0,3.0,3.44,2.0,5.0,1968.0,False,False,106.95986123148055,107.53289531785853,-0.5730340863779786,43,3.0,2.7199999999999998,110.29411764705884,174.41860465116278,150.0,False,,,,,,,,,,,,,,,,,,,,,,,,,,,,,,,,50|75|106|107|112,57|82|84|85|89,True,True,1
6319_013,6319,playoffs,2,983.0,1056.0,73.0,True,False,7,12|16|3129|57|68,13029|25|28|29|34,2.0,4.0,2.0,2.88,8.0,1897.0,False,False,106.95986123148055,107.53289531785853,-0.5730340863779786,43,-2.0,2.44,-81.9672131147541,100.0,138.88888888888889,False,,,,,,,,,,,,,,,,,,,,,,,,,,,,,,,,50|75|87|106|112,57|82|84|85|89,True,True,1
6319_014,6319,playoffs,2,1056.0,1160.0,104.0,True,False,7,10861|3129|54|57|68,13029|21|28|29|34,6.0,5.0,5.0,4.0,6.0,1824.0,False,False,106.95986123148055,107.53289531785853,-0.5730340863779786,43,1.0,4.5,22.22222222222222,120.0,125.0,False,,,,,,,,,,,,,,,,,,,,,,,,,,,,,,,,9|87|103|106|112,57|78|84|85|89,True,True,1
6319_015,6319,playoffs,2,1160.0,1207.0,47.0,True,False,7,10861|3129|54|57|68,13029|21|28|29|32,3.0,2.0,1.0,1.0,7.0,1720.0,False,False,106.95986123148055,107.53289531785853,-0.5730340863779786,43,1.0,1.0,100.0,300.0,200.0,False,,,,,,,,,,,,,,,,,,,,,,,,,,,,,,,,9|87|103|106|112,57|78|84|85|88,True,True,1
6319_016,6319,playoffs,2,1207.0,1231.0,24.0,True,False,7,10861|54|58|62|68,10872|13029|28|29|32,0.0,4.0,1.0,2.3200000000000003,8.0,1673.0,False,False,106.95986123148055,107.53289531785853,-0.5730340863779786,43,-4.0,1.6600000000000001,-240.96385542168673,0.0,172.41379310344826,False,,,,,,,,,,,,,,,,,,,,,,,,,,,,,,,,9|103|107|110|112,19|57|84|85|88,True,True,1
6319_017,6319,playoffs,2,1231.0,1294.0,63.0,True,False,7,10861|54|58|62|68,10872|13029|25|29|32,4.0,6.0,1.88,2.0,4.0,1649.0,False,False,106.95986123148055,107.53289531785853,-0.5730340863779786,43,-2.0,1.94,-103.09278350515464,212.76595744680853,300.0,False,,,,,,,,,,,,,,,,,,,,,,,,,,,,,,,,9|103|107|110|112,19|57|82|85|88,True,True,1
6319_018,6319,playoffs,2,1294.0,1315.0,21.0,True,False,7,16|54|58|62|68,10872|13029|24|29|32,0.0,1.0,1.0,0.88,2.0,1586.0,False,False,106.95986123148055,107.53289531785853,-0.5730340863779786,43,-1.0,0.94,-106.38297872340426,0.0,113.63636363636364,False,,,,,,,,,,,,,,,,,,,,,,,,,,,,,,,,75|103|107|110|112,19|57|81|85|88,True,True,1
6319_019,6319,playoffs,2,1315.0,1347.0,32.0,True,False,7,16|54|58|62|68,10872|13029|24|29|34,0.0,2.0,1.0,0.88,1.0,1565.0,False,False,106.95986123148055,107.53289531785853,-0.5730340863779786,43,-2.0,0.94,-212.76595744680853,0.0,227.27272727272728,False,,,,,,,,,,,,,,,,,,,,,,,,,,,,,,,,75|103|107|110|112,19|57|81|85|89,True,True,1
6319_020,6319,playoffs,2,1347.0,1399.0,52.0,True,False,7,16|54|57|58|68,10872|13029|25|29|34,1.0,2.0,1.88,1.0,-1.0,1533.0,False,False,106.95986123148055,107.53289531785853,-0.5730340863779786,43,-1.0,1.44,-69.44444444444444,53.19148936170213,200.0,False,,,,,,,,,,,,,,,,,,,,,,,,,,,,,,,,75|103|106|107|112,19|57|82|85|89,True,True,1
6319_021,6319,playoffs,2,1399.0,1440.0,41.0,True,False,7,16|54|57|58|68,10872|13029|28|29|34,0.0,1.0,1.0,0.88,-2.0,1481.0,False,False,106.95986123148055,107.53289531785853,-0.5730340863779786,43,-1.0,0.94,-106.38297872340426,0.0,113.63636363636364,False,,,,,,,,,,,,,,,,,,,,,,,,,,,,,,,,75|103|106|107|112,19|57|84|85|89,True,True,1
6319_022,6319,playoffs,3,1440.0,1633.0,193.0,True,False,7,16|3129|54|58|68,13029|22|25|29|32,6.0,7.0,4.0,6.44,-3.0,1440.0,False,False,106.95986123148055,107.53289531785853,-0.5730340863779786,43,-1.0,5.220000000000001,-19.157088122605362,150.0,108.69565217391303,False,,,,,,,,,,,,,,,,,,,,,,,,,,,,,,,,75|87|103|107|112,57|79|82|85|88,True,True,1
6319_023,6319,playoffs,3,1633.0,1718.0,85.0,True,False,7,16|3129|54|58|68,10872|13029|22|29|34,5.0,0.0,2.88,3.0,-4.0,1247.0,False,False,106.95986123148055,107.53289531785853,-0.5730340863779786,43,5.0,2.94,170.06802721088437,173.61111111111111,0.0,False,,,,,,,,,,,,,,,,,,,,,,,,,,,,,,,,75|87|103|107|112,19|57|79|85|89,True,True,1
6319_024,6319,playoffs,3,1718.0,1828.0,110.0,True,False,7,16|3129|54|58|68,10872|22|29|32|34,0.0,4.0,4.0,4.0,1.0,1162.0,False,False,106.95986123148055,107.53289531785853,-0.5730340863779786,43,-4.0,4.0,-100.0,0.0,100.0,False,,,,,,,,,,,,,,,,,,,,,,,,,,,,,,,,75|87|103|107|112,19|79|85|88|89,True,True,1
6319_025,6319,playoffs,3,1828.0,1871.0,43.0,True,False,7,16|3129|54|57|68,10872|28|29|32|34,1.0,0.0,1.88,1.0,-3.0,1052.0,False,False,106.95986123148055,107.53289531785853,-0.5730340863779786,43,1.0,1.44,69.44444444444444,53.19148936170213,0.0,False,,,,,,,,,,,,,,,,,,,,,,,,,,,,,,,,75|87|103|106|112,19|84|85|88|89,True,True,1
6319_026,6319,playoffs,3,1871.0,1930.0,59.0,True,False,7,10861|3129|54|57|68,10872|13029|28|29|34,2.0,5.0,1.0,1.88,-2.0,1009.0,False,False,106.95986123148055,107.53289531785853,-0.5730340863779786,43,-3.0,1.44,-208.33333333333334,200.0,265.95744680851067,False,,,,,,,,,,,,,,,,,,,,,,,,,,,,,,,,9|87|103|106|112,19|57|84|85|89,True,True,1
6319_027,6319,playoffs,3,1930.0,1992.0,62.0,True,False,7,10861|54|57|58|68,10872|13029|28|29|34,0.0,2.0,2.0,1.88,-5.0,950.0,False,False,106.95986123148055,107.53289531785853,-0.5730340863779786,43,-2.0,1.94,-103.09278350515464,0.0,106.38297872340426,False,,,,,,,,,,,,,,,,,,,,,,,,,,,,,,,,9|103|106|107|112,19|57|84|85|89,True,True,1
6319_028,6319,playoffs,3,1992.0,2003.0,11.0,True,False,7,10861|16|54|57|58,10872|13029|24|28|34,2.0,0.0,0.88,0.0,-7.0,888.0,False,False,106.95986123148055,107.53289531785853,-0.5730340863779786,43,2.0,0.44,454.54545454545456,227.27272727272728,,False,,,,,,,,,,,,,,,,,,,,,,,,,,,,,,,,9|75|103|106|107,19|57|81|84|89,True,True,1
6319_029,6319,playoffs,3,2003.0,2102.0,99.0,True,False,7,10861|16|54|57|58,10872|10874|13029|24|34,5.0,5.0,1.88,2.0,-5.0,877.0,False,False,106.95986123148055,107.53289531785853,-0.5730340863779786,43,0.0,1.94,0.0,265.95744680851067,250.0,False,,,,,,,,,,,,,,,,,,,,,,,,,,,,,,,,9|75|103|106|107,19|21|57|81|89,True,True,1
6319_030,6319,playoffs,3,2102.0,2160.0,58.0,True,False,7,10861|12|16|57|58,10872|10874|13029|24|34,0.0,5.0,2.0,3.0,-5.0,778.0,False,False,106.95986123148055,107.53289531785853,-0.5730340863779786,43,-5.0,2.5,-200.0,0.0,166.66666666666666,False,,,,,,,,,,,,,,,,,,,,,,,,,,,,,,,,9|50|75|106|107,19|21|57|81|89,True,True,1
6319_031,6319,playoffs,4,2160.0,2263.0,103.0,True,False,7,10861|12|16|57|58,10872|10874|13029|24|32,3.0,2.0,3.0,3.0,-10.0,720.0,False,False,106.95986123148055,107.53289531785853,-0.5730340863779786,43,1.0,3.0,33.333333333333336,100.0,66.66666666666667,False,,,,,,,,,,,,,,,,,,,,,,,,,,,,,,,,9|50|75|106|107,19|21|57|81|88,True,True,1
6319_032,6319,playoffs,4,2263.0,2379.0,116.0,True,False,7,16|54|57|58|68,10872|10874|13029|24|32,2.0,5.0,3.0,3.0,-9.0,617.0,False,False,106.95986123148055,107.53289531785853,-0.5730340863779786,43,-3.0,3.0,-100.0,66.66666666666667,166.66666666666666,False,,,,,,,,,,,,,,,,,,,,,,,,,,,,,,,,75|103|106|107|112,19|21|57|81|88,True,True,1
6319_033,6319,playoffs,4,2379.0,2406.0,27.0,True,False,7,16|54|57|58|68,10873|22|29|32|34,3.0,0.0,1.88,1.0,-12.0,501.0,False,False,106.95986123148055,107.53289531785853,-0.5730340863779786,43,3.0,1.44,208.33333333333334,159.5744680851064,0.0,False,,,,,,,,,,,,,,,,,,,,,,,,,,,,,,,,75|103|106|107|112,20|79|85|88|89,True,True,1
6319_034,6319,playoffs,4,2406.0,2435.0,29.0,True,False,7,16|54|57|58|68,21|22|29|32|34,0.0,0.0,0.0,1.0,-9.0,474.0,False,False,106.95986123148055,107.53289531785853,-0.5730340863779786,43,0.0,0.5,0.0,,0.0,False,,,,,,,,,,,,,,,,,,,,,,,,,,,,,,,,75|103|106|107|112,78|79|85|88|89,True,True,1
6319_035,6319,playoffs,4,2435.0,2497.0,62.0,True,False,7,16|54|57|58|68,10874|13029|22|29|34,1.0,3.0,1.88,1.0,-9.0,445.0,False,False,106.95986123148055,107.53289531785853,-0.5730340863779786,43,-2.0,1.44,-138.88888888888889,53.19148936170213,300.0,False,,,,,,,,,,,,,,,,,,,,,,,,,,,,,,,,75|103|106|107|112,21|57|79|85|89,True,True,1
6319_036,6319,playoffs,4,2497.0,2520.0,23.0,True,False,7,16|3129|54|57|68,10874|13029|22|29|34,2.0,0.0,1.0,1.0,-11.0,383.0,False,False,106.95986123148055,107.53289531785853,-0.5730340863779786,43,2.0,1.0,200.0,200.0,0.0,False,,,,,,,,,,,,,,,,,,,,,,,,,,,,,,,,75|87|103|106|112,21|57|79|85|89,True,True,1
6319_037,6319,playoffs,4,2520.0,2636.0,116.0,True,False,7,16|3129|54|57|68,10872|10874|13029|29|34,8.0,8.0,4.0,4.0,-9.0,360.0,False,False,106.95986123148055,107.53289531785853,-0.5730340863779786,43,0.0,4.0,0.0,200.0,200.0,False,,,,,,,,,,,,,,,,,,,,,,,,,,,,,,,,75|87|103|106|112,19|21|57|85|89,True,True,1
6319_038,6319,playoffs,4,2636.0,2651.0,15.0,True,False,7,16|54|57|58|68,10872|10874|13029|29|32,0.0,0.0,0.0,0.0,-9.0,244.0,False,False,106.95986123148055,107.53289531785853,-0.5730340863779786,43,0.0,0.0,,,,False,,,,,,,,,,,,,,,,,,,,,,,,,,,,,,,,75|103|106|107|112,19|21|57|85|88,True,True,1
6319_039,6319,playoffs,4,2651.0,2712.0,61.0,True,False,7,16|54|57|58|68,10872|13029|24|29|32,3.0,1.0,2.0,2.88,-9.0,229.0,False,False,106.95986123148055,107.53289531785853,-0.5730340863779786,43,2.0,2.44,81.9672131147541,150.0,34.72222222222222,False,,,,,,,,,,,,,,,,,,,,,,,,,,,,,,,,75|103|106|107|112,19|57|81|85|88,True,True,1
6319_040,6319,playoffs,4,2712.0,2767.0,55.0,True,False,7,16|54|57|58|68,10872|13029|22|29|32,4.0,2.0,3.44,1.0,-7.0,168.0,False,False,106.95986123148055,107.53289531785853,-0.5730340863779786,43,2.0,2.2199999999999998,90.0900900900901,116.27906976744187,200.0,False,,,,,,,,,,,,,,,,,,,,,,,,,,,,,,,,75|103|106|107|112,19|57|79|85|88,True,True,1
6319_041,6319,playoffs,4,2767.0,2840.0,73.0,True,False,7,16|54|57|58|68,10872|13029|22|29|34,5.0,4.0,2.0,3.0,-5.0,113.0,False,False,106.95986123148055,107.53289531785853,-0.5730340863779786,43,1.0,2.5,40.0,250.0,133.33333333333334,False,,,,,,,,,,,,,,,,,,,,,,,,,,,,,,,,75|103|106|107|112,19|57|79|85|89,True,True,1
6319_042,6319,playoffs,4,2840.0,2874.0,34.0,True,False,7,16|54|57|58|68,10872|13029|22|29|32,2.0,0.0,0.88,2.0,-4.0,40.0,False,False,106.95986123148055,107.53289531785853,-0.5730340863779786,43,2.0,1.44,138.88888888888889,227.27272727272728,0.0,False,,,,,,,,,,,,,,,,,,,,,,,,,,,,,,,,75|103|106|107|112,19|57|79|85|88,True,True,1
6319_043,6319,playoffs,4,2874.0,2880.0,6.0,True,False,7,16|54|57|58|68,10872|13029|25|29|32,0.0,0.0,0.0,0.0,-2.0,6.0,False,False,106.95986123148055,107.53289531785853,-0.5730340863779786,43,0.0,0.0,,,,False,,,,,,,,,,,,,,,,,,,,,,,,,,,,,,,,75|103|106|107|112,19|57|82|85|88,True,True,1
