season,season_id,division_id,competition_phase,game_id,game_date,periods,team_id,team,opponent_id,opponent,home_away,source_url,FGM,FGA,two_PM,two_PA,three_PM,three_PA,FTM,FTA,OREB,DREB,REB,AST,STL,BLK,TOV,PF,FG_pct,two_P_pct,three_P_pct,FT_pct,source_FG_pct,source_two_P_pct,source_three_P_pct,source_FT_pct,team_points,opponent_points,source_field_goals_missed,source_two_pointers_missed,source_three_pointers_missed,source_free_throws_missed,source_defensive_fouls,source_offensive_fouls,source_personal_fouls,source_points_in_paint,source_second_chance_points,source_fast_break_points,win_loss,possessions_est,ORtg,opponent_possessions_est,DRtg,Net_Rating
2025-26,2,8,preseason,1496,2025-10-03,4,3,福爾摩沙夢想家,6,新北中信特攻,home,https://api.tpbl.basketball/api/games/1496/stats,39,82,18,35,21,47,12,16,16,31,47,20,6,3,15,19,0.47560975609756095,0.5142857142857142,0.44680851063829785,0.75,0.47600000000000003,0.514,0.447,0.75,111,109,43,17,26,4,18,1,18,28,16,10,W,88.04,126.07905497501135,89.36,121.97851387645478,4.100541098556562
2025-26,2,8,preseason,1496,2025-10-03,4,6,新北中信特攻,3,福爾摩沙夢想家,away,https://api.tpbl.basketball/api/games/1496/stats,39,78,20,36,19,42,12,19,12,30,42,27,6,1,15,22,0.5,0.5555555555555556,0.4523809523809524,0.631578947368421,0.5,0.556,0.452,0.632,109,111,39,16,23,7,20,2,22,34,13,6,L,89.36,121.97851387645478,88.04,126.07905497501135,-4.100541098556562
2025-26,2,8,preseason,1497,2025-10-03,4,2,高雄全家海神,4,新竹御嵿攻城獅,home,https://api.tpbl.basketball/api/games/1497/stats,26,72,13,34,13,38,23,30,20,32,52,17,7,1,27,29,0.3611111111111111,0.38235294117647056,0.34210526315789475,0.7666666666666667,0.361,0.382,0.342,0.767,88,98,46,21,25,7,27,2,29,20,12,7,L,92.2,95.44468546637744,89.16,109.91475998205473,-14.470074515677297
2025-26,2,8,preseason,1497,2025-10-03,4,4,新竹御嵿攻城獅,2,高雄全家海神,away,https://api.tpbl.basketball/api/games/1497/stats,34,75,23,44,11,31,19,39,18,30,48,22,16,2,15,26,0.4533333333333333,0.5227272727272727,0.3548387096774194,0.48717948717948717,0.45299999999999996,0.523,0.355,0.48700000000000004,98,88,41,21,20,20,25,1,26,40,22,15,W,89.16,109.91475998205473,92.2,95.44468546637744,14.470074515677297
2025-26,2,8,preseason,1498,2025-10-04,4,7,新北國王,8,臺北台新戰神,home,https://api.tpbl.basketball/api/games/1498/stats,41,103,33,60,8,43,10,14,29,36,65,17,11,2,18,20,0.39805825242718446,0.55,0.18604651162790697,0.7142857142857143,0.39799999999999996,0.55,0.18600000000000003,0.7140000000000001,100,105,62,27,35,4,19,1,19,56,27,23,L,98.16,101.87449062754686,98.0,107.14285714285714,-5.2683665153102766
2025-26,2,8,preseason,1498,2025-10-04,4,8,臺北台新戰神,7,新北國王,away,https://api.tpbl.basketball/api/games/1498/stats,41,85,32,56,9,29,14,25,14,31,45,17,12,4,16,18,0.4823529411764706,0.5714285714285714,0.3103448275862069,0.56,0.48200000000000004,0.5710000000000001,0.31,0.56,105,100,44,24,20,11,17,1,17,56,7,16,W,98.0,107.14285714285714,98.16,101.87449062754686,5.2683665153102766
2025-26,2,8,preseason,1499,2025-10-04,4,5,桃園台啤永豐雲豹,6,新北中信特攻,away,https://api.tpbl.basketball/api/games/1499/stats,28,73,25,42,3,31,22,29,13,29,42,11,10,3,20,15,0.3835616438356164,0.5952380952380952,0.0967741935483871,0.7586206896551724,0.384,0.595,0.09699999999999999,0.759,81,101,45,17,28,7,15,0,14,38,8,4,L,92.76,87.32212160413971,91.08,110.8915239350022,-23.569402330862488
2025-26,2,8,preseason,1499,2025-10-04,4,6,新北中信特攻,5,桃園台啤永豐雲豹,home,https://api.tpbl.basketball/api/games/1499/stats,41,75,28,45,13,30,6,7,7,31,38,19,14,2,20,28,0.5466666666666666,0.6222222222222222,0.43333333333333335,0.8571428571428571,0.547,0.622,0.433,0.857,101,81,34,17,17,1,25,3,27,52,9,12,W,91.08,110.8915239350022,92.76,87.32212160413971,23.569402330862488
2025-26,2,8,preseason,1500,2025-10-04,4,3,福爾摩沙夢想家,4,新竹御嵿攻城獅,away,https://api.tpbl.basketball/api/games/1500/stats,33,84,27,54,6,30,22,28,24,32,56,12,11,3,18,25,0.39285714285714285,0.5,0.2,0.7857142857142857,0.39299999999999996,0.5,0.2,0.7859999999999999,94,88,51,27,24,6,22,3,24,52,18,17,W,90.32,104.07440212577502,92.24,95.40329575021683,8.671106375558196
2025-26,2,8,preseason,1500,2025-10-04,4,4,新竹御嵿攻城獅,3,福爾摩沙夢想家,home,https://api.tpbl.basketball/api/games/1500/stats,33,77,24,45,9,32,13,21,14,31,45,17,8,5,20,28,0.42857142857142855,0.5333333333333333,0.28125,0.6190476190476191,0.429,0.5329999999999999,0.281,0.619,88,94,44,21,23,8,24,4,28,44,13,20,L,92.24,95.40329575021683,90.32,104.07440212577502,-8.671106375558196
2025-26,2,8,preseason,1501,2025-10-05,4,2,高雄全家海神,8,臺北台新戰神,away,https://api.tpbl.basketball/api/games/1501/stats,29,65,18,32,11,33,24,39,10,39,49,21,12,3,20,26,0.4461538461538462,0.5625,0.3333333333333333,0.6153846153846154,0.446,0.563,0.33299999999999996,0.615,93,79,36,14,22,15,23,3,26,32,20,18,W,92.16,100.91145833333334,93.12,84.83676975945016,16.07468857388318
2025-26,2,8,preseason,1501,2025-10-05,4,8,臺北台新戰神,2,高雄全家海神,home,https://api.tpbl.basketball/api/games/1501/stats,28,77,19,44,9,33,14,23,13,34,47,11,7,2,19,31,0.36363636363636365,0.4318181818181818,0.2727272727272727,0.6086956521739131,0.364,0.43200000000000005,0.273,0.609,79,93,49,25,24,9,29,2,30,30,10,13,L,93.12,84.83676975945016,92.16,100.91145833333334,-16.07468857388318
2025-26,2,8,preseason,1502,2025-10-05,4,5,桃園台啤永豐雲豹,7,新北國王,home,https://api.tpbl.basketball/api/games/1502/stats,37,81,32,61,5,20,10,17,17,32,49,13,9,4,18,12,0.4567901234567901,0.5245901639344263,0.25,0.5882352941176471,0.457,0.525,0.25,0.588,89,99,44,29,15,7,10,2,12,56,20,11,L,89.48,99.46356727760393,88.64,111.68772563176896,-12.224158354165027
2025-26,2,8,preseason,1502,2025-10-05,4,7,新北國王,5,桃園台啤永豐雲豹,away,https://api.tpbl.basketball/api/games/1502/stats,40,86,25,47,15,39,4,6,15,31,46,26,11,1,15,18,0.46511627906976744,0.5319148936170213,0.38461538461538464,0.6666666666666666,0.465,0.532,0.385,0.667,99,89,46,22,24,2,17,1,17,40,10,10,W,88.64,111.68772563176896,89.48,99.46356727760393,12.224158354165027
2025-26,2,9,regular_season,1371,2025-10-11,4,2,高雄全家海神,7,新北國王,away,https://api.tpbl.basketball/api/games/1371/stats,35,78,26,44,9,34,21,37,14,37,51,18,10,5,19,27,0.44871794871794873,0.5909090909090909,0.2647058823529412,0.5675675675675675,0.449,0.591,0.265,0.568,100,110,43,18,25,16,23,4,25,50,15,12,L,99.28,100.72522159548751,100.52,109.43095901313173,-8.705737417644215
2025-26,2,9,regular_season,1371,2025-10-11,4,7,新北國王,2,高雄全家海神,home,https://api.tpbl.basketball/api/games/1371/stats,40,98,31,61,9,37,21,33,28,36,64,21,9,5,16,31,0.40816326530612246,0.5081967213114754,0.24324324324324326,0.6363636363636364,0.408,0.508,0.243,0.636,110,100,58,30,28,12,29,2,31,54,19,7,W,100.52,109.43095901313173,99.28,100.72522159548751,8.705737417644215
2025-26,2,9,regular_season,1372,2025-10-12,4,3,福爾摩沙夢想家,7,新北國王,away,https://api.tpbl.basketball/api/games/1372/stats,30,70,21,39,9,31,24,28,10,30,40,15,10,3,28,14,0.42857142857142855,0.5384615384615384,0.2903225806451613,0.8571428571428571,0.429,0.5379999999999999,0.29,0.857,93,112,40,18,22,4,11,3,12,40,9,10,L,100.32,92.70334928229666,100.4,111.55378486055777,-18.850435578261113
2025-26,2,9,regular_season,1372,2025-10-12,4,7,新北國王,3,福爾摩沙夢想家,home,https://api.tpbl.basketball/api/games/1372/stats,47,85,34,50,13,35,5,10,7,31,38,26,15,3,18,25,0.5529411764705883,0.68,0.37142857142857144,0.5,0.5529999999999999,0.68,0.371,0.5,112,93,38,16,22,5,22,3,23,54,14,16,W,100.4,111.55378486055777,100.32,92.70334928229666,18.850435578261113
2025-26,2,9,regular_season,1373,2025-10-18,4,2,高雄全家海神,3,福爾摩沙夢想家,away,https://api.tpbl.basketball/api/games/1373/stats,35,75,21,35,14,40,22,26,10,27,37,21,11,4,17,26,0.4666666666666667,0.6,0.35,0.8461538461538461,0.467,0.6,0.35,0.846,106,101,40,14,26,4,21,5,24,32,5,9,W,93.44,113.44178082191782,93.64,107.85988893635198,5.581891885565838
2025-26,2,9,regular_season,1373,2025-10-18,4,3,福爾摩沙夢想家,2,高雄全家海神,home,https://api.tpbl.basketball/api/games/1373/stats,33,69,24,40,9,29,26,31,9,31,40,19,6,3,20,25,0.4782608695652174,0.6,0.3103448275862069,0.8387096774193549,0.478,0.6,0.31,0.8390000000000001,101,106,36,16,20,5,22,3,24,46,10,10,L,93.64,107.85988893635198,93.44,113.44178082191782,-5.581891885565838
2025-26,2,9,regular_season,1374,2025-10-18,4,6,新北中信特攻,7,新北國王,away,https://api.tpbl.basketball/api/games/1374/stats,40,90,29,55,11,35,14,17,18,34,52,26,10,2,10,27,0.4444444444444444,0.5272727272727272,0.3142857142857143,0.8235294117647058,0.444,0.527,0.314,0.8240000000000001,105,89,50,26,24,3,25,2,27,50,18,23,W,89.48,117.34465802413946,89.56,99.37472085752567,17.96993716661379
2025-26,2,9,regular_season,1374,2025-10-18,4,7,新北國王,6,新北中信特攻,home,https://api.tpbl.basketball/api/games/1374/stats,33,78,26,43,7,35,16,24,16,31,47,14,5,3,17,19,0.4230769230769231,0.6046511627906976,0.2,0.6666666666666666,0.423,0.605,0.2,0.667,89,105,45,17,28,8,19,0,19,34,18,4,L,89.56,99.37472085752567,89.48,117.34465802413946,-17.96993716661379
2025-26,2,9,regular_season,1375,2025-10-19,4,3,福爾摩沙夢想家,5,桃園台啤永豐雲豹,home,https://api.tpbl.basketball/api/games/1375/stats,30,89,21,50,9,39,14,20,16,33,49,17,9,4,15,23,0.33707865168539325,0.42,0.23076923076923078,0.7,0.337,0.42,0.231,0.7,83,104,59,29,30,6,23,0,23,42,9,10,L,96.8,85.74380165289257,97.12,107.0840197693575,-21.340218116464925
2025-26,2,9,regular_season,1375,2025-10-19,4,5,桃園台啤永豐雲豹,3,福爾摩沙夢想家,away,https://api.tpbl.basketball/api/games/1375/stats,38,76,29,50,9,26,19,23,6,44,50,27,9,7,17,17,0.5,0.58,0.34615384615384615,0.8260869565217391,0.5,0.58,0.34600000000000003,0.826,104,83,38,21,17,4,17,0,17,56,2,25,W,97.12,107.0840197693575,96.8,85.74380165289257,21.340218116464925
2025-26,2,9,regular_season,1376,2025-10-19,5,7,新北國王,8,臺北台新戰神,home,https://api.tpbl.basketball/api/games/1376/stats,43,89,28,51,15,38,19,26,21,25,46,28,8,1,19,23,0.48314606741573035,0.5490196078431373,0.39473684210526316,0.7307692307692307,0.483,0.5489999999999999,0.395,0.731,120,123,46,23,23,7,20,3,23,54,23,11,L,98.44,121.90166598943519,98.8,124.49392712550608,-2.5922611360708885
2025-26,2,9,regular_season,1376,2025-10-19,5,8,臺北台新戰神,7,新北國王,away,https://api.tpbl.basketball/api/games/1376/stats,46,89,31,56,15,33,16,20,18,26,44,25,10,5,19,28,0.5168539325842697,0.5535714285714286,0.45454545454545453,0.8,0.517,0.5539999999999999,0.455,0.8,123,120,43,25,18,4,24,4,28,50,23,4,W,98.8,124.49392712550608,98.44,121.90166598943519,2.5922611360708885
2025-26,2,9,regular_season,1377,2025-10-25,4,2,高雄全家海神,7,新北國王,home,https://api.tpbl.basketball/api/games/1377/stats,30,70,20,40,10,30,21,30,15,38,53,7,11,4,22,24,0.42857142857142855,0.5,0.3333333333333333,0.7,0.429,0.5,0.33299999999999996,0.7,91,79,40,20,20,9,20,4,23,38,14,17,W,90.2,100.8869179600887,92.76,85.16601983613626,15.720898123952438
2025-26,2,9,regular_season,1377,2025-10-25,4,7,新北國王,2,高雄全家海神,away,https://api.tpbl.basketball/api/games/1377/stats,27,80,23,54,4,26,21,29,17,30,47,10,12,0,17,24,0.3375,0.42592592592592593,0.15384615384615385,0.7241379310344828,0.33799999999999997,0.426,0.154,0.7240000000000001,79,91,53,31,22,8,24,0,23,44,17,4,L,92.76,85.16601983613626,90.2,100.8869179600887,-15.720898123952438
2025-26,2,9,regular_season,1378,2025-10-25,4,6,新北中信特攻,8,臺北台新戰神,home,https://api.tpbl.basketball/api/games/1378/stats,33,75,23,41,10,34,15,29,10,39,49,22,14,5,18,24,0.44,0.5609756097560976,0.29411764705882354,0.5172413793103449,0.44,0.561,0.294,0.517,91,78,42,18,24,14,23,1,23,44,7,24,W,95.76,95.02923976608187,98.76,78.9793438639125,16.049895902169368
2025-26,2,9,regular_season,1378,2025-10-25,4,8,臺北台新戰神,6,新北中信特攻,away,https://api.tpbl.basketball/api/games/1378/stats,23,78,12,38,11,40,21,29,19,38,57,9,12,1,27,25,0.2948717948717949,0.3157894736842105,0.275,0.7241379310344828,0.295,0.316,0.275,0.7240000000000001,78,91,55,26,29,8,22,3,25,18,5,3,L,98.76,78.9793438639125,95.76,95.02923976608187,-16.049895902169368
2025-26,2,9,regular_season,1379,2025-10-26,4,2,高雄全家海神,4,新竹御嵿攻城獅,home,https://api.tpbl.basketball/api/games/1379/stats,30,81,20,46,10,35,12,19,15,28,43,15,9,2,12,21,0.37037037037037035,0.43478260869565216,0.2857142857142857,0.631578947368421,0.37,0.435,0.28600000000000003,0.632,82,101,51,26,25,7,21,0,20,36,5,6,L,86.36,94.95136637332098,88.32,114.35688405797103,-19.40551768465005
2025-26,2,9,regular_season,1379,2025-10-26,4,4,新竹御嵿攻城獅,2,高雄全家海神,away,https://api.tpbl.basketball/api/games/1379/stats,37,76,26,49,11,27,16,28,14,42,56,24,7,5,14,21,0.4868421052631579,0.5306122448979592,0.4074074074074074,0.5714285714285714,0.48700000000000004,0.531,0.40700000000000003,0.5710000000000001,101,82,39,23,16,12,17,4,20,48,13,6,W,88.32,114.35688405797103,86.36,94.95136637332098,19.40551768465005
2025-26,2,9,regular_season,1380,2025-10-26,4,5,桃園台啤永豐雲豹,6,新北中信特攻,away,https://api.tpbl.basketball/api/games/1380/stats,40,74,31,45,9,29,15,20,8,31,39,21,16,4,17,21,0.5405405405405406,0.6888888888888889,0.3103448275862069,0.75,0.541,0.6890000000000001,0.31,0.75,104,80,34,14,20,5,21,0,21,54,10,10,W,91.8,113.28976034858388,91.32,87.60402978537013,25.685730563213752
2025-26,2,9,regular_season,1380,2025-10-26,4,6,新北中信特攻,5,桃園台啤永豐雲豹,home,https://api.tpbl.basketball/api/games/1380/stats,27,70,20,31,7,39,19,28,16,28,44,21,14,1,25,19,0.38571428571428573,0.6451612903225806,0.1794871794871795,0.6785714285714286,0.386,0.645,0.179,0.679,80,104,43,11,32,9,17,2,19,38,11,13,L,91.32,87.60402978537013,91.8,113.28976034858388,-25.685730563213752
2025-26,2,9,regular_season,1381,2025-10-29,4,2,高雄全家海神,3,福爾摩沙夢想家,home,https://api.tpbl.basketball/api/games/1381/stats,27,71,15,36,12,35,20,30,9,27,36,18,9,1,19,30,0.38028169014084506,0.4166666666666667,0.34285714285714286,0.6666666666666666,0.38,0.41700000000000004,0.34299999999999997,0.667,86,99,44,21,23,10,29,1,28,26,6,8,L,94.2,91.29511677282377,92.28,107.28218465539662,-15.987067882572845
2025-26,2,9,regular_season,1381,2025-10-29,4,3,福爾摩沙夢想家,2,高雄全家海神,away,https://api.tpbl.basketball/api/games/1381/stats,31,65,21,39,10,26,27,37,9,38,47,19,12,2,20,25,0.47692307692307695,0.5384615384615384,0.38461538461538464,0.7297297297297297,0.47700000000000004,0.5379999999999999,0.385,0.73,99,86,34,18,16,10,22,3,22,34,10,22,W,92.28,107.28218465539662,94.2,91.29511677282377,15.987067882572845
2025-26,2,9,regular_season,1382,2025-11-01,4,2,高雄全家海神,8,臺北台新戰神,home,https://api.tpbl.basketball/api/games/1382/stats,34,72,19,33,15,39,22,29,12,30,42,18,4,3,19,21,0.4722222222222222,0.5757575757575758,0.38461538461538464,0.7586206896551724,0.47200000000000003,0.5760000000000001,0.385,0.759,105,110,38,14,24,7,21,0,21,32,17,6,L,91.76,114.42894507410635,92.44,118.99610558199913,-4.56716050789278
2025-26,2,9,regular_season,1382,2025-11-01,4,8,臺北台新戰神,2,高雄全家海神,away,https://api.tpbl.basketball/api/games/1382/stats,39,88,26,49,13,39,19,26,20,30,50,20,15,1,13,23,0.4431818181818182,0.5306122448979592,0.3333333333333333,0.7307692307692307,0.44299999999999995,0.531,0.33299999999999996,0.731,110,105,49,23,26,7,21,2,22,40,21,18,W,92.44,118.99610558199913,91.76,114.42894507410635,4.56716050789278
2025-26,2,9,regular_season,1383,2025-11-01,4,3,福爾摩沙夢想家,6,新北中信特攻,away,https://api.tpbl.basketball/api/games/1383/stats,31,77,19,38,12,39,17,22,14,38,52,18,7,3,21,27,0.4025974025974026,0.5,0.3076923076923077,0.7727272727272727,0.40299999999999997,0.5,0.308,0.773,91,99,46,19,27,5,25,2,27,32,11,8,L,93.68,97.1391972672929,93.2,106.22317596566523,-9.083978698372334
2025-26,2,9,regular_season,1383,2025-11-01,4,6,新北中信特攻,3,福爾摩沙夢想家,home,https://api.tpbl.basketball/api/games/1383/stats,34,82,25,48,9,34,22,30,13,34,47,20,10,0,11,24,0.4146341463414634,0.5208333333333334,0.2647058823529412,0.7333333333333333,0.415,0.521,0.265,0.733,99,91,48,23,25,8,22,2,24,44,19,13,W,93.2,106.22317596566523,93.68,97.1391972672929,9.083978698372334
2025-26,2,9,regular_season,1384,2025-11-02,4,2,高雄全家海神,5,桃園台啤永豐雲豹,home,https://api.tpbl.basketball/api/games/1384/stats,22,75,12,42,10,33,24,29,14,25,39,16,8,2,18,24,0.29333333333333333,0.2857142857142857,0.30303030303030304,0.8275862068965517,0.293,0.28600000000000003,0.303,0.828,78,100,53,30,23,5,19,5,23,22,19,7,L,91.76,85.00435919790758,88.24,113.32728921124207,-28.3229300133345
2025-26,2,9,regular_season,1384,2025-11-02,4,5,桃園台啤永豐雲豹,2,高雄全家海神,away,https://api.tpbl.basketball/api/games/1384/stats,40,71,33,49,7,22,13,21,9,40,49,24,9,3,17,21,0.5633802816901409,0.673469387755102,0.3181818181818182,0.6190476190476191,0.563,0.6729999999999999,0.318,0.619,100,78,31,16,15,8,20,1,20,60,13,15,W,88.24,113.32728921124207,91.76,85.00435919790758,28.3229300133345
2025-26,2,9,regular_season,1385,2025-11-02,4,4,新竹御嵿攻城獅,6,新北中信特攻,away,https://api.tpbl.basketball/api/games/1385/stats,34,69,29,46,5,23,18,24,15,27,42,18,9,2,21,16,0.4927536231884058,0.6304347826086957,0.21739130434782608,0.75,0.493,0.63,0.217,0.75,91,94,35,17,18,6,12,4,15,58,17,9,L,85.56,106.35811126694716,86.4,108.79629629629629,-2.4381850293491283
2025-26,2,9,regular_season,1385,2025-11-02,4,6,新北中信特攻,4,新竹御嵿攻城獅,home,https://api.tpbl.basketball/api/games/1385/stats,40,85,31,55,9,30,5,10,20,23,43,23,12,3,17,18,0.47058823529411764,0.5636363636363636,0.3,0.5,0.47100000000000003,0.564,0.3,0.5,94,91,45,24,21,5,18,0,18,58,15,11,W,86.4,108.79629629629629,85.56,106.35811126694716,2.4381850293491283
2025-26,2,9,regular_season,1386,2025-11-05,4,3,福爾摩沙夢想家,4,新竹御嵿攻城獅,home,https://api.tpbl.basketball/api/games/1386/stats,29,80,17,49,12,31,12,17,11,36,47,16,8,3,12,17,0.3625,0.3469387755102041,0.3870967741935484,0.7058823529411765,0.363,0.34700000000000003,0.387,0.706,82,81,51,32,19,5,16,1,16,34,12,11,W,88.48,92.6763110307414,87.48,92.5925925925926,0.0837184381488072
2025-26,2,9,regular_season,1386,2025-11-05,4,4,新竹御嵿攻城獅,3,福爾摩沙夢想家,away,https://api.tpbl.basketball/api/games/1386/stats,31,80,21,43,10,37,9,17,16,43,59,19,8,4,16,21,0.3875,0.4883720930232558,0.2702702702702703,0.5294117647058824,0.38799999999999996,0.488,0.27,0.529,81,82,49,22,27,8,21,0,21,38,8,12,L,87.48,92.5925925925926,88.48,92.6763110307414,-0.0837184381488072
2025-26,2,9,regular_season,1387,2025-11-07,4,3,福爾摩沙夢想家,6,新北中信特攻,home,https://api.tpbl.basketball/api/games/1387/stats,33,73,21,37,12,36,14,21,13,42,55,15,6,6,20,18,0.4520547945205479,0.5675675675675675,0.3333333333333333,0.6666666666666666,0.452,0.568,0.33299999999999996,0.667,92,87,40,16,24,7,18,0,18,32,8,6,W,89.24,103.09278350515464,89.44,97.27191413237925,5.820869372775391
2025-26,2,9,regular_season,1387,2025-11-07,4,6,新北中信特攻,3,福爾摩沙夢想家,away,https://api.tpbl.basketball/api/games/1387/stats,29,82,18,40,11,42,18,26,17,31,48,20,14,1,13,20,0.35365853658536583,0.45,0.2619047619047619,0.6923076923076923,0.354,0.45,0.262,0.6920000000000001,87,92,53,22,31,8,19,1,20,32,14,12,L,89.44,97.27191413237925,89.24,103.09278350515464,-5.820869372775391
2025-26,2,9,regular_season,1388,2025-11-08,4,4,新竹御嵿攻城獅,7,新北國王,away,https://api.tpbl.basketball/api/games/1388/stats,40,88,31,53,9,35,19,20,15,33,48,24,16,4,16,25,0.45454545454545453,0.5849056603773585,0.2571428571428571,0.95,0.455,0.585,0.257,0.95,108,89,48,22,26,1,24,1,25,58,12,27,W,97.8,110.42944785276075,96.32,92.40033222591363,18.029115626847116
2025-26,2,9,regular_season,1388,2025-11-08,4,7,新北國王,4,新竹御嵿攻城獅,home,https://api.tpbl.basketball/api/games/1388/stats,34,80,27,52,7,28,14,28,19,29,48,17,7,1,23,21,0.425,0.5192307692307693,0.25,0.5,0.425,0.519,0.25,0.5,89,108,46,25,21,14,20,1,20,38,18,6,L,96.32,92.40033222591363,97.8,110.42944785276075,-18.029115626847116
2025-26,2,9,regular_season,1389,2025-11-08,4,5,桃園台啤永豐雲豹,8,臺北台新戰神,home,https://api.tpbl.basketball/api/games/1389/stats,43,86,30,54,13,32,23,30,17,36,53,20,12,4,15,20,0.5,0.5555555555555556,0.40625,0.7666666666666667,0.5,0.556,0.406,0.767,122,102,43,24,19,7,17,3,20,52,18,14,W,97.2,125.51440329218107,95.92,106.33861551292743,19.17578777925364
2025-26,2,9,regular_season,1389,2025-11-08,4,8,臺北台新戰神,5,桃園台啤永豐雲豹,away,https://api.tpbl.basketball/api/games/1389/stats,39,91,28,57,11,34,13,18,20,27,47,16,10,5,17,22,0.42857142857142855,0.49122807017543857,0.3235294117647059,0.7222222222222222,0.429,0.491,0.324,0.722,102,122,52,29,23,5,21,1,20,50,22,4,L,95.92,106.33861551292743,97.2,125.51440329218107,-19.17578777925364
2025-26,2,9,regular_season,1390,2025-11-09,4,2,高雄全家海神,7,新北國王,away,https://api.tpbl.basketball/api/games/1390/stats,30,71,20,38,10,33,24,30,7,33,40,20,9,1,17,23,0.4225352112676056,0.5263157894736842,0.30303030303030304,0.8,0.423,0.526,0.303,0.8,94,111,41,18,23,6,22,1,21,38,5,13,L,94.2,99.78768577494692,94.76,117.13803292528492,-17.350347150337996
2025-26,2,9,regular_season,1390,2025-11-09,4,7,新北國王,2,高雄全家海神,home,https://api.tpbl.basketball/api/games/1390/stats,35,81,18,39,17,42,24,29,17,37,54,28,13,2,18,23,0.43209876543209874,0.46153846153846156,0.40476190476190477,0.8275862068965517,0.43200000000000005,0.462,0.405,0.828,111,94,46,21,25,5,22,1,23,34,17,16,W,94.76,117.13803292528492,94.2,99.78768577494692,17.350347150337996
2025-26,2,9,regular_season,1391,2025-11-09,4,5,桃園台啤永豐雲豹,6,新北中信特攻,home,https://api.tpbl.basketball/api/games/1391/stats,28,77,18,43,10,34,19,24,16,35,51,21,14,6,19,16,0.36363636363636365,0.4186046511627907,0.29411764705882354,0.7916666666666666,0.364,0.419,0.294,0.792,85,78,49,25,24,5,15,1,15,32,9,8,W,90.56,93.86042402826855,91.48,85.26453869698294,8.595885331285615
2025-26,2,9,regular_season,1391,2025-11-09,4,6,新北中信特攻,5,桃園台啤永豐雲豹,away,https://api.tpbl.basketball/api/games/1391/stats,32,85,25,55,7,30,7,17,20,33,53,20,11,3,19,24,0.3764705882352941,0.45454545454545453,0.23333333333333334,0.4117647058823529,0.376,0.455,0.233,0.41200000000000003,78,85,53,30,23,10,23,1,23,50,10,12,L,91.48,85.26453869698294,90.56,93.86042402826855,-8.595885331285615
2025-26,2,9,regular_season,1392,2025-11-12,4,3,福爾摩沙夢想家,7,新北國王,away,https://api.tpbl.basketball/api/games/1392/stats,34,75,29,44,5,31,18,26,17,40,57,16,6,4,27,22,0.4533333333333333,0.6590909090909091,0.16129032258064516,0.6923076923076923,0.45299999999999996,0.659,0.161,0.6920000000000001,91,94,41,15,26,8,19,3,21,46,16,13,L,96.44,94.3591870593115,95.76,98.16207184628237,-3.8028847869708784
2025-26,2,9,regular_season,1392,2025-11-12,4,7,新北國王,3,福爾摩沙夢想家,home,https://api.tpbl.basketball/api/games/1392/stats,31,86,23,51,8,35,24,29,20,26,46,21,13,2,17,22,0.36046511627906974,0.45098039215686275,0.22857142857142856,0.8275862068965517,0.36,0.451,0.22899999999999998,0.828,94,91,55,28,27,5,22,0,22,38,11,28,W,95.76,98.16207184628237,96.44,94.3591870593115,3.8028847869708784
2025-26,2,9,regular_season,1393,2025-11-15,4,4,新竹御嵿攻城獅,6,新北中信特攻,home,https://api.tpbl.basketball/api/games/1393/stats,33,77,20,39,13,38,23,28,9,34,43,20,6,5,10,19,0.42857142857142855,0.5128205128205128,0.34210526315789475,0.8214285714285714,0.429,0.513,0.342,0.821,102,85,44,19,25,5,19,0,19,30,3,9,W,90.32,112.93179805137291,93.36,91.04541559554413,21.88638245582878
2025-26,2,9,regular_season,1393,2025-11-15,4,6,新北中信特攻,4,新竹御嵿攻城獅,away,https://api.tpbl.basketball/api/games/1393/stats,32,89,23,52,9,37,12,19,22,37,59,18,7,0,18,22,0.3595505617977528,0.4423076923076923,0.24324324324324326,0.631578947368421,0.36,0.442,0.243,0.632,85,102,57,29,28,7,20,2,20,42,21,13,L,93.36,91.04541559554413,90.32,112.93179805137291,-21.88638245582878
2025-26,2,9,regular_season,1394,2025-11-15,4,7,新北國王,8,臺北台新戰神,away,https://api.tpbl.basketball/api/games/1394/stats,33,81,18,36,15,45,6,8,12,37,49,24,6,5,17,22,0.4074074074074074,0.5,0.3333333333333333,0.75,0.40700000000000003,0.5,0.33299999999999996,0.75,87,97,48,18,30,2,21,1,22,28,10,13,L,89.52,97.18498659517427,92.68,104.66119982736296,-7.476213232188698
2025-26,2,9,regular_season,1394,2025-11-15,4,8,臺北台新戰神,7,新北國王,home,https://api.tpbl.basketball/api/games/1394/stats,37,96,27,59,10,37,13,22,25,37,62,13,10,4,12,11,0.3854166666666667,0.4576271186440678,0.2702702702702703,0.5909090909090909,0.385,0.45799999999999996,0.27,0.591,97,87,59,32,27,9,11,0,11,50,22,8,W,92.68,104.66119982736296,89.52,97.18498659517427,7.476213232188698
2025-26,2,9,regular_season,1395,2025-11-16,4,2,高雄全家海神,4,新竹御嵿攻城獅,away,https://api.tpbl.basketball/api/games/1395/stats,35,85,21,48,14,37,5,10,12,28,40,21,8,1,18,29,0.4117647058823529,0.4375,0.3783783783783784,0.5,0.41200000000000003,0.43799999999999994,0.37799999999999995,0.5,89,97,50,27,23,5,27,2,29,36,8,20,L,95.4,93.29140461215933,88.96000000000001,109.03776978417265,-15.746365172013327
2025-26,2,9,regular_season,1395,2025-11-16,4,4,新竹御嵿攻城獅,2,高雄全家海神,home,https://api.tpbl.basketball/api/games/1395/stats,33,71,27,46,6,25,25,34,14,38,52,16,8,3,17,17,0.4647887323943662,0.5869565217391305,0.24,0.7352941176470589,0.465,0.5870000000000001,0.24,0.735,97,89,38,19,19,9,15,2,16,48,10,9,W,88.96000000000001,109.03776978417265,95.4,93.29140461215933,15.746365172013327
2025-26,2,9,regular_season,1396,2025-11-16,4,5,桃園台啤永豐雲豹,8,臺北台新戰神,away,https://api.tpbl.basketball/api/games/1396/stats,42,78,32,58,10,20,18,26,19,40,59,25,10,2,25,20,0.5384615384615384,0.5517241379310345,0.5,0.6923076923076923,0.5379999999999999,0.552,0.5,0.6920000000000001,112,102,36,26,10,8,18,2,19,52,26,8,W,95.44,117.3512154233026,98.68,103.36441021483583,13.986805208466777
2025-26,2,9,regular_season,1396,2025-11-16,4,8,臺北台新戰神,5,桃園台啤永豐雲豹,home,https://api.tpbl.basketball/api/games/1396/stats,37,88,21,43,16,45,12,22,14,22,36,27,14,5,15,23,0.42045454545454547,0.4883720930232558,0.35555555555555557,0.5454545454545454,0.42,0.488,0.35600000000000004,0.545,102,112,51,22,29,10,21,2,22,32,14,22,L,98.68,103.36441021483583,95.44,117.3512154233026,-13.986805208466777
2025-26,2,9,regular_season,1397,2025-11-19,4,2,高雄全家海神,5,桃園台啤永豐雲豹,away,https://api.tpbl.basketball/api/games/1397/stats,44,75,30,46,14,29,10,13,9,35,44,32,12,3,23,24,0.5866666666666667,0.6521739130434783,0.4827586206896552,0.7692307692307693,0.5870000000000001,0.652,0.483,0.769,112,90,31,16,15,3,22,2,23,56,14,25,W,94.72,118.24324324324324,91.32,98.5545335085414,19.688709734701845
2025-26,2,9,regular_season,1397,2025-11-19,4,5,桃園台啤永豐雲豹,2,高雄全家海神,home,https://api.tpbl.basketball/api/games/1397/stats,32,78,21,44,11,34,15,28,17,24,41,26,10,1,18,15,0.41025641025641024,0.4772727272727273,0.3235294117647059,0.5357142857142857,0.41,0.47700000000000004,0.324,0.536,90,112,46,23,23,13,15,0,15,38,12,16,L,91.32,98.5545335085414,94.72,118.24324324324324,-19.688709734701845
2025-26,2,9,regular_season,1398,2025-11-22,4,3,福爾摩沙夢想家,4,新竹御嵿攻城獅,home,https://api.tpbl.basketball/api/games/1398/stats,40,71,27,41,13,30,20,26,10,33,43,28,11,3,24,21,0.5633802816901409,0.6585365853658537,0.43333333333333335,0.7692307692307693,0.563,0.659,0.433,0.769,113,98,31,14,17,6,20,1,21,48,13,9,W,96.44,117.17129821650768,95.16,102.98444724674233,14.186850969765345
2025-26,2,9,regular_season,1398,2025-11-22,4,4,新竹御嵿攻城獅,3,福爾摩沙夢想家,away,https://api.tpbl.basketball/api/games/1398/stats,38,83,27,53,11,30,11,14,13,21,34,16,14,1,19,20,0.4578313253012048,0.5094339622641509,0.36666666666666664,0.7857142857142857,0.45799999999999996,0.509,0.36700000000000005,0.7859999999999999,98,113,45,26,19,3,18,2,20,50,14,18,L,95.16,102.98444724674233,96.44,117.17129821650768,-14.186850969765345
2025-26,2,9,regular_season,1399,2025-11-22,4,5,桃園台啤永豐雲豹,7,新北國王,home,https://api.tpbl.basketball/api/games/1399/stats,35,75,31,56,4,19,29,38,9,37,46,24,12,4,17,17,0.4666666666666667,0.5535714285714286,0.21052631578947367,0.7631578947368421,0.467,0.5539999999999999,0.21100000000000002,0.763,103,101,40,25,15,9,15,2,16,60,6,11,W,99.72,103.28920978740473,100.48,100.51751592356688,2.7716938638378537
2025-26,2,9,regular_season,1399,2025-11-22,4,7,新北國王,5,桃園台啤永豐雲豹,away,https://api.tpbl.basketball/api/games/1399/stats,38,93,25,54,13,39,12,17,16,36,52,25,13,2,16,29,0.40860215053763443,0.46296296296296297,0.3333333333333333,0.7058823529411765,0.409,0.46299999999999997,0.33299999999999996,0.706,101,103,55,29,26,5,28,1,28,46,15,8,L,100.48,100.51751592356688,99.72,103.28920978740473,-2.7716938638378537
2025-26,2,9,regular_season,1400,2025-11-23,4,3,福爾摩沙夢想家,8,臺北台新戰神,home,https://api.tpbl.basketball/api/games/1400/stats,39,77,15,27,24,50,26,34,14,34,48,30,14,7,20,19,0.5064935064935064,0.5555555555555556,0.48,0.7647058823529411,0.506,0.556,0.48,0.765,128,117,38,12,26,8,18,1,18,26,9,9,W,97.96000000000001,130.66557778685177,99.0,118.18181818181819,12.483759605033583
2025-26,2,9,regular_season,1400,2025-11-23,4,8,臺北台新戰神,3,福爾摩沙夢想家,away,https://api.tpbl.basketball/api/games/1400/stats,44,88,27,56,17,32,12,25,16,28,44,13,11,0,16,27,0.5,0.48214285714285715,0.53125,0.48,0.5,0.48200000000000004,0.531,0.48,117,128,44,29,15,13,24,3,25,48,12,10,L,99.0,118.18181818181819,97.96000000000001,130.66557778685177,-12.483759605033583
2025-26,2,9,regular_season,1401,2025-11-23,4,5,桃園台啤永豐雲豹,6,新北中信特攻,home,https://api.tpbl.basketball/api/games/1401/stats,34,83,21,52,13,31,19,29,22,40,62,25,5,5,13,17,0.40963855421686746,0.40384615384615385,0.41935483870967744,0.6551724137931034,0.41,0.40399999999999997,0.419,0.655,100,77,49,31,18,10,16,1,16,34,19,8,W,86.76,115.2604887044721,86.72,88.79151291512915,26.46897578934295
2025-26,2,9,regular_season,1401,2025-11-23,4,6,新北中信特攻,5,桃園台啤永豐雲豹,away,https://api.tpbl.basketball/api/games/1401/stats,30,80,21,46,9,34,8,13,12,30,42,18,5,7,13,21,0.375,0.45652173913043476,0.2647058823529412,0.6153846153846154,0.375,0.457,0.265,0.615,77,100,50,25,25,5,20,1,21,38,9,2,L,86.72,88.79151291512915,86.76,115.2604887044721,-26.46897578934295
2025-26,2,9,regular_season,1402,2025-12-03,4,4,新竹御嵿攻城獅,8,臺北台新戰神,away,https://api.tpbl.basketball/api/games/1402/stats,32,83,21,45,11,38,23,28,13,38,51,24,8,1,16,26,0.3855421686746988,0.4666666666666667,0.2894736842105263,0.8214285714285714,0.386,0.467,0.289,0.821,98,100,51,24,27,5,24,2,26,36,10,21,L,98.32,99.67453213995118,96.84,103.26311441553077,-3.588582275579583
2025-26,2,9,regular_season,1402,2025-12-03,4,8,臺北台新戰神,4,新竹御嵿攻城獅,home,https://api.tpbl.basketball/api/games/1402/stats,32,81,22,47,10,34,26,36,15,39,54,15,11,2,15,22,0.3950617283950617,0.46808510638297873,0.29411764705882354,0.7222222222222222,0.395,0.46799999999999997,0.294,0.722,100,98,49,25,24,10,22,0,21,44,13,9,W,96.84,103.26311441553077,98.32,99.67453213995118,3.588582275579583
2025-26,2,9,regular_season,1403,2025-12-06,4,4,新竹御嵿攻城獅,5,桃園台啤永豐雲豹,away,https://api.tpbl.basketball/api/games/1403/stats,35,90,30,64,5,26,19,25,22,33,55,18,7,1,14,19,0.3888888888888889,0.46875,0.19230769230769232,0.76,0.389,0.469,0.192,0.76,94,96,55,34,21,6,19,0,19,46,19,4,L,93.0,101.0752688172043,93.8,102.3454157782516,-1.2701469610473026
2025-26,2,9,regular_season,1403,2025-12-06,4,5,桃園台啤永豐雲豹,4,新竹御嵿攻城獅,home,https://api.tpbl.basketball/api/games/1403/stats,35,84,25,51,10,33,16,20,17,36,53,26,9,6,18,24,0.4166666666666667,0.49019607843137253,0.30303030303030304,0.8,0.41700000000000004,0.49,0.303,0.8,96,94,49,26,23,4,23,1,23,40,16,17,W,93.8,102.3454157782516,93.0,101.0752688172043,1.2701469610473026
2025-26,2,9,regular_season,1404,2025-12-06,4,6,新北中信特攻,8,臺北台新戰神,away,https://api.tpbl.basketball/api/games/1404/stats,42,81,35,55,7,26,17,26,15,29,44,26,12,2,18,29,0.5185185185185185,0.6363636363636364,0.2692307692307692,0.6538461538461539,0.519,0.636,0.26899999999999996,0.654,108,104,39,20,19,9,28,1,28,64,15,21,W,95.44,113.16010058675607,99.4,104.62776659959758,8.532333987158495
2025-26,2,9,regular_season,1404,2025-12-06,4,8,臺北台新戰神,6,新北中信特攻,home,https://api.tpbl.basketball/api/games/1404/stats,33,76,25,45,8,31,30,35,13,25,38,22,13,3,21,25,0.4342105263157895,0.5555555555555556,0.25806451612903225,0.8571428571428571,0.434,0.556,0.258,0.857,104,108,43,20,23,5,24,1,25,46,15,15,L,99.4,104.62776659959758,95.44,113.16010058675607,-8.532333987158495
2025-26,2,9,regular_season,1405,2025-12-07,4,3,福爾摩沙夢想家,5,桃園台啤永豐雲豹,away,https://api.tpbl.basketball/api/games/1405/stats,34,89,25,47,9,42,15,23,21,33,54,14,8,6,12,23,0.38202247191011235,0.5319148936170213,0.21428571428571427,0.6521739130434783,0.382,0.532,0.214,0.652,92,105,55,22,33,8,21,2,22,44,17,6,L,90.12,102.0861074123391,90.56,115.9452296819788,-13.859122269639698
2025-26,2,9,regular_season,1405,2025-12-07,4,5,桃園台啤永豐雲豹,3,福爾摩沙夢想家,home,https://api.tpbl.basketball/api/games/1405/stats,36,80,22,47,14,33,19,24,13,39,52,21,7,8,13,21,0.45,0.46808510638297873,0.42424242424242425,0.7916666666666666,0.45,0.46799999999999997,0.424,0.792,105,92,44,25,19,5,20,1,21,40,7,13,W,90.56,115.9452296819788,90.12,102.0861074123391,13.859122269639698
2025-26,2,9,regular_season,1406,2025-12-07,5,2,高雄全家海神,8,臺北台新戰神,away,https://api.tpbl.basketball/api/games/1406/stats,32,85,22,42,10,43,17,24,15,30,45,20,15,1,22,23,0.3764705882352941,0.5238095238095238,0.23255813953488372,0.7083333333333334,0.376,0.524,0.233,0.708,91,96,53,20,33,7,23,0,23,44,15,13,L,102.56,88.72854914196567,104.32,92.02453987730063,-3.2959907353349536
2025-26,2,9,regular_season,1406,2025-12-07,5,8,臺北台新戰神,2,高雄全家海神,home,https://api.tpbl.basketball/api/games/1406/stats,35,74,27,49,8,25,18,28,12,40,52,21,11,2,30,22,0.47297297297297297,0.5510204081632653,0.32,0.6428571428571429,0.473,0.551,0.32,0.643,96,91,39,22,17,10,19,3,20,54,12,4,W,104.32,92.02453987730063,102.56,88.72854914196567,3.2959907353349536
2025-26,2,9,regular_season,1407,2025-12-13,4,2,高雄全家海神,4,新竹御嵿攻城獅,home,https://api.tpbl.basketball/api/games/1407/stats,36,78,25,50,11,28,16,18,11,22,33,21,12,0,12,26,0.46153846153846156,0.5,0.39285714285714285,0.8888888888888888,0.462,0.5,0.39299999999999996,0.889,99,89,42,25,17,2,23,3,25,44,11,9,W,86.92,113.89783709157847,89.36,99.5971351835273,14.300701908051167
2025-26,2,9,regular_season,1407,2025-12-13,4,4,新竹御嵿攻城獅,2,高雄全家海神,away,https://api.tpbl.basketball/api/games/1407/stats,34,69,24,39,10,30,11,19,14,33,47,16,9,5,26,19,0.4927536231884058,0.6153846153846154,0.3333333333333333,0.5789473684210527,0.493,0.615,0.33299999999999996,0.579,89,99,35,15,20,8,16,3,19,40,13,12,L,89.36,99.5971351835273,86.92,113.89783709157847,-14.300701908051167
2025-26,2,9,regular_season,1408,2025-12-13,4,5,桃園台啤永豐雲豹,6,新北中信特攻,away,https://api.tpbl.basketball/api/games/1408/stats,28,88,18,43,10,45,9,9,13,30,43,18,6,1,14,20,0.3181818181818182,0.4186046511627907,0.2222222222222222,1.0,0.318,0.419,0.222,1.0,75,85,60,25,35,0,19,1,20,26,7,11,L,92.96,80.67986230636834,92.56,91.83232497839239,-11.152462672024058
2025-26,2,9,regular_season,1408,2025-12-13,4,6,新北中信特攻,5,桃園台啤永豐雲豹,home,https://api.tpbl.basketball/api/games/1408/stats,32,78,26,54,6,24,15,24,16,45,61,17,6,6,20,14,0.41025641025641024,0.48148148148148145,0.25,0.625,0.41,0.48100000000000004,0.25,0.625,85,75,46,28,18,9,12,2,14,44,16,12,W,92.56,91.83232497839239,92.96,80.67986230636834,11.152462672024058
2025-26,2,9,regular_season,1409,2025-12-14,4,2,高雄全家海神,3,福爾摩沙夢想家,home,https://api.tpbl.basketball/api/games/1409/stats,28,77,19,49,9,28,8,12,10,34,44,15,4,1,18,17,0.36363636363636365,0.3877551020408163,0.32142857142857145,0.6666666666666666,0.364,0.38799999999999996,0.321,0.667,73,99,49,30,19,4,17,0,16,30,6,6,L,90.28,80.85954807266283,87.16,113.58421294171639,-32.724664869053555
2025-26,2,9,regular_season,1409,2025-12-14,4,3,福爾摩沙夢想家,2,高雄全家海神,away,https://api.tpbl.basketball/api/games/1409/stats,40,85,31,53,9,32,10,14,13,38,51,19,13,8,9,17,0.47058823529411764,0.5849056603773585,0.28125,0.7142857142857143,0.47100000000000003,0.585,0.281,0.7140000000000001,99,73,45,22,23,4,15,2,17,54,15,11,W,87.16,113.58421294171639,90.28,80.85954807266283,32.724664869053555
2025-26,2,9,regular_season,1410,2025-12-14,4,6,新北中信特攻,7,新北國王,home,https://api.tpbl.basketball/api/games/1410/stats,47,90,35,60,12,30,8,9,16,34,50,33,9,2,13,16,0.5222222222222223,0.5833333333333334,0.4,0.8888888888888888,0.522,0.583,0.4,0.889,114,111,43,25,18,1,16,0,16,68,15,12,W,90.96,125.32981530343008,93.04,119.30352536543421,6.02628993799587
2025-26,2,9,regular_season,1410,2025-12-14,4,7,新北國王,6,新北中信特攻,away,https://api.tpbl.basketball/api/games/1410/stats,42,81,25,42,17,39,10,16,8,27,35,19,7,2,13,15,0.5185185185185185,0.5952380952380952,0.4358974358974359,0.625,0.519,0.595,0.436,0.625,111,114,39,17,22,6,15,0,15,44,7,11,L,93.04,119.30352536543421,90.96,125.32981530343008,-6.02628993799587
2025-26,2,9,regular_season,1411,2025-12-20,4,5,桃園台啤永豐雲豹,7,新北國王,away,https://api.tpbl.basketball/api/games/1411/stats,38,85,23,54,15,31,12,18,10,31,41,24,6,5,11,14,0.4470588235294118,0.42592592592592593,0.4838709677419355,0.6666666666666666,0.447,0.426,0.484,0.667,103,125,47,31,16,6,14,0,13,34,9,12,L,93.92,109.66780238500851,95.48,130.91746962714703,-21.249667242138514
2025-26,2,9,regular_season,1411,2025-12-20,4,7,新北國王,5,桃園台啤永豐雲豹,home,https://api.tpbl.basketball/api/games/1411/stats,47,91,29,51,18,40,13,17,15,40,55,29,7,3,12,21,0.5164835164835165,0.5686274509803921,0.45,0.7647058823529411,0.516,0.569,0.45,0.765,125,103,44,22,22,4,20,1,21,44,19,19,W,95.48,130.91746962714703,93.92,109.66780238500851,21.249667242138514
2025-26,2,9,regular_season,1412,2025-12-20,4,3,福爾摩沙夢想家,4,新竹御嵿攻城獅,away,https://api.tpbl.basketball/api/games/1412/stats,32,74,22,47,10,27,11,13,12,41,53,21,4,6,23,19,0.43243243243243246,0.46808510638297873,0.37037037037037035,0.8461538461538461,0.43200000000000005,0.46799999999999997,0.37,0.846,85,90,42,25,17,2,18,1,17,28,12,11,L,90.72,93.69488536155202,89.48,100.5811354492624,-6.88625008771038
2025-26,2,9,regular_season,1412,2025-12-20,4,4,新竹御嵿攻城獅,3,福爾摩沙夢想家,home,https://api.tpbl.basketball/api/games/1412/stats,34,85,21,51,13,34,9,17,12,30,42,26,11,7,9,17,0.4,0.4117647058823529,0.38235294117647056,0.5294117647058824,0.4,0.41200000000000003,0.382,0.529,90,85,51,30,21,8,14,3,17,28,14,11,W,89.48,100.5811354492624,90.72,93.69488536155202,6.88625008771038
2025-26,2,9,regular_season,1413,2025-12-21,4,6,新北中信特攻,7,新北國王,away,https://api.tpbl.basketball/api/games/1413/stats,26,85,19,52,7,33,19,23,21,37,58,18,13,2,20,19,0.3058823529411765,0.36538461538461536,0.21212121212121213,0.8260869565217391,0.306,0.365,0.212,0.826,78,85,59,33,26,4,17,2,19,38,17,13,L,94.12,82.87292817679558,92.36,92.031182330013,-9.158254153217413
2025-26,2,9,regular_season,1413,2025-12-21,4,7,新北國王,6,新北中信特攻,home,https://api.tpbl.basketball/api/games/1413/stats,30,80,22,53,8,27,17,19,12,42,54,20,5,4,16,21,0.375,0.41509433962264153,0.2962962962962963,0.8947368421052632,0.375,0.415,0.29600000000000004,0.895,85,78,50,31,19,2,21,0,21,30,11,12,W,92.36,92.031182330013,94.12,82.87292817679558,9.158254153217413
2025-26,2,9,regular_season,1414,2025-12-21,4,4,新竹御嵿攻城獅,8,臺北台新戰神,home,https://api.tpbl.basketball/api/games/1414/stats,31,73,25,43,6,30,15,29,10,32,42,21,7,3,13,23,0.4246575342465753,0.5813953488372093,0.2,0.5172413793103449,0.425,0.581,0.2,0.517,83,94,42,18,24,14,23,0,23,42,9,15,L,88.76,93.51059035601622,86.32,108.89712696941614,-15.386536613399912
2025-26,2,9,regular_season,1414,2025-12-21,4,8,臺北台新戰神,4,新竹御嵿攻城獅,away,https://api.tpbl.basketball/api/games/1414/stats,32,79,24,55,8,24,22,28,19,37,56,20,7,1,14,24,0.4050632911392405,0.43636363636363634,0.3333333333333333,0.7857142857142857,0.405,0.436,0.33299999999999996,0.7859999999999999,94,83,47,31,16,6,23,1,20,40,13,11,W,86.32,108.89712696941614,88.76,93.51059035601622,15.386536613399912
2025-26,2,9,regular_season,1415,2025-12-24,4,4,新竹御嵿攻城獅,5,桃園台啤永豐雲豹,home,https://api.tpbl.basketball/api/games/1415/stats,36,82,23,48,13,34,13,21,11,36,47,29,10,3,15,20,0.43902439024390244,0.4791666666666667,0.38235294117647056,0.6190476190476191,0.439,0.479,0.382,0.619,98,82,46,25,21,8,19,1,20,38,12,6,W,95.24,102.89794204115918,95.44,85.91785414920369,16.980087891955492
2025-26,2,9,regular_season,1415,2025-12-24,4,5,桃園台啤永豐雲豹,4,新竹御嵿攻城獅,away,https://api.tpbl.basketball/api/games/1415/stats,30,80,25,51,5,29,17,26,16,40,56,15,9,6,20,21,0.375,0.49019607843137253,0.1724137931034483,0.6538461538461539,0.375,0.49,0.172,0.654,82,98,50,26,24,9,20,1,20,44,20,2,L,95.44,85.91785414920369,95.24,102.89794204115918,-16.980087891955492
2025-26,2,9,regular_season,1416,2025-12-27,4,3,福爾摩沙夢想家,8,臺北台新戰神,home,https://api.tpbl.basketball/api/games/1416/stats,31,71,17,38,14,33,32,44,18,39,57,25,13,7,17,15,0.43661971830985913,0.4473684210526316,0.42424242424242425,0.7272727272727273,0.43700000000000006,0.447,0.424,0.727,108,98,40,21,19,12,13,2,15,26,17,6,W,89.36,120.85944494180842,93.24,105.10510510510511,15.75433983670331
2025-26,2,9,regular_season,1416,2025-12-27,4,8,臺北台新戰神,3,福爾摩沙夢想家,away,https://api.tpbl.basketball/api/games/1416/stats,36,85,24,51,12,34,14,21,15,27,42,24,10,2,14,30,0.4235294117647059,0.47058823529411764,0.35294117647058826,0.6666666666666666,0.424,0.47100000000000003,0.353,0.667,98,108,49,27,22,7,30,0,30,34,10,16,L,93.24,105.10510510510511,89.36,120.85944494180842,-15.75433983670331
2025-26,2,9,regular_season,1417,2025-12-27,4,4,新竹御嵿攻城獅,7,新北國王,away,https://api.tpbl.basketball/api/games/1417/stats,37,76,26,47,11,29,12,21,10,36,46,24,5,7,12,14,0.4868421052631579,0.5531914893617021,0.3793103448275862,0.5714285714285714,0.48700000000000004,0.5529999999999999,0.379,0.5710000000000001,97,90,39,21,18,9,13,1,14,46,18,7,W,87.24,111.18752865657956,87.28,103.11640696608616,8.0711216904934
2025-26,2,9,regular_season,1417,2025-12-27,4,7,新北國王,4,新竹御嵿攻城獅,home,https://api.tpbl.basketball/api/games/1417/stats,37,90,32,60,5,30,11,12,17,34,51,20,6,5,9,21,0.4111111111111111,0.5333333333333333,0.16666666666666666,0.9166666666666666,0.41100000000000003,0.5329999999999999,0.16699999999999998,0.917,90,97,53,28,25,1,21,0,21,48,20,13,L,87.28,103.11640696608616,87.24,111.18752865657956,-8.0711216904934
2025-26,2,9,regular_season,1418,2025-12-28,4,3,福爾摩沙夢想家,6,新北中信特攻,home,https://api.tpbl.basketball/api/games/1418/stats,37,91,24,47,13,44,17,25,21,32,53,15,13,3,24,21,0.4065934065934066,0.5106382978723404,0.29545454545454547,0.68,0.40700000000000003,0.511,0.295,0.68,104,118,54,23,31,8,20,1,19,42,19,11,L,105.0,99.04761904761905,105.56,111.78476695718075,-12.737147909561699
2025-26,2,9,regular_season,1418,2025-12-28,4,6,新北中信特攻,3,福爾摩沙夢想家,away,https://api.tpbl.basketball/api/games/1418/stats,41,89,23,43,18,46,18,24,17,36,53,26,16,2,23,21,0.4606741573033708,0.5348837209302325,0.391304347826087,0.75,0.461,0.535,0.391,0.75,118,104,48,20,28,6,21,0,20,46,11,27,W,105.56,111.78476695718075,105.0,99.04761904761905,12.737147909561699
2025-26,2,9,regular_season,1419,2025-12-28,4,2,高雄全家海神,7,新北國王,away,https://api.tpbl.basketball/api/games/1419/stats,29,73,22,40,7,33,17,21,15,35,50,14,6,1,19,20,0.3972602739726027,0.55,0.21212121212121213,0.8095238095238095,0.397,0.55,0.212,0.81,82,86,44,18,26,4,18,2,18,36,9,4,L,86.24,95.0834879406308,85.68,100.3734827264239,-5.289994785793098
2025-26,2,9,regular_season,1419,2025-12-28,4,7,新北國王,2,高雄全家海神,home,https://api.tpbl.basketball/api/games/1419/stats,31,76,22,45,9,31,15,22,10,29,39,17,9,3,10,18,0.40789473684210525,0.4888888888888889,0.2903225806451613,0.6818181818181818,0.408,0.489,0.29,0.682,86,82,45,23,22,7,17,1,17,30,17,6,W,85.68,100.3734827264239,86.24,95.0834879406308,5.289994785793098
2025-26,2,9,regular_season,1420,2025-12-31,4,6,新北中信特攻,7,新北國王,home,https://api.tpbl.basketball/api/games/1420/stats,36,79,28,50,8,29,14,20,8,41,49,27,9,0,13,18,0.45569620253164556,0.56,0.27586206896551724,0.7,0.456,0.56,0.276,0.7,94,82,43,22,21,6,17,1,18,48,7,16,W,92.8,101.29310344827587,90.72,90.38800705467372,10.90509639360215
2025-26,2,9,regular_season,1420,2025-12-31,4,7,新北國王,6,新北中信特攻,away,https://api.tpbl.basketball/api/games/1420/stats,32,89,23,54,9,35,9,13,17,35,52,17,4,3,13,14,0.3595505617977528,0.42592592592592593,0.2571428571428571,0.6923076923076923,0.36,0.426,0.257,0.6920000000000001,82,94,57,31,26,4,13,1,12,32,15,3,L,90.72,90.38800705467372,92.8,101.29310344827587,-10.90509639360215
2025-26,2,9,regular_season,1421,2026-01-03,4,2,高雄全家海神,5,桃園台啤永豐雲豹,home,https://api.tpbl.basketball/api/games/1421/stats,39,88,27,50,12,38,12,20,19,23,42,18,13,3,19,20,0.4431818181818182,0.54,0.3157894736842105,0.6,0.44299999999999995,0.54,0.316,0.6,102,108,49,23,26,8,18,2,19,48,18,15,L,96.8,105.37190082644628,95.36,113.25503355704699,-7.883132730600707
2025-26,2,9,regular_season,1421,2026-01-03,4,5,桃園台啤永豐雲豹,2,高雄全家海神,away,https://api.tpbl.basketball/api/games/1421/stats,41,68,27,40,14,28,12,19,7,32,39,21,9,6,26,20,0.6029411764705882,0.675,0.5,0.631578947368421,0.603,0.675,0.5,0.632,108,102,27,13,14,7,20,0,19,40,6,22,W,95.36,113.25503355704699,96.8,105.37190082644628,7.883132730600707
2025-26,2,9,regular_season,1422,2026-01-03,4,4,新竹御嵿攻城獅,6,新北中信特攻,away,https://api.tpbl.basketball/api/games/1422/stats,26,78,20,47,6,31,26,35,12,38,50,15,9,4,9,19,0.3333333333333333,0.425531914893617,0.1935483870967742,0.7428571428571429,0.33299999999999996,0.426,0.19399999999999998,0.743,84,79,52,27,25,9,19,0,19,34,10,4,W,90.4,92.92035398230088,88.28,89.48799275033983,3.4323612319610532
2025-26,2,9,regular_season,1422,2026-01-03,4,6,新北中信特攻,4,新竹御嵿攻城獅,home,https://api.tpbl.basketball/api/games/1422/stats,31,82,22,46,9,36,8,12,16,44,60,18,7,5,17,25,0.3780487804878049,0.4782608695652174,0.25,0.6666666666666666,0.37799999999999995,0.478,0.25,0.667,79,84,51,24,27,4,24,1,24,40,16,2,L,88.28,89.48799275033983,90.4,92.92035398230088,-3.4323612319610532
2025-26,2,9,regular_season,1423,2026-01-04,4,2,高雄全家海神,7,新北國王,home,https://api.tpbl.basketball/api/games/1423/stats,32,92,22,54,10,38,20,25,16,36,52,19,7,3,7,16,0.34782608695652173,0.4074074074074074,0.2631578947368421,0.8,0.348,0.40700000000000003,0.263,0.8,94,111,60,32,28,5,16,0,15,34,16,14,L,94.0,100.0,90.48,122.6790450928382,-22.679045092838194
2025-26,2,9,regular_season,1423,2026-01-04,4,7,新北國王,2,高雄全家海神,away,https://api.tpbl.basketball/api/games/1423/stats,41,84,25,46,16,38,13,17,9,43,52,22,3,7,8,21,0.4880952380952381,0.5434782608695652,0.42105263157894735,0.7647058823529411,0.488,0.5429999999999999,0.42100000000000004,0.765,111,94,43,21,22,4,20,1,21,42,8,5,W,90.48,122.6790450928382,94.0,100.0,22.679045092838194
2025-26,2,9,regular_season,1424,2026-01-04,4,3,福爾摩沙夢想家,6,新北中信特攻,away,https://api.tpbl.basketball/api/games/1424/stats,44,80,28,39,16,41,18,21,7,37,44,27,7,3,15,22,0.55,0.717948717948718,0.3902439024390244,0.8571428571428571,0.55,0.718,0.39,0.857,122,115,36,11,25,3,22,0,20,42,11,9,W,97.24,125.46277252159605,97.0,118.55670103092784,6.906071490668211
2025-26,2,9,regular_season,1424,2026-01-04,4,6,新北中信特攻,3,福爾摩沙夢想家,home,https://api.tpbl.basketball/api/games/1424/stats,39,86,23,44,16,42,21,25,11,30,41,30,11,1,11,20,0.45348837209302323,0.5227272727272727,0.38095238095238093,0.84,0.45299999999999996,0.523,0.381,0.84,115,122,47,21,26,4,20,0,19,44,6,11,L,97.0,118.55670103092784,97.24,125.46277252159605,-6.906071490668211
2025-26,2,9,regular_season,1425,2026-01-07,4,2,高雄全家海神,8,臺北台新戰神,home,https://api.tpbl.basketball/api/games/1425/stats,38,89,25,61,13,28,19,25,12,31,43,22,10,5,8,30,0.42696629213483145,0.4098360655737705,0.4642857142857143,0.76,0.42700000000000005,0.41,0.46399999999999997,0.76,108,103,51,36,15,6,30,0,30,48,13,10,W,96.0,112.5,97.16,106.01070399341293,6.489296006587068
2025-26,2,9,regular_season,1425,2026-01-07,4,8,臺北台新戰神,2,高雄全家海神,away,https://api.tpbl.basketball/api/games/1425/stats,33,75,22,50,11,25,26,39,14,40,54,19,5,6,19,25,0.44,0.44,0.44,0.6666666666666666,0.44,0.44,0.44,0.667,103,108,42,28,14,13,22,3,25,38,7,26,L,97.16,106.01070399341293,96.0,112.5,-6.489296006587068
2025-26,2,9,regular_season,1426,2026-01-09,4,5,桃園台啤永豐雲豹,7,新北國王,home,https://api.tpbl.basketball/api/games/1426/stats,44,83,36,62,8,21,14,25,10,43,53,24,11,2,14,23,0.5301204819277109,0.5806451612903226,0.38095238095238093,0.56,0.53,0.581,0.381,0.56,110,87,39,26,13,11,22,1,20,52,10,14,W,98.0,112.24489795918367,98.88,87.98543689320388,24.259461065979792
2025-26,2,9,regular_season,1426,2026-01-09,4,7,新北國王,5,桃園台啤永豐雲豹,away,https://api.tpbl.basketball/api/games/1426/stats,32,87,23,49,9,38,14,27,18,33,51,17,5,5,18,22,0.367816091954023,0.46938775510204084,0.23684210526315788,0.5185185185185185,0.368,0.469,0.237,0.519,87,110,55,26,29,13,20,2,21,38,14,6,L,98.88,87.98543689320388,98.0,112.24489795918367,-24.259461065979792
2025-26,2,9,regular_season,1427,2026-01-10,4,2,高雄全家海神,6,新北中信特攻,home,https://api.tpbl.basketball/api/games/1427/stats,42,85,29,44,13,41,17,18,15,28,43,24,7,5,17,20,0.49411764705882355,0.6590909090909091,0.3170731707317073,0.9444444444444444,0.494,0.659,0.317,0.9440000000000001,114,111,43,15,28,1,18,2,19,52,13,8,W,94.92,120.10113780025284,94.12,117.9345516362091,2.16658616404375
2025-26,2,9,regular_season,1427,2026-01-10,4,6,新北中信特攻,2,高雄全家海神,away,https://api.tpbl.basketball/api/games/1427/stats,45,90,35,59,10,31,11,23,22,28,50,21,9,2,16,19,0.5,0.5932203389830508,0.3225806451612903,0.4782608695652174,0.5,0.593,0.32299999999999995,0.478,111,114,45,24,21,12,19,0,18,66,20,24,L,94.12,117.9345516362091,94.92,120.10113780025284,-2.16658616404375
2025-26,2,9,regular_season,1428,2026-01-10,4,3,福爾摩沙夢想家,8,臺北台新戰神,away,https://api.tpbl.basketball/api/games/1428/stats,37,72,31,52,6,20,30,38,13,44,57,20,5,7,19,24,0.5138888888888888,0.5961538461538461,0.3,0.7894736842105263,0.514,0.596,0.3,0.789,110,91,35,21,14,8,20,4,23,50,8,12,W,94.72,116.13175675675676,100.2,90.81836327345309,25.31339348330367
2025-26,2,9,regular_season,1428,2026-01-10,4,8,臺北台新戰神,3,福爾摩沙夢想家,home,https://api.tpbl.basketball/api/games/1428/stats,28,86,19,50,9,36,26,30,13,24,37,16,10,3,14,26,0.32558139534883723,0.38,0.25,0.8666666666666667,0.326,0.38,0.25,0.867,91,110,58,31,27,4,25,1,26,30,8,10,L,100.2,90.81836327345309,94.72,116.13175675675676,-25.31339348330367
2025-26,2,9,regular_season,1429,2026-01-11,4,2,高雄全家海神,4,新竹御嵿攻城獅,home,https://api.tpbl.basketball/api/games/1429/stats,30,84,23,44,7,40,12,16,18,26,44,12,9,1,14,16,0.35714285714285715,0.5227272727272727,0.175,0.75,0.35700000000000004,0.523,0.175,0.75,79,95,54,21,33,4,16,0,16,44,19,15,L,87.04,90.76286764705881,87.16,108.99495181275815,-18.232084165699334
2025-26,2,9,regular_season,1429,2026-01-11,4,4,新竹御嵿攻城獅,2,高雄全家海神,away,https://api.tpbl.basketball/api/games/1429/stats,35,78,22,45,13,33,12,14,16,36,52,23,11,5,19,17,0.44871794871794873,0.4888888888888889,0.3939393939393939,0.8571428571428571,0.449,0.489,0.39399999999999996,0.857,95,79,43,23,20,2,14,3,17,28,25,9,W,87.16,108.99495181275815,87.04,90.76286764705881,18.232084165699334
2025-26,2,9,regular_season,1430,2026-01-11,4,5,桃園台啤永豐雲豹,8,臺北台新戰神,away,https://api.tpbl.basketball/api/games/1430/stats,42,101,36,72,6,29,18,23,29,22,51,23,14,2,11,16,0.4158415841584158,0.5,0.20689655172413793,0.782608695652174,0.41600000000000004,0.5,0.207,0.7829999999999999,108,114,59,36,23,5,16,0,15,64,27,17,L,93.12,115.97938144329896,91.24,124.94519947391495,-8.965818030615992
2025-26,2,9,regular_season,1430,2026-01-11,4,8,臺北台新戰神,5,桃園台啤永豐雲豹,home,https://api.tpbl.basketball/api/games/1430/stats,42,77,28,44,14,33,16,21,12,31,43,22,7,2,17,21,0.5454545454545454,0.6363636363636364,0.42424242424242425,0.7619047619047619,0.545,0.636,0.424,0.762,114,108,35,16,19,5,20,1,20,40,17,2,W,91.24,124.94519947391495,93.12,115.97938144329896,8.965818030615992
2025-26,2,9,regular_season,1431,2026-01-17,4,3,福爾摩沙夢想家,7,新北國王,home,https://api.tpbl.basketball/api/games/1431/stats,44,83,34,58,10,25,18,26,13,42,55,19,9,3,12,16,0.5301204819277109,0.5862068965517241,0.4,0.6923076923076923,0.53,0.586,0.4,0.6920000000000001,116,96,39,24,15,8,15,1,13,62,11,17,W,93.44,124.14383561643837,94.72,101.35135135135135,22.792484265087012
2025-26,2,9,regular_season,1431,2026-01-17,4,7,新北國王,3,福爾摩沙夢想家,away,https://api.tpbl.basketball/api/games/1431/stats,37,85,23,42,14,43,8,13,11,30,41,25,5,3,15,23,0.43529411764705883,0.5476190476190477,0.32558139534883723,0.6153846153846154,0.435,0.5479999999999999,0.326,0.615,96,116,48,19,29,5,22,1,20,42,13,11,L,94.72,101.35135135135135,93.44,124.14383561643837,-22.792484265087012
2025-26,2,9,regular_season,1432,2026-01-17,4,6,新北中信特攻,8,臺北台新戰神,away,https://api.tpbl.basketball/api/games/1432/stats,39,74,28,45,11,29,6,14,12,42,54,29,14,2,29,18,0.527027027027027,0.6222222222222222,0.3793103448275862,0.42857142857142855,0.527,0.622,0.379,0.429,95,79,35,17,18,8,15,2,17,56,9,18,W,97.16,97.7768629065459,94.6,83.50951374207189,14.267349164474012
2025-26,2,9,regular_season,1432,2026-01-17,4,8,臺北台新戰神,6,新北中信特攻,home,https://api.tpbl.basketball/api/games/1432/stats,29,76,18,37,11,39,10,15,9,26,35,13,14,1,21,17,0.3815789473684211,0.4864864864864865,0.28205128205128205,0.6666666666666666,0.382,0.486,0.282,0.667,79,95,47,19,28,5,15,1,15,26,12,2,L,94.6,83.50951374207189,97.16,97.7768629065459,-14.267349164474012
2025-26,2,9,regular_season,1433,2026-01-18,4,3,福爾摩沙夢想家,5,桃園台啤永豐雲豹,home,https://api.tpbl.basketball/api/games/1433/stats,32,86,23,52,9,34,18,25,18,47,65,14,6,6,21,20,0.37209302325581395,0.4423076923076923,0.2647058823529412,0.72,0.37200000000000005,0.442,0.265,0.72,91,98,54,29,25,7,18,2,19,44,14,7,L,100.0,91.0,98.8,99.19028340080972,-8.190283400809719
2025-26,2,9,regular_season,1433,2026-01-18,4,5,桃園台啤永豐雲豹,3,福爾摩沙夢想家,away,https://api.tpbl.basketball/api/games/1433/stats,35,101,22,67,13,34,15,20,19,36,55,21,13,1,8,17,0.3465346534653465,0.3283582089552239,0.38235294117647056,0.75,0.34700000000000003,0.32799999999999996,0.382,0.75,98,91,66,45,21,5,17,0,17,28,15,17,W,98.8,99.19028340080972,100.0,91.0,8.190283400809719
2025-26,2,9,regular_season,1434,2026-01-18,4,4,新竹御嵿攻城獅,8,臺北台新戰神,away,https://api.tpbl.basketball/api/games/1434/stats,32,70,22,43,10,27,27,38,13,35,48,20,6,5,12,24,0.45714285714285713,0.5116279069767442,0.37037037037037035,0.7105263157894737,0.457,0.512,0.37,0.711,101,98,38,21,17,11,21,3,24,38,7,8,W,85.72,117.82547830144657,87.44,112.0768526989936,5.748625602452961
2025-26,2,9,regular_season,1434,2026-01-18,4,8,臺北台新戰神,4,新竹御嵿攻城獅,home,https://api.tpbl.basketball/api/games/1434/stats,31,75,18,39,13,36,23,26,10,29,39,17,5,1,11,32,0.41333333333333333,0.46153846153846156,0.3611111111111111,0.8846153846153846,0.413,0.462,0.361,0.885,98,101,44,21,23,3,31,1,32,24,8,0,L,87.44,112.0768526989936,85.72,117.82547830144657,-5.748625602452961
2025-26,2,9,regular_season,1435,2026-01-24,4,2,高雄全家海神,6,新北中信特攻,away,https://api.tpbl.basketball/api/games/1435/stats,36,77,28,48,8,29,11,15,13,22,35,18,10,2,24,21,0.4675324675324675,0.5833333333333334,0.27586206896551724,0.7333333333333333,0.46799999999999997,0.583,0.276,0.733,91,133,41,20,21,4,19,2,21,46,19,8,L,94.6,96.19450317124736,99.48,133.6952151186168,-37.50071194736944
2025-26,2,9,regular_season,1435,2026-01-24,4,6,新北中信特攻,2,高雄全家海神,home,https://api.tpbl.basketball/api/games/1435/stats,51,86,32,41,19,45,12,17,12,28,40,36,18,1,18,18,0.5930232558139535,0.7804878048780488,0.4222222222222222,0.7058823529411765,0.593,0.78,0.42200000000000004,0.706,133,91,35,9,26,5,16,2,18,56,14,12,W,99.48,133.6952151186168,94.6,96.19450317124736,37.50071194736944
2025-26,2,9,regular_season,1436,2026-01-24,4,3,福爾摩沙夢想家,4,新竹御嵿攻城獅,away,https://api.tpbl.basketball/api/games/1436/stats,29,78,20,47,9,31,24,32,17,33,50,19,9,5,19,29,0.3717948717948718,0.425531914893617,0.2903225806451613,0.75,0.37200000000000005,0.426,0.29,0.75,91,95,49,27,22,8,26,3,28,34,19,10,L,94.08,96.72619047619048,94.28,100.76368264743317,-4.03749217124269
2025-26,2,9,regular_season,1436,2026-01-24,4,4,新竹御嵿攻城獅,3,福爾摩沙夢想家,home,https://api.tpbl.basketball/api/games/1436/stats,30,75,22,53,8,22,27,37,16,37,53,19,8,1,19,24,0.4,0.41509433962264153,0.36363636363636365,0.7297297297297297,0.4,0.415,0.364,0.73,95,91,45,31,14,10,22,2,24,40,17,8,W,94.28,100.76368264743317,94.08,96.72619047619048,4.03749217124269
2025-26,2,9,regular_season,1437,2026-01-25,4,6,新北中信特攻,8,臺北台新戰神,home,https://api.tpbl.basketball/api/games/1437/stats,40,80,26,39,14,41,10,15,9,27,36,26,7,3,11,19,0.5,0.6666666666666666,0.34146341463414637,0.6666666666666666,0.5,0.667,0.341,0.667,104,112,40,13,27,5,19,0,19,50,8,7,L,88.6,117.38148984198646,88.68,126.29679747406404,-8.915307632077571
2025-26,2,9,regular_season,1437,2026-01-25,4,8,臺北台新戰神,6,新北中信特攻,away,https://api.tpbl.basketball/api/games/1437/stats,38,77,19,34,19,43,17,22,10,33,43,27,5,2,12,15,0.4935064935064935,0.5588235294117647,0.4418604651162791,0.7727272727272727,0.494,0.5589999999999999,0.442,0.773,112,104,39,15,24,5,15,0,15,32,11,11,W,88.68,126.29679747406404,88.6,117.38148984198646,8.915307632077571
2025-26,2,9,regular_season,1438,2026-01-25,4,4,新竹御嵿攻城獅,7,新北國王,home,https://api.tpbl.basketball/api/games/1438/stats,29,76,20,44,9,32,20,29,11,32,43,17,11,1,12,16,0.3815789473684211,0.45454545454545453,0.28125,0.6896551724137931,0.382,0.455,0.281,0.69,87,94,47,24,23,9,15,1,15,34,13,6,L,89.76,96.92513368983957,89.72,104.77039679001338,-7.84526310017381
2025-26,2,9,regular_season,1438,2026-01-25,4,7,新北國王,4,新竹御嵿攻城獅,away,https://api.tpbl.basketball/api/games/1438/stats,35,80,20,46,15,34,9,13,15,39,54,18,8,2,19,23,0.4375,0.43478260869565216,0.4411764705882353,0.6923076923076923,0.43799999999999994,0.435,0.441,0.6920000000000001,94,87,45,26,19,4,20,3,22,30,15,5,W,89.72,104.77039679001338,89.76,96.92513368983957,7.84526310017381
2025-26,2,9,regular_season,1439,2026-01-31,4,3,福爾摩沙夢想家,7,新北國王,home,https://api.tpbl.basketball/api/games/1439/stats,34,91,21,56,13,35,16,24,20,33,53,18,5,2,13,12,0.37362637362637363,0.375,0.37142857142857144,0.6666666666666666,0.374,0.375,0.371,0.667,97,114,57,35,22,8,11,1,12,38,10,2,L,94.56,102.58037225042301,89.96,126.72298799466431,-24.142615744241297
2025-26,2,9,regular_season,1439,2026-01-31,4,7,新北國王,3,福爾摩沙夢想家,away,https://api.tpbl.basketball/api/games/1439/stats,42,81,20,38,22,43,8,9,5,38,43,25,8,6,10,22,0.5185185185185185,0.5263157894736842,0.5116279069767442,0.8888888888888888,0.519,0.526,0.512,0.889,114,97,39,18,21,1,22,0,21,30,2,16,W,89.96,126.72298799466431,94.56,102.58037225042301,24.142615744241297
2025-26,2,9,regular_season,1440,2026-01-31,4,4,新竹御嵿攻城獅,5,桃園台啤永豐雲豹,away,https://api.tpbl.basketball/api/games/1440/stats,31,74,21,45,10,29,16,20,11,38,49,25,12,6,23,18,0.4189189189189189,0.4666666666666667,0.3448275862068966,0.8,0.419,0.467,0.345,0.8,88,92,43,24,19,4,17,1,18,34,16,12,L,94.8,92.82700421940929,96.36,95.47530095475301,-2.6482967353437203
2025-26,2,9,regular_season,1440,2026-01-31,4,5,桃園台啤永豐雲豹,4,新竹御嵿攻城獅,home,https://api.tpbl.basketball/api/games/1440/stats,37,84,29,64,8,20,10,19,14,33,47,23,13,4,18,16,0.44047619047619047,0.453125,0.4,0.5263157894736842,0.44,0.45299999999999996,0.4,0.526,92,88,47,35,12,9,16,0,16,48,6,13,W,96.36,95.47530095475301,94.8,92.82700421940929,2.6482967353437203
2025-26,2,9,regular_season,1441,2026-02-01,4,2,高雄全家海神,3,福爾摩沙夢想家,away,https://api.tpbl.basketball/api/games/1441/stats,34,86,23,42,11,44,14,16,18,29,47,25,10,1,18,22,0.3953488372093023,0.5476190476190477,0.25,0.875,0.395,0.5479999999999999,0.25,0.875,93,96,52,19,33,2,20,2,21,38,17,9,L,93.04,99.95700773860705,91.44,104.98687664041995,-5.029868901812904
2025-26,2,9,regular_season,1441,2026-02-01,4,3,福爾摩沙夢想家,2,高雄全家海神,home,https://api.tpbl.basketball/api/games/1441/stats,33,82,24,47,9,35,21,26,22,33,55,21,12,4,20,19,0.4024390243902439,0.5106382978723404,0.2571428571428571,0.8076923076923077,0.402,0.511,0.257,0.8079999999999999,96,93,49,23,26,5,18,1,18,44,20,10,W,91.44,104.98687664041995,93.04,99.95700773860705,5.029868901812904
2025-26,2,9,regular_season,1442,2026-02-01,4,5,桃園台啤永豐雲豹,8,臺北台新戰神,home,https://api.tpbl.basketball/api/games/1442/stats,36,86,27,53,9,33,17,23,14,35,49,18,10,5,12,21,0.4186046511627907,0.5094339622641509,0.2727272727272727,0.7391304347826086,0.419,0.509,0.273,0.7390000000000001,98,87,50,26,24,6,21,0,20,40,12,11,W,94.12,104.1223969400765,95.44,91.15674769488685,12.965649245189653
2025-26,2,9,regular_season,1442,2026-02-01,4,8,臺北台新戰神,5,桃園台啤永豐雲豹,away,https://api.tpbl.basketball/api/games/1442/stats,32,73,24,40,8,33,15,26,10,38,48,17,6,2,21,23,0.4383561643835616,0.6,0.24242424242424243,0.5769230769230769,0.43799999999999994,0.6,0.242,0.5770000000000001,87,98,41,16,25,11,19,4,22,40,14,8,L,95.44,91.15674769488685,94.12,104.1223969400765,-12.965649245189653
2025-26,2,9,regular_season,1443,2026-02-07,4,2,高雄全家海神,5,桃園台啤永豐雲豹,home,https://api.tpbl.basketball/api/games/1443/stats,27,86,18,54,9,32,12,16,18,33,51,13,11,1,24,22,0.313953488372093,0.3333333333333333,0.28125,0.75,0.314,0.33299999999999996,0.281,0.75,75,101,59,36,23,4,19,3,22,36,16,2,L,99.04,75.72697899838448,97.56,103.5260352603526,-27.79905626196812
2025-26,2,9,regular_season,1443,2026-02-07,4,5,桃園台啤永豐雲豹,2,高雄全家海神,away,https://api.tpbl.basketball/api/games/1443/stats,40,73,33,50,7,23,14,24,6,39,45,24,11,5,20,16,0.547945205479452,0.66,0.30434782608695654,0.5833333333333334,0.5479999999999999,0.66,0.304,0.583,101,75,33,17,16,10,14,2,16,60,11,18,W,97.56,103.5260352603526,99.04,75.72697899838448,27.79905626196812
2025-26,2,9,regular_season,1444,2026-02-07,4,7,新北國王,8,臺北台新戰神,away,https://api.tpbl.basketball/api/games/1444/stats,35,72,21,37,14,35,14,15,9,35,44,23,9,1,21,27,0.4861111111111111,0.5675675675675675,0.4,0.9333333333333333,0.486,0.568,0.4,0.9329999999999999,98,96,37,16,21,1,24,2,25,30,9,10,W,90.6,108.16777041942605,87.28,109.99083409715857,-1.8230636777325202
2025-26,2,9,regular_season,1444,2026-02-07,4,8,臺北台新戰神,7,新北國王,home,https://api.tpbl.basketball/api/games/1444/stats,29,68,20,38,9,30,29,37,9,27,36,15,11,1,12,19,0.4264705882352941,0.5263157894736842,0.3,0.7837837837837838,0.426,0.526,0.3,0.784,96,98,39,18,21,8,19,0,17,32,8,6,L,87.28,109.99083409715857,90.6,108.16777041942605,1.8230636777325202
2025-26,2,9,regular_season,1445,2026-02-08,4,2,高雄全家海神,6,新北中信特攻,home,https://api.tpbl.basketball/api/games/1445/stats,28,77,18,40,10,37,18,24,16,30,46,16,9,1,24,21,0.36363636363636365,0.45,0.2702702702702703,0.75,0.364,0.45,0.27,0.75,84,113,49,22,27,6,21,0,20,32,21,6,L,95.56,87.90288823775639,99.56,113.49939734833266,-25.596509110576278
2025-26,2,9,regular_season,1445,2026-02-08,4,6,新北中信特攻,2,高雄全家海神,away,https://api.tpbl.basketball/api/games/1445/stats,40,86,28,51,12,35,21,24,11,34,45,30,20,3,14,23,0.46511627906976744,0.5490196078431373,0.34285714285714286,0.875,0.465,0.5489999999999999,0.34299999999999997,0.875,113,84,46,23,23,3,21,2,22,48,12,30,W,99.56,113.49939734833266,95.56,87.90288823775639,25.596509110576278
2025-26,2,9,regular_season,1446,2026-02-08,4,3,福爾摩沙夢想家,8,臺北台新戰神,away,https://api.tpbl.basketball/api/games/1446/stats,37,85,22,45,15,40,15,20,15,41,56,28,4,6,8,21,0.43529411764705883,0.4888888888888889,0.375,0.75,0.435,0.489,0.375,0.75,104,91,48,23,25,5,20,1,20,42,17,4,W,86.8,119.81566820276498,87.76,103.69188696444849,16.123781238316496
2025-26,2,9,regular_season,1446,2026-02-08,4,8,臺北台新戰神,3,福爾摩沙夢想家,home,https://api.tpbl.basketball/api/games/1446/stats,26,81,10,31,16,50,23,29,14,35,49,16,4,3,8,19,0.32098765432098764,0.3225806451612903,0.32,0.7931034482758621,0.321,0.32299999999999995,0.32,0.7929999999999999,91,104,55,21,34,6,18,1,19,14,4,3,L,87.76,103.69188696444849,86.8,119.81566820276498,-16.123781238316496
2025-26,2,9,regular_season,1447,2026-02-11,4,2,高雄全家海神,8,臺北台新戰神,away,https://api.tpbl.basketball/api/games/1447/stats,36,85,21,42,15,43,17,21,22,33,55,23,9,2,16,30,0.4235294117647059,0.5,0.3488372093023256,0.8095238095238095,0.424,0.5,0.349,0.81,104,90,49,21,28,4,28,1,27,40,14,2,W,88.24,117.86038077969175,87.03999999999999,103.40073529411765,14.4596454855741
2025-26,2,9,regular_season,1447,2026-02-11,4,8,臺北台新戰神,2,高雄全家海神,home,https://api.tpbl.basketball/api/games/1447/stats,26,63,17,33,9,30,29,41,9,26,35,18,9,3,15,24,0.4126984126984127,0.5151515151515151,0.3,0.7073170731707317,0.413,0.515,0.3,0.7070000000000001,90,104,37,16,21,12,21,3,24,28,6,13,L,87.03999999999999,103.40073529411765,88.24,117.86038077969175,-14.4596454855741
2025-26,2,9,regular_season,1448,2026-02-14,4,7,新北國王,8,臺北台新戰神,home,https://api.tpbl.basketball/api/games/1448/stats,43,89,30,53,13,36,17,27,15,33,48,32,14,5,13,22,0.48314606741573035,0.5660377358490566,0.3611111111111111,0.6296296296296297,0.483,0.5660000000000001,0.361,0.63,116,95,46,23,23,10,21,1,21,60,10,18,W,98.88,117.31391585760518,96.08,98.8759367194005,18.437979138204682
2025-26,2,9,regular_season,1448,2026-02-14,4,8,臺北台新戰神,7,新北國王,away,https://api.tpbl.basketball/api/games/1448/stats,31,72,20,38,11,34,22,32,12,37,49,17,8,2,22,22,0.4305555555555556,0.5263157894736842,0.3235294117647059,0.6875,0.431,0.526,0.324,0.688,95,116,41,18,23,10,22,0,20,30,9,6,L,96.08,98.8759367194005,98.88,117.31391585760518,-18.437979138204682
2025-26,2,9,regular_season,1449,2026-02-14,4,3,福爾摩沙夢想家,5,桃園台啤永豐雲豹,away,https://api.tpbl.basketball/api/games/1449/stats,37,77,25,48,12,29,14,22,13,35,48,27,5,2,15,21,0.4805194805194805,0.5208333333333334,0.41379310344827586,0.6363636363636364,0.48100000000000004,0.521,0.414,0.636,100,98,40,23,17,8,18,3,20,34,10,2,W,88.68,112.76499774470004,93.24,105.10510510510511,7.659892639594929
2025-26,2,9,regular_season,1449,2026-02-14,4,5,桃園台啤永豐雲豹,3,福爾摩沙夢想家,home,https://api.tpbl.basketball/api/games/1449/stats,37,96,26,62,11,34,13,21,24,29,53,24,7,4,12,19,0.3854166666666667,0.41935483870967744,0.3235294117647059,0.6190476190476191,0.385,0.419,0.324,0.619,98,100,59,36,23,8,17,2,19,36,21,14,L,93.24,105.10510510510511,88.68,112.76499774470004,-7.659892639594929
2025-26,2,9,regular_season,1450,2026-02-15,4,4,新竹御嵿攻城獅,7,新北國王,away,https://api.tpbl.basketball/api/games/1450/stats,32,80,20,48,12,32,9,13,10,31,41,21,8,4,15,18,0.4,0.4166666666666667,0.375,0.6923076923076923,0.4,0.41700000000000004,0.375,0.6920000000000001,85,100,48,28,20,4,17,1,17,36,9,8,L,90.72,93.69488536155202,90.36,110.66843736166446,-16.973552000112434
2025-26,2,9,regular_season,1450,2026-02-15,4,7,新北國王,4,新竹御嵿攻城獅,home,https://api.tpbl.basketball/api/games/1450/stats,36,81,25,49,11,32,17,19,13,40,53,26,8,3,14,16,0.4444444444444444,0.5102040816326531,0.34375,0.8947368421052632,0.444,0.51,0.344,0.895,100,85,45,24,21,2,16,0,16,36,13,13,W,90.36,110.66843736166446,90.72,93.69488536155202,16.973552000112434
2025-26,2,9,regular_season,1451,2026-02-15,4,5,桃園台啤永豐雲豹,6,新北中信特攻,home,https://api.tpbl.basketball/api/games/1451/stats,35,80,28,51,7,29,19,24,13,39,52,20,11,6,13,18,0.4375,0.5490196078431373,0.2413793103448276,0.7916666666666666,0.43799999999999994,0.5489999999999999,0.24100000000000002,0.792,96,93,45,23,22,5,17,1,16,42,15,17,W,90.56,106.00706713780919,92.24,100.82393755420642,5.1831295836027635
2025-26,2,9,regular_season,1451,2026-02-15,4,6,新北中信特攻,5,桃園台啤永豐雲豹,away,https://api.tpbl.basketball/api/games/1451/stats,32,92,20,55,12,37,17,21,24,33,57,22,6,3,15,18,0.34782608695652173,0.36363636363636365,0.32432432432432434,0.8095238095238095,0.348,0.364,0.324,0.81,93,96,60,35,25,4,17,1,18,28,20,7,L,92.24,100.82393755420642,90.56,106.00706713780919,-5.1831295836027635
2025-26,2,9,regular_season,1452,2026-03-04,4,5,桃園台啤永豐雲豹,7,新北國王,away,https://api.tpbl.basketball/api/games/1452/stats,44,82,37,63,7,19,21,30,14,37,51,21,7,3,14,18,0.5365853658536586,0.5873015873015873,0.3684210526315789,0.7,0.537,0.5870000000000001,0.368,0.7,116,100,38,26,12,9,17,1,18,66,21,8,W,95.2,121.84873949579831,94.48,105.84250635055038,16.006233145247933
2025-26,2,9,regular_season,1452,2026-03-04,4,7,新北國王,5,桃園台啤永豐雲豹,home,https://api.tpbl.basketball/api/games/1452/stats,39,95,29,61,10,34,12,17,21,25,46,23,6,1,13,25,0.4105263157894737,0.47540983606557374,0.29411764705882354,0.7058823529411765,0.41100000000000003,0.475,0.294,0.706,100,116,56,32,24,5,22,3,23,48,21,8,L,94.48,105.84250635055038,95.2,121.84873949579831,-16.006233145247933
2025-26,2,9,regular_season,1453,2026-03-06,4,7,新北國王,8,臺北台新戰神,home,https://api.tpbl.basketball/api/games/1453/stats,34,75,29,59,5,16,20,25,11,29,40,21,13,8,13,22,0.4533333333333333,0.4915254237288136,0.3125,0.8,0.45299999999999996,0.49200000000000005,0.313,0.8,93,90,41,30,11,5,19,3,22,42,14,10,W,88.0,105.68181818181819,91.24,98.64094695309076,7.0408712287274255
2025-26,2,9,regular_season,1453,2026-03-06,4,8,臺北台新戰神,7,新北國王,away,https://api.tpbl.basketball/api/games/1453/stats,33,89,24,54,9,35,15,21,28,31,59,25,10,2,21,22,0.3707865168539326,0.4444444444444444,0.2571428571428571,0.7142857142857143,0.371,0.444,0.257,0.7140000000000001,90,93,56,30,26,6,22,0,22,34,20,17,L,91.24,98.64094695309076,88.0,105.68181818181819,-7.0408712287274255
2025-26,2,9,regular_season,1454,2026-03-07,4,2,高雄全家海神,3,福爾摩沙夢想家,home,https://api.tpbl.basketball/api/games/1454/stats,34,78,20,48,14,30,15,19,11,22,33,13,7,1,12,20,0.4358974358974359,0.4166666666666667,0.4666666666666667,0.7894736842105263,0.436,0.41700000000000004,0.467,0.789,97,107,44,28,16,4,20,0,20,32,15,11,L,87.36,111.03479853479854,85.24,125.52792116377289,-14.493122628974348
2025-26,2,9,regular_season,1454,2026-03-07,4,3,福爾摩沙夢想家,2,高雄全家海神,away,https://api.tpbl.basketball/api/games/1454/stats,38,73,26,46,12,27,19,21,13,34,47,23,8,4,16,18,0.5205479452054794,0.5652173913043478,0.4444444444444444,0.9047619047619048,0.521,0.565,0.444,0.905,107,97,35,20,15,2,17,1,16,46,26,15,W,85.24,125.52792116377289,87.36,111.03479853479854,14.493122628974348
2025-26,2,9,regular_season,1455,2026-03-07,4,4,新竹御嵿攻城獅,5,桃園台啤永豐雲豹,away,https://api.tpbl.basketball/api/games/1455/stats,38,77,28,56,10,21,28,44,15,38,53,21,8,3,17,18,0.4935064935064935,0.5,0.47619047619047616,0.6363636363636364,0.494,0.5,0.47600000000000003,0.636,114,111,39,28,11,16,15,3,17,48,15,6,W,98.36,115.90077267181782,101.24,109.6404583168708,6.260314354947013
2025-26,2,9,regular_season,1455,2026-03-07,4,5,桃園台啤永豐雲豹,4,新竹御嵿攻城獅,home,https://api.tpbl.basketball/api/games/1455/stats,40,88,28,53,12,35,19,21,10,29,39,18,7,3,14,31,0.45454545454545453,0.5283018867924528,0.34285714285714286,0.9047619047619048,0.455,0.528,0.34299999999999997,0.905,111,114,48,25,23,2,30,1,30,36,8,15,L,101.24,109.6404583168708,98.36,115.90077267181782,-6.260314354947013
2025-26,2,9,regular_season,1456,2026-03-08,4,2,高雄全家海神,6,新北中信特攻,home,https://api.tpbl.basketball/api/games/1456/stats,32,74,22,41,10,33,16,24,13,32,45,22,4,2,15,25,0.43243243243243246,0.5365853658536586,0.30303030303030304,0.6666666666666666,0.43200000000000005,0.537,0.303,0.667,90,88,42,19,23,8,23,2,25,36,14,2,W,86.56,103.97412199630314,84.88,103.67577756833177,0.2983444279713723
2025-26,2,9,regular_season,1456,2026-03-08,4,6,新北中信特攻,2,高雄全家海神,away,https://api.tpbl.basketball/api/games/1456/stats,32,72,27,42,5,30,19,27,11,29,40,18,7,2,12,24,0.4444444444444444,0.6428571428571429,0.16666666666666666,0.7037037037037037,0.444,0.643,0.16699999999999998,0.7040000000000001,88,90,40,15,25,8,22,2,24,48,8,7,L,84.88,103.67577756833177,86.56,103.97412199630314,-0.2983444279713723
2025-26,2,9,regular_season,1457,2026-03-08,4,5,桃園台啤永豐雲豹,7,新北國王,home,https://api.tpbl.basketball/api/games/1457/stats,38,77,24,47,14,30,11,21,9,24,33,26,10,0,15,22,0.4935064935064935,0.5106382978723404,0.4666666666666667,0.5238095238095238,0.494,0.511,0.467,0.524,101,114,39,23,16,10,18,4,20,38,12,16,L,92.24,109.49696444058978,94.12,121.12197195070122,-11.625007510111445
2025-26,2,9,regular_season,1457,2026-03-08,4,7,新北國王,5,桃園台啤永豐雲豹,away,https://api.tpbl.basketball/api/games/1457/stats,41,77,27,45,14,32,18,23,13,35,48,27,3,0,20,17,0.5324675324675324,0.6,0.4375,0.782608695652174,0.532,0.6,0.43799999999999994,0.7829999999999999,114,101,36,18,18,5,15,2,17,48,16,6,W,94.12,121.12197195070122,92.24,109.49696444058978,11.625007510111445
2025-26,2,9,regular_season,1458,2026-03-11,4,4,新竹御嵿攻城獅,8,臺北台新戰神,home,https://api.tpbl.basketball/api/games/1458/stats,35,85,24,42,11,43,13,16,11,35,46,27,8,3,15,19,0.4117647058823529,0.5714285714285714,0.2558139534883721,0.8125,0.41200000000000003,0.5710000000000001,0.256,0.813,94,102,50,18,32,3,19,0,19,36,7,10,L,96.04,97.8758850478967,95.56,106.73922143156132,-8.863336383664617
2025-26,2,9,regular_season,1458,2026-03-11,4,8,臺北台新戰神,4,新竹御嵿攻城獅,away,https://api.tpbl.basketball/api/games/1458/stats,39,77,27,51,12,26,12,24,7,40,47,25,9,4,15,16,0.5064935064935064,0.5294117647058824,0.46153846153846156,0.5,0.506,0.529,0.462,0.5,102,94,38,24,14,12,16,0,16,44,7,15,W,95.56,106.73922143156132,96.04,97.8758850478967,8.863336383664617
2025-26,2,9,regular_season,1459,2026-03-14,4,3,福爾摩沙夢想家,6,新北中信特攻,home,https://api.tpbl.basketball/api/games/1459/stats,30,83,12,34,18,49,22,32,12,35,47,17,10,1,11,17,0.3614457831325301,0.35294117647058826,0.3673469387755102,0.6875,0.361,0.353,0.36700000000000005,0.688,100,91,53,22,31,10,17,0,17,20,14,5,W,96.08,104.07993338884263,92.92,97.93370641411967,6.146226974722964
2025-26,2,9,regular_season,1459,2026-03-14,4,6,新北中信特攻,3,福爾摩沙夢想家,away,https://api.tpbl.basketball/api/games/1459/stats,34,79,23,41,11,38,12,18,11,44,55,20,7,1,17,27,0.43037974683544306,0.5609756097560976,0.2894736842105263,0.6666666666666666,0.43,0.561,0.289,0.667,91,100,45,18,27,6,26,1,26,44,13,19,L,92.92,97.93370641411967,96.08,104.07993338884263,-6.146226974722964
2025-26,2,9,regular_season,1460,2026-03-14,4,2,高雄全家海神,4,新竹御嵿攻城獅,away,https://api.tpbl.basketball/api/games/1460/stats,35,81,25,50,10,31,17,26,21,28,49,21,7,2,15,24,0.43209876543209874,0.5,0.3225806451612903,0.6538461538461539,0.43200000000000005,0.5,0.32299999999999995,0.654,97,113,46,25,21,9,23,1,24,48,9,3,L,86.44,112.21656640444239,82.76,136.5393910101498,-24.322824605707424
2025-26,2,9,regular_season,1460,2026-03-14,4,4,新竹御嵿攻城獅,2,高雄全家海神,home,https://api.tpbl.basketball/api/games/1460/stats,39,72,24,42,15,30,20,29,11,30,41,29,8,5,9,25,0.5416666666666666,0.5714285714285714,0.5,0.6896551724137931,0.542,0.5710000000000001,0.5,0.69,113,97,33,18,15,9,24,1,24,40,19,13,W,82.76,136.5393910101498,86.44,112.21656640444239,24.322824605707424
2025-26,2,9,regular_season,1461,2026-03-15,4,3,福爾摩沙夢想家,5,桃園台啤永豐雲豹,home,https://api.tpbl.basketball/api/games/1461/stats,38,85,25,46,13,39,22,25,16,39,55,27,10,3,15,22,0.4470588235294118,0.5434782608695652,0.3333333333333333,0.88,0.447,0.5429999999999999,0.33299999999999996,0.88,111,84,47,21,26,3,22,0,22,38,10,15,W,95.0,116.84210526315789,93.2,90.12875536480686,26.713349898351026
2025-26,2,9,regular_season,1461,2026-03-15,4,5,桃園台啤永豐雲豹,3,福爾摩沙夢想家,away,https://api.tpbl.basketball/api/games/1461/stats,29,76,26,58,3,18,23,30,10,29,39,23,9,3,14,18,0.3815789473684211,0.4482758620689655,0.16666666666666666,0.7666666666666667,0.382,0.44799999999999995,0.16699999999999998,0.767,84,111,47,32,15,7,17,1,18,50,7,18,L,93.2,90.12875536480686,95.0,116.84210526315789,-26.713349898351026
2025-26,2,9,regular_season,1462,2026-03-15,4,4,新竹御嵿攻城獅,7,新北國王,home,https://api.tpbl.basketball/api/games/1462/stats,39,78,25,53,14,25,21,26,13,38,51,26,12,6,18,17,0.5,0.4716981132075472,0.56,0.8076923076923077,0.5,0.47200000000000003,0.56,0.8079999999999999,113,90,39,28,11,5,16,1,17,42,18,19,W,94.44,119.65268953833122,97.8,92.02453987730061,27.628149661030605
2025-26,2,9,regular_season,1462,2026-03-15,4,7,新北國王,4,新竹御嵿攻城獅,away,https://api.tpbl.basketball/api/games/1462/stats,35,81,27,54,8,27,12,20,12,29,41,21,13,3,20,19,0.43209876543209874,0.5,0.2962962962962963,0.6,0.43200000000000005,0.5,0.29600000000000004,0.6,90,113,46,27,19,8,18,1,19,42,11,13,L,97.8,92.02453987730061,94.44,119.65268953833122,-27.628149661030605
2025-26,2,9,regular_season,1463,2026-03-21,4,2,高雄全家海神,6,新北中信特攻,away,https://api.tpbl.basketball/api/games/1463/stats,28,68,13,30,15,38,20,30,13,29,42,19,9,2,25,24,0.4117647058823529,0.43333333333333335,0.39473684210526316,0.6666666666666666,0.41200000000000003,0.433,0.395,0.667,91,118,40,17,23,10,21,3,23,20,6,14,L,93.2,97.63948497854076,94.88,124.36762225969646,-26.728137281155696
2025-26,2,9,regular_season,1463,2026-03-21,4,6,新北中信特攻,2,高雄全家海神,home,https://api.tpbl.basketball/api/games/1463/stats,42,81,25,44,17,37,17,27,13,31,44,31,17,3,15,21,0.5185185185185185,0.5681818181818182,0.4594594594594595,0.6296296296296297,0.519,0.568,0.45899999999999996,0.63,118,91,39,19,20,10,21,0,20,48,16,20,W,94.88,124.36762225969646,93.2,97.63948497854076,26.728137281155696
2025-26,2,9,regular_season,1464,2026-03-21,4,5,桃園台啤永豐雲豹,8,臺北台新戰神,away,https://api.tpbl.basketball/api/games/1464/stats,35,87,21,48,14,39,15,20,11,44,55,24,9,3,10,18,0.40229885057471265,0.4375,0.358974358974359,0.75,0.402,0.43799999999999994,0.359,0.75,99,73,52,27,25,5,18,0,18,38,13,17,W,94.8,104.43037974683544,93.12,78.393470790378,26.036908956457438
2025-26,2,9,regular_season,1464,2026-03-21,4,8,臺北台新戰神,5,桃園台啤永豐雲豹,home,https://api.tpbl.basketball/api/games/1464/stats,27,81,18,43,9,38,10,23,15,42,57,18,5,3,17,14,0.3333333333333333,0.4186046511627907,0.23684210526315788,0.43478260869565216,0.33299999999999996,0.419,0.237,0.435,73,99,54,25,29,13,13,1,12,28,6,8,L,93.12,78.393470790378,94.8,104.43037974683544,-26.036908956457438
2025-26,2,9,regular_season,1465,2026-03-22,4,4,新竹御嵿攻城獅,6,新北中信特攻,away,https://api.tpbl.basketball/api/games/1465/stats,29,83,21,48,8,35,9,14,9,41,50,19,8,1,17,21,0.3493975903614458,0.4375,0.22857142857142856,0.6428571428571429,0.349,0.43799999999999994,0.22899999999999998,0.643,75,95,54,27,27,5,20,1,21,34,7,7,L,97.16,77.19226018937835,98.0,96.93877551020408,-19.746515320825736
2025-26,2,9,regular_season,1465,2026-03-22,4,6,新北中信特攻,4,新竹御嵿攻城獅,home,https://api.tpbl.basketball/api/games/1465/stats,32,85,20,41,12,44,19,25,14,48,62,24,10,3,16,17,0.3764705882352941,0.4878048780487805,0.2727272727272727,0.76,0.376,0.488,0.273,0.76,95,75,53,21,32,6,15,2,17,40,11,24,W,98.0,96.93877551020408,97.16,77.19226018937835,19.746515320825736
2025-26,2,9,regular_season,1466,2026-03-22,4,3,福爾摩沙夢想家,8,臺北台新戰神,away,https://api.tpbl.basketball/api/games/1466/stats,41,82,18,37,23,45,13,24,12,36,48,33,8,2,10,19,0.5,0.4864864864864865,0.5111111111111111,0.5416666666666666,0.5,0.486,0.511,0.542,118,96,41,19,22,11,18,1,18,26,11,2,W,90.56,130.30035335689047,89.8,106.9042316258352,23.396121731055274
2025-26,2,9,regular_season,1466,2026-03-22,4,8,臺北台新戰神,3,福爾摩沙夢想家,home,https://api.tpbl.basketball/api/games/1466/stats,33,81,20,45,13,36,17,20,11,34,45,23,6,2,11,16,0.4074074074074074,0.4444444444444444,0.3611111111111111,0.85,0.40700000000000003,0.444,0.361,0.85,96,118,48,25,23,3,15,1,16,30,11,0,L,89.8,106.9042316258352,90.56,130.30035335689047,-23.396121731055274
2025-26,2,9,regular_season,1467,2026-03-25,4,2,高雄全家海神,3,福爾摩沙夢想家,away,https://api.tpbl.basketball/api/games/1467/stats,32,78,24,46,8,32,18,27,12,32,44,19,11,3,15,28,0.41025641025641024,0.5217391304347826,0.25,0.6666666666666666,0.41,0.522,0.25,0.667,90,96,46,22,24,9,28,0,28,46,13,19,L,92.88,96.89922480620156,91.84,104.52961672473867,-7.630391918537114
2025-26,2,9,regular_season,1467,2026-03-25,4,3,福爾摩沙夢想家,2,高雄全家海神,home,https://api.tpbl.basketball/api/games/1467/stats,28,75,16,40,12,35,28,36,18,36,54,18,9,3,19,24,0.37333333333333335,0.4,0.34285714285714286,0.7777777777777778,0.373,0.4,0.34299999999999997,0.778,96,90,47,24,23,8,21,3,23,30,6,2,W,91.84,104.52961672473867,92.88,96.89922480620156,7.630391918537114
2025-26,2,9,regular_season,1468,2026-03-27,4,3,福爾摩沙夢想家,7,新北國王,home,https://api.tpbl.basketball/api/games/1468/stats,40,76,22,40,18,36,9,13,5,31,36,26,10,6,13,16,0.5263157894736842,0.55,0.5,0.6923076923076923,0.526,0.55,0.5,0.6920000000000001,107,90,36,18,18,4,15,1,16,34,2,6,W,89.72,119.25991975033438,88.6,101.5801354401806,17.679784310153778
2025-26,2,9,regular_season,1468,2026-03-27,4,7,新北國王,3,福爾摩沙夢想家,away,https://api.tpbl.basketball/api/games/1468/stats,34,72,23,42,11,30,11,15,9,34,43,17,7,2,19,13,0.4722222222222222,0.5476190476190477,0.36666666666666664,0.7333333333333333,0.47200000000000003,0.5479999999999999,0.36700000000000005,0.733,90,107,38,19,19,4,12,1,13,36,7,10,L,88.6,101.5801354401806,89.72,119.25991975033438,-17.679784310153778
2025-26,2,9,regular_season,1469,2026-03-28,4,4,新竹御嵿攻城獅,6,新北中信特攻,home,https://api.tpbl.basketball/api/games/1469/stats,34,83,26,52,8,31,27,34,18,37,55,19,9,3,15,21,0.40963855421686746,0.5,0.25806451612903225,0.7941176470588235,0.41,0.5,0.258,0.794,103,99,49,26,23,7,20,1,20,42,11,21,W,94.96000000000001,108.46672283066553,98.08,100.93800978792822,7.528713042737309
2025-26,2,9,regular_season,1469,2026-03-28,4,6,新北中信特攻,4,新竹御嵿攻城獅,away,https://api.tpbl.basketball/api/games/1469/stats,32,80,20,40,12,40,23,32,15,35,50,27,8,5,19,28,0.4,0.5,0.3,0.71875,0.4,0.5,0.3,0.7190000000000001,99,103,48,20,28,9,25,3,27,36,11,18,L,98.08,100.93800978792822,94.96000000000001,108.46672283066553,-7.528713042737309
2025-26,2,9,regular_season,1470,2026-03-28,4,2,高雄全家海神,8,臺北台新戰神,away,https://api.tpbl.basketball/api/games/1470/stats,39,80,27,45,12,35,22,36,10,36,46,21,6,1,9,22,0.4875,0.6,0.34285714285714286,0.6111111111111112,0.488,0.6,0.34299999999999997,0.611,112,104,41,18,23,14,22,0,22,54,0,0,W,94.84,118.0936313791649,95.0,109.47368421052632,8.61994716863859
2025-26,2,9,regular_season,1470,2026-03-28,4,8,臺北台新戰神,2,高雄全家海神,home,https://api.tpbl.basketball/api/games/1470/stats,41,85,36,51,5,34,17,25,13,38,51,21,6,4,12,27,0.4823529411764706,0.7058823529411765,0.14705882352941177,0.68,0.48200000000000004,0.706,0.147,0.68,104,112,44,15,29,8,27,0,27,68,12,12,L,95.0,109.47368421052632,94.84,118.0936313791649,-8.61994716863859
2025-26,2,9,regular_season,1471,2026-03-29,4,4,新竹御嵿攻城獅,5,桃園台啤永豐雲豹,home,https://api.tpbl.basketball/api/games/1471/stats,37,87,27,47,10,40,18,26,13,38,51,28,10,4,13,21,0.42528735632183906,0.574468085106383,0.25,0.6923076923076923,0.425,0.574,0.25,0.6920000000000001,102,91,50,20,30,8,21,0,20,50,10,18,W,98.44,103.61641609101991,96.12,94.67332501040366,8.943091080616256
2025-26,2,9,regular_season,1471,2026-03-29,4,5,桃園台啤永豐雲豹,4,新竹御嵿攻城獅,away,https://api.tpbl.basketball/api/games/1471/stats,34,76,26,50,8,26,15,23,8,40,48,21,7,4,18,25,0.4473684210526316,0.52,0.3076923076923077,0.6521739130434783,0.447,0.52,0.308,0.652,91,102,42,24,18,8,22,3,24,50,12,11,L,96.12,94.67332501040366,98.44,103.61641609101991,-8.943091080616256
2025-26,2,9,regular_season,1472,2026-03-29,4,7,新北國王,8,臺北台新戰神,away,https://api.tpbl.basketball/api/games/1472/stats,43,83,28,49,15,34,15,18,13,31,44,28,9,2,11,23,0.5180722891566265,0.5714285714285714,0.4411764705882353,0.8333333333333334,0.518,0.5710000000000001,0.441,0.833,116,102,40,21,19,3,23,0,23,52,10,10,W,88.92,130.45434098065678,88.64,115.07220216606498,15.382138814591798
2025-26,2,9,regular_season,1472,2026-03-29,4,8,臺北台新戰神,7,新北國王,home,https://api.tpbl.basketball/api/games/1472/stats,36,79,29,53,7,26,23,31,17,28,45,18,5,3,13,18,0.45569620253164556,0.5471698113207547,0.2692307692307692,0.7419354838709677,0.456,0.547,0.26899999999999996,0.742,102,116,43,24,19,8,17,1,17,34,16,11,L,88.64,115.07220216606498,88.92,130.45434098065678,-15.382138814591798
2025-26,2,9,regular_season,1473,2026-04-01,4,6,新北中信特攻,8,臺北台新戰神,home,https://api.tpbl.basketball/api/games/1473/stats,32,79,19,35,13,44,12,18,9,32,41,18,8,3,15,17,0.4050632911392405,0.5428571428571428,0.29545454545454547,0.6666666666666666,0.405,0.5429999999999999,0.295,0.667,89,91,47,16,31,6,16,1,17,32,4,10,L,92.92,95.781317262161,88.6,102.70880361173816,-6.9274863495771655
2025-26,2,9,regular_season,1473,2026-04-01,4,8,臺北台新戰神,6,新北中信特攻,away,https://api.tpbl.basketball/api/games/1473/stats,34,78,22,43,12,35,11,15,14,39,53,19,8,2,18,19,0.4358974358974359,0.5116279069767442,0.34285714285714286,0.7333333333333333,0.436,0.512,0.34299999999999997,0.733,91,89,44,21,23,4,17,2,18,38,16,2,W,88.6,102.70880361173816,92.92,95.781317262161,6.9274863495771655
2025-26,2,9,regular_season,1474,2026-04-04,4,3,福爾摩沙夢想家,6,新北中信特攻,away,https://api.tpbl.basketball/api/games/1474/stats,34,76,21,40,13,36,23,27,12,29,41,25,10,1,20,24,0.4473684210526316,0.525,0.3611111111111111,0.8518518518518519,0.447,0.525,0.361,0.852,104,108,42,19,23,4,22,2,24,38,14,4,L,95.88,108.4689194826867,92.64,116.58031088082902,-8.111391398142317
2025-26,2,9,regular_season,1474,2026-04-04,4,6,新北中信特攻,3,福爾摩沙夢想家,home,https://api.tpbl.basketball/api/games/1474/stats,34,77,17,38,17,39,23,31,16,31,47,25,11,0,18,23,0.44155844155844154,0.4473684210526316,0.4358974358974359,0.7419354838709677,0.442,0.447,0.436,0.742,108,104,43,21,22,8,21,2,22,34,18,9,W,92.64,116.58031088082902,95.88,108.4689194826867,8.111391398142317
2025-26,2,9,regular_season,1475,2026-04-04,4,2,高雄全家海神,5,桃園台啤永豐雲豹,away,https://api.tpbl.basketball/api/games/1475/stats,26,81,15,48,11,33,11,22,27,32,59,18,6,4,18,16,0.32098765432098764,0.3125,0.3333333333333333,0.5,0.321,0.313,0.33299999999999996,0.5,74,105,55,33,22,11,15,1,15,26,17,4,L,81.68,90.59745347698335,83.8,125.2983293556086,-34.700875878625254
2025-26,2,9,regular_season,1475,2026-04-04,4,5,桃園台啤永豐雲豹,2,高雄全家海神,home,https://api.tpbl.basketball/api/games/1475/stats,37,81,19,40,18,41,13,20,14,33,47,21,13,9,8,21,0.4567901234567901,0.475,0.43902439024390244,0.65,0.457,0.475,0.439,0.65,105,74,44,21,23,7,20,1,21,26,6,14,W,83.8,125.2983293556086,81.68,90.59745347698335,34.700875878625254
2025-26,2,9,regular_season,1476,2026-04-05,4,6,新北中信特攻,7,新北國王,home,https://api.tpbl.basketball/api/games/1476/stats,41,89,32,59,9,30,7,11,18,41,59,24,12,1,16,19,0.4606741573033708,0.5423728813559322,0.3,0.6363636363636364,0.461,0.542,0.3,0.636,98,78,48,27,21,4,18,1,19,54,10,15,W,91.84,106.70731707317073,90.48,86.20689655172413,20.5004205214466
2025-26,2,9,regular_season,1476,2026-04-05,4,7,新北國王,6,新北中信特攻,away,https://api.tpbl.basketball/api/games/1476/stats,30,87,22,39,8,48,10,17,20,32,52,13,7,4,16,15,0.3448275862068966,0.5641025641025641,0.16666666666666666,0.5882352941176471,0.345,0.564,0.16699999999999998,0.588,78,98,57,17,40,7,15,0,15,42,14,4,L,90.48,86.20689655172413,91.84,106.70731707317073,-20.5004205214466
2025-26,2,9,regular_season,1477,2026-04-05,4,5,桃園台啤永豐雲豹,8,臺北台新戰神,home,https://api.tpbl.basketball/api/games/1477/stats,44,89,35,59,9,30,10,14,13,29,42,23,12,6,11,22,0.4943820224719101,0.5932203389830508,0.3,0.7142857142857143,0.494,0.593,0.3,0.7140000000000001,107,96,45,24,21,4,22,0,21,58,17,16,W,93.16,114.85616144267927,93.88,102.25820195994888,12.597959482730388
2025-26,2,9,regular_season,1477,2026-04-05,4,8,臺北台新戰神,5,桃園台啤永豐雲豹,away,https://api.tpbl.basketball/api/games/1477/stats,33,78,22,51,11,27,19,27,18,34,52,26,5,2,22,16,0.4230769230769231,0.43137254901960786,0.4074074074074074,0.7037037037037037,0.423,0.431,0.40700000000000003,0.7040000000000001,96,107,45,29,16,8,14,2,15,38,12,12,L,93.88,102.25820195994888,93.16,114.85616144267927,-12.597959482730388
2025-26,2,9,regular_season,1478,2026-04-08,4,4,新竹御嵿攻城獅,6,新北中信特攻,home,https://api.tpbl.basketball/api/games/1478/stats,43,77,26,38,17,39,14,23,12,35,47,32,9,5,16,18,0.5584415584415584,0.6842105263157895,0.4358974358974359,0.6086956521739131,0.5579999999999999,0.684,0.436,0.609,117,100,34,12,22,9,16,2,18,38,15,14,W,91.12,128.40210711150132,92.16,108.50694444444444,19.89516266705688
2025-26,2,9,regular_season,1478,2026-04-08,4,6,新北中信特攻,4,新竹御嵿攻城獅,away,https://api.tpbl.basketball/api/games/1478/stats,39,88,27,52,12,36,10,14,17,26,43,24,8,1,15,24,0.4431818181818182,0.5192307692307693,0.3333333333333333,0.7142857142857143,0.44299999999999995,0.519,0.33299999999999996,0.7140000000000001,100,117,49,25,24,4,21,3,23,50,20,17,L,92.16,108.50694444444444,91.12,128.40210711150132,-19.89516266705688
2025-26,2,9,regular_season,1479,2026-04-11,4,2,高雄全家海神,7,新北國王,home,https://api.tpbl.basketball/api/games/1479/stats,38,77,21,40,17,37,18,24,6,31,37,24,6,0,10,22,0.4935064935064935,0.525,0.4594594594594595,0.75,0.494,0.525,0.45899999999999996,0.75,111,112,39,19,20,6,22,0,21,30,4,5,L,91.56,121.23197903014416,91.56,122.32415902140673,-1.0921799912625687
2025-26,2,9,regular_season,1479,2026-04-11,4,7,新北國王,2,高雄全家海神,away,https://api.tpbl.basketball/api/games/1479/stats,39,77,23,35,16,42,18,24,7,34,41,25,10,2,11,22,0.5064935064935064,0.6571428571428571,0.38095238095238093,0.75,0.506,0.657,0.381,0.75,112,111,38,12,26,6,22,0,21,38,4,9,W,91.56,122.32415902140673,91.56,121.23197903014416,1.0921799912625687
2025-26,2,9,regular_season,1480,2026-04-11,4,4,新竹御嵿攻城獅,5,桃園台啤永豐雲豹,home,https://api.tpbl.basketball/api/games/1480/stats,27,78,21,48,6,30,19,25,12,36,48,19,11,4,11,15,0.34615384615384615,0.4375,0.2,0.76,0.34600000000000003,0.43799999999999994,0.2,0.76,79,76,51,27,24,6,14,1,15,36,13,7,W,88.0,89.77272727272727,87.72,86.63930688554491,3.1334203871823547
2025-26,2,9,regular_season,1480,2026-04-11,4,5,桃園台啤永豐雲豹,4,新竹御嵿攻城獅,away,https://api.tpbl.basketball/api/games/1480/stats,28,79,19,43,9,36,11,13,14,40,54,16,5,3,17,20,0.35443037974683544,0.4418604651162791,0.25,0.8461538461538461,0.354,0.442,0.25,0.846,76,79,51,24,27,2,20,0,20,34,8,2,L,87.72,86.63930688554491,88.0,89.77272727272727,-3.1334203871823547
2025-26,2,9,regular_season,1481,2026-04-12,4,2,高雄全家海神,8,臺北台新戰神,home,https://api.tpbl.basketball/api/games/1481/stats,36,82,23,42,13,40,8,9,7,35,42,20,4,1,10,17,0.43902439024390244,0.5476190476190477,0.325,0.8888888888888888,0.439,0.5479999999999999,0.325,0.889,93,104,46,19,27,1,17,0,17,42,6,16,L,88.96,104.54136690647482,88.36,117.70031688546854,-13.158949978993718
2025-26,2,9,regular_season,1481,2026-04-12,4,8,臺北台新戰神,2,高雄全家海神,away,https://api.tpbl.basketball/api/games/1481/stats,39,75,24,39,15,36,11,19,6,38,44,29,4,1,11,13,0.52,0.6153846153846154,0.4166666666666667,0.5789473684210527,0.52,0.615,0.41700000000000004,0.579,104,93,36,15,21,8,13,0,13,46,8,12,W,88.36,117.70031688546854,88.96,104.54136690647482,13.158949978993718
2025-26,2,9,regular_season,1482,2026-04-12,4,3,福爾摩沙夢想家,4,新竹御嵿攻城獅,away,https://api.tpbl.basketball/api/games/1482/stats,36,92,27,59,9,33,13,21,23,37,60,26,10,1,9,21,0.391304347826087,0.4576271186440678,0.2727272727272727,0.6190476190476191,0.391,0.45799999999999996,0.273,0.619,94,85,56,32,24,8,21,0,21,46,14,10,W,87.24,107.74873911049978,86.48,98.2886216466235,9.460117463876287
2025-26,2,9,regular_season,1482,2026-04-12,4,4,新竹御嵿攻城獅,3,福爾摩沙夢想家,home,https://api.tpbl.basketball/api/games/1482/stats,30,76,21,41,9,35,16,17,9,36,45,23,4,1,12,17,0.39473684210526316,0.5121951219512195,0.2571428571428571,0.9411764705882353,0.395,0.512,0.257,0.941,85,94,46,20,26,1,16,1,17,34,3,9,L,86.48,98.2886216466235,87.24,107.74873911049978,-9.460117463876287
2025-26,2,9,regular_season,1483,2026-04-18,4,3,福爾摩沙夢想家,8,臺北台新戰神,home,https://api.tpbl.basketball/api/games/1483/stats,35,85,20,42,15,43,14,27,22,43,65,17,13,6,12,16,0.4117647058823529,0.47619047619047616,0.3488372093023256,0.5185185185185185,0.41200000000000003,0.47600000000000003,0.349,0.519,99,66,50,22,28,13,16,0,15,34,20,2,W,86.88,113.95027624309392,87.12,75.75757575757575,38.19270048551817
2025-26,2,9,regular_season,1483,2026-04-18,4,8,臺北台新戰神,3,福爾摩沙夢想家,away,https://api.tpbl.basketball/api/games/1483/stats,22,72,12,37,10,35,12,23,12,31,43,14,5,1,17,20,0.3055555555555556,0.32432432432432434,0.2857142857142857,0.5217391304347826,0.306,0.324,0.28600000000000003,0.522,66,99,50,25,25,11,20,0,19,18,11,9,L,87.12,75.75757575757575,86.88,113.95027624309392,-38.19270048551817
2025-26,2,9,regular_season,1484,2026-04-18,4,5,桃園台啤永豐雲豹,6,新北中信特攻,away,https://api.tpbl.basketball/api/games/1484/stats,31,80,17,35,14,45,17,24,12,34,46,20,8,1,15,18,0.3875,0.4857142857142857,0.3111111111111111,0.7083333333333334,0.38799999999999996,0.486,0.311,0.708,93,107,49,18,31,7,18,0,17,26,9,10,L,93.56,99.40145361265498,96.36,111.04192611041927,-11.640472497764293
2025-26,2,9,regular_season,1484,2026-04-18,4,6,新北中信特攻,5,桃園台啤永豐雲豹,home,https://api.tpbl.basketball/api/games/1484/stats,41,86,30,53,11,33,14,19,13,38,51,24,9,4,15,18,0.47674418604651164,0.5660377358490566,0.3333333333333333,0.7368421052631579,0.47700000000000004,0.5660000000000001,0.33299999999999996,0.737,107,93,45,23,22,5,17,1,18,52,14,8,W,96.36,111.04192611041927,93.56,99.40145361265498,11.640472497764293
2025-26,2,9,regular_season,1485,2026-04-19,4,3,福爾摩沙夢想家,4,新竹御嵿攻城獅,home,https://api.tpbl.basketball/api/games/1485/stats,32,76,24,44,8,32,20,27,16,37,53,24,8,3,19,18,0.42105263157894735,0.5454545454545454,0.25,0.7407407407407407,0.42100000000000004,0.545,0.25,0.741,92,86,44,20,24,7,16,2,18,42,14,3,W,90.88,101.23239436619718,92.16,93.31597222222223,7.916422143974955
2025-26,2,9,regular_season,1485,2026-04-19,4,4,新竹御嵿攻城獅,3,福爾摩沙夢想家,away,https://api.tpbl.basketball/api/games/1485/stats,32,81,22,50,10,31,12,14,13,31,44,20,13,2,18,20,0.3950617283950617,0.44,0.3225806451612903,0.8571428571428571,0.395,0.44,0.32299999999999995,0.857,86,92,49,28,21,2,16,4,19,32,10,13,L,92.16,93.31597222222223,90.88,101.23239436619718,-7.916422143974955
2025-26,2,9,regular_season,1486,2026-04-19,4,2,高雄全家海神,6,新北中信特攻,away,https://api.tpbl.basketball/api/games/1486/stats,36,76,24,41,12,35,15,23,8,33,41,15,7,0,13,13,0.47368421052631576,0.5853658536585366,0.34285714285714286,0.6521739130434783,0.474,0.585,0.34299999999999997,0.652,99,115,40,17,23,8,12,1,12,34,8,2,L,91.12,108.64793678665495,93.64,122.81076463049979,-14.162827843844838
2025-26,2,9,regular_season,1486,2026-04-19,4,6,新北中信特攻,2,高雄全家海神,home,https://api.tpbl.basketball/api/games/1486/stats,46,92,28,49,18,43,5,6,13,36,49,25,7,2,12,23,0.5,0.5714285714285714,0.4186046511627907,0.8333333333333334,0.5,0.5710000000000001,0.419,0.833,115,99,46,21,25,1,21,2,22,48,17,11,W,93.64,122.81076463049979,91.12,108.64793678665495,14.162827843844838
2025-26,2,9,regular_season,1487,2026-04-24,4,3,福爾摩沙夢想家,7,新北國王,away,https://api.tpbl.basketball/api/games/1487/stats,36,70,29,41,7,29,20,28,9,31,40,18,4,2,18,28,0.5142857142857142,0.7073170731707317,0.2413793103448276,0.7142857142857143,0.514,0.7070000000000001,0.24100000000000002,0.7140000000000001,99,105,34,12,22,8,26,2,27,46,9,6,L,91.32,108.40998685939554,93.08,112.80618822518264,-4.396201365787093
2025-26,2,9,regular_season,1487,2026-04-24,4,7,新北國王,3,福爾摩沙夢想家,home,https://api.tpbl.basketball/api/games/1487/stats,39,75,33,51,6,24,21,32,8,28,36,21,11,1,12,23,0.52,0.6470588235294118,0.25,0.65625,0.52,0.647,0.25,0.6559999999999999,105,99,36,18,18,11,22,1,23,46,6,6,W,93.08,112.80618822518264,91.32,108.40998685939554,4.396201365787093
2025-26,2,9,regular_season,1488,2026-04-25,4,4,新竹御嵿攻城獅,8,臺北台新戰神,away,https://api.tpbl.basketball/api/games/1488/stats,35,74,24,45,11,29,23,30,15,35,50,25,9,3,15,22,0.47297297297297297,0.5333333333333333,0.3793103448275862,0.7666666666666667,0.473,0.5329999999999999,0.379,0.767,104,86,39,21,18,7,22,0,22,46,9,5,W,87.2,119.26605504587155,85.68,100.3734827264239,18.892572319447652
2025-26,2,9,regular_season,1488,2026-04-25,4,8,臺北台新戰神,4,新竹御嵿攻城獅,home,https://api.tpbl.basketball/api/games/1488/stats,28,69,17,36,11,33,19,22,6,26,32,27,11,0,13,21,0.4057971014492754,0.4722222222222222,0.3333333333333333,0.8636363636363636,0.406,0.47200000000000003,0.33299999999999996,0.8640000000000001,86,104,41,19,22,3,21,0,20,30,2,7,L,85.68,100.3734827264239,87.2,119.26605504587155,-18.892572319447652
2025-26,2,9,regular_season,1503,2026-04-25,4,2,高雄全家海神,5,桃園台啤永豐雲豹,away,https://api.tpbl.basketball/api/games/1503/stats,32,89,25,57,7,32,14,24,18,30,48,23,13,1,10,19,0.3595505617977528,0.43859649122807015,0.21875,0.5833333333333334,0.36,0.439,0.21899999999999997,0.583,85,99,57,32,25,10,19,0,19,38,22,11,L,91.56,92.8352992573176,91.36,108.36252189141857,-15.527222634100966
2025-26,2,9,regular_season,1503,2026-04-25,4,5,桃園台啤永豐雲豹,2,高雄全家海神,home,https://api.tpbl.basketball/api/games/1503/stats,39,80,32,52,7,28,14,19,15,45,60,28,7,6,18,22,0.4875,0.6153846153846154,0.25,0.7368421052631579,0.488,0.615,0.25,0.737,99,85,41,20,21,5,22,0,22,50,19,8,W,91.36,108.36252189141857,91.56,92.8352992573176,15.527222634100966
2025-26,2,9,regular_season,1489,2026-04-26,4,3,福爾摩沙夢想家,5,桃園台啤永豐雲豹,away,https://api.tpbl.basketball/api/games/1489/stats,34,86,25,53,9,33,23,28,16,42,58,20,5,3,11,32,0.3953488372093023,0.4716981132075472,0.2727272727272727,0.8214285714285714,0.395,0.47200000000000003,0.273,0.821,100,104,52,28,24,5,28,4,31,48,20,6,L,93.32,107.15816545220747,92.52,112.4081279723303,-5.2499625201228355
2025-26,2,9,regular_season,1489,2026-04-26,4,5,桃園台啤永豐雲豹,3,福爾摩沙夢想家,home,https://api.tpbl.basketball/api/games/1489/stats,37,80,30,54,7,26,23,33,8,37,45,17,4,3,6,26,0.4625,0.5555555555555556,0.2692307692307692,0.696969696969697,0.46299999999999997,0.556,0.26899999999999996,0.6970000000000001,104,100,43,24,19,10,26,0,24,42,13,2,W,92.52,112.4081279723303,93.32,107.15816545220747,5.2499625201228355
2025-26,2,9,regular_season,1490,2026-04-26,4,6,新北中信特攻,8,臺北台新戰神,away,https://api.tpbl.basketball/api/games/1490/stats,38,89,27,47,11,42,24,24,20,26,46,30,10,3,8,22,0.42696629213483145,0.574468085106383,0.2619047619047619,1.0,0.42700000000000005,0.574,0.262,1.0,111,103,51,20,31,0,21,1,21,48,14,12,W,87.56,126.7702147099132,89.56,115.00669941938365,11.763515290529554
2025-26,2,9,regular_season,1490,2026-04-26,4,8,臺北台新戰神,6,新北中信特攻,home,https://api.tpbl.basketball/api/games/1490/stats,35,74,18,29,17,45,16,24,13,30,43,20,5,0,18,23,0.47297297297297297,0.6206896551724138,0.37777777777777777,0.6666666666666666,0.473,0.621,0.37799999999999995,0.667,103,111,39,11,28,8,20,3,22,24,14,7,L,89.56,115.00669941938365,87.56,126.7702147099132,-11.763515290529554
2025-26,2,9,regular_season,1491,2026-04-29,4,4,新竹御嵿攻城獅,7,新北國王,home,https://api.tpbl.basketball/api/games/1491/stats,39,87,30,61,9,26,11,13,19,33,52,20,6,5,10,20,0.4482758620689655,0.4918032786885246,0.34615384615384615,0.8461538461538461,0.44799999999999995,0.49200000000000005,0.34600000000000003,0.846,98,78,48,31,17,2,18,2,20,38,17,8,W,83.72,117.05685618729098,81.4,95.82309582309581,21.233760364195163
2025-26,2,9,regular_season,1491,2026-04-29,4,7,新北國王,4,新竹御嵿攻城獅,away,https://api.tpbl.basketball/api/games/1491/stats,31,77,21,50,10,27,6,10,15,30,45,21,4,3,15,18,0.4025974025974026,0.42,0.37037037037037035,0.6,0.40299999999999997,0.42,0.37,0.6,78,98,46,29,17,4,17,1,17,32,12,2,L,81.4,95.82309582309581,83.72,117.05685618729098,-21.233760364195163
2025-26,2,9,regular_season,1492,2026-05-02,4,4,新竹御嵿攻城獅,8,臺北台新戰神,home,https://api.tpbl.basketball/api/games/1492/stats,36,82,28,45,8,37,16,22,12,38,50,25,11,6,11,19,0.43902439024390244,0.6222222222222222,0.21621621621621623,0.7272727272727273,0.439,0.622,0.21600000000000003,0.727,96,73,46,17,29,6,17,2,18,48,6,16,W,90.68,105.86678429642699,88.28,82.6914363389216,23.17534795750538
2025-26,2,9,regular_season,1492,2026-05-02,4,8,臺北台新戰神,4,新竹御嵿攻城獅,away,https://api.tpbl.basketball/api/games/1492/stats,28,75,19,41,9,34,8,12,12,37,49,15,8,2,20,19,0.37333333333333335,0.4634146341463415,0.2647058823529412,0.6666666666666666,0.373,0.46299999999999997,0.265,0.667,73,96,47,22,25,4,19,0,19,34,11,10,L,88.28,82.6914363389216,90.68,105.86678429642699,-23.17534795750538
2025-26,2,9,regular_season,1493,2026-05-02,4,5,桃園台啤永豐雲豹,7,新北國王,away,https://api.tpbl.basketball/api/games/1493/stats,37,80,32,54,5,26,15,19,9,38,47,17,7,9,12,19,0.4625,0.5925925925925926,0.19230769230769232,0.7894736842105263,0.46299999999999997,0.593,0.192,0.789,94,97,43,22,21,4,18,1,18,52,8,13,L,91.36,102.88966725043782,94.04,103.14759676733304,-0.25792951689521715
2025-26,2,9,regular_season,1493,2026-05-02,4,7,新北國王,5,桃園台啤永豐雲豹,home,https://api.tpbl.basketball/api/games/1493/stats,38,92,28,60,10,32,11,16,19,37,56,24,9,2,14,19,0.41304347826086957,0.4666666666666667,0.3125,0.6875,0.413,0.467,0.313,0.688,97,94,54,32,22,5,18,1,19,44,15,7,W,94.04,103.14759676733304,91.36,102.88966725043782,0.25792951689521715
2025-26,2,9,regular_season,1494,2026-05-03,4,2,高雄全家海神,4,新竹御嵿攻城獅,away,https://api.tpbl.basketball/api/games/1494/stats,40,92,26,47,14,45,5,8,20,32,52,27,10,3,17,23,0.43478260869565216,0.5531914893617021,0.3111111111111111,0.625,0.435,0.5529999999999999,0.311,0.625,99,102,52,21,31,3,22,1,23,48,15,11,L,92.52,107.00389105058366,89.76,113.63636363636363,-6.632472585779965
2025-26,2,9,regular_season,1494,2026-05-03,4,4,新竹御嵿攻城獅,2,高雄全家海神,home,https://api.tpbl.basketball/api/games/1494/stats,35,76,23,44,12,32,20,29,15,33,48,38,13,5,16,13,0.4605263157894737,0.5227272727272727,0.375,0.6896551724137931,0.461,0.523,0.375,0.69,102,99,41,21,20,9,11,2,13,38,11,13,W,89.76,113.63636363636363,92.52,107.00389105058366,6.632472585779965
2025-26,2,9,regular_season,1495,2026-05-03,4,6,新北中信特攻,7,新北國王,away,https://api.tpbl.basketball/api/games/1495/stats,38,78,26,42,12,36,23,29,15,40,55,28,6,6,13,24,0.48717948717948717,0.6190476190476191,0.3333333333333333,0.7931034482758621,0.48700000000000004,0.619,0.33299999999999996,0.7929999999999999,111,87,40,16,24,6,23,1,23,46,20,9,W,88.76,125.05633168093735,87.0,100.0,25.056331680937348
2025-26,2,9,regular_season,1495,2026-05-03,4,7,新北國王,6,新北中信特攻,home,https://api.tpbl.basketball/api/games/1495/stats,29,81,19,46,10,35,19,25,14,27,41,21,4,1,9,26,0.35802469135802467,0.41304347826086957,0.2857142857142857,0.76,0.358,0.413,0.28600000000000003,0.76,87,111,52,27,25,6,26,0,26,28,9,9,L,87.0,100.0,88.76,125.05633168093735,-25.056331680937348
2025-26,2,11,play_in,6026,2026-05-05,4,6,新北中信特攻,7,新北國王,away,https://api.tpbl.basketball/api/games/6026/stats,32,86,23,44,9,42,13,17,16,32,48,21,8,2,10,16,0.37209302325581395,0.5227272727272727,0.21428571428571427,0.7647058823529411,0.37200000000000005,0.523,0.214,0.765,86,102,54,21,33,4,15,1,16,40,2,10,L,87.48,98.30818472793781,87.64,116.3852122318576,-18.07702750391978
2025-26,2,11,play_in,6026,2026-05-05,4,7,新北國王,6,新北中信特攻,home,https://api.tpbl.basketball/api/games/6026/stats,40,82,23,47,17,35,5,6,9,42,51,22,4,2,12,20,0.4878048780487805,0.48936170212765956,0.4857142857142857,0.8333333333333334,0.488,0.489,0.486,0.833,102,86,42,24,18,1,20,0,20,36,16,9,W,87.64,116.3852122318576,87.48,98.30818472793781,18.07702750391978
2025-26,2,11,play_in,6027,2026-05-06,4,6,新北中信特攻,7,新北國王,home,https://api.tpbl.basketball/api/games/6027/stats,30,81,19,40,11,41,19,25,14,37,51,21,5,1,15,24,0.37037037037037035,0.475,0.2682926829268293,0.76,0.37,0.475,0.268,0.76,90,96,51,21,30,6,24,0,24,34,20,0,L,93.0,96.7741935483871,91.32,105.12483574244416,-8.350642194057059
2025-26,2,11,play_in,6027,2026-05-06,4,7,新北國王,6,新北中信特攻,away,https://api.tpbl.basketball/api/games/6027/stats,31,75,18,34,13,41,21,28,9,39,48,25,6,3,13,25,0.41333333333333333,0.5294117647058824,0.3170731707317073,0.75,0.413,0.529,0.317,0.75,96,90,44,16,28,7,23,2,24,28,6,16,W,91.32,105.12483574244416,93.0,96.7741935483871,8.350642194057059
2025-26,2,12,playoffs,6033,2026-05-09,4,3,福爾摩沙夢想家,4,新竹御嵿攻城獅,home,https://api.tpbl.basketball/api/games/6033/stats,36,82,26,48,10,34,12,16,7,30,37,21,7,3,9,22,0.43902439024390244,0.5416666666666666,0.29411764705882354,0.75,0.439,0.542,0.294,0.75,94,97,46,22,24,4,21,1,22,50,8,6,L,91.04,103.25131810193321,89.56,108.30728003573023,-5.055961933797022
2025-26,2,12,playoffs,6033,2026-05-09,4,4,新竹御嵿攻城獅,3,福爾摩沙夢想家,away,https://api.tpbl.basketball/api/games/6033/stats,35,72,25,43,10,29,17,24,8,38,46,24,4,3,15,18,0.4861111111111111,0.5813953488372093,0.3448275862068966,0.7083333333333334,0.486,0.581,0.345,0.708,97,94,37,18,19,7,16,2,18,38,8,4,W,89.56,108.30728003573023,91.04,103.25131810193321,5.055961933797022
2025-26,2,12,playoffs,6316,2026-05-10,4,5,桃園台啤永豐雲豹,7,新北國王,home,https://api.tpbl.basketball/api/games/6316/stats,40,79,36,61,4,18,21,35,14,32,46,24,12,3,17,23,0.5063291139240507,0.5901639344262295,0.2222222222222222,0.6,0.506,0.59,0.222,0.6,105,113,39,25,14,14,22,1,23,66,12,11,L,97.4,107.80287474332648,95.0,118.94736842105263,-11.144493677726146
2025-26,2,12,playoffs,6316,2026-05-10,4,7,新北國王,5,桃園台啤永豐雲豹,away,https://api.tpbl.basketball/api/games/6316/stats,39,81,23,47,16,34,19,25,14,33,47,22,11,6,17,26,0.48148148148148145,0.48936170212765956,0.47058823529411764,0.76,0.48100000000000004,0.489,0.47100000000000003,0.76,113,105,42,24,18,6,25,1,25,32,15,3,W,95.0,118.94736842105263,97.4,107.80287474332648,11.144493677726146
2025-26,2,12,playoffs,6034,2026-05-12,4,3,福爾摩沙夢想家,4,新竹御嵿攻城獅,home,https://api.tpbl.basketball/api/games/6034/stats,29,78,20,45,9,33,16,20,19,41,60,17,8,5,13,23,0.3717948717948718,0.4444444444444444,0.2727272727272727,0.8,0.37200000000000005,0.444,0.273,0.8,83,61,49,25,24,4,23,0,22,34,6,4,W,80.8,102.72277227722773,83.24,73.28207592503604,29.440696352191694
2025-26,2,12,playoffs,6034,2026-05-12,4,4,新竹御嵿攻城獅,3,福爾摩沙夢想家,away,https://api.tpbl.basketball/api/games/6034/stats,20,81,13,46,7,35,14,21,22,30,52,12,10,3,15,19,0.24691358024691357,0.2826086956521739,0.2,0.6666666666666666,0.247,0.28300000000000003,0.2,0.667,61,83,61,33,28,7,19,0,19,22,19,11,L,83.24,73.28207592503604,80.8,102.72277227722773,-29.440696352191694
2025-26,2,12,playoffs,6317,2026-05-13,4,5,桃園台啤永豐雲豹,7,新北國王,home,https://api.tpbl.basketball/api/games/6317/stats,41,92,23,53,18,39,14,17,16,28,44,24,12,1,7,21,0.44565217391304346,0.4339622641509434,0.46153846153846156,0.8235294117647058,0.446,0.434,0.462,0.8240000000000001,114,92,51,30,21,3,20,1,21,40,22,16,W,90.48,125.9946949602122,87.76,104.8313582497721,21.163336710440106
2025-26,2,12,playoffs,6317,2026-05-13,4,7,新北國王,5,桃園台啤永豐雲豹,away,https://api.tpbl.basketball/api/games/6317/stats,32,69,21,39,11,30,17,29,13,36,49,18,4,3,19,19,0.463768115942029,0.5384615384615384,0.36666666666666664,0.5862068965517241,0.46399999999999997,0.5379999999999999,0.36700000000000005,0.586,92,114,37,18,19,12,19,0,19,34,10,6,L,87.76,104.8313582497721,90.48,125.9946949602122,-21.163336710440106
2025-26,2,12,playoffs,6035,2026-05-14,4,3,福爾摩沙夢想家,4,新竹御嵿攻城獅,away,https://api.tpbl.basketball/api/games/6035/stats,39,76,29,42,10,34,26,32,8,30,38,28,11,3,14,30,0.5131578947368421,0.6904761904761905,0.29411764705882354,0.8125,0.513,0.69,0.294,0.813,114,106,37,13,24,6,28,2,30,52,9,14,W,96.08,118.6511240632806,91.52,115.82167832167832,2.829445741602285
2025-26,2,12,playoffs,6035,2026-05-14,4,4,新竹御嵿攻城獅,3,福爾摩沙夢想家,home,https://api.tpbl.basketball/api/games/6035/stats,34,72,22,38,12,34,26,33,12,30,42,26,5,3,17,23,0.4722222222222222,0.5789473684210527,0.35294117647058826,0.7878787878787878,0.47200000000000003,0.579,0.353,0.7879999999999999,106,114,38,16,22,7,21,2,21,42,9,17,L,91.52,115.82167832167832,96.08,118.6511240632806,-2.829445741602285
2025-26,2,12,playoffs,6318,2026-05-15,4,5,桃園台啤永豐雲豹,7,新北國王,away,https://api.tpbl.basketball/api/games/6318/stats,31,78,19,43,12,35,28,37,18,31,49,22,12,1,16,17,0.3974358974358974,0.4418604651162791,0.34285714285714286,0.7567567567567568,0.397,0.442,0.34299999999999997,0.757,102,104,47,24,23,9,16,1,17,26,20,8,L,92.28,110.53315994798439,90.6,114.79028697571745,-4.257127027733063
2025-26,2,12,playoffs,6318,2026-05-15,4,7,新北國王,5,桃園台啤永豐雲豹,home,https://api.tpbl.basketball/api/games/6318/stats,40,84,26,50,14,34,10,15,16,31,47,27,10,5,16,27,0.47619047619047616,0.52,0.4117647058823529,0.6666666666666666,0.47600000000000003,0.52,0.41200000000000003,0.667,104,102,44,24,20,5,27,0,27,48,19,17,W,90.6,114.79028697571745,92.28,110.53315994798439,4.257127027733063
2025-26,2,12,playoffs,6036,2026-05-16,4,3,福爾摩沙夢想家,4,新竹御嵿攻城獅,away,https://api.tpbl.basketball/api/games/6036/stats,35,80,19,45,16,35,18,25,15,38,53,20,9,4,13,26,0.4375,0.4222222222222222,0.45714285714285713,0.72,0.43799999999999994,0.42200000000000004,0.457,0.72,104,93,45,26,19,7,24,2,25,30,13,2,W,89.0,116.85393258426966,90.32,102.96722763507529,13.886704949194367
2025-26,2,12,playoffs,6036,2026-05-16,4,4,新竹御嵿攻城獅,3,福爾摩沙夢想家,home,https://api.tpbl.basketball/api/games/6036/stats,29,75,17,38,12,37,23,28,10,31,41,24,4,2,13,24,0.38666666666666666,0.4473684210526316,0.32432432432432434,0.8214285714285714,0.387,0.447,0.324,0.821,93,104,46,21,25,5,22,2,23,32,12,12,L,90.32,102.96722763507529,89.0,116.85393258426966,-13.886704949194367
2025-26,2,12,playoffs,6319,2026-05-17,4,5,桃園台啤永豐雲豹,7,新北國王,away,https://api.tpbl.basketball/api/games/6319/stats,39,79,23,40,16,39,20,29,10,23,33,20,12,4,9,21,0.4936708860759494,0.575,0.41025641025641024,0.6896551724137931,0.494,0.575,0.41,0.69,114,116,40,17,23,9,20,1,20,40,11,15,L,90.76,125.605993829881,92.56,125.32411408815904,0.2818797417219656
2025-26,2,12,playoffs,6319,2026-05-17,4,7,新北國王,5,桃園台啤永豐雲豹,home,https://api.tpbl.basketball/api/games/6319/stats,41,72,24,44,17,28,17,24,9,33,42,26,6,4,19,26,0.5694444444444444,0.5454545454545454,0.6071428571428571,0.7083333333333334,0.569,0.545,0.607,0.708,116,114,31,20,11,7,24,2,26,40,4,15,W,92.56,125.32411408815904,90.76,125.605993829881,-0.2818797417219656
2025-26,2,35,finals,8635,2026-05-24,4,3,福爾摩沙夢想家,7,新北國王,home,https://api.tpbl.basketball/api/games/8635/stats,33,88,23,57,10,31,14,19,18,35,53,21,9,1,14,17,0.375,0.40350877192982454,0.3225806451612903,0.7368421052631579,0.375,0.40399999999999997,0.32299999999999995,0.737,90,91,55,34,21,5,16,1,17,38,11,7,L,92.36,97.444781290602,91.36,99.6059544658494,-2.1611731752473986
2025-26,2,35,finals,8635,2026-05-24,4,7,新北國王,3,福爾摩沙夢想家,away,https://api.tpbl.basketball/api/games/8635/stats,31,75,18,36,13,39,16,19,11,36,47,14,6,5,19,18,0.41333333333333333,0.5,0.3333333333333333,0.8421052631578947,0.413,0.5,0.33299999999999996,0.8420000000000001,91,90,44,18,26,3,17,1,17,31,4,8,W,91.36,99.6059544658494,92.36,97.444781290602,2.1611731752473986
2025-26,2,35,finals,8636,2026-05-26,4,3,福爾摩沙夢想家,7,新北國王,home,https://api.tpbl.basketball/api/games/8636/stats,34,84,26,52,8,32,23,28,19,34,53,23,9,3,13,21,0.40476190476190477,0.5,0.25,0.8214285714285714,0.405,0.5,0.25,0.821,99,90,50,26,24,5,20,1,20,40,20,5,W,90.32,109.6102745792737,89.8,100.2227171492205,9.387557430053207
2025-26,2,35,finals,8636,2026-05-26,4,7,新北國王,3,福爾摩沙夢想家,away,https://api.tpbl.basketball/api/games/8636/stats,31,69,18,39,13,30,15,20,7,32,39,17,6,2,19,22,0.4492753623188406,0.46153846153846156,0.43333333333333335,0.75,0.449,0.462,0.433,0.75,90,99,38,21,17,5,20,2,21,30,5,6,L,89.8,100.2227171492205,90.32,109.6102745792737,-9.387557430053207
2025-26,2,35,finals,8637,2026-05-29,4,3,福爾摩沙夢想家,7,新北國王,away,https://api.tpbl.basketball/api/games/8637/stats,26,79,19,45,7,34,25,31,16,30,46,17,7,4,10,25,0.3291139240506329,0.4222222222222222,0.20588235294117646,0.8064516129032258,0.32899999999999996,0.42200000000000004,0.20600000000000002,0.8059999999999999,84,109,53,26,27,6,22,3,23,36,23,8,L,86.64,96.95290858725761,88.08,123.7511353315168,-26.798226744259196
2025-26,2,35,finals,8637,2026-05-29,4,7,新北國王,3,福爾摩沙夢想家,home,https://api.tpbl.basketball/api/games/8637/stats,36,71,23,41,13,30,24,32,8,38,46,24,4,3,11,24,0.5070422535211268,0.5609756097560976,0.43333333333333335,0.75,0.507,0.561,0.433,0.75,109,84,35,18,17,8,22,2,23,30,5,8,W,88.08,123.7511353315168,86.64,96.95290858725761,26.798226744259196
2025-26,2,35,finals,8638,2026-05-31,4,3,福爾摩沙夢想家,7,新北國王,away,https://api.tpbl.basketball/api/games/8638/stats,31,80,17,39,14,41,17,25,19,31,50,21,1,3,9,20,0.3875,0.4358974358974359,0.34146341463414637,0.68,0.38799999999999996,0.436,0.341,0.68,93,96,49,22,27,8,19,1,20,24,11,5,L,81.0,114.81481481481481,79.92,120.12012012012012,-5.3053053053053105
2025-26,2,35,finals,8638,2026-05-31,4,7,新北國王,3,福爾摩沙夢想家,home,https://api.tpbl.basketball/api/games/8638/stats,34,75,22,44,12,31,16,18,11,31,42,23,7,4,8,19,0.4533333333333333,0.5,0.3870967741935484,0.8888888888888888,0.45299999999999996,0.5,0.387,0.889,96,93,41,22,19,2,19,0,19,34,14,7,W,79.92,120.12012012012012,81.0,114.81481481481481,5.3053053053053105
2025-26,2,35,finals,8639,2026-06-02,4,3,福爾摩沙夢想家,7,新北國王,home,https://api.tpbl.basketball/api/games/8639/stats,35,69,20,30,15,39,20,23,7,38,45,24,9,4,15,22,0.5072463768115942,0.6666666666666666,0.38461538461538464,0.8695652173913043,0.507,0.667,0.385,0.87,105,69,34,10,24,3,21,1,22,34,10,6,W,87.12,120.52341597796142,86.68,79.6031379787725,40.920277999188926
2025-26,2,35,finals,8639,2026-06-02,4,7,新北國王,3,福爾摩沙夢想家,away,https://api.tpbl.basketball/api/games/8639/stats,26,67,19,42,7,25,10,22,9,28,37,15,10,0,19,23,0.3880597014925373,0.4523809523809524,0.28,0.45454545454545453,0.38799999999999996,0.452,0.28,0.455,69,105,41,23,18,12,20,3,23,32,4,4,L,86.68,79.6031379787725,87.12,120.52341597796142,-40.920277999188926
2025-26,2,35,finals,8640,2026-06-04,4,3,福爾摩沙夢想家,7,新北國王,away,https://api.tpbl.basketball/api/games/8640/stats,31,69,24,45,7,24,22,25,12,36,48,14,8,2,19,29,0.4492753623188406,0.5333333333333333,0.2916666666666667,0.88,0.449,0.5329999999999999,0.292,0.88,91,88,38,21,17,3,25,4,28,40,17,2,W,87.0,104.59770114942529,86.96000000000001,101.19595216191351,3.4017489875117803
2025-26,2,35,finals,8640,2026-06-04,4,7,新北國王,3,福爾摩沙夢想家,home,https://api.tpbl.basketball/api/games/8640/stats,26,65,17,33,9,32,27,34,7,28,35,11,8,2,14,26,0.4,0.5151515151515151,0.28125,0.7941176470588235,0.4,0.515,0.281,0.794,88,91,39,16,23,7,23,3,26,28,9,3,L,86.96000000000001,101.19595216191351,87.0,104.59770114942529,-3.4017489875117803
2025-26,2,35,finals,8641,2026-06-06,4,3,福爾摩沙夢想家,7,新北國王,home,https://api.tpbl.basketball/api/games/8641/stats,36,83,34,58,2,25,16,18,19,34,53,15,6,2,9,28,0.43373493975903615,0.5862068965517241,0.08,0.8888888888888888,0.434,0.586,0.08,0.889,90,78,47,24,23,2,25,3,28,56,11,8,W,80.92,111.22095897182402,81.2,96.05911330049261,15.161845671331406
2025-26,2,35,finals,8641,2026-06-06,4,7,新北國王,3,福爾摩沙夢想家,away,https://api.tpbl.basketball/api/games/8641/stats,24,72,17,42,7,30,23,30,15,29,44,14,5,4,11,21,0.3333333333333333,0.40476190476190477,0.23333333333333334,0.7666666666666667,0.33299999999999996,0.405,0.233,0.767,78,90,48,25,23,7,19,2,21,28,12,3,L,81.2,96.05911330049261,80.92,111.22095897182402,-15.161845671331406
