player_id,player_name_original,player_name_english,nationality,position,height_cm,weight_kg,games,minutes,mpg,pts_per36,reb_per36,ast_per36,ts_pct,fga,team_ids,usg_pct_raw,usg_pct,ast_pct_raw,ast_pct,tov_pct_raw,tov_pct,orb_pct_raw,orb_pct,drb_pct_raw,drb_pct,stl_pct_raw,stl_pct,blk_pct_raw,blk_pct,three_par_raw,three_par,ft_rate_raw,ft_rate,paint_pts_share_raw,paint_pts_share,fb_pts_share_raw,fb_pts_share,sc_pts_share_raw,sc_pts_share,pf_per36_raw,pf_per36,shot_self_jumper_share_raw,shot_self_jumper_share,shot_catch_jumper_share_raw,shot_catch_jumper_share,shot_drive_share_raw,shot_drive_share,shot_layup_share_raw,shot_layup_share,shot_rim_finish_share_raw,shot_rim_finish_share,shot_putback_share_raw,shot_putback_share,shot_floater_share_raw,shot_floater_share,shot_post_hook_share_raw,shot_post_hook_share,is_import,in_cluster_sample
10887,德魯,Drew Pember,Imported,SmallForwardAndPowerForward,210,95,37,1307.6166666666666,35.34099099099099,18.418241839478952,11.563021782632525,2.945817454146858,0.6368517249257483,417.0,4,0.21212310736425163,0.21401441980693983,0.14887172277859098,0.14975747279544802,0.129301770439626,0.12961250294890783,0.0538312653137516,0.05501096039817825,0.263105634486494,0.26115329945547755,0.0201010077874766,0.020123237274274196,0.030281483740131246,0.029823338540512355,0.5035971223021583,0.4784929449722705,0.5899280575539568,0.5615534442511559,0.39461883408071746,0.4066479286973952,0.16442451420029897,0.15730377973793255,0.08968609865470852,0.09744072602269446,2.4502593777483206,2.498427429435086,0.03117505995203837,0.04247884978515248,0.513189448441247,0.49478864653493315,0.15347721822541965,0.1482789895475564,0.1606714628297362,0.16458361211472414,0.09112709832134293,0.08581411600279526,0.02158273381294964,0.02344737350759029,0.02877697841726619,0.03726600948600146,0.0,0.003342403021246859,True,True
34,沃許本,Jason Washburn,Imported,Center,213,111,37,1229.85,33.23918918918919,19.026710574460303,11.211123307720454,1.609952433223564,0.6236567393306723,445.0,7,0.2225466579621625,0.22402382851935812,0.08661459143874933,0.09607165365566472,0.10785455043484216,0.11017232263527546,0.12219425302485279,0.1201603546587276,0.19671005801289604,0.19769991407455678,0.015132118885176599,0.015458539902273959,0.03182743475145208,0.031233681049420182,0.0449438202247191,0.07572501931044168,0.3887640449438202,0.38586335229267604,0.6923076923076923,0.672026436430615,0.06307692307692307,0.06687743975850889,0.22923076923076924,0.22189466272739472,2.07830223197951,2.152047594412553,0.10786516853932585,0.10943051751983708,0.20449438202247192,0.22379046415279827,0.056179775280898875,0.06282985745383049,0.2539325842696629,0.24654729302717507,0.1146067415730337,0.1067986798679868,0.058426966292134834,0.0558106874517239,0.15056179775280898,0.1441106663857875,0.05393258426966292,0.050681834140860894,True,True
68,克羅馬,Lasannah Kromah,Imported,SmallForward,198,91,34,1222.2833333333333,35.949509803921565,24.180972769543338,6.921472108212772,6.950925181013677,0.5488848478365513,637.0,5,0.3214777196010039,0.31775725041717834,0.36442248301420627,0.3365601536618487,0.15002045733509115,0.1489170920285926,0.031043127368158892,0.03334059259088948,0.15732459455697276,0.16008729323974136,0.040917834581569876,0.039713967160945614,0.01921912837137629,0.019556653527680323,0.21978021978021978,0.22703175717614496,0.3956043956043956,0.39291390661090586,0.4287454323995128,0.43571509277952164,0.12545676004872108,0.1229972597377486,0.06577344701583435,0.0743430674705862,2.7685888432851087,2.800357992915993,0.34379905808477235,0.32462325874823206,0.24803767660910517,0.2582699919614966,0.2684458398744113,0.2549915036071512,0.10518053375196232,0.11263469580878538,0.0141287284144427,0.017120994739359158,0.006279434850863423,0.008872879717533096,0.01098901098901099,0.018329822847665274,0.0031397174254317113,0.005156852569777263,True,True
107,霍爾曼,Aric Holman,Imported,PowerForward,208,100,36,1108.1333333333334,30.781481481481485,20.75923474912766,12.377571892672362,3.736012513536277,0.5664893617021277,498.0,3,0.2733833325935761,0.2720253694521054,0.20402931223526508,0.19681074817783148,0.15695067264573992,0.15495774548125327,0.09549871807009803,0.09469317279475009,0.25461950834666264,0.2526986316389504,0.020736967174647073,0.020720784064290402,0.05212633506088007,0.049630190972394045,0.41767068273092367,0.4054500622791632,0.30120481927710846,0.30799461094588065,0.4569640062597809,0.4625581343454089,0.06885758998435054,0.07207306122908413,0.14553990610328638,0.14740348232405864,3.248706533509806,3.251200377237079,0.10642570281124498,0.10799715295254073,0.45582329317269077,0.4462619792063855,0.09839357429718876,0.09987289966699713,0.20080321285140562,0.19983222756043623,0.06827309236947791,0.06618876941457587,0.028112449799196786,0.029004295991255497,0.018072289156626505,0.02648008337781845,0.024096385542168676,0.024362591829990593,True,True
16,米勒,Malcolm Miller,Imported,SmallForward,201,95,34,1100.5,32.36764705882353,18.351658337119492,9.715583825533848,2.420717855520218,0.5902280952781752,411.0,5,0.2188660422864717,0.22066423757283468,0.11923951241155087,0.12435805447887614,0.10876903458105168,0.1111931030541326,0.07391880908585362,0.07424554657314478,0.18703609663170864,0.18855272783151342,0.019625119335035537,0.019681890363921123,0.03964710406355284,0.03836164567078561,0.291970802919708,0.293505593952809,0.35523114355231145,0.3563927662586017,0.5383244206773619,0.5344450836105288,0.14260249554367202,0.1370055086173346,0.16934046345811052,0.1684603803291703,2.976828714220809,2.9977632711065505,0.13138686131386862,0.13006881390131153,0.340632603406326,0.3439791600789026,0.15815085158150852,0.15229103612353376,0.1897810218978102,0.1900347833943172,0.08029197080291971,0.07629157820240623,0.046228710462287104,0.044977488669045794,0.046228710462287104,0.05260273147520742,0.0072992700729927005,0.00975440815527548,True,True
10862,提傑,TJ Holyfield,Imported,SmallForwardAndPowerForward,203,100,34,1033.5166666666667,30.397549019607844,13.236361290738738,9.195787844092177,2.438277079872926,0.6021805273833671,279.0,4,0.17021028936328209,0.17521919059037144,0.11977093808092022,0.12508218448614258,0.17081887942815097,0.16563197234140023,0.06085846011327117,0.06193494238975922,0.19163406116241394,0.19304023955003638,0.02343546760603833,0.023226487870527033,0.024110821371966015,0.024080976279791198,0.3548387096774194,0.34584405531496476,0.2974910394265233,0.3093244628548714,0.5052631578947369,0.5056071708572804,0.06842105263157895,0.07352289352980758,0.16052631578947368,0.16083283432825687,3.204592733547274,3.210423021545508,0.0967741935483871,0.10106906002217618,0.41935483870967744,0.41007134040461096,0.06810035842293907,0.07589698529257934,0.3010752688172043,0.28172974330006906,0.05017921146953405,0.04995083579154376,0.025089605734767026,0.02709261700035566,0.021505376344086023,0.03473712839180736,0.017921146953405017,0.019452289796857675,True,True
10881,飛克,Viktor Gaddefors,Imported,SmallForwardAndPowerForward,201,98,32,1025.6,32.05,15.58502340093604,10.600624024960998,3.6154446177847115,0.60861936615857,297.0,6,0.18798788502200126,0.19178171629117577,0.17324026574720378,0.170775856133609,0.15517880303872522,0.15244061423424765,0.08364999684794243,0.08346453943049252,0.2115780193946518,0.2119233234828066,0.01780433216988617,0.01799486417427074,0.0044648774600428345,0.00640352640843342,0.10437710437710437,0.13793034944474242,0.5185185185185185,0.4926078232711524,0.7837837837837838,0.7415635469357805,0.14414414414414414,0.13706208210631962,0.18018018018018017,0.1774486713568667,2.527301092043682,2.5821812061697567,0.026936026936026935,0.042751852514055264,0.10437710437710437,0.14849911595844012,0.2053872053872054,0.18971730536186104,0.36363636363636365,0.33475177304964543,0.04713804713804714,0.047432306255835666,0.08754208754208755,0.07894789121322288,0.1447811447811448,0.13662713312275265,0.020202020202020204,0.02127262252418698,True,True
13906,班提爾,Benjamin Bentil,Imported,PowerForward,204,107,29,986.1166666666667,34.004022988505746,19.458143897780857,11.463146686497542,4.125272533675867,0.5410069021518473,409.0,3,0.26963457191497453,0.2683516414931653,0.2091597362366158,0.20087618259134385,0.15447991761071062,0.1524497299343816,0.0675312235984109,0.06826474181749884,0.253182056487418,0.25113664901279154,0.02379152603218762,0.02354397708889831,0.007645428102257601,0.009233298377716416,0.38141809290953543,0.3715162787884287,0.46454767726161367,0.4517291959654614,0.34896810506566606,0.36962365186680096,0.0450281425891182,0.051909512273591335,0.1200750469043152,0.1255841823670443,3.468149475214224,3.4544620271777156,0.10757946210268948,0.10930151673244717,0.4767726161369193,0.46271681108137125,0.09535452322738386,0.09750336463578763,0.1687041564792176,0.1716554008075126,0.014669926650366748,0.01904761904761905,0.012224938875305624,0.01531854405782637,0.09535452322738386,0.09547097340047483,0.029339853300733496,0.02898577023696109,True,True
8889,馬可,Marko Todorovic,Imported,Center,208,113,29,974.0666666666667,33.58850574712644,22.84032578194511,13.748545616316473,2.8827595647115185,0.602715143949442,415.0,6,0.2682898535104551,0.2671131691578099,0.15053404606486553,0.15143829513302215,0.1305792972459639,0.1307785316707204,0.1335389904977819,0.13048735106111226,0.24561730180581307,0.24400479222403076,0.02552278996824968,0.025151169936046637,0.024089100996184696,0.024056419984582515,0.26987951807228916,0.2741918626353117,0.5349397590361445,0.513391564016424,0.540453074433657,0.5366465595907579,0.06634304207119741,0.0699434541886984,0.20711974110032363,0.20198152405587128,4.176305523235918,4.108715016325295,0.03614457831325301,0.0468682344158268,0.2891566265060241,0.2989772303098171,0.09397590361445783,0.09627174318775662,0.2289156626506024,0.22422396416573348,0.033734939759036145,0.03564912280701754,0.07228915662650602,0.06775662560656961,0.16626506024096385,0.15742291899962674,0.07951807228915662,0.0728301605076521,True,True
10880,內馬,Nemanja Radovic,Imported,SmallForwardAndPowerForward,208,113,30,943.1833333333333,31.439444444444444,22.2141329893446,10.954392041137282,1.9465992825714338,0.5731054041279344,462.0,6,0.26220542499206484,0.26139161318008436,0.10559818481551592,0.11426520780012223,0.08800919606293556,0.09236039376067454,0.09780590628884897,0.09677212218672641,0.2121611743982106,0.21250663250261592,0.019345218994941564,0.019433007042287346,0.029445067823339815,0.028825060057186824,0.2748917748917749,0.27823972174669165,0.22510822510822512,0.24111301323333606,0.6116838487972509,0.5990623845836087,0.09106529209621993,0.09187391393309892,0.17697594501718214,0.175201063128396,3.931367178526621,3.8808876299861046,0.032467532467532464,0.042648297600608676,0.3008658008658009,0.30845629194858837,0.045454545454545456,0.05312083910763294,0.2619047619047619,0.25384364555310995,0.004329004329004329,0.009450830140485313,0.021645021645021644,0.023341757017472355,0.21861471861471862,0.2045515067525339,0.11471861471861472,0.10458683187956849,True,True
13029,杰倫,Jalen Harris,Imported,PointGuardAndShootingGuard,193,88,26,937.8166666666667,36.069871794871794,24.490927508930316,6.410634630080506,4.721605146706001,0.6031613976705491,473.0,7,0.2995041666878228,0.29604072792555663,0.26180792622314125,0.24326065527894747,0.11688485172321668,0.1183283700458864,0.021345608098224122,0.02506309727473678,0.159127130346937,0.1626794189606672,0.018665641522819396,0.01880846756945243,0.012340790060522005,0.013406706502811396,0.4334038054968288,0.41883890197330775,0.26849894291754756,0.27928891727542476,0.3401253918495298,0.35874554121775626,0.109717868338558,0.10838514070154802,0.05799373040752351,0.06961435068384145,2.9174145621923255,2.9463651360342715,0.266384778012685,0.25002328583023964,0.4376321353065539,0.4296701395819196,0.17124735729386892,0.16459489308477374,0.035940803382663845,0.05348289489441539,0.0507399577167019,0.050531582238899315,0.006342494714587738,0.0097268239458172,0.02959830866807611,0.03710297659441406,0.0021141649048625794,0.004867403829521111,True,True
106,高柏鎧,Brandon Gilbeck,Imported,Center,213,107,30,885.2166666666667,29.50722222222222,14.762487526594242,12.15973490482556,0.7726921845875774,0.6463675213675213,217.0,3,0.17340602658145268,0.17882826036207536,0.037860873307389464,0.057511172043007416,0.176056338028169,0.16957134844269867,0.12909687831615677,0.12588108188297117,0.2107612878318197,0.21119920722973315,0.01411106034623727,0.014628201230516936,0.070764937284773,0.06565481822567124,0.059907834101382486,0.11278387997029982,0.6682027649769585,0.6023862559848426,0.7052341597796143,0.6694792293326162,0.03856749311294766,0.04925627770589501,0.2892561983471074,0.26632754806094394,5.164837233822228,5.009092474789373,0.055299539170506916,0.06953939114627339,0.09216589861751152,0.15167575594643726,0.03225806451612903,0.049563458534961725,0.24423963133640553,0.23287502880405564,0.2672811059907834,0.21997593261131168,0.17511520737327188,0.14507002585964102,0.07834101382488479,0.08222341705712165,0.055299539170506916,0.04907699004019766,True,True
10890,湯普金斯,Trey Thompkins III,Imported,PowerForward,208,105,27,864.35,32.012962962962966,18.11766066986753,10.245849482269914,2.9987852143229015,0.58637981235846,341.0,3,0.22566642214868243,0.22745236927735535,0.15402671103650112,0.15439625771143062,0.12708274498729172,0.12778230729983014,0.06145190364341508,0.06274036429861743,0.224302808791869,0.22388140768190243,0.025664182508457596,0.025229904444926548,0.019474114388446036,0.019940410857748465,0.4809384164222874,0.4544666702039228,0.19941348973607037,0.22409225164040253,0.4091954022988506,0.424425822513299,0.04367816091954023,0.05207870101691551,0.19080459770114944,0.18637495881747215,3.0404350089662753,3.06121622443086,0.11436950146627566,0.11536760934543074,0.6304985337243402,0.5910578164517784,0.02346041055718475,0.036730867865796504,0.15542521994134897,0.1608637979519287,0.01466275659824047,0.019783873649210307,0.02346041055718475,0.025397499159901665,0.026392961876832845,0.03684759731875984,0.011730205278592375,0.013950938257193894,True,True
10860,麥卡洛,Chris McCullough,Imported,PowerForward,206,91,26,733.6333333333333,28.216666666666665,21.051388068517426,13.298196192466719,1.9137625516834023,0.5399214659685865,348.0,5,0.2772886571794272,0.27497022967612694,0.100939840502111,0.11228593711581618,0.1177045393977081,0.11947204761274914,0.0998573122992175,0.09834818997658187,0.2567873090292246,0.2539816882773439,0.02800948167637215,0.027294919293944925,0.04304106414547655,0.040756524413083674,0.1867816091954023,0.20402238909748296,0.3218390804597701,0.3280906688916701,0.6060606060606061,0.5905290738592318,0.13986013986013987,0.13324269356328386,0.1958041958041958,0.19053654968761918,3.1405334181471214,3.154811186293518,0.10919540229885058,0.11093728271450423,0.3045977011494253,0.3137602558753998,0.09482758620689655,0.09737519121123626,0.25862068965517243,0.24879015435961618,0.1235632183908046,0.11258169934640523,0.05459770114942529,0.05192254206647198,0.05459770114942529,0.06072521207064386,0.0,0.003907662355722431,True,True
32,奧帝,Austin Daye,Imported,PowerForward,207,91,30,732.0833333333334,24.40277777777778,18.34217416050085,9.490722822993739,3.8356289129197494,0.5709649767327946,291.0,7,0.2454734959389656,0.24586047757498009,0.19396451236886417,0.18642853654702668,0.14411487265485798,0.1425690527484685,0.01143298356210879,0.01686490339233067,0.25062703799107,0.24815510985357303,0.01304751188025791,0.013777554182119404,0.010906085538928193,0.012449563241760296,0.584192439862543,0.5362995292073306,0.27835051546391754,0.2930512618455881,0.24128686327077747,0.2882545222833311,0.05630026809651475,0.06362148128854633,0.08847184986595175,0.10150795538851691,5.900967558338076,5.643336531400244,0.13745704467353953,0.1346507445798226,0.6391752577319587,0.5926330039805217,0.030927835051546393,0.04481218807459942,0.06872852233676977,0.08976177486815785,0.006872852233676976,0.014055080721747389,0.003436426116838488,0.009072356590087087,0.10652920962199312,0.10477460548382535,0.006872852233676976,0.010240245701238609,True,True
10861,迪亞洛,Cheick Diallo,Imported,PowerForward,203,99,26,712.2,27.392307692307693,24.465037910699238,14.50716090985678,1.7186183656276326,0.6335741962509164,323.0,5,0.27969178616649976,0.27712238671855915,0.09481068363034291,0.10818001894880175,0.14158576051779936,0.1405342927278074,0.13786632710700913,0.13324834235001218,0.24763875267025834,0.24549147662326734,0.012172884678595714,0.01297974519923392,0.029434938379889097,0.028766618190875236,0.0030959752321981426,0.05023794974353277,0.4148606811145511,0.40694776216136136,0.7520661157024794,0.7173391819048741,0.15289256198347106,0.14507186351721893,0.2396694214876033,0.22869344643793996,3.0328559393428813,3.0583937661465317,0.058823529411764705,0.0685702646149288,0.13312693498452013,0.16974982871321964,0.07120743034055728,0.07762161361405848,0.38699690402476783,0.3564135325815232,0.0804953560371517,0.07554395126196693,0.04643962848297214,0.044867877710497564,0.21052631578947367,0.1926263355739496,0.01238390092879257,0.01460659592985575,True,True
51,克力斯,Kristijan Krajina,Imported,Center,208,111,22,671.2333333333333,30.51060606060606,15.392560957441525,12.603664895466057,2.7352634453990166,0.5285061873895109,257.0,2,0.21598382648185518,0.21910352405321387,0.14618735407386696,0.1484010044802995,0.15022533800701052,0.14746046705268137,0.09661076824085194,0.0952681487552626,0.288667252085103,0.2821095524779307,0.016508146828438666,0.01692834116849743,0.009591191617548225,0.011545551536275142,0.1556420233463035,0.18372597713493075,0.12840466926070038,0.17306306910978364,0.7526132404181185,0.6991261542080354,0.05574912891986063,0.06490607908368252,0.24041811846689895,0.22338720379018573,2.5743655956696627,2.6501214112898115,0.038910505836575876,0.054455556301317765,0.19066147859922178,0.22401950913931584,0.04669260700389105,0.059082265028972854,0.1517509727626459,0.15932612927042084,0.01556420233463035,0.021871713985278655,0.0311284046692607,0.03212743584580621,0.4669260700389105,0.39676935812246905,0.058365758754863814,0.052348032306418775,True,True
10888,帕塞獅,Anzejs Pasecniks,Imported,Center,216,103,23,663.1,28.830434782608698,13.898356205700498,9.283667621776504,2.1173277032121853,0.5522001725625539,201.0,4,0.18562046030965076,0.1917335195182935,0.11571019294303808,0.12495710111256177,0.12462235649546827,0.12612129450687692,0.096422934458551,0.0950595420077265,0.15720293603168722,0.16206562832518576,0.016004743806064117,0.016485634269347522,0.044719871927255676,0.04200228079479727,0.03482587064676617,0.0967093285508546,0.3482587064676617,0.3519578272329556,0.8671875,0.7814860077212767,0.05078125,0.06196586614199848,0.2421875,0.2231639993779707,4.071784044638818,3.987161272428048,0.029850746268656716,0.0508138365805277,0.05970149253731343,0.13032254558300047,0.05472636815920398,0.06792750197005515,0.3383084577114428,0.3046221570066031,0.1044776119402985,0.09169859514687101,0.07462686567164178,0.06584060215755007,0.208955223880597,0.1830493736583245,0.12935323383084577,0.10572538789706802,True,True
10867,威力斯,Darral Willis,Imported,PowerForward,206,103,18,581.1,32.28333333333333,25.70986060918947,14.001032524522456,2.106350025813113,0.5653334786399302,316.0,8,0.3112331329270309,0.30496093615278586,0.1255358712603245,0.13378415258417115,0.10486781777387572,0.1084252328649341,0.09729825434262995,0.09573581515724756,0.29572359009115534,0.2882744999268284,0.021235466842605886,0.021148338808921297,0.012981041323273124,0.014669036946295247,0.2310126582278481,0.24266259242492833,0.3670886075949367,0.36665157688245054,0.5397590361445783,0.5345036335239374,0.15421686746987953,0.1450919818660838,0.14698795180722893,0.1494608157393902,3.345379452762003,3.338162973137623,0.06329113924050633,0.07250641315829183,0.41455696202531644,0.4069526180775615,0.12974683544303797,0.126939037271767,0.1930379746835443,0.19283612494341332,0.07278481012658228,0.06897163120567376,0.06645569620253164,0.061660630752980235,0.05063291139240506,0.05791459182133696,0.00949367088607595,0.012218952768975404,True,True
10869,基德,Stanton Kidd,Imported,SmallForward,202,101,17,577.7666666666667,33.98627450980392,22.555818381122712,7.8509202100040385,2.6792822938902674,0.5329172064538924,304.0,8,0.2939051192102543,0.28933450260139265,0.15125532433942057,0.15252218424784003,0.10771332492643969,0.11112063465830073,0.048069221694721394,0.051171439011052526,0.18013778978832007,0.18383934082686648,0.023244357699599424,0.022918889035715453,0.01374218154025916,0.015212437210036338,0.4967105263157895,0.4649481723949809,0.26644736842105265,0.2825851453511028,0.281767955801105,0.32257759862974883,0.08287292817679558,0.08556681227084047,0.1408839779005525,0.144758153373299,2.8662089655570298,2.917234391437616,0.19078947368421054,0.17929233886680696,0.5986842105263158,0.5604785285636349,0.0625,0.07068428025874834,0.08223684210526316,0.10029226093055882,0.003289473684210526,0.010805860805860807,0.003289473684210526,0.008748343854726833,0.05921052631578947,0.06531836957368872,0.0,0.004380017145974593,True,True
14038,飛米,Olufemi Olujobi,Imported,SmallForwardAndPowerForward,206,112,19,576.65,30.349999999999998,20.851469695655947,8.740136998179139,2.1226046995577907,0.6070078511195115,232.0,7,0.25861238488082183,0.2576650075850008,0.1095355923557759,0.12088743415785579,0.1378791677112058,0.13706529978854617,0.05530088417409026,0.05778179769398715,0.19823304772673372,0.20013688376311564,0.01005060862145776,0.011309136330637692,0.00524277570992887,0.00799914329060467,0.3706896551724138,0.3569901875060721,0.4224137931034483,0.4104828524239775,0.3592814371257485,0.38787270191871737,0.09880239520958084,0.0986003164823949,0.0718562874251497,0.08933116857729023,2.871759299401717,2.922195296644,0.21551724137931033,0.19610414845040317,0.4267241379310345,0.41443213834644904,0.08189655172413793,0.0881132808704945,0.15517241379310345,0.16269309239288837,0.017241379310344827,0.023744292237442923,0.01293103448275862,0.017754784805207424,0.09051724137931035,0.09169824152336539,0.0,0.00546002137374915,True,True
10875,傑登,Jayden Gardner,Imported,SmallForwardAndPowerForward,201,104,18,552.8666666666667,30.714814814814815,19.79500783793561,11.720728325093454,2.018569878210539,0.5345336896891264,243.0,7,0.2518019638674121,0.25159892744336,0.10576035471237652,0.11857169213284001,0.11513567338810057,0.1179048574990393,0.11764044112126638,0.11421213424063958,0.20987142150564597,0.2106800953034564,0.014752565498286555,0.015449896718130424,0.013880000511952324,0.015342444895356194,0.1440329218106996,0.1757133160124523,0.3868312757201646,0.3823795145471994,0.6710526315789473,0.6369252567561171,0.1118421052631579,0.10890763287424866,0.2993421052631579,0.2707893327890577,3.7115639696129263,3.6577365556851613,0.10699588477366255,0.10977693514032254,0.2551440329218107,0.27727453596423474,0.102880658436214,0.10471642908971748,0.23868312757201646,0.22939400323011025,0.02880658436213992,0.03278327832783278,0.0411522633744856,0.040212531891487026,0.2222222222222222,0.19728015354726963,0.00411522633744856,0.008562132809025584,True,True
14843,馬力,Marin Marić,Imported,Center,211,113,18,544.6166666666667,30.256481481481483,20.227071028552192,13.550815558343789,2.776264650977752,0.5629967618486901,226.0,4,0.2687618186170052,0.2666230739347367,0.15168368133886934,0.15286174488850476,0.13934633899163923,0.1382909209490995,0.09911694747853733,0.0972097599603305,0.2769376175495044,0.27110442046292854,0.021293460504045247,0.021191836982055547,0.018839857288081043,0.01962168084424141,0.25663716814159293,0.2665773942369687,0.46017699115044247,0.44007340177552945,0.5032679738562091,0.5040914471356192,0.12745098039215685,0.1212967124966619,0.16666666666666666,0.16575933624610922,3.9660923585396457,3.878954358472582,0.030973451327433628,0.049868571145166886,0.29646017699115046,0.31123840698308786,0.07079646017699115,0.07947230074889648,0.3185840707964602,0.29198036006546646,0.035398230088495575,0.03822843822843823,0.03982300884955752,0.039106283787134856,0.11504424778761062,0.1111044983385409,0.09292035398230089,0.07900114070326836,True,True
104,貝奇,Beau Beech,Imported,SmallForwardAndPowerForward,203,95,18,466.4166666666667,25.912037037037038,18.601393603716275,8.79899946399857,1.9296051456137218,0.5881491604841859,182.0,6,0.2126135561731934,0.2172411224882845,0.08271355606255902,0.10096353317164011,0.08893632159373889,0.09816131864586361,0.048736362125939195,0.05242928001806974,0.19394705983108687,0.19661912117572222,0.02730707377913183,0.026347648271407082,0.014978001060941742,0.01673464056541301,0.6978021978021978,0.6001699783131118,0.2857142857142857,0.30521071449504716,0.15767634854771784,0.24479532272382865,0.15767634854771784,0.1427430873012819,0.16597510373443983,0.16505639810279799,4.862604966946578,4.631739286029493,0.13186813186813187,0.1291835179649493,0.6428571428571429,0.574438778500674,0.07142857142857142,0.08152511576109255,0.06593406593406594,0.09713381396166697,0.016483516483516484,0.024517906336088156,0.038461538461538464,0.0379520543930602,0.03296703296703297,0.04866068811910205,0.0,0.006588124963366743,True,True
13907,梅克,Makur Maker,Imported,Center,208,107,11,430.93333333333334,39.17575757575758,24.05940594059406,11.946163366336634,3.090965346534653,0.5671971009925949,209.0,8,0.3179647486094052,0.3084845075348228,0.17914362086646604,0.17163398177166905,0.13903960933260986,0.13797395304281343,0.08266977443781683,0.08236480020622963,0.2635460947237401,0.257696508052701,0.01347623359009075,0.014565333765661517,0.017433293439685648,0.018697069959479187,0.4449760765550239,0.41353581692108937,0.4880382775119617,0.46044978776134354,0.2847222222222222,0.33309592009333966,0.052083333333333336,0.062012312564433396,0.12152777777777778,0.1303888689972776,2.589727722772277,2.6987073490500055,0.2535885167464115,0.2240238340056421,0.4784688995215311,0.4535843286139893,0.09090909090909091,0.09564713016425426,0.09090909090909091,0.11340662817369296,0.03827751196172249,0.04064436183395291,0.0,0.008120435550634079,0.03827751196172249,0.05121147406997285,0.009569377990430622,0.013361807587861532,True,True
12908,布里茲克,Bogdan Bliznyuk,Imported,SmallForward,198,98,11,424.3,38.57272727272727,21.211407023332548,8.73909969361301,6.024039594626443,0.5690094683175528,199.0,2,0.2631461183092202,0.2613150032376223,0.3372760906168696,0.2789358232311787,0.10945354305172693,0.11400872719392731,0.059037498480937,0.0616654752599111,0.20604689929609055,0.2076472526477219,0.024785203605485383,0.024112219753991727,0.012200874546281977,0.014470488606884688,0.23618090452261306,0.2518962731728689,0.23618090452261306,0.2658725594895808,0.592,0.5714524199828757,0.12,0.1146076697688227,0.152,0.15449425391211563,1.2726844213999529,1.5920276453327042,0.15577889447236182,0.1477313179440839,0.3015075376884422,0.3166570826145294,0.23618090452261306,0.20744817766094362,0.1457286432160804,0.15639530107615215,0.02512562814070352,0.03063063063063063,0.03015075376884422,0.03159998904679756,0.10050251256281408,0.09952079739313782,0.005025125628140704,0.010016703633724911,True,True
14845,恩多,Youssoupha Ndoye,Imported,Center,213,113,13,416.3833333333333,32.02948717948718,16.427170475923628,13.57403034063163,1.7291758395709083,0.5689985625299473,130.0,8,0.21345543040919232,0.2186845451253171,0.09252848544041792,0.11264402970143425,0.12568077084206117,0.12736769387883976,0.0783205943390935,0.07856289182994476,0.3048284831734677,0.29371292639998836,0.011464482352525932,0.012912674357031731,0.01737555063516429,0.01864745643264283,0.14615384615384616,0.19600597237775289,0.6461538461538462,0.5571631205673759,0.5578947368421052,0.5428862910901814,0.07894736842105263,0.08452048527300551,0.2789473684210526,0.24438186589258576,2.5937637593563627,2.7052873280890766,0.06923076923076923,0.08559163867114596,0.36923076923076925,0.36849570735349013,0.023076923076923078,0.05120567375886525,0.3230769230769231,0.2816125419932811,0.05384615384615385,0.05228070175438597,0.06923076923076923,0.058865248226950356,0.06923076923076923,0.0777678238148563,0.023076923076923078,0.02418066442702501,True,True
10894,凱帝,Cady Lalanne,Imported,Center,208,112,12,360.1166666666667,30.009722222222223,18.893876984310637,11.396306752441337,1.599481649465451,0.5230241310604383,149.0,2,0.25808585851099547,0.25676848797732565,0.09192869699134748,0.11535343524936444,0.1085454904282613,0.11407109964913059,0.09364390367798538,0.09168981580523024,0.23365504279520058,0.23130754164989814,0.012996642965683947,0.01433112557650848,0.025629391712387244,0.025217591988431636,0.35570469798657717,0.34086667345345956,0.48322147651006714,0.4490956598459398,0.48677248677248675,0.49285984607564676,0.08994708994708994,0.09226963205840702,0.20634920634920634,0.19324573899999314,3.398898505114083,3.378330461335137,0.12080536912751678,0.12087278156707049,0.44966442953020136,0.4259051885031728,0.04697986577181208,0.06568936848892055,0.18791946308724833,0.18902575587905937,0.040268456375838924,0.04274322169059011,0.020134228187919462,0.024805728053208458,0.09395973154362416,0.09462146662594591,0.040268456375838924,0.036336489192032306,True,True
12668,歐提斯,Chris Ortiz,Imported,PowerForward,203,102,12,314.95,26.245833333333334,16.68836323225909,6.858231465311954,1.9431655818383873,0.4820390913893291,140.0,2,0.26151036582238185,0.2594128683853786,0.10751908925006753,0.12634995396245244,0.15131136516476126,0.146637294312337,0.03591555762644419,0.04317197647318684,0.17664863295087838,0.18395697534038477,0.023400748615020422,0.02281762836126226,0.010054520170135514,0.013497772996981136,0.44285714285714284,0.40120567375886523,0.18571428571428572,0.2393049645390071,0.4246575342465753,0.4538907017449071,0.14383561643835616,0.12752447355624552,0.10273972602739725,0.12381904332300069,2.9719003016351806,3.035471683861964,0.09285714285714286,0.10131205673758865,0.5357142857142857,0.4850709219858156,0.12142857142857143,0.11864539007092198,0.12142857142857143,0.14253191489361702,0.03571428571428571,0.03966666666666667,0.02142857142857143,0.025921985815602837,0.05714285714285714,0.06887943262411347,0.014285714285714285,0.017971631205673758,True,True
14844,杭特,Hunter Maldonado,Imported,PointGuardAndShootingGuard,198,95,9,311.1166666666667,34.568518518518516,23.952429420903197,6.942733165479187,7.058445384903841,0.5295742939009415,162.0,2,0.3293888010891493,0.3148831939220738,0.4046423948402202,0.3055324061358607,0.11741329479768786,0.12068006131265502,0.04427079161412241,0.05000263426853926,0.1620288449254281,0.17174947568658758,0.01877309450589806,0.01912341401314123,0.003391691923332985,0.008553257373704572,0.2962962962962963,0.29838348987285157,0.4691358024691358,0.44081528336847486,0.5024154589371981,0.5037606222799617,0.043478260869565216,0.05860812203383794,0.0821256038647343,0.10447074491636987,1.9671077302191033,2.2368250092673527,0.21604938271604937,0.1903712222861159,0.345679012345679,0.3514152450322663,0.2839506172839506,0.23751836943326304,0.06790123456790123,0.10138010350776308,0.012345679012345678,0.022222222222222223,0.0,0.009839626860903457,0.05555555555555555,0.06655804740911124,0.018518518518518517,0.02069516324835474,True,True
4181,艾德,Edgaras Zelionis,Imported,PowerForward,208,100,9,309.98333333333335,34.4425925925926,20.67207914404,9.871498467659551,2.4388407978923596,0.5407047387606319,147.0,2,0.2662145846034372,0.26328189605858926,0.13607494732235073,0.14395802056931428,0.09857612267250822,0.1070247174601551,0.08923168743807924,0.08782614137329402,0.1928316529553808,0.19709740567086084,0.011985398375398524,0.013723673321519778,0.014058426481327688,0.01658441185908087,0.41496598639455784,0.38280741425977316,0.272108843537415,0.2988453763661904,0.4943820224719101,0.4983693743967015,0.03932584269662921,0.05744391869655615,0.20786516853932585,0.19373296043022542,2.787246626162697,2.8895069230512824,0.02040816326530612,0.04957686641312913,0.42857142857142855,0.41069654298146435,0.08843537414965986,0.09530955562407921,0.2925170068027211,0.2633158598005962,0.02040816326530612,0.028663446054750404,0.013605442176870748,0.02021447904889163,0.10204081632653061,0.10036660156919176,0.034013605442176874,0.03185664850789735,True,True
10870,洛夫頓,Zach Lofton,Imported,ShootingGuard,193,82,9,308.4,34.266666666666666,26.26459143968872,4.552529182879378,5.019455252918288,0.5580357142857143,184.0,8,0.3228123522020156,0.31033298293221634,0.2821479858344819,0.2322180602493705,0.14066496163682865,0.13905022557988334,0.026755481819921212,0.03484732428663816,0.10345166227180096,0.123045212367626,0.011578976211371363,0.013350819482129146,0.010998230920914261,0.014424807312190202,0.45652173913043476,0.41902104406464363,0.21739130434782608,0.2535286594582025,0.35555555555555557,0.39534196260442295,0.057777777777777775,0.06826403614331636,0.11555555555555555,0.12781345505245298,2.3346303501945527,2.530534350003303,0.2608695652173913,0.22648529240785953,0.4076086956521739,0.39759911638181605,0.23369565217391305,0.20380769677944424,0.04891304347826087,0.08404255319148936,0.005434782608695652,0.016120218579234975,0.0,0.008952447389838391,0.043478260869565216,0.05645855133124055,0.0,0.006534123939076852,True,True
10889,恩尼斯,James Ennis III,Imported,SmallForward,198,105,9,268.93333333333334,29.881481481481483,20.079325731284083,11.244422409519087,4.149727317798711,0.5952380952380952,104.0,3,0.2492156838285843,0.24934650529190916,0.22783849072217058,0.19745876156007583,0.16,0.15221045931349345,0.07126564975009482,0.07298309303497219,0.24381329730754722,0.23908349203270957,0.02654721107978015,0.025206272078324925,0.019283428520987942,0.020532583921022016,0.3942307692307692,0.3612264314132503,0.4807692307692308,0.4381767860231794,0.48,0.4894752112797783,0.16666666666666666,0.14269796097265863,0.07333333333333333,0.10427436430868763,4.685176003966286,4.364328070905472,0.0673076923076923,0.08696592285071787,0.41346153846153844,0.39642795364123856,0.11538461538461539,0.11420169520844144,0.2692307692307692,0.24089257913855736,0.028846153846153848,0.036178861788617886,0.038461538461538464,0.037709738799515655,0.038461538461538464,0.05960906417574814,0.028846153846153848,0.02801418439716312,True,True
13777,布依德,Julian Boyd,Imported,PowerForward,201,104,9,246.88333333333333,27.43148148148148,20.26868291365692,9.915614662796193,2.478903665699048,0.5968739264857438,105.0,3,0.2285757126132266,0.2329814864111363,0.14000611954852601,0.14728520528883157,0.11412051125989045,0.1199550587956207,0.08690356666721531,0.08562163166249111,0.16931887749559385,0.17807898426125363,0.028430652519295684,0.026577026826759283,0.015548761970319678,0.01785040983388141,0.2761904761904762,0.2863099075865033,0.24761904761904763,0.29006662368364494,0.5755395683453237,0.5505904045404064,0.10071942446043165,0.09963712796215292,0.12949640287769784,0.14147535977624728,4.374535880645379,4.1080697747655615,0.0761904761904762,0.09249946271222867,0.3904761904761905,0.38190414786159466,0.10476190476190476,0.1074489576617236,0.2571428571428571,0.23337201805286914,0.06666666666666667,0.0602020202020202,0.0380952380952381,0.03748119492800344,0.047619047619047616,0.0653084031807436,0.01904761904761905,0.021783795400816677,True,True
10868,齊曼加,Jordy Tshimanga,Imported,Center,211,122,8,226.6,28.325,14.13945278022948,16.20476610767873,1.1120917917034423,0.599407327586207,54.0,8,0.19215965492093828,0.2048517908630279,0.05051780418327399,0.0947849433413928,0.27386541471048514,0.22167280852954652,0.18616675376047329,0.1647147762325892,0.27729325113144326,0.2640190852834336,0.03179854939938844,0.028925292072356296,0.05062053600594552,0.04159712076527899,0.018518518518518517,0.1687818837874829,0.8518518518518519,0.5952718676122931,0.6966292134831461,0.6069780981914142,0.056179775280898875,0.07586113031781945,0.43820224719101125,0.30759233012424947,5.242718446601941,4.732092438164653,0.05555555555555555,0.09002115217120817,0.09259259259259259,0.2369665297996765,0.05555555555555555,0.08534278959810875,0.24074074074074073,0.21496827174318775,0.037037037037037035,0.04327485380116959,0.18518518518518517,0.10688067686947866,0.25925925925925924,0.17347268881423417,0.07407407407407407,0.04907303720293642,True,True
13400,史東,Diamond Stone,Imported,Center,208,132,8,200.33333333333331,25.041666666666664,21.743760399334445,9.524126455906824,0.8985024958402663,0.5496002906976745,96.0,8,0.27364666728859854,0.2676273007528236,0.051523153216976876,0.10460809275908588,0.09084902543772712,0.10472827731297564,0.09674356766657413,0.09287515577239225,0.17684507093127208,0.1865729899407341,0.01546774902717884,0.01686877569956377,0.02310854920034791,0.023318104262139563,0.34375,0.32846881251136567,0.3333333333333333,0.3452627750500091,0.38016528925619836,0.43074277907636316,0.04132231404958678,0.06378373643637555,0.21487603305785125,0.19394579000496595,3.953410981697172,3.762875891348214,0.052083333333333336,0.07860520094562648,0.5520833333333334,0.4808601563920713,0.052083333333333336,0.07518639752682306,0.21875,0.20837424986361158,0.010416666666666666,0.025213675213675214,0.0625,0.052464084378978,0.052083333333333336,0.06907619567194036,0.0,0.01022004000727405,True,True
867,桑尼,Sani Sakakini,Imported,PowerForward,204,102,5,195.2,39.04,22.684426229508198,9.774590163934427,2.3975409836065573,0.5795326045985676,96.0,7,0.2605872452484609,0.25798898599145204,0.12255151876690562,0.13884254284797917,0.13101867016049787,0.13158464998810468,0.06926081533979439,0.07163676152921233,0.21373991005215295,0.2147503206515213,0.012878907264462324,0.015000565966540653,0.005258623398228274,0.011638775958543285,0.5,0.4246226586652118,0.23958333333333334,0.2875704673577014,0.3252032520325203,0.3969423576076305,0.08943089430894309,0.09271197548626349,0.21138211382113822,0.1920349940443259,3.504098360655738,3.4406233340889636,0.09375,0.10424622658665211,0.5625,0.4872704128023277,0.0625,0.08159665393707947,0.19791666666666666,0.19555373704309875,0.0,0.018803418803418806,0.010416666666666666,0.020412802327695944,0.07291666666666667,0.08189670849245317,0.0,0.01022004000727405,True,False
10876,尚迪,Chaundee Brown Jr.,Imported,PointGuardAndShootingGuard,196,98,7,191.88333333333333,27.41190476190476,14.633892121949101,9.193086076609053,1.68852601407105,0.4458161865569273,80.0,7,0.23044853761081308,0.23531206585591388,0.0800575722664756,0.11586703455315932,0.15461925009663702,0.1465879401506828,0.08132187917322757,0.08107455314085028,0.16633067245166286,0.1785531940849594,0.015698629912976172,0.01704960129573673,0.010391897206816797,0.01496678938074058,0.4,0.3588652482269503,0.2125,0.2775785207700101,0.48717948717948717,0.4973373328756266,0.24358974358974358,0.16975019635260435,0.1282051282051282,0.1454626822215073,3.1894380265786504,3.217775546648499,0.0875,0.10187436676798378,0.525,0.4572441742654509,0.1375,0.12663627152988854,0.075,0.12504559270516719,0.05,0.049523809523809526,0.05,0.04417426545086119,0.0625,0.07697061803444782,0.0125,0.018530901722391083,True,False
14303,喬丹,Jordan Tolbert,Imported,SmallForwardAndPowerForward,201,104,5,171.36666666666667,34.27333333333333,15.125461972378913,12.604551643649096,3.151137910912274,0.5909389363099147,53.0,7,0.18478538375856,0.2034534679377822,0.1350375573206298,0.14502719662497077,0.11607661056297155,0.12383025485443394,0.1483363664457645,0.12990754021850517,0.20774557578866376,0.21031715871013082,0.009024637259719033,0.012590145687238192,0.02196574335545797,0.02260585834015188,0.11320754716981132,0.21452331638737213,0.33962264150943394,0.3527521496265612,0.6111111111111112,0.5564427539101908,0.16666666666666666,0.13039823041915452,0.1388888888888889,0.15120463020393524,3.7813654930947282,3.623628994329463,0.03773584905660377,0.08196824201343124,0.24528301886792453,0.30986003891294794,0.07547169811320754,0.09494759304587962,0.18867924528301888,0.19032197326303898,0.20754716981132076,0.12330383480825959,0.05660377358490566,0.045879620912571396,0.1320754716981132,0.11306094269754598,0.05660377358490566,0.04065775434632524,True,False
13399,賽克維奇,Rade Zagorac,Imported,PowerForward,205,100,7,166.55,23.792857142857144,22.263584509156406,10.807565295706993,3.242269588712098,0.5248675091724418,88.0,2,0.3165854011922064,0.29768353726915076,0.1927337704246437,0.17214637628404572,0.18315018315018314,0.16635685351895196,0.11076519879030657,0.10284782577111333,0.22702019012414726,0.2241885939126459,0.02826546518605486,0.025776106879128548,0.020680068763904456,0.02194153903656058,0.3068181818181818,0.30568334291738547,0.26136363636363635,0.3031148169446042,0.5048543689320388,0.5058978065264973,0.04854368932038835,0.07005754657765839,0.13592233009708737,0.14744865459561832,2.8099669768838185,2.9643461429376705,0.13636363636363635,0.13015142802376845,0.3409090909090909,0.3514471918727238,0.2159090909090909,0.17384512171746214,0.10227272727272728,0.13855664174813112,0.0,0.019819819819819822,0.125,0.08908376461567952,0.07954545454545454,0.08632355760015335,0.0,0.010772474602261837,True,False
5948,克雷格,Craig Sword,Imported,PointGuardAndShootingGuard,191,89,6,142.9,23.816666666666666,25.9482155353394,7.053883834849545,3.0230930720783764,0.5535253654342218,86.0,4,0.3415729397694297,0.31207436827947393,0.18497208826850925,0.1674749296655974,0.1388374676045909,0.13665910768765546,0.07316645622842162,0.07531611472396801,0.12641158382692536,0.15348755947855083,0.04976949515068356,0.03958707745956272,0.02064471731790714,0.02191932080982891,0.4186046511627907,0.3715146215874866,0.18604651162790697,0.25932186923151657,0.5436893203883495,0.527755730023765,0.1553398058252427,0.13016683619514474,0.17475728155339806,0.1693065780928861,5.038488453463961,4.409419208350304,0.05813953488372093,0.0839891188186146,0.47674418604651164,0.43160400272029537,0.18604651162790697,0.15567861653550955,0.19767441860465115,0.1952491984844069,0.023255813953488372,0.033789954337899546,0.023255813953488372,0.028660254541921695,0.03488372093023256,0.06010881181385408,0.0,0.0109200427474983,True,False
10892,詹姆斯,Justin James,Imported,SmallForward,201,82,4,135.1,33.775,24.515173945225758,10.125832716506292,5.062916358253146,0.5037231712658783,79.0,2,0.3819823278226853,0.33787487702968466,0.33998347302561677,0.222037755129163,0.20118964310706788,0.17762847898022963,0.050835789808130194,0.059751514654406576,0.20526072572357396,0.2088100876447622,0.030279185126149338,0.026734835273123248,0.013208161543153539,0.01740961453351556,0.25316455696202533,0.2751160773508852,0.35443037974683544,0.35871217919281595,0.6304347826086957,0.5731354569438896,0.09782608695652174,0.09779378502157843,0.08695652173913043,0.12199478948254741,2.6646928201332347,2.8956742981928536,0.17721518987341772,0.15296698811163834,0.24050632911392406,0.2950660747997347,0.3037974683544304,0.2210725036991683,0.16455696202531644,0.17630491351599573,0.0379746835443038,0.04268585131894485,0.012658227848101266,0.02290933210878106,0.06329113924050633,0.07752436348793305,0.0,0.01146997295780397,True,False
10893,崔維斯,Reid Travis,Imported,Center,203,111,4,124.11666666666667,31.02916666666667,17.402981066201153,10.151738955284006,1.4502484221834295,0.46526054590570715,57.0,2,0.2671850189287798,0.2610202777199191,0.08759976640062293,0.13122397814131934,0.11037527593818984,0.12050269063884077,0.11752258199910809,0.10502532483197571,0.19307694026682162,0.20184677087601924,0.008430766748376799,0.013102879197106877,0.017321276602142905,0.02031491562340387,0.2631578947368421,0.28411226283566704,0.2982456140350877,0.33214523852821726,0.6333333333333333,0.56128070424535,0.06666666666666667,0.08443236445508205,0.18333333333333332,0.17130788422141538,4.350745266550288,3.9333365307811676,0.17543859649122806,0.14754197732921137,0.38596491228070173,0.3761896102321634,0.03508771929824561,0.07460750439473844,0.15789473684210525,0.17526823058737953,0.017543859649122806,0.03361823361823362,0.017543859649122806,0.02721706977026126,0.19298245614035087,0.14338364551130509,0.017543859649122806,0.02217372855670728,True,False
14037,奧迪傑,Efe Odigie,Imported,Center,206,110,5,118.64999999999999,23.729999999999997,25.79013906447535,11.529709228824274,0.9102402022756005,0.5339195979899498,73.0,2,0.3363681572486828,0.3058609782731773,0.06754168588425669,0.1288793499907016,0.14038876889848814,0.13738005541175377,0.099118089911809,0.09285350141482167,0.25702281901309826,0.24239923224419788,0.02102709902431924,0.02082006651288128,0.008895368231180737,0.015898610290947836,0.2328767123287671,0.264970937983256,0.2054794520547945,0.27715032261504824,0.6352941176470588,0.5732078702687818,0.10588235294117647,0.10194261226491812,0.2823529411764706,0.22414002297574642,2.7307206068268015,2.9542388197396563,0.0136986301369863,0.06212339359035887,0.3013698630136986,0.3309337172719032,0.0410958904109589,0.07315096251266465,0.2328767123287671,0.2143337066069429,0.0,0.02205513784461153,0.0684931506849315,0.054018023782861406,0.2602739726027397,0.18628486108889244,0.0821917808219178,0.05710019730176505,True,False
10882,霸夫,Pavlin Ivanov,Imported,PointGuardAndShootingGuard,196,90,3,69.28333333333333,23.094444444444445,14.029348087563148,8.833293240317538,2.598027423622805,0.5044843049327354,25.0,6,0.2243629564087602,0.23709722680177123,0.13961740951531432,0.15177118141500234,0.20734597156398102,0.15960107141460778,0.042189972068675904,0.05959082293477052,0.21566341103349415,0.21666289577130465,0.023231039680444144,0.021759091983490877,0.0,0.014154043122547845,0.56,0.3793074676679182,0.16,0.304246975385899,0.14814814814814814,0.41662895882569156,0.07407407407407407,0.09178066377300455,0.07407407407407407,0.14002900739250612,2.598027423622805,2.966570558499158,0.2,0.1442636629119733,0.52,0.4119315811430955,0.16,0.12622444722569878,0.08,0.15889862327909887,0.0,0.03450980392156863,0.0,0.025698790154359618,0.04,0.0797163120567376,0.0,0.01875677930746767,True,False
14707,金恩,Nick King,Imported,SmallForwardAndPowerForward,203,105,2,56.64999999999999,28.324999999999996,20.335392762577232,8.261253309797,3.177405119152693,0.4854368932038835,29.0,6,0.2907315233480973,0.268615310946514,0.18679950186799504,0.1626008746589387,0.10822510822510822,0.12339311526231049,0.031021612800723842,0.054733719737372635,0.21027199957520812,0.21426383951404812,0.009532590603301774,0.015981669930275364,0.01809966125981184,0.021753039852995315,0.3793103448275862,0.32855207586261853,0.3103448275862069,0.34675272930113954,0.1875,0.4158865945924018,0.09375,0.09661188414028113,0.25,0.18734914099105496,4.448367166813769,3.7677244166943487,0.3793103448275862,0.20519563311817673,0.3448275862068966,0.3597099370467766,0.034482758620689655,0.08684357319308311,0.1724137931034483,0.18546497728902703,0.0,0.03295880149812734,0.034482758620689655,0.03577974340584907,0.034482758620689655,0.07613355645868197,0.0,0.017913777990278112,True,False
13778,辛巴,Sim Bhullar,Imported,Center,226,140,1,28.433333333333337,28.433333333333337,18.99179366940211,11.395076201641263,1.2661195779601404,0.8259911894273128,6.0,4,0.15011156605314296,0.21902235105594806,0.06057037099352232,0.14258355921502322,0.0992063492063492,0.12791376221223782,0.15346903975274429,0.10239800717447523,0.17584994138335286,0.20427428876465722,0.0,0.014639094617492238,0.0,0.0180916273169654,0.0,0.2763808295723189,1.1666666666666667,0.4372877713303245,0.8,0.5534663009931473,0.0,0.08232137919696302,0.4666666666666667,0.2103484609578753,2.532239155920281,3.088160542956803,0.0,0.11003653556845046,0.0,0.3335482484418655,0.0,0.10195572748764238,0.5,0.21979368149580916,0.3333333333333333,0.07474747474747476,0.16666666666666666,0.04824844186546314,0.0,0.08751343219428326,0.0,0.024156458199011393,True,False
29,林書緯,Lin Shu-Wei,Local,PointGuardAndShootingGuard,182,69,45,1646.3666666666666,36.58592592592592,12.48567552793019,3.4986131076511917,6.538033244923165,0.4837343273466621,555.0,7,0.1998622218673106,0.20188773499642748,0.29556783661599456,0.28302352122090385,0.16896648831315123,0.16614411380918415,0.02450031149311861,0.02652399392379113,0.07435307751344482,0.07945182254720805,0.015362070446393473,0.01559705317978744,0.007132411124609723,0.00806590208828905,0.4072072072072072,0.39714005650694806,0.14414414414414414,0.16562763074439255,0.329246935201401,0.3511202743384777,0.06129597197898424,0.06577654535132334,0.10157618213660245,0.10903702579262389,1.8149055495940556,1.8830643595651462,0.25585585585585585,0.24270310788214267,0.42162162162162165,0.4162832266620539,0.09549549549549549,0.09712045205558438,0.03963963963963964,0.05448192354263969,0.0018018018018018018,0.006395663956639566,0.0036036036036036037,0.006803897826212305,0.17297297297297298,0.16548924638182552,0.009009009009009009,0.010722481692902035,False,False
89,蔣淯安,Chiang Yu-An,Local,PointGuard,174,75,47,1497.15,31.854255319148937,12.575894198978059,4.1839495040577095,4.833183047790802,0.5396203054065208,423.0,3,0.17357413361536872,0.17687593965665513,0.2226528380953414,0.21601817496893957,0.1580958999305073,0.15570200826909003,0.02751359638998494,0.02960231302302106,0.08908637593267839,0.09402160171268184,0.022694036542643837,0.022584446374515295,0.0035435705990129788,0.004882277783920257,0.4846335697399527,0.4621969663597786,0.3309692671394799,0.3351159273453445,0.30975143403441685,0.3359524023123532,0.09177820267686425,0.09257136156502735,0.06692160611854685,0.07957396980265034,2.6450255485422303,2.6775256263140994,0.18439716312056736,0.17652673156835968,0.48936170212765956,0.4741494500976462,0.2127659574468085,0.2002672422653921,0.08037825059101655,0.0942161138275847,0.004728132387706856,0.010213940648723259,0.004728132387706856,0.008663348163810699,0.0070921985815602835,0.01816953731847349,0.016548463356973995,0.01779363611000984,False,False
54,高錦瑋,Gao Jin-Wei,Local,PointGuard,172,66,40,1367.65,34.191250000000004,15.661901802361715,4.185281321975651,5.132892187328629,0.5731293827541034,483.0,5,0.19087275420249697,0.19363868838549447,0.2322826568900595,0.2241762813213233,0.10823254535459043,0.1105223592945328,0.024211236928250265,0.02657250769237946,0.08835951961329074,0.09358369525249284,0.017220448992011,0.017394383934672904,0.005689972090983247,0.006890620123131938,0.6149068322981367,0.5805545759701162,0.16977225672877846,0.19127254679153116,0.2453781512605042,0.2764137756953318,0.11428571428571428,0.11232671262772072,0.09747899159663866,0.10516015376444171,1.2371586297663875,1.350367520838105,0.16149068322981366,0.15702101537296081,0.5320910973084886,0.5138382769745178,0.19668737060041408,0.1873463683502475,0.053830227743271224,0.0690725285059363,0.0,0.005402087170042972,0.006211180124223602,0.009547692749761635,0.049689440993788817,0.05483588678604548,0.0,0.0029361440904875726,False,False
10877,阿巴西,Mohammed Al Bachir Gadiaga,Local,SmallForwardAndPowerForward,189,92,36,1354.9333333333334,37.63703703703704,16.84510923046644,4.2777012399134025,3.347766187758315,0.5256350732904423,567.0,6,0.22320506189223266,0.22445626651321987,0.16014453962637354,0.15969112514109798,0.11322197388542524,0.11480407044621342,0.02705665902058754,0.02929089342977896,0.09246473992091096,0.09782983221604927,0.019514685087509014,0.019567727141236127,0.011911032386959666,0.012840988796656178,0.47442680776014107,0.45811983213998897,0.14462081128747795,0.1656475165993643,0.4637223974763407,0.4685984574150546,0.24921135646687698,0.23224164008923176,0.06309148264984227,0.07420602771848482,1.9130092501476086,1.98954158721052,0.08818342151675485,0.09132760980465347,0.4479717813051146,0.44021401020281203,0.16225749559082892,0.15746264436074067,0.1146384479717813,0.12201974956734196,0.031746031746031744,0.033386496544391284,0.005291005291005291,0.008268576017736153,0.13756613756613756,0.13361385410657528,0.012345679012345678,0.013707059395749205,False,False
103,忻沃克,Randall Walko,Local,SmallForward,196,93,46,1324.5833333333333,28.79528985507246,11.713872286882669,4.620320855614974,1.6850581944007552,0.5503064351378958,363.0,3,0.1513742303368519,0.1561807237052809,0.0774844502530004,0.08622058725612139,0.11522819701762313,0.11731833755637411,0.04333592082843721,0.044972191723713015,0.08698592630287885,0.09271024251412423,0.008707582055902809,0.009368004416369194,0.009681637909570951,0.01073354570129896,0.6253443526170799,0.5797662760089197,0.1790633608815427,0.2053451368978757,0.24129930394431554,0.28293404812984146,0.05336426914153132,0.060314150731333636,0.1554524361948956,0.15652270800586723,2.9352626612142183,2.955224829338202,0.030303030303030304,0.04317354928491189,0.6611570247933884,0.6194188756434117,0.09366391184573003,0.09628623644015223,0.07713498622589532,0.0933957044414265,0.0027548209366391185,0.009298660362490151,0.011019283746556474,0.014620324262696377,0.1184573002754821,0.11530942440856429,0.005509641873278237,0.00849722515634693,False,False
10872,林彥廷,Lin Yan-Ting,Local,PointGuardAndShootingGuard,185,85,48,1293.0833333333333,26.93923611111111,12.110588386930464,3.9811819294966813,4.120384094863698,0.5194898251648037,387.0,7,0.17149688889216716,0.1754703431452283,0.18588193452049767,0.18256146116961727,0.13079222720478326,0.13100759942370702,0.03354508416551658,0.03567920516974529,0.07948432570080897,0.08571837859909928,0.022687791847609187,0.022561988745830614,0.0045494404946729685,0.005904211364065462,0.5348837209302325,0.503895156044235,0.18604651162790697,0.209979849905596,0.3954022988505747,0.4127753370764058,0.1103448275862069,0.108389380628566,0.09425287356321839,0.10482156075921972,2.7005220081201267,2.7346188322203915,0.07493540051679587,0.08112396274612467,0.5193798449612403,0.49891316419947007,0.23772609819121446,0.2208704206133879,0.1111111111111111,0.1219382169546385,0.002583979328165375,0.008799403430275915,0.007751937984496124,0.011598203944341315,0.03875968992248062,0.04647849334412236,0.007751937984496124,0.010278134767639266,False,False
79,張宗憲,Chang Tsung-Hsien,Local,ShootingGuard,192,88,42,1165.2666666666667,27.744444444444444,13.40808970764918,3.3983637507866584,2.3788546255506606,0.48887086599981977,410.0,3,0.19209356862213386,0.19529086579576607,0.11634336771457307,0.1215650222296311,0.09758477677482313,0.10140645875160113,0.03452477944626575,0.036829108582016,0.0610204367154266,0.06870583700260256,0.016693756396575703,0.016934509097371344,0.0009217443829510213,0.0028501589767513207,0.2731707317073171,0.27710879734419797,0.1878048780487805,0.21034253810170514,0.45622119815668205,0.46416205952207973,0.22119815668202766,0.20198546891772662,0.08755760368663594,0.09918891788131937,2.0699124663882373,2.1480214745499886,0.22926829268292684,0.21545193903727175,0.36585365853658536,0.3659876263769428,0.14390243902439023,0.13984910215783913,0.15609756097560976,0.1606518786781349,0.0,0.00624113475177305,0.01951219512195122,0.02166893013429908,0.07317073170731707,0.07611890749962276,0.012195121951219513,0.014030481364116493,False,False
76,曾柏喻,Tseng Po-Yu,Local,PointGuardAndShootingGuard,184,88,38,1161.7,30.571052631578947,11.372987862615133,3.6257209262288024,6.786605836274425,0.4696938671035118,337.0,4,0.19296368327329638,0.19617689162582497,0.3199115414560662,0.2990352606951765,0.19227588488256697,0.18570518771305478,0.022149239112110836,0.025080000458684134,0.07723835565324362,0.08397661260119921,0.015018312480718282,0.015368087573739976,0.0017012101924937053,0.0034313549028686485,0.28486646884273,0.2877610447147936,0.3620178041543027,0.36237025921360555,0.44686648501362397,0.45767180893590376,0.08446866485013624,0.08684682555640154,0.08991825613079019,0.10287047827963794,1.5804424550228113,1.6903113002667975,0.3323442136498516,0.30040909659324366,0.4065281899109792,0.4005395072976401,0.1543026706231454,0.14793218643371384,0.04451038575667656,0.06676670775497079,0.0,0.0073887489504617975,0.0,0.00550225985672687,0.04451038575667656,0.052332207871089914,0.017804154302670624,0.019129285242153026,False,False
75,高國豪,Kao Kuo-Hao,Local,PointGuardAndShootingGuard,180,76,36,1153.4166666666667,32.039351851851855,15.387327505238058,3.4020663246875222,3.776605736579727,0.5239775529291727,437.0,4,0.2095804749717728,0.21187145418052092,0.19539031806435297,0.18993111204909402,0.09780607548327706,0.10141062956768304,0.038928722835603564,0.04100980158877652,0.05509106800745142,0.06296224387656947,0.02506045661126519,0.024768184427408527,0.0,0.0018777164669645289,0.35697940503432496,0.3505857842087989,0.17391304347826086,0.19690340625312155,0.3813387423935091,0.39891675147355843,0.17038539553752535,0.16024525484068322,0.16227180527383367,0.16227417764572105,2.62177588324543,2.664841193060968,0.17620137299771166,0.1695420751459109,0.40503432494279173,0.400430954521455,0.18077803203661327,0.1724931147166688,0.06636155606407322,0.08150177661714972,0.0,0.005902079141515762,0.002288329519450801,0.0064072377527576805,0.16933638443935928,0.16051486222298328,0.0,0.003207899881558857,False,False
40,謝亞軒,Hsieh Ya-Hsuan,Local,PointGuardAndShootingGuard,187,81,35,1137.0333333333333,32.486666666666665,11.778018820908212,3.767699569053971,4.8758465011286685,0.4820651047066142,370.0,6,0.17880187985156507,0.18274288071631975,0.2143013487088624,0.2071945043166541,0.15541546274406795,0.15278267250180644,0.019100981668664897,0.02212688752172884,0.0863752183265358,0.09303802017542188,0.0247369661383509,0.02446402414694053,0.010010542352414888,0.01126273905100161,0.581081081081081,0.5424212436087745,0.0972972972972973,0.13456044862279398,0.3279569892473118,0.35968871370431194,0.1935483870967742,0.1765940951852024,0.0967741935483871,0.1083696986526508,2.057987159567295,2.1386920721491736,0.0972972972972973,0.10061025894771565,0.6027027027027027,0.5698004288306119,0.15675675675675677,0.1505327395678707,0.0918918918918919,0.10582879762493816,0.002702702702702703,0.009147286821705427,0.002702702702702703,0.007405574797954808,0.043243243243243246,0.05064159656935511,0.002702702702702703,0.00603331683984826,False,False
57,莊博元,Chuang Po-Yuan,Local,PointGuardAndShootingGuard,185,85,40,1123.15,28.078750000000003,7.051595957797266,2.5321640030272,1.0256866847705115,0.5613390487854664,181.0,5,0.09014821633851976,0.09916690014217613,0.04066899077710604,0.05368765049429646,0.1327668613913967,0.13276051355376145,0.03226885734693846,0.03471575582477258,0.03641106397692084,0.04517846571954643,0.013640285304501593,0.014077738048693481,0.005172466434344699,0.0066485955352401935,0.7071823204419889,0.6068096877666931,0.1878453038674033,0.2317883523145287,0.20909090909090908,0.2885976619811633,0.12727272727272726,0.1194017700790383,0.07727272727272727,0.09994367930332718,3.269376307706005,3.2704646482494137,0.03314917127071823,0.055030752479326685,0.712707182320442,0.6266148730172744,0.1270718232044199,0.12335717018333774,0.09392265193370165,0.11828374679968218,0.0055248618784530384,0.01632088520055325,0.0,0.009063888643653806,0.027624309392265192,0.04471322209469998,0.0,0.0066154615814719995,False,False
58,林信寬,Lin Sin-Kuan,Local,SmallForward,192,97,38,1058.5,27.855263157894736,13.094000944733114,4.285309400094473,2.6528105810108644,0.46741452991452986,374.0,5,0.1974887059747912,0.20061431400256563,0.11659598277427227,0.12173628470351003,0.11781338360037699,0.11951293837945795,0.031044295610681536,0.0336712949628518,0.08484979425889008,0.09174710620951622,0.020306357939473035,0.020318901840822256,0.009258785960980004,0.010488621037925609,0.4625668449197861,0.44064777592574433,0.22994652406417113,0.24852763342811388,0.36883116883116884,0.39264365289107306,0.14285714285714285,0.1350979161800247,0.13506493506493505,0.13974861030322183,2.856872933396316,2.887008819974776,0.13903743315508021,0.13654933490211457,0.5106951871657754,0.49081609308102103,0.14705882352941177,0.14223289865019445,0.10160427807486631,0.11407000686341799,0.00267379679144385,0.009062980030721967,0.008021390374331552,0.011945615583227114,0.0855614973262032,0.0870412131908357,0.0053475935828877,0.00828185769846717,False,False
1,丁聖儒,Ting Sheng-Ju,Local,PointGuard,174,75,29,1053.8666666666666,36.34022988505747,12.741649797570853,3.2451923076923084,7.5835020242915,0.5606661856661856,275.0,8,0.18038487744098544,0.1846415185145153,0.3512947512545441,0.32463014472270063,0.19776191394945014,0.18954196118286204,0.02267686346097813,0.02589041723932136,0.0713693023123518,0.0795861747693416,0.019376292242434565,0.01945366352649871,0.0,0.0021215183962919647,0.5527272727272727,0.5081824917963375,0.4763636363636364,0.45630147136657134,0.19839142091152814,0.2529344339831104,0.01876675603217158,0.03271640402585317,0.04289544235924933,0.06398036156953235,2.493674089068826,2.5495586267120904,0.21818181818181817,0.2007833174552768,0.49454545454545457,0.4716841325288451,0.19272727272727272,0.17829575526622207,0.03272727272727273,0.06121308351857733,0.0,0.008756218905472637,0.0,0.006520588546628559,0.04727272727272727,0.0560474224621573,0.014545454545454545,0.016699481316820156,False,False
21,李愷諺,Lee Kai-Yan,Local,PointGuardAndShootingGuard,182,80,37,1048.4333333333334,28.336036036036038,12.258290147203764,4.39512924045401,3.880075032588306,0.4512589746182627,341.0,7,0.20631318681624763,0.20897454450826217,0.1770478694150019,0.17421356001660632,0.16822272689040288,0.16424713655955195,0.03785301676565761,0.040128960693931584,0.08610482843887038,0.09340454489247692,0.023935444115735713,0.023695795806474372,0.011380364007250284,0.012453704407369063,0.3519061583577713,0.34474098441838663,0.36363636363636365,0.3637431244583576,0.3753501400560224,0.3994949624584645,0.17366946778711484,0.15977238220528944,0.06722689075630252,0.0846295281258539,2.8156296696658503,2.8489583270681615,0.20234604105571846,0.19018057692647813,0.4252199413489736,0.41649422542933445,0.2287390029325513,0.2112944588882404,0.11143695014662756,0.12345731416140501,0.0,0.007315045719035744,0.002932551319648094,0.007941140057657276,0.02932551319648094,0.03934136290479475,0.0,0.003975875913054244,False,False
10885,劉丞勳,,,PointGuardAndShootingGuard,190,92,40,1020.1166666666667,25.502916666666668,11.575146633554985,4.905321286780923,2.152694953191628,0.5127563781890946,293.0,4,0.1688323681731471,0.17397385967495096,0.10094556018810073,0.10878018133387758,0.14444682216991228,0.1428273014379348,0.040907843718733634,0.04312793684357084,0.09355010104431798,0.10027804627350209,0.01547725857251854,0.015837446890041663,0.010642418435839957,0.011800596313927278,0.5221843003412969,0.48510236473590096,0.20819112627986347,0.23473369095694452,0.23780487804878048,0.29063553577046325,0.11890243902439024,0.11475620348948894,0.08841463414634146,0.10289976419362294,2.929076739588609,2.9550134454296804,0.16040955631399317,0.1537178791714383,0.5290102389078498,0.5014566130231249,0.13651877133105803,0.13237699154159885,0.09556313993174062,0.111916099089868,0.0,0.008309726156751653,0.0,0.006188093946517188,0.07167235494880546,0.07585236975870452,0.006825938566552901,0.010182227311996464,False,False
14,錢肯尼,Kenneth Chien,Local,ShootingGuard,186,88,34,982.1,28.88529411764706,11.400061093574992,3.592302209550962,2.382649424702169,0.5471498944405349,260.0,8,0.15908311993455607,0.1649373567758079,0.11434801600153055,0.12059774450980516,0.17908723281340266,0.172240759369359,0.023587475404769943,0.026869808204207417,0.07956965826270536,0.08783888030812292,0.014837206036642087,0.015253572077723836,0.008524164465639101,0.009992361958840863,0.34615384615384615,0.33825354609929076,0.21153846153846154,0.24019060283687943,0.5852090032154341,0.569256518144115,0.19614147909967847,0.1760115882959373,0.0932475884244373,0.10737366698465002,3.1890846146013647,3.196365258959874,0.0038461538461538464,0.02582003546099291,0.40384615384615385,0.39691932624113474,0.3384615384615385,0.29602836879432626,0.16153846153846155,0.16720744680851066,0.0,0.009166666666666667,0.0,0.006826241134751773,0.08076923076923077,0.08367464539007093,0.011538461538461539,0.0143572695035461,False,False
110,胡瓏貿,Hu Long-Mao,Local,PowerForward,196,101,34,950.7666666666667,27.96372549019608,14.123339059706202,4.316516495459805,2.6504925849314587,0.6196836788942053,253.0,2,0.17162439133356758,0.1768741855900016,0.13093123157585893,0.13490085257566561,0.15923566878980894,0.15543161177106335,0.03157566013038386,0.03446471495473664,0.09646080414059399,0.10427865057234081,0.015971442397344857,0.016316382931344256,0.0066283129412837835,0.008333752093198891,0.541501976284585,0.4959780662995944,0.4308300395256917,0.4180862393220492,0.2520107238605898,0.29708454435838627,0.10455764075067024,0.10335658062629467,0.10187667560321716,0.11254548298233588,3.9757388773971885,3.9221869238508065,0.11462450592885376,0.11585434935309177,0.5612648221343873,0.5240069789046745,0.13043478260869565,0.1269299617066594,0.15019762845849802,0.1581673577594997,0.0,0.009371671991480299,0.011857707509881422,0.016563569211247818,0.019762845849802372,0.03442775247547187,0.011857707509881422,0.014678358597874606,False,False
10,雷蒙恩,Samuel Manu,Local,PointGuardAndShootingGuard,197,91,29,945.2,32.59310344827586,11.997460854845535,5.865425306813373,2.856538298772746,0.4908988904126667,283.0,8,0.1766498348067741,0.1814962150142048,0.13652936393845905,0.1395469779581154,0.14177188101861757,0.14052230420393147,0.052653285065154404,0.0542911217387966,0.11444175609603616,0.12083978651704529,0.018653751545063928,0.01879351874914112,0.008649986102942188,0.010125463469426969,0.36042402826855124,0.3505572441742654,0.303886925795053,0.31446353617434813,0.49523809523809526,0.4976691103654405,0.16507936507936508,0.1514443823385101,0.08253968253968254,0.09869140200252698,2.6280152348709267,2.6793401692755383,0.12367491166077739,0.12321402725223828,0.4664310954063604,0.44902094576432394,0.18021201413427562,0.16830634989558133,0.14840989399293286,0.15599528565225484,0.014134275618374558,0.02021379980563654,0.024734982332155476,0.026776668114054134,0.038869257950530034,0.04890929015983293,0.0035335689045936395,0.007563633356077994,False,False
118,蘇文儒,Su Wen-Ju,Local,ShootingGuard,187,78,26,921.0166666666667,35.42371794871795,13.13331282459601,4.690468865927146,2.7751940790068947,0.5625502276989017,274.0,2,0.1710065559133074,0.17651434638918098,0.13544676494839758,0.13875936281567652,0.1258634820278656,0.12689024115086553,0.0362413285532872,0.03895963943330773,0.10122392984030759,0.10882737549898058,0.0166749669914408,0.016978034448814246,0.005734032467751784,0.007589766350943602,0.6058394160583942,0.5516201639274642,0.20437956204379562,0.23311674523293838,0.23214285714285715,0.2850463908518005,0.13095238095238096,0.12456858419161415,0.09523809523809523,0.10813246103605326,3.908724054939288,3.8589362896468082,0.12043795620437957,0.12054614175903511,0.635036496350365,0.5868688155603686,0.08029197080291971,0.08601520363528262,0.07664233576642336,0.09732449993629763,0.0,0.00878243512974052,0.0072992700729927005,0.012528135218923854,0.072992700729927,0.07717331294857094,0.0072992700729927005,0.010761455811780694,False,False
43,林韋翰,Lin Wei-Han,Local,PointGuardAndShootingGuard,180,71,33,904.3833333333333,27.405555555555555,10.031144610508083,2.7068167996609107,6.966072646186168,0.4706409681757059,251.0,6,0.17006998419367936,0.1755538407493051,0.2998536428647922,0.2788287543439637,0.22561610551891703,0.2118805985798916,0.012987745070406656,0.017087053518914423,0.06306427136092994,0.07285432046948108,0.03108142493943799,0.030239813629536347,0.0,0.002631742849323963,0.7091633466135459,0.6310004332854439,0.15139442231075698,0.19247907687395954,0.21428571428571427,0.28487740540466566,0.06349206349206349,0.07174858742081773,0.06349206349206349,0.08729850539457275,2.1495309879660174,2.241870079279362,0.11952191235059761,0.11981482748397983,0.6374501992031872,0.5852546122095277,0.11553784860557768,0.11488449522245786,0.03187250996015936,0.06272148867756722,0.0,0.009431939978563774,0.00398406374501992,0.010239219174021118,0.08764940239043825,0.08931153223415658,0.00398406374501992,0.00834188501972589,False,False
10874,熊祥泰,Hsiung Shiarng-Tai,Local,SmallForward,192,76,47,827.2,17.6,11.097678916827853,3.1769825918762087,0.6963249516441005,0.6580305532617672,181.0,7,0.11830312033553522,0.12847604299986082,0.03028684328188127,0.05031556076213953,0.08500188893086513,0.0955409054159318,0.03485837529004195,0.03801072662025742,0.055890502849754116,0.06711546265154208,0.019067082956983086,0.019191092804218667,0.0106856167729274,0.012074404358509615,0.850828729281768,0.714693505194079,0.16022099447513813,0.21104146434772372,0.10196078431372549,0.19874417490850446,0.11764705882352941,0.11289710753346713,0.08235294117647059,0.10144210086865121,3.7427466150870403,3.7024465845913603,0.027624309392265192,0.05088137488596568,0.850828729281768,0.7303493128512992,0.027624309392265192,0.04866837350283982,0.0718232044198895,0.1016862364262382,0.0,0.012171507607192255,0.0,0.009063888643653806,0.022099447513812154,0.040563844501338986,0.0,0.0066154615814719995,False,False
77,馬建豪,Ma Chien-Hao,Local,SmallForward,201,90,34,820.5333333333333,24.133333333333333,15.136496587585311,5.133246668833279,2.6324341891452714,0.5367143746110766,273.0,3,0.2084884017955705,0.2116244965865216,0.12376327957383572,0.1292969021815379,0.15731515469323545,0.15397416505626108,0.02377905568733609,0.027720777187473112,0.113929992946491,0.12069918440550602,0.01647584400096846,0.01682444341707965,0.01286727160189274,0.014110394686561509,0.5934065934065934,0.5412646689242434,0.40293040293040294,0.3959789576810853,0.26666666666666666,0.31195129081023293,0.05507246376811594,0.06310713182049763,0.09565217391304348,0.10819553833176038,3.597660058498538,3.569950630968259,0.12454212454212454,0.12391114518774092,0.6007326007326007,0.5586011543458352,0.1391941391941392,0.13432155559815134,0.07692307692307693,0.0976167657018721,0.01098901098901099,0.01781781781781782,0.0,0.0065597512406023045,0.040293040293040296,0.050378037612080165,0.007326007326007326,0.010793772495900156,False,False
24,蘇士軒,Su Shih-Hsuan,Local,PowerForward,197,95,42,793.65,18.896428571428572,9.48024948024948,7.076167076167077,1.9958419958419957,0.520522016337916,188.0,7,0.14004861492512874,0.14889589066654746,0.08583942548463515,0.09731281870304603,0.16266266266266266,0.15667265964716318,0.04648246289922858,0.04890769689052601,0.15329193527151622,0.15788026959798296,0.013993478877492702,0.014583991265125197,0.023364140018367712,0.02340874946322266,0.5585106382978723,0.49694005948295583,0.15425531914893617,0.2050846488217799,0.3157894736842105,0.36878650032646715,0.028708133971291867,0.04782190665644113,0.11483253588516747,0.12796921726988983,3.9009639009639008,3.844628331186725,0.031914893617021274,0.05347746511095859,0.5478723404255319,0.5040894532143674,0.06382978723404255,0.07552047586364675,0.2074468085106383,0.20365477007549762,0.0,0.011827956989247313,0.010638297872340425,0.01687256920613132,0.13829787234042554,0.1281285746968657,0.0,0.00642873484328529,False,False
86,林俊吉,Lin Chun-Chi,Local,PointGuard,175,70,38,791.75,20.835526315789473,18.32396589832649,3.637511840858857,5.501736659299021,0.6118668772015061,273.0,3,0.2238378470850493,0.22590477632714967,0.27579798854133464,0.2535837131862975,0.1541148669474982,0.151260118525402,0.017149366832473183,0.021774792677078686,0.08476164283987349,0.0941436641861377,0.0132382940467636,0.013893434017062015,0.0,0.0027611580397929885,0.4468864468864469,0.4211445488041233,0.46886446886446886,0.4500330117351394,0.337468982630273,0.36558860992618836,0.062034739454094295,0.06795140998698031,0.0794044665012407,0.09313272006417837,3.046416166719293,3.0683791701075793,0.2600732600732601,0.23502225629885204,0.3992673992673993,0.39343598918067,0.11355311355311355,0.11330053457713031,0.054945054945054944,0.07959874768385407,0.0,0.00880880880880881,0.0,0.0065597512406023045,0.1684981684981685,0.15548314271718527,0.003663003663003663,0.007790769492897153,False,False
88,盧冠軒,Lu Kuan-Hsuan,Local,PointGuardAndShootingGuard,184,88,40,784.1,19.6025,13.865578370105853,2.295625557964545,3.1220507588317816,0.48766309262369206,285.0,4,0.20293172319372424,0.20675131928074308,0.15300681358466744,0.15357932535014512,0.09894075194971483,0.10396441496341699,0.014269743189665968,0.019031769911886223,0.04904411568857161,0.06087992083457053,0.014156951037679232,0.014738715884894891,0.002542718554605764,0.004937232962791335,0.6210526315789474,0.5659163326138349,0.19649122807017544,0.22568403741391715,0.18543046357615894,0.2528253889904424,0.0728476821192053,0.07806421733955887,0.09933774834437085,0.11252121411256062,1.2396378013008544,1.4290701788465254,0.19649122807017544,0.18336930825367456,0.6175438596491228,0.5739541576729366,0.09473684210526316,0.09776544351937506,0.031578947368421054,0.059438791242676536,0.0,0.008502415458937198,0.0,0.006331585980059616,0.056140350877192984,0.06311851166615275,0.0035087719298245615,0.007519786206187686,False,False
12,曹薰襄,Tsao Xun-Xiang,Local,PointGuard,183,80,40,749.2333333333333,18.730833333333333,9.17738132313031,4.37246963562753,6.630778128753837,0.4518357305071915,192.0,5,0.16092479721221997,0.1682651986428474,0.2753183957771212,0.25549351489980604,0.21240125204948576,0.19784442823679385,0.036478647137580235,0.03975806009495254,0.0809081092470173,0.0905555460586114,0.015033262802275354,0.01554074992157334,0.0,0.0027250759568265095,0.3020833333333333,0.3025441855229089,0.22916666666666666,0.26135314645952945,0.4607329842931937,0.47446235643671214,0.09947643979057591,0.09896874916498705,0.06806282722513089,0.09587861177490094,3.6036837656270855,3.5730106623080946,0.09375,0.10024766407745131,0.3854166666666667,0.3810086682427108,0.2708333333333333,0.2330518968816841,0.09895833333333333,0.12105707531239446,0.0,0.011640211640211642,0.0,0.008668242710795903,0.09375,0.0943487560508837,0.057291666666666664,0.04997748508386806,False,False
5,黃聰翰,Huang Tsung-Han,Local,SmallForward,193,96,31,724.0166666666667,23.35537634408602,12.679266131074332,3.1822471858382637,0.9944522455744573,0.5697050938337801,215.0,8,0.15455405756455157,0.16286192792784665,0.04856055834716199,0.06957486036328424,0.07825370675453047,0.08904952594396838,0.01703222119131799,0.021990500460581666,0.07467360286614592,0.08602295507378487,0.01882057510083084,0.018984270312177656,0.008550630264469582,0.01044920056217864,0.8651162790697674,0.7426950354609929,0.09302325581395349,0.15222179239200515,0.08627450980392157,0.1868038764010418,0.09411764705882353,0.0949866597722731,0.09019607843137255,0.10741225012238256,2.3866853893786972,2.476142129982317,0.046511627906976744,0.06277240490006447,0.8651162790697674,0.7564152159896841,0.04186046511627907,0.0571966473243069,0.037209302325581395,0.07093230174081239,0.0,0.010666666666666668,0.0,0.007943262411347518,0.009302325581395349,0.028275950999355256,0.0,0.005797549967762734,False,False
87,蔡宸綱,Tsai Chen-Kang,Local,SmallForwardAndPowerForward,197,95,37,704.0666666666667,19.02882882882883,12.88514345232459,5.368809771801912,2.658839125082852,0.4948162111215834,230.0,4,0.197759957411196,0.20242586744255972,0.12916123679473834,0.13452586122200055,0.15581487866330726,0.1519859430810575,0.05017206829374153,0.052551223872509434,0.0967433111070055,0.10600873858410222,0.014959119997354728,0.015517240282155044,0.021518723780281874,0.021801359247498167,0.4608695652173913,0.4284177060405967,0.24347826086956523,0.26848618244069455,0.3492063492063492,0.38728704395888247,0.10714285714285714,0.10488111754129967,0.09523809523809523,0.11139489093674144,4.550705425622573,4.42163873166561,0.12173913043478261,0.12159452188799216,0.49130434782608695,0.46556615309366595,0.10434782608695652,0.1059623379799462,0.10434782608695652,0.12243580337490831,0.004347826086956522,0.013563218390804599,0.008695652173913044,0.014428955734898509,0.15217391304347827,0.1406065052580093,0.013043478260869565,0.015842504279775006,False,False
121,吳曉謹,Wu Siao-Jin,Local,SmallForward,190,81,33,658.5,19.954545454545453,9.403189066059225,2.733485193621868,0.9840546697038725,0.4645635263612792,175.0,2,0.14035491606329284,0.1504598580921276,0.04666124170275422,0.06919555147319945,0.10621861722672847,0.11217503914283328,0.04661122485855428,0.049311849701312034,0.02977846572508453,0.04675147602277441,0.017466871226312502,0.01778878722391817,0.004742456338346959,0.007339984192933114,0.6171428571428571,0.5371963180926512,0.13142857142857142,0.1908978421608571,0.3023255813953488,0.36737816902519443,0.10465116279069768,0.10246242469726781,0.0755813953488372,0.10310755472618315,2.7881548974943056,2.8420576053368753,0.04,0.06069111211709673,0.6571428571428571,0.5830390825411197,0.08571428571428572,0.09246416176248679,0.13142857142857142,0.14683567224988683,0.0,0.0124822695035461,0.005714285714285714,0.013550626226044967,0.06857142857142857,0.07564207031839444,0.011428571428571429,0.015295005281424476,False,False
62,王皓吉,Wang Hao-Chi,Local,SmallForwardAndPowerForward,195,95,38,644.8,16.968421052631577,7.928039702233251,3.908188585607941,1.1166253101736974,0.4635675110995038,147.0,5,0.11598248473999376,0.128672337440072,0.044016338008795626,0.06423857380346586,0.07823784304285027,0.09269630551748155,0.014481781840225496,0.02026906666308006,0.08865692927480266,0.09901089926335484,0.01109225476708356,0.012090696772205003,0.005975959214078364,0.008289027616269632,0.8027210884353742,0.6581697331003529,0.09523809523809523,0.17324151163189092,0.14084507042253522,0.27287972339796845,0.056338028169014086,0.07126365325996166,0.08450704225352113,0.11253650356305475,3.1265508684863526,3.144121884024949,0.034013605442176874,0.059238702161921404,0.8435374149659864,0.7053825333196286,0.027210884353741496,0.05183129475451399,0.06802721088435375,0.1038955699455237,0.0,0.014170692431561998,0.006802721088435374,0.015383561174495495,0.02040816326530612,0.04239558707643814,0.0,0.007702059135916675,False,False
99,盧冠良,,,ShootingGuard,185,90,42,617.25,14.696428571428571,8.515188335358445,2.857837181044957,2.391251518833536,0.5330023364485981,133.0,3,0.11127174085451977,0.12507027312418129,0.10440319530775401,0.11490038295801754,0.09273979862215156,0.10411545532723561,0.03102250112000263,0.035632482311927983,0.0508508794967336,0.06580491185357176,0.012727294076553805,0.013603940710807495,0.0,0.0035015632322007552,0.6616541353383458,0.5504722007863888,0.06766917293233082,0.15990151765700217,0.2328767123287671,0.32999689643517255,0.0273972602739726,0.05230323461819242,0.0684931506849315,0.10169514951769094,3.091130012150668,3.113459363988932,0.12781954887218044,0.12571197589387426,0.6766917293233082,0.5803843751148349,0.03007518796992481,0.05559107779370154,0.09022556390977443,0.12179473045970676,0.007518796992481203,0.020379965457685667,0.007518796992481203,0.01649946716642781,0.045112781954887216,0.06101495608716422,0.015037593984962405,0.018623452026604932,False,False
45,施晉堯,Shih Chin-Yao,Local,ShootingGuard,188,86,29,616.15,21.24655172413793,10.400064919256675,2.8629392193459386,2.3955205712894587,0.5379593810444875,154.0,2,0.14590782391230128,0.15628217033610153,0.11018718584849356,0.11991756046506262,0.1620745542949757,0.15523693464820398,0.01793020847038964,0.023478857026465162,0.06869672367039231,0.0832816806557395,0.023789534856128322,0.023416773284339394,0.007045812285532789,0.009550736379800077,0.5909090909090909,0.5104725922980049,0.16883116883116883,0.2236494995691655,0.2808988764044944,0.3510825526912752,0.1853932584269663,0.15821911249500578,0.10112359550561797,0.12008954957751222,3.388785198409478,3.3769439654403253,0.09090909090909091,0.09935706237157818,0.6168831168831169,0.546795254192351,0.11688311688311688,0.11555643931861867,0.1038961038961039,0.12853449990057667,0.006493506493506494,0.01838006230529595,0.012987012987012988,0.019553257771591438,0.045454545454545456,0.05970040432160138,0.006493506493506494,0.01212301981838669,False,False
10879,簡廷兆,Chien Ting-Chao,Local,PointGuardAndShootingGuard,180,80,38,609.7833333333333,16.046929824561403,11.689397873561648,2.243419793915872,2.42053188290923,0.5106251289457396,182.0,6,0.15803919407152225,0.1670877886151249,0.1049277288940468,0.11536002375036444,0.10604942825525636,0.11183255004273919,0.011282253898841386,0.017360401561223676,0.050667278063928844,0.0655885366031726,0.01195022602821114,0.012919746253885658,0.0,0.0037542024776316706,0.47802197802197804,0.43488072211476464,0.14835164835164835,0.20190492937108023,0.24242424242424243,0.31863057048326976,0.15656565656565657,0.13964219792701973,0.1111111111111111,0.1258385028453171,1.771120889933583,1.9467845577712077,0.18681318681318682,0.17050583201453606,0.5,0.46700076197174845,0.1813186813186813,0.1641697438602661,0.04395604395604396,0.08060488834183226,0.005494505494505495,0.0162534435261708,0.0,0.009026434558349452,0.07692307692307693,0.08171853935877146,0.005494505494505495,0.01072035636832542,False,False
10865,謝銘駿,Xie Ming-Jun,Local,PointGuardAndShootingGuard,190,85,32,570.0833333333334,17.815104166666668,9.030258734103201,3.978365736003508,1.957608536763631,0.47999462943071963,134.0,8,0.1421329967723292,0.15354485440332394,0.09258440375114912,0.10719686418347824,0.17226050233385196,0.16237788154623115,0.025970960119943733,0.031075532838727226,0.08602459394710785,0.0988133267031888,0.012779897988253497,0.013708699948162229,0.001862101865779956,0.00530142203754987,0.3656716417910448,0.3466037873802734,0.2537313432835821,0.2879432624113475,0.36363636363636365,0.4151538053558251,0.11188811188811189,0.10681852477000668,0.06993006993006994,0.1030632456995433,3.4100277737172924,3.394733303229764,0.20149253731343283,0.17661036777070993,0.47761194029850745,0.4433720845214594,0.1865671641791045,0.1635519485267237,0.06716417910447761,0.105703005044966,0.0,0.015120274914089349,0.014925373134328358,0.021569057541858595,0.04477611940298507,0.060700446004240696,0.007462686567164179,0.013372815675952329,False,False
109,于煥亞,Yu Huan-Ya,Local,ShootingGuard,182,81,20,527.3833333333333,26.369166666666665,12.014031539360996,2.1161078279556302,4.983092627121322,0.5079658277534057,153.0,2,0.17989767635157672,0.1878238819619208,0.23105292169386424,0.21303870710265851,0.17989017231584925,0.16945950617841626,0.013168438338227968,0.01996837228235478,0.049668385722191954,0.06823330639199726,0.012836008678621032,0.013823626986162952,0.003905816591985419,0.007151545059561027,0.7712418300653595,0.6396297406186529,0.3006535947712418,0.31859621083474843,0.125,0.24445038513417577,0.08522727272727272,0.089142699311373,0.045454545454545456,0.08196524918358654,1.911323199443795,2.092351685988447,0.13071895424836602,0.12799254153764192,0.6535947712418301,0.5728365464655546,0.05228758169934641,0.06915060100556054,0.0784313725490196,0.1103586055339127,0.0,0.013771517996870111,0.0,0.010255385742350081,0.08496732026143791,0.08814970199447275,0.0,0.007485099723637333,False,False
3129,董永全,Dong Yong-Cyuan,Local,SmallForward,190,92,33,509.2,15.43030303030303,6.00942655145326,4.595443833464258,1.0604870384917517,0.46075455333911536,83.0,5,0.0898267791180638,0.10862521798558784,0.04250575352763317,0.06759288320350908,0.08889766890557092,0.10521084380943702,0.02569152330696018,0.03147113328116492,0.09814780104622829,0.11031400599818741,0.02130078123150974,0.0211939590263899,0.009559049033938607,0.01184010788186942,0.5903614457831325,0.47021772553687446,0.25301204819277107,0.2997272231314784,0.25882352941176473,0.37926847632938787,0.15294117647058825,0.12618503650734236,0.07058823529411765,0.1150491138848373,4.666142969363708,4.478716126173255,0.024096385542168676,0.06477210732529881,0.6746987951807228,0.5455537370430987,0.060240963855421686,0.08202152457471606,0.21686746987951808,0.2063383425085553,0.0,0.020512820512820513,0.0,0.015275504637206765,0.024096385542168676,0.05437682884491395,0.0,0.011149134553389874,False,False
22,簡祐哲,Chien You-Che,Local,PointGuardAndShootingGuard,180,80,38,498.85,13.12763157894737,7.21659817580435,4.690788814272827,0.7938257993384784,0.49251379038613086,98.0,7,0.10939998338663032,0.1262343970437487,0.03322126353976615,0.06172942232821533,0.15765018254231664,0.1493695793033106,0.036162104974819115,0.04090079344865873,0.0976364060241018,0.11094776027776944,0.022967831552840004,0.022632595870003464,0.010171067710231718,0.012470031557785035,0.5918367346938775,0.48253882754286737,0.08163265306122448,0.18899362599874314,0.24,0.35877388107971664,0.14,0.12122517235395272,0.08,0.11657279883887864,5.0516187230630445,4.807565935114939,0.08163265306122448,0.09659754017416285,0.673469387755102,0.557051799982045,0.061224489795918366,0.08056378489990125,0.15306122448979592,0.167761917586857,0.0,0.01856540084388186,0.0,0.013825298500763085,0.030612244897959183,0.05554358560014364,0.0,0.010090672412245264,False,False
28,呂政儒,Lu Cheng-Ju,Local,SmallForward,194,88,41,476.8666666666667,11.63089430894309,10.568992031315533,2.944219208723612,1.5098560044736473,0.5766062602965404,117.0,7,0.14019042991853198,0.15413260585789473,0.06449366316168986,0.08683657008315272,0.1592797783933518,0.15148824097765962,0.008680078090563655,0.016920779218810772,0.07324585975597793,0.08936563706273391,0.009890769576664378,0.011391010774207868,0.004063363067839116,0.007391301564034613,0.8547008547008547,0.6680290098970229,0.08547008547008547,0.18000560964859558,0.1,0.24808772088340453,0.06428571428571428,0.07645695919868858,0.15,0.15446865359544618,3.246190409618342,3.251872755072338,0.05128205128205128,0.07492887766959169,0.8376068376068376,0.678046239531995,0.03418803418803419,0.06061625996714349,0.05128205128205128,0.09890611852386104,0.0,0.01657250470809793,0.0,0.01234122691028569,0.02564102564102564,0.04958127980125816,0.0,0.00900749288776696,False,False
39,魏嘉豪,Wei Chia-Hao,Local,PointGuardAndShootingGuard,182,78,35,460.71666666666664,13.163333333333332,7.813913106392216,3.5162608978764966,5.07904351915494,0.38880248833592534,122.0,6,0.15692590158435618,0.1686796751830363,0.2019267174287998,0.19107032450624828,0.2091020910209102,0.18851840276654822,0.02177213046344399,0.02852434330371795,0.07690635049611463,0.0933114996490649,0.03937876559445997,0.03665155710026625,0.002454786748924752,0.006656226125076076,0.5163934426229508,0.4463798612734783,0.12295081967213115,0.20253292806484297,0.36,0.42544054774638335,0.17,0.13789183902061938,0.0,0.07212835439443419,4.5320696017074855,4.347673534891253,0.13114754098360656,0.12781544696438313,0.5409836065573771,0.4835944197646325,0.1885245901639344,0.16334658249551864,0.09016393442622951,0.12366144493804068,0.0,0.01611721611721612,0.0,0.012002182214948172,0.040983606557377046,0.05920816771880602,0.00819672131147541,0.014254539786454681,False,False
116,呂威霆,Lu Wei-Ting,Local,PowerForward,201,103,27,443.0,16.40740740740741,11.376975169300227,8.207674943566591,1.706546275395034,0.5131964809384164,110.0,2,0.15918926284208829,0.17106858819280166,0.07711643737937766,0.09833695457714815,0.1388888888888889,0.13719870172084994,0.09905754989557804,0.09690130863526689,0.13481949550634473,0.14545194776405718,0.019998278041142632,0.020072310966124298,0.0164655490664523,0.01785681767099541,0.5,0.4308302044221944,0.5454545454545454,0.4815352523988319,0.32857142857142857,0.39354226633795,0.09285714285714286,0.09463877738050677,0.2,0.18628683541362798,4.794582392776523,4.563784974266314,0.0,0.0427200667501043,0.5636363636363636,0.4942010846891948,0.11818181818181818,0.11605340008343762,0.24545454545454545,0.22650813516896123,0.00909090909090909,0.023137254901960787,0.05454545454545454,0.048143512724238634,0.0,0.03397580308719233,0.00909090909090909,0.015260742594910306,False,False
47,曾文鼎,Tseng Wen Ting,Local,Center,204,98,33,357.05,10.81969696969697,9.175185548242542,5.847920459319423,3.629743733370676,0.585133744855967,65.0,6,0.13309630581010867,0.15149331508225047,0.151252560264692,0.1526936751676288,0.2716373173473211,0.22166104854781501,0.06445667711427924,0.06672468268623305,0.10183073065569696,0.11905807975801815,0.005816539791372836,0.008444347632780113,0.015709804991135962,0.017637187860148524,0.36923076923076925,0.33792907801418437,0.4461538461538462,0.40688794326241134,0.5054945054945055,0.5063116876862515,0.06593406593406594,0.08082181885211395,0.21978021978021978,0.19288364790057402,5.242963170424311,4.884703218261715,0.07692307692307693,0.09809929078014185,0.4153846153846154,0.39211347517730494,0.015384615384615385,0.061832624113475176,0.2923076923076923,0.24405106382978725,0.046153846153846156,0.04746666666666667,0.03076923076923077,0.03347517730496454,0.1076923076923077,0.10220709219858157,0.015384615384615385,0.020754609929078016,False,False
3,陳文宏,Chen Wen-Hong,Local,SmallForward,188,98,30,355.0,11.833333333333334,7.605633802816901,2.83943661971831,1.115492957746479,0.5501760563380282,62.0,8,0.1006552804120841,0.12481301564147387,0.05118737397619689,0.08451141965412438,0.12794268167860798,0.13002458349619012,0.02220282771862454,0.030483772904284327,0.05761159949770264,0.08120955044093936,0.011748444034271043,0.013326790838914788,0.003017564443158834,0.00782847935104911,0.8225806451612904,0.5675502848505988,0.22580645161290322,0.2939425648180444,0.16,0.3392212812538645,0.10666666666666667,0.1020679420884612,0.06666666666666667,0.11602002445805261,2.9408450704225353,3.0042748081408797,0.016129032258064516,0.06772468317637484,0.8548387096774194,0.6148703639111731,0.03225806451612903,0.0715498197883967,0.04838709677419355,0.11890477851412627,0.0,0.024043715846994537,0.0,0.017904894779676783,0.0,0.04734333217067783,0.04838709677419355,0.03765841181257994,False,False
122,陳懷安,Chen Huai-An,Local,PointGuard,186,86,22,354.73333333333335,16.124242424242425,8.524713399736891,2.7400864499154296,5.175718849840255,0.42033626901521215,92.0,2,0.163590363901064,0.17747750098009532,0.24581898001487112,0.2166469154450355,0.2188868042526579,0.19138035576752674,0.0057626142376448085,0.01673633370439649,0.07945871234819918,0.1016063244327893,0.0350872574885863,0.03246221559242136,0.011989663101233254,0.01470675093357261,0.6630434782608695,0.5213232549458753,0.1956521739130435,0.2622433743934304,0.3333333333333333,0.41816645484359144,0.21428571428571427,0.1574422623397042,0.08333333333333333,0.12184819384754972,3.551963916557038,3.5029739492591996,0.15217391304347827,0.1398842851810377,0.6304347826086957,0.5264091078760732,0.08695652173913043,0.09690182904068682,0.07608695652173914,0.1217525195968645,0.0,0.01929824561403509,0.0,0.01437103396789847,0.05434782608695652,0.07089399029488615,0.0,0.010488988428518104,False,False
44,黃泓瀚,Huang Hung-Han,Local,SmallForwardAndPowerForward,192,92,36,324.45,9.0125,5.547850208044383,5.880721220527046,2.552011095700416,0.3606462781304097,68.0,6,0.10228525220692053,0.12726113911220124,0.10141931927793854,0.11815968902009563,0.07966011683483804,0.10319388453911932,0.039411273055700004,0.04569077492362197,0.12124669386999028,0.13609605777114406,0.014302459767048246,0.015493857039353763,0.017352951809406745,0.019006644504111908,0.6029411764705882,0.4628213652482269,0.04411764705882353,0.19422650709219857,0.44,0.48137921995653077,0.24,0.15246562325931914,0.0,0.09987002916152427,5.658807212205271,5.189416594242261,0.04411764705882353,0.08017508865248227,0.6029411764705882,0.4922983156028369,0.11764705882352941,0.1150709219858156,0.14705882352941177,0.1680186170212766,0.0,0.02291666666666667,0.0,0.017065602836879433,0.04411764705882353,0.06856161347517731,0.04411764705882353,0.03589317375886525,False,False
4,張兆辰,Chang Chao-Chen,Local,PowerForward,196,97,21,319.1,15.195238095238096,9.251018489501723,3.6101535568787213,1.6922594797869006,0.4485776805251641,87.0,8,0.14761232651184075,0.16536497649450838,0.07815646325891834,0.10486464444569522,0.13282732447817835,0.1327944162988732,0.04543706834065696,0.05078544712928457,0.055556227589813365,0.08214470035518823,0.0211715619960199,0.021038119477694257,0.006907517464289439,0.011236730821775601,0.6436781609195402,0.5050417330052588,0.11494252873563218,0.2167414483523906,0.14634146341463414,0.32456357157005555,0.024390243902439025,0.060620561874762266,0.0975609756097561,0.1295253320431985,4.512691946098402,4.266749039191387,0.04597701149425287,0.07661504318039272,0.7586206896551724,0.5987359482800212,0.06896551724137931,0.08659236744343127,0.08045977011494253,0.12589376176002318,0.0,0.0199546485260771,0.011494252873563218,0.021662565735514065,0.022988505747126436,0.05289718724369181,0.011494252873563218,0.017648477830848653,False,False
10891,廖偉皓,Liao Wei-Hao,Local,SmallForward,190,95,21,303.6,14.457142857142859,12.213438735177863,3.794466403162055,0.9486166007905138,0.5439374735952682,85.0,2,0.16434435690395816,0.18003971920725567,0.044115504935248705,0.08392760151336813,0.13676148796498905,0.13533826294102796,0.012731046039049756,0.02355143194966963,0.10310039099999241,0.12384541076109228,0.019033674881737416,0.019334158303019593,0.010741114121780807,0.01417649057508976,0.611764705882353,0.48442161897774516,0.25882352941176473,0.30248960626069943,0.2524271844660194,0.3638213037942568,0.019417475728155338,0.05366410395470758,0.04854368932038835,0.09826832672676587,3.438735177865613,3.4068288361347303,0.058823529411764705,0.08456835412081193,0.6588235294117647,0.5380288579114698,0.08235294117647059,0.09468329664954757,0.18823529411764706,0.18969919295671314,0.0,0.020229885057471267,0.0,0.015064808021521155,0.011764705882352941,0.046730251895328936,0.0,0.01099535338713622,False,False
90,李啓瑋,Lee Chi-Wei,Local,SmallForward,192,87,23,296.25,12.880434782608695,9.478481012658229,4.010126582278481,3.2810126582278483,0.4491017964071856,82.0,4,0.1548295751006729,0.17276565602190452,0.1511431953490813,0.1529306413345179,0.13020833333333334,0.13115738523419435,0.047677946821115466,0.05319799980195285,0.06098002658960955,0.08629333655118336,0.019345830039310875,0.019585053564864324,0.00973811898764138,0.013177107068825737,0.7073170731707317,0.5369093996603735,0.13414634146341464,0.23141544301268605,0.2564102564102564,0.3834132822427152,0.15384615384615385,0.12544639888424994,0.20512820512820512,0.1834373657658111,4.131645569620253,3.9517861569203525,0.024390243902439025,0.0652282489261812,0.7317073170731707,0.5775646788532615,0.08536585365853659,0.09668364798721406,0.12195121951219512,0.15145340125861553,0.0,0.020657276995305167,0.024390243902439025,0.029467585655778644,0.012195121951219513,0.047717510738187995,0.0,0.011227649585455999,False,False
13275,吳彥侖,Wu Yen-Lun,Local,PointGuard,182,72,16,257.26666666666665,16.079166666666666,7.696294376781551,3.918113500906971,2.5187872505830526,0.4407051282051282,58.0,2,0.1483148794287877,0.16990505691919952,0.11153352137403101,0.12859262523360684,0.24271844660194172,0.19637778409995524,0.02707453959181371,0.03708346602590783,0.09286371236816285,0.1190498097348828,0.016492063623861842,0.017436777361150572,0.0,0.006929693300610468,0.6551724137931034,0.47661978603197497,0.1724137931034483,0.27000841447289337,0.32727272727272727,0.4339207303285111,0.12727272727272726,0.10978171128675175,0.12727272727272726,0.14802299104443076,4.197978750971754,3.9815957942516786,0.15517241379310345,0.13781704531794686,0.6896551724137931,0.525543935569179,0.06896551724137931,0.09092438995071522,0.06896551724137931,0.1314100252434187,0.0,0.024858757062146894,0.0,0.018511840365428536,0.017241379310344827,0.05742276715951437,0.0,0.01351123933165044,False,False
10864,劉彥廷,Liu Yan-Ting,Local,PowerForward,196,96,18,218.73333333333332,12.151851851851852,9.545870161536117,7.900030478512648,1.152087778116428,0.4577020202020202,55.0,8,0.1539532686723532,0.17740448336506465,0.06067957512257816,0.10499797356088497,0.11210762331838565,0.12153011918265548,0.08515377451004548,0.08406138282570089,0.13834536382909224,0.15555308764930317,0.016960976058404447,0.017902192078894433,0.004769143640645027,0.010905251396520406,0.2545454545454545,0.2803576934936787,0.34545454545454546,0.35531298180696885,0.6206896551724138,0.5549224535822391,0.2413793103448276,0.15811979002689486,0.22413793103448276,0.18828336080433444,5.431270953977446,4.856704557714626,0.03636363636363636,0.0805427073697194,0.43636363636363634,0.40012334258402715,0.16363636363636364,0.1367745914276904,0.3090909090909091,0.24788159111933394,0.0,0.025507246376811597,0.01818181818181818,0.02769041011409189,0.01818181818181818,0.05892075238976257,0.01818181818181818,0.02255935861856306,False,False
119,余純安,Yu Chun-An,Local,ShootingGuard,189,83,19,216.56666666666666,11.398245614035087,10.638756349084193,4.155764198861013,1.9947668154532863,0.5056890012642224,58.0,2,0.15837544740648102,0.17988858079285022,0.09494395022765009,0.12196796250806266,0.18115942028985507,0.15999560355356662,0.04062194688108219,0.049058852466912786,0.08377374438247671,0.1157997673849662,0.02641815690275346,0.024848639934096074,0.005021861708656792,0.011289938663859854,0.603448275862069,0.45119605721841566,0.20689655172413793,0.28695756701526626,0.3125,0.42068957357186804,0.171875,0.13069813210910755,0.09375,0.1318271096597094,5.818069878405418,5.134965296868437,0.017241379310344827,0.07002043514845534,0.6724137931034483,0.5170693592979926,0.06896551724137931,0.09092438995071522,0.1896551724137931,0.19073205914172378,0.0,0.024858757062146894,0.017241379310344827,0.02698641663661498,0.034482758620689655,0.0658973434307008,0.0,0.01351123933165044,False,False
82,蕭順議,Hsiao Shun-Yi,Local,SmallForwardAndPowerForward,193,86,17,209.65,12.33235294117647,9.787741473885047,4.121154304793704,1.8888623896971142,0.4765886287625418,51.0,4,0.14745786964399296,0.17265010979440976,0.08566931859359536,0.1165161557075355,0.11799410029498525,0.12491546522561524,0.0445931647899803,0.052755806473392695,0.07002063339497959,0.1023426201811599,0.02005664330346286,0.020175584973481424,0.0,0.0075471295344102275,0.3333333333333333,0.31748770046642383,0.39215686274509803,0.3771260622324452,0.5964912280701754,0.5443744422945183,0.24561403508771928,0.15927394907818604,0.05263157894736842,0.116664991175169,3.7777247793942283,3.641842021547671,0.0,0.06542712925691649,0.45098039215686275,0.4055331927672353,0.13725490196078433,0.12368538751517474,0.37254901960784315,0.2748322790875982,0.0196078431372549,0.03543543543543544,0.0,0.019679253721806914,0.0196078431372549,0.06104402274615041,0.0,0.014363299469682449,False,False
25,林金榜,Lin Chin-Pang,Local,SmallForward,190,92,30,202.43333333333334,6.747777777777778,6.579944014490367,3.7345628190350735,2.667544870739338,0.3735864297253635,46.0,7,0.11431217831713117,0.1476768548539251,0.10686562142853609,0.12735881193604962,0.057121096725057115,0.09744220099389997,0.024624897823774656,0.03730431568440064,0.07933542805492187,0.11107143480762052,0.020098189425295763,0.020205938878346527,0.00484406484319022,0.011020662388907738,0.5,0.389067308978991,0.17391304347826086,0.28170748026227754,0.32432432432432434,0.44939571448161536,0.05405405405405406,0.08393616259582468,0.05405405405405406,0.12806071616237738,7.113452988638235,6.029244216480406,0.021739130434782608,0.07794727686337481,0.5869565217391305,0.4623979660109728,0.021739130434782608,0.07291583032249431,0.21739130434782608,0.20289040545965475,0.0,0.027672955974842768,0.021739130434782608,0.03004148267094875,0.10869565217391304,0.10165930683794995,0.021739130434782608,0.02447477585976181,False,False
113,林任鴻,Lin Jen-Hung,Local,SmallForwardAndPowerForward,194,85,30,200.95,6.698333333333333,6.270216471759145,4.657875093306793,1.7914904205026128,0.35890073831009023,47.0,6,0.12738832041541864,0.15783571388686976,0.07496661642862162,0.10973937900844072,0.15581717451523547,0.14405737479478284,0.04312661288041516,0.05140824512425242,0.08690728292261239,0.11761889762523181,0.028841447782413123,0.026484564845251843,0.0,0.008775162399951053,0.3829787234042553,0.3387021939418042,0.0851063829787234,0.24169152250281697,0.6857142857142857,0.5615591182117304,0.22857142857142856,0.13756983498879555,0.11428571428571428,0.14767916339998394,5.1953222194575766,4.651573381531527,0.0425531914893617,0.08656459203287599,0.574468085106383,0.45807648969311326,0.14893617021276595,0.12830914031948035,0.14893617021276595,0.17295685026844304,0.0,0.02741433021806854,0.0,0.020414926758136144,0.0851063829787234,0.09136342546563267,0.0,0.014900245244250017,False,False
14982,徐小龍,Mel Tse-Jade,Local,PointGuardAndShootingGuard,185,86,17,197.41666666666666,11.612745098039214,13.311945968763192,3.4647530603630226,4.7412410299704515,0.4530784508440914,70.0,4,0.22008337573259884,0.22773181180052773,0.22194031797218633,0.19163084057814125,0.1569694432817078,0.14762275942294695,0.015340827374854182,0.030571586868931414,0.08065108952480966,0.11248566828850774,0.03116933716456436,0.02817561896674445,0.0,0.008181108977966148,0.2,0.24800872885979267,0.34285714285714286,0.3527768685215494,0.3287671232876712,0.4220869189173137,0.0,0.051114581854323445,0.0821917808219178,0.12407257379737356,4.011819333051921,3.8024375183224377,0.2571428571428571,0.19432624113475178,0.34285714285714286,0.35395526459356247,0.2857142857142857,0.20560829241680303,0.014285714285714285,0.09620294599018003,0.0,0.022564102564102566,0.0,0.01680305510092744,0.1,0.0982760501909438,0.0,0.012264048008728861,False,False
91,簡偉儒,Chien Wei-Ju,Local,ShootingGuard,186,85,23,193.38333333333333,8.407971014492754,5.957080065500302,3.7231750409376887,1.8615875204688443,0.36101083032490977,43.0,3,0.11325542682253525,0.1487926433802986,0.07861077295134321,0.11272602646162615,0.08278145695364239,0.1104523306483902,0.05241109222532402,0.05906224771673639,0.05103885332709525,0.09012124944631629,0.029791797091982063,0.027105142256165084,0.005437881642995517,0.011895772140573486,0.5348837209302325,0.4003993665220684,0.06976744186046512,0.24136886318253803,0.4375,0.4873151660209732,0.1875,0.12339759842599542,0.125,0.15163485527676923,2.2339050245626133,2.5417041085458125,0.06976744186046512,0.09963506162638573,0.6511627906976745,0.4855746057977002,0.046511627906976744,0.08474833023479997,0.18604651162790697,0.1893823590167321,0.0,0.0284789644012945,0.0,0.0212077394477725,0.023255813953488372,0.06578530606623977,0.023255813953488372,0.02518763340907526,False,False
13,陳冠全,Chen Kuan-Chuan,Local,Center,197,105,20,190.95000000000002,9.547500000000001,7.918303220738413,4.336213668499607,1.6967792615868027,0.4691689008042896,43.0,8,0.1432739096801785,0.17182052254156605,0.08758333904467115,0.12138715460934187,0.2382573179033356,0.18494607995818144,0.05201989992917128,0.05872627524269265,0.06917293285503409,0.10512706666339004,0.019391672574343977,0.019714638762451796,0.022453949379245167,0.022927652616240878,0.23255813953488372,0.2741857742890587,0.09302325581395349,0.2510776010466157,0.6666666666666666,0.5621253983143361,0.047619047619047616,0.08049615593206137,0.09523809523809523,0.13920576877867338,4.147682639434406,3.8931889335349052,0.09302325581395349,0.1093437994904634,0.3023255813953488,0.33994353783653514,0.046511627906976744,0.08474833023479997,0.27906976744186046,0.22821731047304278,0.023255813953488372,0.03818770226537217,0.0,0.0212077394477725,0.11627906976744186,0.10462025752255044,0.13953488372093023,0.07373132272946362,False,False
10863,魏芃禾,Wei Peng-Ho,Local,PointGuard,177,72,23,185.23333333333335,8.053623188405798,7.385279827244916,3.3039409753464097,4.8587367284506024,0.3211629479377958,53.0,8,0.18885365480001237,0.20523953674473003,0.2350066409698975,0.19678445727427463,0.2332814930015552,0.18929860349834957,0.04108309701659375,0.050299953694404,0.04929855352727102,0.09096533976487077,0.0307955580345057,0.027748296980068247,0.0,0.008754072339551477,0.6226415094339622,0.4534613694847172,0.2641509433962264,0.31735391953806563,0.2631578947368421,0.4286381236809237,0.0,0.06627568664162277,0.13157894736842105,0.15239918466947588,5.24743566672665,4.655747925881422,0.1320754716981132,0.1262160296240507,0.6415094339622641,0.4957007468775497,0.05660377358490566,0.08609803552375572,0.1320754716981132,0.1637733006966673,0.0,0.02595870206489676,0.018867924528301886,0.028180505868323606,0.018867924528301886,0.059963597564802615,0.0,0.014109081779953556,False,False
11,蘇奕晉,Su Yi-Chin,Local,PowerForward,195,95,17,178.98333333333332,10.528431372549019,7.4420337089114454,3.6204488313623244,3.218176738988733,0.5810301507537688,27.0,8,0.11289611852304393,0.15106344895775148,0.15729303266137423,0.15671335872856168,0.2737226277372263,0.19225921086126374,0.011263571823699864,0.028677674665902722,0.09341936352550383,0.1256737493333174,0.026541084492916516,0.024685864008809236,0.01803106318420496,0.020186054387414065,0.5555555555555556,0.3820820086410695,0.4074074074074074,0.37771256215863697,0.32432432432432434,0.44939571448161536,0.0,0.06684214550180759,0.0,0.11096669906836029,4.8272651084830995,4.351089033559235,0.1111111111111111,0.11795875112089345,0.6296296296296297,0.4484389011168175,0.0,0.07734572430097009,0.2222222222222222,0.20122279285888972,0.0,0.033716475095785445,0.0,0.025108013369201924,0.037037037037037035,0.07788375315888156,0.0,0.018325588978560365,False,False
83,吳家駿,Wu Chia-Chun,Local,PointGuard,174,70,24,166.98333333333332,6.957638888888888,5.389759457031641,2.802674917656453,4.742988322187844,0.256568144499179,43.0,3,0.14586733648903352,0.17557513290961213,0.19502525540120844,0.17674496048577557,0.10964912280701755,0.12172416715336146,0.017611052566138267,0.033917313435304026,0.05998175554935374,0.10173308368056934,0.021835231258277295,0.02140702897203628,0.0,0.009338249334749278,0.37209302325581395,0.3324382014735247,0.3023255813953488,0.33845624182331474,0.48,0.5007552247080856,0.16,0.1125764859401094,0.0,0.12364860753331575,1.9403134045313906,2.376109892197649,0.13953488372093023,0.12876127521861874,0.46511627906976744,0.40790470288507885,0.09302325581395349,0.10416580596295531,0.11627906976744186,0.16025614542449906,0.0,0.0284789644012945,0.0,0.0212077394477725,0.18604651162790697,0.13374647111478344,0.0,0.015478895544997592,False,False
123,勤明慶,Chin Ming-Ching,Local,Center,195,106,18,165.85,9.213888888888889,3.255954175459753,6.511908350919506,0.6511908350919506,0.3453038674033149,16.0,2,0.08997444130191562,0.13666798209497244,0.027736167939977165,0.08941290404982948,0.33618581907090467,0.20453188584807622,0.036531748025235726,0.04821948262527299,0.15800491194733585,0.17492073471250363,0.009520518797086775,0.01305883489129743,0.012260156767598103,0.01663493723248178,0.0625,0.25317282568122434,0.8125,0.45869727510265024,0.5333333333333333,0.5113610378352527,0.0,0.08232137919696302,0.0,0.13666425043155953,8.248417244498041,6.633555182189476,0.125,0.12187383351997014,0.1875,0.32913400522583053,0.0625,0.10169839492347892,0.25,0.20403135498320268,0.0,0.03859649122807018,0.0,0.02874206793579694,0.3125,0.1417879805897723,0.0625,0.03413587159387831,False,False
10884,徐宏瑋,Hsu Hong-Wei,Local,PointGuard,173,77,30,164.11666666666667,5.470555555555555,8.335533665075657,1.974205341728445,2.1935614908093832,0.4778672032193159,38.0,5,0.1639276550346402,0.18928225631297943,0.08828803972961788,0.12009610492829366,0.3233492171545269,0.22704779770826564,0.019563888322804156,0.03662057459807322,0.03373932466680465,0.08015949798221364,0.01871595304947211,0.019282032970525047,0.017974199534418304,0.02014624565465541,0.4473684210526316,0.35960341583441885,0.10526315789473684,0.26388768273266755,0.2631578947368421,0.4286381236809237,0.05263157894736842,0.08322483918399565,0.05263157894736842,0.12697545585591655,4.3871229816187665,4.026187785381099,0.21052631578947367,0.15573889130120133,0.5263157894736842,0.428716167317991,0.05263157894736842,0.08907222463453467,0.13157894736842105,0.16843247937472863,0.0,0.02993197278911565,0.0,0.022289766970618036,0.07894736842105263,0.08954986249819077,0.0,0.016268635113619916,False,False
10873,喬納森,Jonathan Smith Matthew,Local,SmallForward,187,87,29,157.98333333333332,5.447701149425287,8.659141259626542,2.962337799345923,1.595104968878574,0.4163014899211218,43.0,7,0.14930878386307878,0.17932402463306102,0.0644064764290187,0.10835661871557076,0.13297872340425532,0.13284975546727296,0.04336528368123076,0.053350195785861004,0.04006993688057396,0.09089739863668168,0.01306820901783561,0.01550973959974564,0.0,0.008961601347253234,0.6976744186046512,0.4683605315706121,0.13953488372093023,0.270495076774771,0.15789473684210525,0.39473981859617796,0.05263157894736842,0.08322483918399565,0.15789473684210525,0.16087376094066233,4.101698491402047,3.8274089566830285,0.06976744186046512,0.09963506162638573,0.7674418604651163,0.5341182951180885,0.13953488372093023,0.12358328169111066,0.0,0.11171245610411072,0.0,0.0284789644012945,0.0,0.0212077394477725,0.023255813953488372,0.06578530606623977,0.0,0.015478895544997592,False,False
111,唐維傑,Tang Wei-Chieh,Local,SmallForward,192,89,10,151.56666666666666,15.156666666666666,10.213327468660655,9.025731251374532,2.3751924345722455,0.35222804718217565,54.0,2,0.21112968279279512,0.22284715571195018,0.11372431331048317,0.13628535028098715,0.1642935377875137,0.15006160895846082,0.11976467292337863,0.10891093424492791,0.1386801562179245,0.16275987580901768,0.023491064959040256,0.022486837021327546,0.0,0.009458320797249365,0.07407407407407407,0.19509767326116711,0.2962962962962963,0.332113972875451,0.6046511627906976,0.5412951105231626,0.20930232558139536,0.13675228474562187,0.16279069767441862,0.16246425846339962,3.800307895315593,3.6225401246924545,0.2037037037037037,0.16019659076769938,0.2777777777777778,0.3246858280452905,0.2037037037037037,0.15551822819459996,0.12962962962962962,0.16233669279581933,0.0,0.025730994152046785,0.018518518518518517,0.02793330844842603,0.1111111111111111,0.10329725021774294,0.05555555555555555,0.040301107378375015,False,False
78,朱雲豪,Chu Yun-Hao,Local,SmallForwardAndPowerForward,195,94,16,147.15,9.196875,12.966360856269112,4.159021406727828,1.712538226299694,0.4494572591587517,55.0,4,0.2066612589408416,0.2206201149569234,0.08944416838219633,0.12684971352783567,0.09236453201970442,0.11174933143272747,0.01304977264849214,0.03194593771977285,0.09818806651332358,0.13190258376181194,0.007261224466332778,0.01192608137588318,0.014369464887114882,0.018300351928622217,0.5818181818181818,0.43687943262411344,0.16363636363636364,0.2683564600678384,0.2641509433962264,0.4103706661229248,0.05660377358490566,0.08135737611813149,0.03773584905660377,0.11265491572179064,2.9357798165137616,3.0590338610666197,0.07272727272727272,0.09793401171754548,0.5818181818181818,0.4696885599753315,0.2,0.15416589577551648,0.07272727272727272,0.1348381128584644,0.0,0.025507246376811597,0.0,0.018994757940178846,0.07272727272727272,0.0850077089115017,0.0,0.013863706444650016,False,False
108,魏莨哲,Wei Liang-Che,Local,PointGuard,185,78,11,145.91666666666666,13.265151515151514,8.388349514563107,2.960593946316391,3.2073101085094233,0.4183070866141732,38.0,2,0.16296975893339136,0.1901752303328287,0.1654799315804129,0.16024009312083518,0.24235645041014167,0.18447902548252046,0.05386059363537968,0.06144282632743527,0.03190958949642679,0.09206513442151477,0.017676550935668944,0.018652147694531808,0.0,0.010024948055150872,0.3157894736842105,0.30858300767115354,0.15789473684210525,0.28429584599797364,0.35294117647058826,0.4612219174942895,0.17647058823529413,0.12123272827817094,0.08823529411764706,0.14020266483331714,2.467161621930326,2.7570322753579464,0.21052631578947367,0.15573889130120133,0.47368421052631576,0.4083080040526849,0.13157894736842105,0.11968446953249384,0.10526315789473684,0.15822839774207556,0.0,0.02993197278911565,0.0,0.022289766970618036,0.07894736842105263,0.08954986249819077,0.0,0.016268635113619916,False,False
101,周柏臣,Chou Po-Chen,Local,Center,198,98,22,122.43333333333334,5.565151515151515,2.3523005717397223,4.410563572011979,0.5880751429349306,0.29325513196480935,11.0,3,0.06821064313184512,0.13258809968834692,0.024141168680542394,0.09632350681457859,0.26824034334763946,0.1648549905370502,0.04360088506954161,0.05617679947494764,0.08293715714900612,0.1277302161207467,0.004176589403898723,0.010460883999052232,0.0,0.01107330336654355,0.45454545454545453,0.3273399260813106,0.5454545454545454,0.39240835081410447,0.75,0.5293102112994205,0.25,0.1115969434512669,0.0,0.14753527035225175,4.704601143479445,4.143880495017039,0.0,0.10228748376785536,0.45454545454545453,0.3804814703825792,0.2727272727272727,0.13702926780541405,0.2727272727272727,0.2043152532214564,0.0,0.041314553990610334,0.0,0.030766157227050245,0.0,0.08135051443412247,0.0,0.022455299170911998,False,False
48,李沛澄,Li Pei-Cheng,Local,PointGuardAndShootingGuard,181,79,19,122.31666666666666,6.4377192982456135,7.652268701457965,0.588636053958305,2.0602261888540676,0.3727064220183486,34.0,6,0.13369080075219203,0.17461288438533565,0.07911653205867811,0.11997411291433642,0.054229934924078085,0.10285091304535122,0.0,0.026748347427776053,0.016846538562779678,0.08429253377026484,0.008412616892289351,0.013085583694152603,0.0,0.011612069395686752,0.8823529411764706,0.513203561189075,0.058823529411764705,0.2538403500829938,0.15384615384615385,0.4205594207014056,0.11538461538461539,0.10208048135576875,0.07692307692307693,0.14135003576413352,2.0602261888540676,2.5448202069756127,0.0,0.07725969518635883,0.8823529411764706,0.553342387203863,0.0,0.07158593632111061,0.08823529411764706,0.15432322317790856,0.0,0.03120567375886525,0.0,0.023238267692771993,0.029411764705882353,0.07208389920024144,0.0,0.01696091745888034,False,False
55,汪哲宇,Wang Jhe-Yu,Local,ShootingGuard,190,88,21,117.36666666666666,5.588888888888889,10.428855438795798,5.521158761715422,0.9201931269525703,0.5017709563164108,33.0,5,0.1475837128048308,0.18531267837647694,0.0377297519181474,0.10368266765084248,0.10559662090813093,0.12223331074615475,0.01768628944103956,0.039361533253946285,0.12066586187843857,0.1509087386387726,0.026206627122160493,0.023944548623441735,0.0,0.01091834827032485,0.6363636363636364,0.421947685502936,0.06060606060606061,0.25656981621291847,0.29411764705882354,0.4436780578451667,0.08823529411764706,0.09491693880448673,0.11764705882352941,0.14897459465787855,5.214427719397899,4.432661078574308,0.06060606060606061,0.09959582094105086,0.696969696969697,0.48402348814153895,0.0,0.07235567757187523,0.15151515151515152,0.17748798901853124,0.0,0.031541218637992835,0.030303030303030304,0.03424082971097384,0.06060606060606061,0.08361168306260963,0.0,0.01714329291542744,False,False
23,王柏智,Wang Po-Chih,Local,Center,197,130,29,114.35,3.943103448275862,12.592916484477481,9.129864451246174,0.9444687363358112,0.4310344827586207,42.0,7,0.2065722363037893,0.22266204258148298,0.04309119473329842,0.10972994775382566,0.11450381679389313,0.12423662327254115,0.07729491648749474,0.07828720025483997,0.1845438147385149,0.1963746879530749,0.02253261596160442,0.0217095132797769,0.025318384546408248,0.024610407603338894,0.3333333333333333,0.3160895563899318,0.23809523809523808,0.31236267556668057,0.85,0.6214941549529083,0.2,0.13183775853092905,0.175,0.1665258649249846,6.2964582422387405,5.057162549736469,0.0,0.07120011125017382,0.3333333333333333,0.35308023918787373,0.09523809523809523,0.10518703935474899,0.5,0.3186900292031707,0.023809523809523808,0.038562091503267976,0.0,0.021415658461966348,0.047619047619047616,0.07623418161590878,0.0,0.015630649422889723,False,False
2,江均,Chiang Chun,Local,SmallForward,193,93,17,111.31666666666666,6.548039215686274,5.174427309477467,3.8808204821081005,1.6170085342117084,0.30165912518853694,23.0,8,0.13852757398638313,0.18113652636081928,0.07470700845123034,0.12348051520735723,0.20883054892601435,0.16001065500249814,0.05277222128907145,0.06225105628300959,0.05293436506331906,0.10997914850291647,0.023349431901835877,0.022172310128267977,0.009905451093554922,0.016805553747879325,0.5217391304347826,0.3643510211056994,0.34782608695652173,0.3597709988891737,0.0,0.4227010270244687,0.0,0.08146386483032798,0.0,0.1352406644895641,4.204222188950442,3.820156154061936,0.21739130434782608,0.14773989575322566,0.6521739130434783,0.4459540288814834,0.08695652173913043,0.10516961462872768,0.043478260869565216,0.15067931299666754,0.0,0.03534136546184739,0.0,0.026318038109886355,0.0,0.06958899427497223,0.0,0.01920874989318978,False,False
73,陳振傑,Chen Jen-Jie,Local,ShootingGuard,183,80,13,105.48333333333333,8.114102564102565,12.627587296571338,8.190867435613841,3.0715752883551906,0.4122103386809269,44.0,3,0.20639685028047222,0.22325507498769245,0.13759714613326537,0.14879764750424582,0.0818330605564648,0.10988424371632648,0.06970207204621912,0.07363311044127803,0.16074225098247794,0.1813752994046613,0.009783662167427676,0.01431562906906488,0.0,0.011602839488566826,0.6363636363636364,0.44462629569012546,0.045454545454545456,0.22943262411347518,0.2702702702702703,0.43230169738759827,0.0,0.06684214550180759,0.10810810810810811,0.14515473325639447,2.3890030020540367,2.7757725305487426,0.1590909090909091,0.13713857064920895,0.7272727272727273,0.51936715766503,0.022727272727272728,0.07431805782869613,0.045454545454545456,0.12986906710310966,0.0,0.02820512820512821,0.022727272727272728,0.030619203491543918,0.022727272727272728,0.06515275504637207,0.0,0.015330060010911075,False,False
80,田浩,Tien Hao,Local,PointGuardAndShootingGuard,174,70,19,98.63333333333333,5.1912280701754385,15.329503210544104,1.8249408583981077,5.839810746873944,0.449486301369863,41.0,4,0.2638391199979024,0.25815765427430637,0.2795438000485319,0.2010503226911991,0.19057519057519057,0.16109579048448544,0.019621602839681968,0.042072716542142084,0.029663911997061077,0.099698123006775,0.03142665215802892,0.02661551122831256,0.0,0.012042267078790343,0.5121951219512195,0.3885260866512183,0.3170731707317073,0.3451583456217962,0.3333333333333333,0.4473712999536803,0.19047619047619047,0.12967648380091382,0.047619047619047616,0.12281232615572257,6.204798918553566,4.89751562721375,0.07317073170731707,0.10160803314373991,0.4878048780487805,0.41598202373428833,0.21951219512195122,0.15573344568499403,0.04878048780487805,0.13372656414577627,0.0,0.029042904290429047,0.0,0.021627694684362053,0.17073170731707318,0.12649392598834353,0.0,0.01578540832806685,False,False
14437,弗利沙,,,PointGuardAndShootingGuard,191,91,4,90.5,22.625,11.138121546961326,3.18232044198895,4.773480662983426,0.36764705882352944,35.0,8,0.2152041791417157,0.2300538545524897,0.24769932054700264,0.18600974010226937,0.11606313834726091,0.12576830089089666,0.03215398184639775,0.05096358528923466,0.05985883291903261,0.12585991604750515,0.029668300977990815,0.025346997122609675,0.01052870167947415,0.01732063978934892,0.2857142857142857,0.29727510265024265,0.2,0.30379992534527805,0.2857142857142857,0.4498083203180463,0.0,0.07241232429362487,0.07142857142857142,0.13873244250924216,2.386740331491713,2.8085603609459393,0.2571428571428571,0.1711832773422919,0.45714285714285713,0.4001493094438223,0.22857142857142856,0.15504292646509893,0.02857142857142857,0.1316461366181411,0.0,0.030877192982456142,0.0,0.02299365434863755,0.0,0.060798805524449426,0.02857142857142857,0.027308697275102652,False,False
95,李德威,Lee Te-Wei,Local,Center,200,105,24,82.13333333333333,3.422222222222222,4.383116883116884,6.574675324675325,0.4383116883116883,0.24084778420038533,19.0,3,0.16679668442674478,0.20473950824239234,0.018500236434109436,0.10783517171066685,0.3024193548387097,0.18899505855429619,0.049971266142016496,0.06292768571491156,0.1283373655604768,0.16515265416031075,0.006460752532093462,0.013366265103636216,0.02728739402067468,0.02525854313221001,0.3684210526315789,0.31950803483257023,0.21052631578947367,0.32735434060508123,0.8,0.5397699843816556,0.0,0.08689478915234986,0.7,0.22203448656664615,7.012987012987013,5.173886974966793,0.10526315789473684,0.11724571325971811,0.47368421052631576,0.392584612622318,0.05263157894736842,0.09783643055929617,0.21052631578947367,0.19628332884460006,0.0,0.03713080168776372,0.10526315789473684,0.0529670526977287,0.05263157894736842,0.08577071550408476,0.0,0.02018134482449053,False,False
71,李漢昇,Li Han-Sheng,Local,PointGuardAndShootingGuard,177,76,6,72.28333333333333,12.047222222222222,7.9686419183767585,2.988240719391284,5.976481438782568,0.3831417624521073,20.0,4,0.1688612952122724,0.2081632165241345,0.2519134047671113,0.18703080535168423,0.22321428571428573,0.16072970137930048,0.0,0.037700813949860544,0.08252661340006781,0.14366320690367027,0.007285721614803292,0.014181766716201413,0.0,0.013764216533936908,0.65,0.3905141843971631,0.1,0.29826241134751774,0.25,0.4643676936911354,0.0,0.08146386483032798,0.1875,0.1664906644895641,0.9960802397970948,2.198924427325923,0.15,0.12828014184397163,0.6,0.425177304964539,0.15,0.12161347517730496,0.05,0.15632978723404256,0.0,0.03666666666666667,0.0,0.027304964539007093,0.05,0.08469858156028369,0.0,0.0199290780141844,False,False
19,蘇培凱,Su Pei-Kai,Local,PointGuardAndShootingGuard,187,83,19,61.38333333333334,3.230701754385965,11.729568286722778,5.864784143361389,2.9323920716806944,0.35765379113018597,24.0,7,0.2738726172475056,0.261398189967672,0.12253859114658677,0.14639106942666,0.26343519494204426,0.18338297729515746,0.07861549380357044,0.07939090274543957,0.08682282716830968,0.1536259912208384,0.0,0.01139450193088151,0.017101223806328638,0.02131026650664516,0.5833333333333334,0.38382303275920293,0.375,0.3673927727119216,0.4,0.48579298594348996,0.15,0.10820531023711487,0.1,0.14983103790998153,2.9323920716806944,3.1323320160882897,0.16666666666666666,0.13407632556568727,0.625,0.44064505234718,0.041666666666666664,0.0920128335021952,0.08333333333333333,0.16079027355623102,0.0,0.03492063492063492,0.0,0.026004728132387706,0.08333333333333333,0.09257007767646067,0.0,0.018980074299223236,False,False
38,余維豪,Yu Wei-Hao,Local,PointGuardAndShootingGuard,174,70,8,55.35,6.91875,9.75609756097561,3.902439024390244,1.3008130081300813,0.436046511627907,15.0,6,0.2464998696307717,0.24835567477760886,0.049423817818315986,0.12538501006687203,0.43046357615894043,0.23241902944383178,0.0573370142280739,0.06955676763989431,0.05468977478446912,0.1398691889428476,0.02807015355153719,0.023644878167136642,0.0,0.016011725282714603,0.4666666666666667,0.33654846335697397,0.3333333333333333,0.3581465721040189,0.13333333333333333,0.44820314309841053,0.0,0.08232137919696302,0.0,0.13666425043155953,7.804878048780488,5.13379786879411,0.2,0.1368321513002364,0.6,0.4135224586288416,0.13333333333333333,0.11638770685579196,0.0,0.15341843971631206,0.0,0.03911111111111112,0.0,0.02912529550827423,0.06666666666666667,0.09034515366430261,0.0,0.021257683215130024,False,False
26,洪志善,Hung Chih-Shan,Local,PointGuardAndShootingGuard,176,75,3,53.2,17.733333333333334,10.150375939849624,2.706766917293233,2.706766917293233,0.9375,8.0,7,0.10785247034335348,0.1865958615212756,0.12945247303073476,0.14982784651602854,0.38461538461538464,0.1775917322716935,0.0,0.04190254396077798,0.08419194704908989,0.15872551144489652,0.010042446917773031,0.01632271701944569,0.0,0.01578428837765386,1.0,0.3858990404672507,0.0,0.3214851898206091,0.0,0.42715051151946315,0.0,0.08232137919696302,0.2,0.16824319779998057,2.706766917293233,3.054501062622242,0.125,0.12150604922820192,0.875,0.42667918231122237,0.0,0.09895702962035878,0.0,0.16921151439299126,0.0,0.04313725490196079,0.0,0.03212348769294952,0.0,0.08493950771798081,0.0,0.023445974134334586,False,False
64,劉元凱,Liu Yuan-Kai,Local,Center,206,105,17,40.15,2.361764705882353,8.069738480697385,10.759651307596513,2.6899128268991284,0.7978723404255318,3.0,5,0.11001498028438608,0.1982991209680812,0.10092868407219205,0.14347674181952225,0.41493775933609955,0.17180063836636453,0.05356395592132794,0.06999047443342477,0.22949852977504362,0.22268928682693417,0.025348105176329516,0.02216579239617048,0.0,0.016936810217286165,0.0,0.2895418214567151,2.0,0.44223798266351455,0.4444444444444444,0.5008909954421236,0.0,0.08787113509788187,0.1111111111111111,0.1571135257415523,5.379825653798257,3.9855142866523727,0.0,0.11527637059551953,0.6666666666666666,0.3811775301137003,0.0,0.10681076212991107,0.3333333333333333,0.19851401553529213,0.0,0.04656084656084657,0.0,0.03467297084318361,0.0,0.09168073848924914,0.0,0.025306765732297648,False,False
97,史承平,Shih Cheng-Ping,Local,SmallForward,190,80,11,30.883333333333333,2.8075757575757576,10.491095520777117,3.497031840259039,2.331354560172693,0.5625,8.0,3,0.1431197562511529,0.2159475134459147,0.11095272951419653,0.1492248866698124,0.2,0.14234566365476609,0.03520093869169844,0.0657491267253202,0.07274380541032052,0.17217979878282186,0.03209630317454727,0.023897701329006895,0.0,0.017998973162773255,0.375,0.31236962870254487,0.0,0.3214851898206091,0.6666666666666666,0.5233629055544832,0.2222222222222222,0.11034304521024142,0.2222222222222222,0.16834948079773207,1.1656772800863464,2.6952611592480022,0.125,0.12150604922820192,0.25,0.3531497705465165,0.375,0.1430746766791823,0.25,0.1986232790988736,0.0,0.04313725490196079,0.0,0.03212348769294952,0.0,0.08493950771798081,0.0,0.023445974134334586,False,False
56,丁冠皓,Ting Kuang-Hao,Local,SmallForward,192,86,12,30.266666666666666,2.522222222222222,5.9471365638766525,2.3788546255506606,2.3788546255506606,0.4166666666666667,6.0,5,0.10758869609971765,0.20682683216061973,0.09509344251469326,0.14551836672906202,0.14285714285714285,0.1337939769527407,0.035973918908791126,0.0662062487652917,0.031176929072486356,0.15275217235682345,0.0,0.014751503718865074,0.0,0.01845928323648667,0.5,0.3218353750268644,0.0,0.33122716526971846,0.4,0.5009329246394,0.0,0.0920062473377822,0.0,0.15274239754115476,10.704845814977975,5.322184475888296,0.0,0.11003653556845046,0.5,0.3790027938964109,0.16666666666666666,0.11710724263915753,0.16666666666666666,0.18949065119277886,0.0,0.044444444444444446,0.16666666666666666,0.04824844186546314,0.0,0.08751343219428326,0.0,0.024156458199011393,False,False
60,黃鎮,Huang Zhen,Local,SmallForward,193,86,12,26.95,2.245833333333333,8.014842300556586,10.686456400742115,1.3358070500927643,0.2525252525252525,11.0,5,0.20632298317330133,0.23779171823683332,0.05136528206317216,0.13905242299504636,0.0,0.1107985038374183,0.12409513960703206,0.09281580887327216,0.1683206508398499,0.20137800920798846,0.0,0.015259565461417643,0.0,0.018893202192363494,0.8181818181818182,0.38367795425032464,0.18181818181818182,0.3360703226450904,0.3333333333333333,0.4951081231901046,0.0,0.09093640725245915,0.16666666666666666,0.16259423012788551,1.3358070500927643,2.794385615159258,0.0,0.10228748376785536,0.8181818181818182,0.43681949855159324,0.18181818181818182,0.12294476076316052,0.0,0.16206173209469585,0.0,0.041314553990610334,0.0,0.030766157227050245,0.0,0.08135051443412247,0.0,0.022455299170911998,False,False
84,李家瑞,Lee Chia-Jul,Local,SmallForwardAndPowerForward,200,97,10,26.816666666666666,2.6816666666666666,9.397141081417029,12.082038533250465,1.3424487259167186,0.2946127946127946,11.0,4,0.23888891412108954,0.24680510931748126,0.0560409410208013,0.14096905376831623,0.1440922190201729,0.1348700115841043,0.1481290986241481,0.10129217244799507,0.17710216581190272,0.2047397378955213,0.0,0.01532995471092164,0.04075394803871625,0.027117550007336625,0.6363636363636364,0.3555089401658176,0.18181818181818182,0.3360703226450904,0.0,0.46642871947527587,0.0,0.08989116119208605,0.14285714285714285,0.16072533093101327,1.3424487259167186,2.797873692070051,0.0,0.10228748376785536,0.6363636363636364,0.4086504844670862,0.09090909090909091,0.108860253720907,0.18181818181818182,0.19023074617920288,0.0,0.041314553990610334,0.09090909090909091,0.044850664269303765,0.0,0.08135051443412247,0.0,0.022455299170911998,False,False
35,李睿麒,Li Ruei-Ci,Local,SmallForwardAndPowerForward,193,87,5,25.4,5.08,19.84251968503937,9.921259842519685,0.0,0.6363636363636364,11.0,6,0.20857126510783786,0.23842187863190087,0.0,0.13960954747764473,0.08333333333333333,0.1245027285532448,0.16042333936777606,0.10376018826006349,0.12520287502898214,0.1913344887550992,0.04078363488677443,0.025491350783811043,0.03946719289590528,0.026944465016764216,0.6363636363636364,0.3555089401658176,0.0,0.30790130856058334,0.5714285714285714,0.5168010488760532,0.0,0.0831971385501222,0.2857142857142857,0.18067131692551228,4.251968503937008,3.518591475723744,0.0,0.10228748376785536,0.6363636363636364,0.4086504844670862,0.09090909090909091,0.108860253720907,0.09090909090909091,0.17614623913694935,0.0,0.041314553990610334,0.09090909090909091,0.044850664269303765,0.09090909090909091,0.09543502147637599,0.0,0.022455299170911998,False,False
10871,鍾理翔,Chung Li-Hsiang,Local,SmallForward,194,92,9,23.483333333333334,2.609259259259259,3.0660042583392477,6.1320085166784954,1.5330021291696239,0.3333333333333333,3.0,7,0.05479087894208959,0.19770449951160418,0.05733054643177067,0.14145084963851348,0.0,0.12641581675926392,0.03919913979665446,0.06797706449518671,0.13544018058690743,0.19555272391667097,0.06477167534637103,0.030938707446785823,0.0,0.019060471754040176,0.0,0.2895418214567151,0.0,0.3469998874254193,1.0,0.5192597389554756,0.0,0.09537232955745716,0.0,0.15833053403656286,6.1320085166784954,3.931643178044284,0.3333333333333333,0.1311493864685354,0.0,0.34943149836766857,0.3333333333333333,0.12268377800292694,0.3333333333333333,0.19851401553529213,0.0,0.04656084656084657,0.0,0.03467297084318361,0.0,0.09168073848924914,0.0,0.025306765732297648,False,False
10878,曾信武,Tseng Hsin-Wu,Local,SmallForwardAndPowerForward,195,90,5,19.316666666666666,3.8633333333333333,11.182053494391717,3.7273511647972386,0.0,0.31779661016949157,9.0,6,0.24405876267973714,0.24858162164253617,0.0,0.13778027451939404,0.09578544061302682,0.12726002918559948,0.0,0.06109003728792296,0.09391049156272928,0.18530424779248306,0.0,0.016476493629349543,0.057091882247992866,0.02873789663322375,0.8888888888888888,0.38030630075033406,0.1111111111111111,0.33131873779422344,0.0,0.47185230923661625,0.0,0.09093640725245915,0.5,0.18585004408137387,7.454702329594477,4.096588772021641,0.0,0.10525233836982217,0.8888888888888888,0.43498817966903075,0.0,0.09752286977078836,0.1111111111111111,0.18125192722787542,0.0,0.04251207729468599,0.0,0.03165792990029808,0.0,0.08370850035974921,0.0,0.023106177407750027,False,False
7,孫思堯,Sun Szu-Yao,Local,Center,203,105,6,15.566666666666666,2.5944444444444446,0.0,4.625267665952891,0.0,0.0,1.0,8,0.13427683783873998,0.22688265807079908,0.0,0.14257981285196736,0.8,0.18406456085897888,0.0,0.061728998860961504,0.13868269609918576,0.20242368828352356,0.032523875772090476,0.022538620801643098,0.0,0.020612950190054356,1.0,0.31542843855365654,0.0,0.35837693291477735,,0.5072412324293625,,0.09775663779639358,,0.16228879738747692,13.875802997858674,5.010738139601842,0.0,0.11905592372979885,1.0,0.3772817114289036,0.0,0.11031275433089176,0.0,0.18862922915940009,0.0,0.048087431693989074,0.0,0.035809789559353565,0.0,0.09468666434135566,0.0,0.026136495756307408,False,False
10883,林安龍,Lum Walter Joseph Uriah,Local,PointGuardAndShootingGuard,175,75,7,13.116666666666667,1.8738095238095238,13.72299872935197,5.489199491740788,2.744599745870394,0.31725888324873097,7.0,6,0.3792030810250333,0.2706376522682637,0.10452202946940553,0.15161787880198827,0.2757352941176471,0.15468674458004553,0.0,0.06671116868069542,0.15243741068120467,0.20602608937390435,0.04051724768587428,0.023321274852801888,0.0,0.021223715022743415,0.7142857142857143,0.34688260823541867,0.2857142857142857,0.3561342225044988,0.0,0.47740351287469407,0.0,0.0920062473377822,0.0,0.15274239754115476,5.489199491740788,3.5961289587393876,0.14285714285714285,0.1233195723510109,0.8571428571428571,0.4181221551815391,0.0,0.10043400021170742,0.0,0.1717370593839314,0.0,0.04378109452736319,0.0,0.0326029427331428,0.0,0.08620726156451784,0.0,0.023795914046787343,False,False
10886,梁瀚,Breuer Karl,Local,SmallForwardAndPowerForward,190,90,4,8.216666666666667,2.0541666666666667,13.144016227180527,0.0,0.0,0.6147540983606558,2.0,4,0.19373263051022985,0.2439293418689895,0.0,0.148440863262803,0.29069767441860467,0.14130196178804583,0.0,0.07070347350959302,0.0,0.18987026188331627,0.06501451539354099,0.024632670028747666,0.0,0.022100120491674483,0.5,0.3103408830931137,0.5,0.36872569206131317,0.6666666666666666,0.5130035975222771,0.0,0.09422326534592153,0.0,0.1564229372409416,4.381338742393509,3.387790004246544,0.0,0.11713566689544726,1.0,0.38732555479295355,0.0,0.10853351635781286,0.0,0.18558682223747427,0.0,0.04731182795698925,0.0,0.03523221230839625,0.0,0.0931594600777854,0.0,0.02571493937314116,False,False
9,張耕淯,Chang Keng-Yu,Local,ShootingGuard,188,88,2,7.833333333333334,3.916666666666667,0.0,9.191489361702127,0.0,0.0,3.0,8,0.24650295332791827,0.24954260839440692,0.0,0.1503287444667124,0.25,0.1400655696224004,0.11421772754312909,0.08454298740142983,0.11802311285960168,0.2054046614988338,0.06970631374618189,0.024787840650327308,0.0,0.022219184755441573,0.6666666666666666,0.32128785320274683,0.0,0.3469998874254193,,0.5072412324293625,,0.09775663779639358,,0.16228879738747692,4.595744680851063,3.4025754255174494,0.0,0.11527637059551953,0.6666666666666666,0.3811775301137003,0.3333333333333333,0.12268377800292694,0.0,0.18264099966227626,0.0,0.04656084656084657,0.0,0.03467297084318361,0.0,0.09168073848924914,0.0,0.025306765732297648,False,False
