source,target,target_team_id,n_stints,minutes,poss,pts_for,pts_against,margin,ortg,drtg,net_per100,net_per100_shrunk,weight
54,10887,4,120,179.65,361.94,366.0,364.0,2.0,101.027,100.664,0.553,0.486,179.65
68,89,3,111,163.25,318.34,330.0,354.0,-24.0,103.151,111.757,-7.539,-6.516,163.25
54,89,3,111,163.1,314.56,342.0,344.0,-2.0,107.995,110.101,-0.636,-0.549,163.1
54,75,4,99,158.733,313.6,301.0,314.0,-13.0,96.673,99.417,-4.145,-3.575,158.733
68,14,8,101,155.4,314.7,348.0,346.0,2.0,110.462,110.065,0.636,0.548,155.4
16,10887,4,102,154.8,302.1,306.0,336.0,-30.0,100.315,112.314,-9.93,-8.52,154.8
68,10887,4,108,152.65,309.02,326.0,315.0,11.0,104.931,102.486,3.56,3.064,152.65
57,10887,4,97,151.533,304.5,295.0,317.0,-22.0,95.804,105.288,-7.225,-6.206,151.533
54,14,8,94,151.3,300.04,329.0,336.0,-7.0,110.019,111.613,-2.333,-2.0,151.3
68,10,8,110,150.767,303.58,368.0,310.0,58.0,119.776,103.361,19.105,16.404,150.767
54,40,6,98,148.517,286.94,305.0,274.0,31.0,105.566,96.154,10.804,9.2,148.517
54,10880,6,101,147.933,282.3,300.0,279.0,21.0,106.61,98.517,7.439,6.32,147.933
54,76,4,87,145.233,287.74,298.0,274.0,24.0,104.283,94.574,8.341,7.106,145.233
57,75,4,88,144.017,278.86,258.0,275.0,-17.0,92.486,98.651,-6.096,-5.169,144.017
54,10,8,96,137.767,272.94,337.0,281.0,56.0,121.59,104.57,20.517,17.341,137.767
16,75,4,86,136.85,265.48,264.0,281.0,-17.0,99.054,106.262,-6.403,-5.389,136.85
68,1,8,90,136.733,273.76,321.0,280.0,41.0,118.625,101.112,14.977,12.664,136.733
57,89,3,87,136.683,266.64,295.0,292.0,3.0,110.355,109.791,1.125,0.947,136.683
68,103,3,97,135.133,269.64,279.0,290.0,-11.0,103.717,107.296,-4.08,-3.441,135.133
57,14,8,82,134.917,267.92,288.0,282.0,6.0,107.287,105.46,2.239,1.887,134.917
54,1,8,86,132.7,264.22,304.0,267.0,37.0,115.713,100.482,14.003,11.775,132.7
54,10885,4,81,132.6,258.62,251.0,252.0,-1.0,97.091,97.403,-0.387,-0.324,132.6
68,75,4,81,130.567,257.92,260.0,262.0,-2.0,101.881,100.522,-0.775,-0.65,130.567
54,103,3,92,129.45,256.56,266.0,260.0,6.0,102.782,102.233,2.339,1.957,129.45
16,10880,6,94,128.7,240.34,222.0,234.0,-12.0,94.228,95.479,-4.993,-4.133,128.7
54,10877,6,84,127.35,243.94,255.0,234.0,21.0,105.372,95.168,8.609,7.144,127.35
54,10881,6,82,126.2,239.0,246.0,219.0,27.0,103.119,91.463,11.297,9.343,126.2
16,40,6,80,125.017,235.08,223.0,218.0,5.0,97.125,90.622,2.127,1.754,125.017
16,10862,4,89,124.4,236.42,214.0,240.0,-26.0,90.755,101.249,-10.997,-9.078,124.4
57,40,6,83,123.317,232.26,270.0,232.0,38.0,117.78,98.606,16.361,13.463,123.317
54,29,7,80,122.05,232.84,267.0,267.0,0.0,116.148,113.232,0.0,0.0,122.05
10860,40,6,92,121.983,235.56,246.0,227.0,19.0,104.202,96.579,8.066,6.654,121.983
57,76,4,66,121.55,241.62,244.0,233.0,11.0,100.86,96.552,4.553,3.772,121.55
57,1,8,79,121.467,236.72,269.0,245.0,24.0,115.016,102.271,10.139,8.371,121.467
58,10887,4,90,119.9,246.46,244.0,275.0,-31.0,98.721,111.898,-12.578,-10.457,119.9
10860,29,7,86,118.967,235.48,240.0,261.0,-21.0,102.916,109.775,-8.918,-7.356,118.967
68,10877,6,73,118.233,226.84,241.0,214.0,27.0,106.055,94.506,11.903,9.753,118.233
68,107,3,99,117.0,228.94,254.0,258.0,-4.0,111.776,111.863,-1.747,-1.434,117.0
16,76,4,73,116.667,223.72,236.0,227.0,9.0,106.134,100.853,4.023,3.288,116.667
57,10885,4,68,116.417,228.98,217.0,225.0,-8.0,93.39,99.734,-3.494,-2.868,116.417
58,40,6,81,115.75,225.84,230.0,218.0,12.0,101.375,96.975,5.313,4.35,115.75
57,103,3,77,114.9,228.34,244.0,252.0,-8.0,107.66,109.546,-3.504,-2.874,114.9
68,76,4,72,114.883,227.22,242.0,219.0,23.0,107.004,95.935,10.122,8.297,114.883
68,79,3,78,114.25,227.82,254.0,249.0,5.0,110.492,110.294,2.195,1.8,114.25
57,10,8,78,113.683,221.0,272.0,214.0,58.0,121.733,97.914,26.244,21.402,113.683
16,10881,6,72,113.65,211.02,198.0,188.0,10.0,95.745,87.344,4.739,3.831,113.65
54,79,3,75,112.417,219.28,252.0,222.0,30.0,112.944,103.045,13.681,11.141,112.417
54,110,2,60,112.3,213.3,240.0,205.0,35.0,114.767,94.262,16.409,13.293,112.3
54,13906,3,89,112.283,219.66,228.0,233.0,-5.0,103.186,106.705,-2.276,-1.854,112.283
68,10872,7,84,112.2,217.34,246.0,250.0,-4.0,113.91,114.301,-1.84,-1.496,112.2
54,107,3,97,110.833,216.84,235.0,223.0,12.0,107.071,104.108,5.534,4.497,110.833
68,13906,3,88,110.0,219.66,214.0,238.0,-24.0,97.29,108.497,-10.926,-8.9,110.0
68,10885,4,70,108.667,214.16,217.0,208.0,9.0,100.818,97.616,4.202,3.407,108.667
16,118,2,60,108.117,198.1,217.0,197.0,20.0,111.648,97.602,10.096,8.061,108.117
10860,10880,6,86,107.9,204.44,200.0,199.0,1.0,98.717,96.471,0.489,0.393,107.9
58,1,8,82,107.5,211.42,252.0,192.0,60.0,117.647,92.025,28.38,22.952,107.5
16,110,2,60,107.4,198.22,216.0,189.0,27.0,111.894,92.92,13.621,10.877,107.4
54,10862,4,83,106.917,205.5,191.0,207.0,-16.0,94.33,99.271,-7.786,-6.262,106.917
58,103,3,88,106.833,212.12,185.0,203.0,-18.0,87.811,95.055,-8.486,-6.867,106.833
57,29,7,66,106.183,202.62,242.0,249.0,-7.0,120.855,121.463,-3.455,-2.771,106.183
57,10880,6,72,105.983,198.08,228.0,200.0,28.0,117.817,98.697,14.136,11.287,105.983
58,10880,6,83,105.867,201.62,189.0,197.0,-8.0,95.128,96.304,-3.968,-3.179,105.867
54,118,2,55,105.283,196.7,213.0,204.0,9.0,109.455,102.616,4.575,3.648,105.283
54,10872,7,77,105.0,204.76,221.0,244.0,-23.0,109.514,117.466,-11.233,-9.028,105.0
68,10869,8,83,104.933,217.78,243.0,243.0,0.0,112.044,111.121,0.0,0.0,104.933
58,10,8,89,102.85,211.2,249.0,199.0,50.0,115.642,96.098,23.674,19.142,102.85
68,29,7,69,102.033,192.68,237.0,239.0,-2.0,125.689,121.443,-1.038,-0.824,102.033
54,10869,8,76,101.883,206.84,232.0,227.0,5.0,112.316,109.598,2.417,1.947,101.883
58,86,3,83,100.067,204.42,211.0,194.0,17.0,103.961,94.23,8.316,6.682,100.067
16,10885,4,63,99.933,189.28,194.0,201.0,-7.0,101.613,107.12,-3.698,-2.925,99.933
58,10869,8,83,99.233,205.88,238.0,197.0,41.0,114.445,96.663,19.915,16.023,99.233
10860,13029,7,67,99.067,191.22,202.0,229.0,-27.0,106.473,118.825,-14.12,-11.193,99.067
57,79,3,61,98.8,196.52,227.0,200.0,27.0,114.116,103.029,13.739,10.952,98.8
57,10872,7,68,98.667,195.3,214.0,218.0,-4.0,109.744,111.452,-2.048,-1.631,98.667
68,10880,6,64,98.5,192.24,204.0,196.0,8.0,106.294,101.786,4.161,3.303,98.5
58,10862,4,72,98.117,190.78,178.0,213.0,-35.0,93.291,111.659,-18.346,-14.536,98.117
68,10881,6,58,97.983,187.98,187.0,176.0,11.0,99.026,94.057,5.852,4.622,97.983
58,89,3,77,97.883,190.24,178.0,196.0,-18.0,93.645,102.941,-9.462,-7.493,97.883
58,107,3,89,96.85,192.2,190.0,193.0,-3.0,97.516,101.815,-1.561,-1.239,96.85
57,10881,6,61,96.483,181.44,200.0,163.0,37.0,112.208,88.28,20.392,15.987,96.483
16,89,3,65,95.767,189.58,203.0,185.0,18.0,107.135,97.533,9.495,7.513,95.767
54,13029,7,62,95.583,183.62,198.0,199.0,-1.0,108.696,107.521,-0.545,-0.428,95.583
68,5,8,80,95.017,197.62,224.0,207.0,17.0,115.774,102.597,8.602,6.865,95.017
16,88,4,68,94.933,181.18,154.0,196.0,-42.0,85.045,108.12,-23.181,-18.168,94.933
58,88,4,69,92.933,184.0,164.0,203.0,-39.0,88.591,111.002,-21.196,-16.667,92.933
10861,10887,4,61,92.583,195.06,172.0,179.0,-7.0,87.115,92.9,-3.589,-2.856,92.583
58,75,4,65,92.367,189.64,191.0,214.0,-23.0,101.316,112.183,-12.128,-9.598,92.367
10860,1,8,71,92.15,171.82,204.0,156.0,48.0,117.053,92.111,27.936,21.639,92.15
16,10877,6,57,91.667,172.04,162.0,163.0,-1.0,96.085,92.888,-0.581,-0.45,91.667
54,34,7,58,91.0,179.0,189.0,179.0,10.0,105.918,99.688,5.587,4.367,91.0
58,29,7,74,90.483,181.82,176.0,199.0,-23.0,97.821,108.317,-12.65,-9.921,90.483
57,10862,4,71,90.383,171.52,151.0,179.0,-28.0,88.677,103.612,-16.325,-12.64,90.383
68,10862,4,70,89.417,172.96,177.0,169.0,8.0,103.147,96.948,4.625,3.588,89.417
12,10862,4,64,89.3,171.14,162.0,162.0,0.0,94.472,94.848,0.0,0.0,89.3
57,107,3,74,89.167,177.58,200.0,198.0,2.0,113.071,111.061,1.126,0.879,89.167
68,40,6,58,89.05,173.6,176.0,179.0,-3.0,100.159,104.385,-1.728,-1.342,89.05
57,13906,3,68,89.033,177.06,191.0,194.0,-3.0,108.228,109.21,-1.694,-1.321,89.033
68,86,3,78,89.0,183.48,210.0,201.0,9.0,117.188,107.052,4.905,3.855,89.0
57,13029,7,55,88.967,170.62,190.0,213.0,-23.0,112.827,123.235,-13.48,-10.425,88.967
54,45,2,54,88.45,170.18,191.0,175.0,16.0,111.722,103.306,9.402,7.267,88.45
16,87,4,67,87.8,172.16,158.0,178.0,-20.0,88.784,106.997,-11.617,-9.003,87.8
54,5,8,69,86.8,179.24,218.0,189.0,29.0,122.225,104.93,16.179,12.65,86.8
58,14,8,77,86.567,186.28,219.0,175.0,44.0,114.9,96.175,23.62,18.622,86.567
54,86,3,75,86.4,177.44,199.0,175.0,24.0,113.068,97.831,13.526,10.552,86.4
10860,34,7,57,85.517,170.32,161.0,193.0,-32.0,96.592,110.945,-18.788,-14.524,85.517
57,10877,6,56,84.583,159.08,173.0,154.0,19.0,110.784,95.062,11.944,9.087,84.583
54,21,7,58,84.117,169.22,183.0,173.0,10.0,107.926,102.44,5.909,4.562,84.117
12,29,7,65,84.083,165.44,177.0,198.0,-21.0,112.624,113.977,-12.693,-9.747,84.083
68,13907,8,54,84.033,171.54,183.0,160.0,23.0,106.693,93.262,13.408,10.382,84.033
12,10880,6,74,83.517,153.9,137.0,150.0,-13.0,90.417,95.982,-8.447,-6.376,83.517
57,10869,8,65,82.95,168.78,188.0,176.0,12.0,111.216,104.439,7.11,5.485,82.95
16,103,3,61,81.717,165.54,165.0,150.0,15.0,100.0,90.318,9.061,6.959,81.717
58,87,4,61,81.583,164.84,150.0,191.0,-41.0,90.449,116.577,-24.873,-19.084,81.583
68,10875,7,62,81.25,161.7,204.0,170.0,34.0,126.269,105.042,21.027,16.06,81.25
12,10872,7,66,81.15,164.4,167.0,180.0,-13.0,102.555,108.46,-7.908,-6.063,81.15
58,10872,7,74,81.0,167.24,167.0,191.0,-24.0,100.627,113.34,-14.351,-11.048,81.0
58,13906,3,66,80.683,155.72,134.0,147.0,-13.0,85.634,94.863,-8.348,-6.319,80.683
58,5,8,68,80.617,161.6,174.0,158.0,16.0,107.567,97.869,9.901,7.561,80.617
12,103,3,68,80.433,154.52,137.0,146.0,-9.0,89.66,93.446,-5.824,-4.401,80.433
68,77,3,64,80.35,159.32,172.0,166.0,6.0,106.885,105.25,3.766,2.866,80.35
54,77,3,65,79.933,156.7,168.0,164.0,4.0,106.302,105.561,2.553,1.935,79.933
16,45,2,53,79.517,148.44,165.0,153.0,12.0,111.819,102.465,8.084,6.047,79.517
58,79,3,63,79.333,154.68,157.0,153.0,4.0,101.264,99.145,2.586,1.954,79.333
12,40,6,66,78.85,150.02,129.0,139.0,-10.0,87.256,91.327,-6.666,-5.0,78.85
54,8889,6,46,78.783,152.52,155.0,136.0,19.0,100.754,89.947,12.457,9.382,78.783
57,110,2,42,78.583,153.8,173.0,135.0,38.0,116.923,84.565,24.707,18.646,78.583
68,13029,7,51,78.117,148.18,172.0,178.0,-6.0,117.937,118.257,-4.049,-3.028,78.117
58,43,6,50,77.8,151.2,156.0,150.0,6.0,105.748,96.849,3.968,2.982,77.8
16,43,6,53,77.717,142.42,146.0,137.0,9.0,104.735,94.197,6.319,4.677,77.717
10860,10872,7,53,77.267,151.46,161.0,199.0,-38.0,106.792,130.783,-25.089,-18.862,77.267
54,121,2,42,77.017,141.64,172.0,117.0,55.0,122.298,82.025,38.831,28.7,77.017
3129,75,4,45,76.983,147.68,138.0,149.0,-11.0,93.319,101.031,-7.449,-5.565,76.983
16,21,7,58,76.917,153.64,168.0,166.0,2.0,110.994,106.465,1.302,0.982,76.917
54,43,6,49,76.767,146.08,165.0,142.0,23.0,112.705,97.42,15.745,11.73,76.767
10861,10,8,53,76.3,149.18,179.0,146.0,33.0,118.136,99.428,22.121,16.568,76.3
57,13907,8,47,76.217,147.14,166.0,143.0,23.0,114.136,96.076,15.631,11.667,76.217
12,88,4,51,76.183,146.16,126.0,148.0,-22.0,85.412,102.21,-15.052,-11.215,76.183
10860,43,6,47,76.133,143.22,154.0,152.0,2.0,108.634,105.059,1.396,1.035,76.133
10861,103,3,57,75.45,137.34,143.0,160.0,-17.0,103.413,117.302,-12.378,-9.074,75.45
16,29,7,52,75.167,143.06,145.0,176.0,-31.0,103.809,120.186,-21.669,-16.057,75.167
54,13907,8,47,75.083,149.06,162.0,144.0,18.0,108.26,96.983,12.076,9.042,75.083
3129,76,4,44,74.95,144.36,130.0,143.0,-13.0,91.834,97.173,-9.005,-6.689,74.95
10860,103,3,57,74.867,149.44,125.0,144.0,-19.0,85.266,94.563,-12.714,-9.527,74.867
62,29,7,49,74.517,140.76,167.0,157.0,10.0,116.914,113.21,7.104,5.242,74.517
57,21,7,51,74.5,150.48,164.0,154.0,10.0,109.217,102.122,6.645,4.988,74.5
10861,110,2,47,74.483,146.7,154.0,145.0,9.0,105.827,98.052,6.135,4.575,74.483
62,10877,6,41,74.35,139.88,145.0,144.0,1.0,104.497,102.128,0.715,0.527,74.35
16,79,3,51,74.067,149.8,169.0,135.0,34.0,111.861,90.897,22.697,17.017,74.067
10861,121,2,47,74.017,149.36,168.0,120.0,48.0,112.36,80.429,32.137,24.077,74.017
10860,10,8,65,74.0,138.96,148.0,132.0,16.0,103.816,97.518,11.514,8.467,74.0
58,21,7,68,73.933,149.24,156.0,160.0,-4.0,107.468,104.357,-2.68,-2.008,73.933
58,13029,7,55,73.767,144.26,146.0,169.0,-23.0,102.041,116.199,-15.943,-11.84,73.767
57,5,8,59,73.75,148.32,167.0,160.0,7.0,115.972,104.822,4.72,3.53,73.75
54,10890,3,48,73.617,142.88,161.0,153.0,8.0,110.516,109.223,5.599,4.148,73.617
68,110,2,40,73.583,144.22,157.0,158.0,-1.0,112.95,105.728,-0.693,-0.515,73.583
10860,24,7,47,73.217,140.2,150.0,165.0,-15.0,105.101,119.843,-10.699,-7.886,73.217
10860,10869,8,60,73.183,141.8,152.0,138.0,14.0,106.472,97.984,9.873,7.299,73.183
68,21,7,53,73.0,145.72,162.0,163.0,-1.0,111.111,111.92,-0.686,-0.511,73.0
58,118,2,47,72.617,135.98,138.0,144.0,-6.0,100.995,106.414,-4.412,-3.226,72.617
58,76,4,49,72.567,145.84,162.0,166.0,-4.0,113.128,111.8,-2.743,-2.042,72.567
57,121,2,43,72.533,135.2,162.0,101.0,61.0,121.33,73.787,45.118,32.937,72.533
57,10888,4,40,72.017,146.32,121.0,129.0,-8.0,82.877,87.971,-5.467,-4.075,72.017
62,10881,6,39,71.95,133.5,130.0,127.0,3.0,98.485,94.074,2.247,1.635,71.95
57,118,2,38,71.617,135.92,148.0,123.0,25.0,112.325,87.807,18.393,13.447,71.617
68,10890,3,48,71.5,139.04,160.0,160.0,0.0,114.91,115.241,0.0,0.0,71.5
54,88,4,53,71.467,135.78,117.0,150.0,-33.0,87.105,109.298,-24.304,-17.763,71.467
12,87,4,50,71.233,138.72,130.0,142.0,-12.0,92.277,103.984,-8.651,-6.359,71.233
12,10887,4,56,70.633,141.2,130.0,155.0,-25.0,91.087,110.968,-17.705,-13.075,70.633
57,34,7,42,70.517,138.62,143.0,154.0,-11.0,105.395,108.788,-7.935,-5.832,70.517
16,10,8,52,70.467,132.96,153.0,144.0,9.0,116.723,106.793,6.769,4.919,70.467
10861,14,8,49,70.367,146.36,174.0,156.0,18.0,117.886,107.497,12.298,9.167,70.367
16,121,2,47,70.283,124.72,149.0,107.0,42.0,120.55,85.029,33.675,24.038,70.283
3129,10887,4,44,70.233,138.5,130.0,142.0,-12.0,93.097,103.378,-8.664,-6.366,70.233
12,13029,7,53,69.833,134.26,152.0,179.0,-27.0,118.75,127.384,-20.11,-14.653,69.833
54,10888,4,39,69.8,137.88,124.0,124.0,0.0,91.338,88.571,0.0,0.0,69.8
57,86,3,61,69.767,143.4,165.0,150.0,15.0,117.321,102.627,10.46,7.756,69.767
57,88,4,54,69.75,132.38,106.0,148.0,-42.0,80.523,111.178,-31.727,-23.029,69.75
58,10881,6,55,69.65,131.86,134.0,124.0,10.0,101.608,94.053,7.584,5.499,69.65
16,34,7,51,69.3,135.68,144.0,150.0,-6.0,107.817,108.853,-4.422,-3.231,69.3
10861,75,4,46,69.117,140.46,129.0,138.0,-9.0,92.038,98.039,-6.408,-4.725,69.117
16,13906,3,52,68.95,136.08,140.0,119.0,21.0,101.952,88.253,15.432,11.285,68.95
16,13029,7,48,68.85,132.24,127.0,168.0,-41.0,98.267,124.224,-31.004,-22.498,68.85
58,34,7,53,68.75,139.46,137.0,144.0,-7.0,98.789,102.681,-5.019,-3.695,68.75
54,10875,7,51,68.733,137.58,168.0,147.0,21.0,123.784,105.422,15.264,11.195,68.733
62,14,8,36,68.7,131.48,158.0,170.0,-12.0,121.017,128.399,-9.127,-6.612,68.7
62,89,3,41,68.683,134.64,131.0,143.0,-12.0,96.182,107.454,-8.913,-6.499,68.683
68,45,2,40,68.6,132.16,145.0,149.0,-4.0,110.586,111.862,-3.027,-2.196,68.6
16,107,3,68,68.583,139.2,146.0,135.0,11.0,105.613,96.318,7.902,5.814,68.583
12,10,8,61,68.5,125.04,117.0,137.0,-20.0,93.84,109.25,-15.995,-11.426,68.5
10861,10885,4,45,68.183,144.72,135.0,129.0,6.0,92.643,89.758,4.146,3.081,68.183
58,110,2,46,68.05,128.32,121.0,144.0,-23.0,95.971,110.294,-17.924,-12.898,68.05
16,13907,8,51,67.283,128.02,137.0,134.0,3.0,109.495,102.353,2.343,1.685,67.283
62,103,3,46,67.117,134.9,140.0,144.0,-4.0,102.249,108.368,-2.965,-2.163,67.117
62,110,2,37,67.1,133.26,139.0,134.0,5.0,104.953,99.94,3.752,2.728,67.1
12,107,3,63,66.85,132.98,124.0,139.0,-15.0,93.599,104.135,-11.28,-8.198,66.85
10860,89,3,50,66.783,130.22,125.0,137.0,-12.0,95.918,105.287,-9.215,-6.659,66.783
10861,76,4,38,66.533,138.76,136.0,123.0,13.0,99.444,87.383,9.369,6.887,66.533
54,12908,2,47,66.2,129.72,138.0,152.0,-14.0,108.867,114.561,-10.792,-7.79,66.2
16,86,3,56,66.05,135.08,151.0,117.0,34.0,114.429,84.66,25.17,18.37,66.05
10861,13906,3,53,65.767,117.06,123.0,131.0,-8.0,104.485,112.543,-6.834,-4.789,65.767
10861,89,3,48,65.6,119.82,132.0,144.0,-12.0,109.671,120.724,-10.015,-7.066,65.6
16,77,3,53,65.55,128.64,133.0,129.0,4.0,102.592,101.065,3.109,2.239,65.55
62,10880,6,41,65.45,125.8,129.0,138.0,-9.0,102.057,110.224,-7.154,-5.119,65.45
10861,79,3,46,65.117,118.42,123.0,137.0,-14.0,102.058,117.779,-11.822,-8.313,65.117
10860,14,8,57,65.1,129.12,132.0,125.0,7.0,100.733,98.27,5.421,3.908,65.1
12,10874,7,53,64.75,129.02,133.0,129.0,4.0,103.874,99.231,3.1,2.234,64.75
68,87,4,55,64.7,129.06,119.0,148.0,-29.0,91.286,115.842,-22.47,-16.196,64.7
12,86,3,59,64.65,127.88,120.0,123.0,-3.0,94.787,95.231,-2.346,-1.687,64.65
10860,10881,6,51,64.55,121.12,134.0,108.0,26.0,110.634,89.168,21.466,15.194,64.55
68,34,7,39,64.433,125.2,139.0,137.0,2.0,112.169,108.318,1.597,1.142,64.433
62,10887,4,41,64.4,127.68,135.0,127.0,8.0,102.366,102.851,6.266,4.502,64.4
12,89,3,58,64.367,125.54,121.0,126.0,-5.0,96.584,100.159,-3.983,-2.848,64.367
68,10888,4,40,64.2,128.56,119.0,124.0,-5.0,93.937,95.063,-3.889,-2.8,64.2
10861,10862,4,49,63.983,124.86,125.0,126.0,-1.0,99.936,101.091,-0.801,-0.572,63.983
62,10,8,43,63.583,117.5,146.0,144.0,2.0,123.352,123.457,1.702,1.194,63.583
68,10870,8,49,63.5,133.76,174.0,142.0,32.0,131.222,105.248,23.923,17.414,63.5
12,5,8,52,63.483,119.42,118.0,117.0,1.0,99.16,97.63,0.837,0.59,63.483
54,24,7,34,62.933,119.4,128.0,129.0,-1.0,106.383,108.879,-0.838,-0.59,62.933
54,87,4,50,62.717,124.52,107.0,137.0,-30.0,85.958,109.987,-24.093,-17.19,62.717
58,10885,4,48,62.65,127.76,129.0,142.0,-13.0,101.065,111.042,-10.175,-7.313,62.65
58,24,7,46,62.533,123.64,126.0,140.0,-14.0,100.478,114.867,-11.323,-8.063,62.533
10861,10869,8,47,62.467,126.62,134.0,139.0,-5.0,105.745,109.864,-3.949,-2.831,62.467
10861,51,2,51,62.367,124.4,154.0,113.0,41.0,120.087,93.729,32.958,23.509,62.367
57,24,7,31,62.3,119.98,130.0,140.0,-10.0,106.14,119.169,-8.335,-5.883,62.3
10860,13907,8,45,62.067,117.62,135.0,107.0,28.0,113.407,92.083,23.805,16.704,62.067
10861,1,8,39,62.05,120.8,142.0,131.0,11.0,119.811,106.435,9.106,6.44,62.05
54,44,6,36,62.0,126.46,141.0,118.0,23.0,108.729,95.748,18.188,13.034,62.0
10861,107,3,55,61.9,119.18,116.0,130.0,-14.0,94.37,112.613,-11.747,-8.275,61.9
10861,40,6,52,61.75,118.2,133.0,114.0,19.0,113.831,95.35,16.074,11.296,61.75
58,13907,8,46,61.533,123.6,129.0,104.0,25.0,101.034,87.015,20.227,14.401,61.533
68,88,4,46,61.4,118.9,117.0,125.0,-8.0,98.419,105.113,-6.728,-4.737,61.4
10861,10880,6,50,61.3,115.98,128.0,123.0,5.0,113.194,103.466,4.311,3.012,61.3
16,5,8,45,61.283,116.14,130.0,110.0,20.0,114.396,92.717,17.221,12.038,61.283
68,118,2,38,60.967,114.5,121.0,139.0,-18.0,106.966,119.952,-15.721,-10.942,60.967
16,10872,7,46,60.683,125.56,118.0,147.0,-29.0,95.686,115.023,-23.097,-16.519,60.683
16,39,6,44,60.65,116.88,91.0,90.0,1.0,78.152,76.713,0.856,0.599,60.65
68,12908,2,41,60.517,119.12,114.0,144.0,-30.0,99.895,116.017,-25.185,-17.739,60.517
57,10875,7,42,60.283,121.7,149.0,125.0,24.0,123.059,102.191,19.721,13.978,60.283
10861,29,7,43,60.1,118.86,152.0,126.0,26.0,130.226,104.132,21.874,15.397,60.1
62,45,2,40,59.95,117.34,131.0,114.0,17.0,108.552,100.0,14.488,10.159,59.95
57,45,2,34,59.567,116.84,124.0,117.0,7.0,108.014,98.419,5.991,4.196,59.567
16,14,8,36,59.367,115.38,134.0,133.0,1.0,115.957,115.451,0.867,0.605,59.367
10860,10874,7,44,58.917,118.86,111.0,120.0,-9.0,94.71,99.569,-7.572,-5.33,58.917
3129,10880,6,47,58.7,117.0,108.0,108.0,0.0,94.077,90.604,0.0,0.0,58.7
58,45,2,38,58.633,112.78,120.0,118.0,2.0,106.082,104.945,1.773,1.229,58.633
10861,5,8,45,58.633,117.4,131.0,119.0,12.0,111.584,101.363,10.221,7.168,58.633
16,1,8,44,58.6,110.42,127.0,109.0,18.0,116.514,97.461,16.301,11.221,58.6
10861,118,2,33,58.25,106.0,129.0,102.0,27.0,121.56,96.335,25.472,17.308,58.25
54,10870,8,41,58.15,118.6,158.0,131.0,27.0,135.879,108.336,22.766,16.014,58.15
58,77,3,46,58.117,115.16,113.0,103.0,10.0,95.343,92.129,8.684,6.055,58.117
10861,88,4,40,58.083,112.82,93.0,118.0,-25.0,81.209,106.192,-22.159,-15.354,58.083
58,8889,6,38,57.8,116.5,105.0,111.0,-6.0,87.5,98.23,-5.15,-3.604,57.8
10861,10888,4,35,57.783,122.34,109.0,110.0,-1.0,89.934,89.083,-0.817,-0.58,57.783
58,10875,7,58,57.667,124.86,126.0,119.0,7.0,99.088,97.095,5.606,4.003,57.667
10860,5,8,47,57.65,108.36,125.0,112.0,13.0,115.059,103.627,11.997,8.209,57.65
12,10869,8,53,57.617,112.76,109.0,120.0,-11.0,97.53,105.485,-9.755,-6.758,57.617
16,12908,2,42,57.533,108.76,123.0,119.0,4.0,114.91,107.712,3.678,2.52,57.533
62,118,2,32,57.533,107.86,104.0,116.0,-12.0,97.051,106.853,-11.126,-7.602,57.533
16,8889,6,31,57.483,109.84,95.0,97.0,-2.0,86.806,87.99,-1.821,-1.251,57.483
10860,107,3,44,57.383,114.92,110.0,113.0,-3.0,96.221,97.819,-2.611,-1.819,57.383
62,121,2,35,57.333,109.4,127.0,93.0,34.0,114.621,86.111,31.079,21.33,57.333
68,10867,8,29,56.85,110.68,129.0,128.0,1.0,114.483,117.777,0.904,0.622,56.85
57,8889,6,33,56.833,108.96,113.0,98.0,15.0,102.541,90.977,13.767,9.436,56.833
54,39,6,38,56.767,105.58,106.0,84.0,22.0,98.221,81.364,20.837,14.141,56.767
62,40,6,36,56.767,103.94,106.0,111.0,-5.0,101.61,107.184,-4.81,-3.248,56.767
16,10888,4,38,56.6,108.06,107.0,102.0,5.0,100.715,92.829,4.627,3.163,56.6
68,121,2,35,56.45,107.34,129.0,94.0,35.0,121.698,86.492,32.607,22.245,56.45
58,10865,8,50,56.417,112.58,123.0,117.0,6.0,108.389,104.764,5.33,3.69,56.417
16,47,6,36,56.317,102.38,106.0,109.0,-3.0,105.159,104.848,-2.93,-1.969,56.317
57,10890,3,34,56.317,107.22,132.0,123.0,9.0,120.746,117.009,8.394,5.724,56.317
62,13029,7,36,56.283,104.2,122.0,131.0,-9.0,117.398,125.383,-8.637,-5.837,56.283
12,13906,3,51,56.2,104.52,100.0,97.0,3.0,95.639,92.841,2.87,1.941,56.2
12,1,8,50,56.0,102.26,120.0,102.0,18.0,118.812,98.532,17.602,11.822,56.0
58,10877,6,43,55.917,109.26,99.0,102.0,-3.0,89.544,94.479,-2.746,-1.884,55.917
12,34,7,42,55.917,111.92,118.0,141.0,-23.0,111.742,119.249,-20.55,-14.205,55.917
16,24,7,36,55.9,110.92,108.0,134.0,-26.0,98.146,119.857,-23.44,-16.157,55.9
54,10879,6,43,55.867,104.08,98.0,91.0,7.0,93.333,88.212,6.726,4.543,55.867
10861,45,2,41,55.8,106.74,140.0,108.0,32.0,126.628,104.936,29.979,20.416,55.8
57,77,3,47,55.783,111.32,128.0,118.0,10.0,114.286,106.652,8.983,6.199,55.783
58,10888,4,38,55.75,114.1,124.0,119.0,5.0,110.596,102.516,4.382,3.047,55.75
58,10890,3,46,55.517,110.52,107.0,127.0,-20.0,98.636,112.829,-18.096,-12.46,55.517
58,121,2,47,55.483,108.86,103.0,98.0,5.0,94.253,90.373,4.593,3.147,55.483
62,107,3,45,55.2,110.54,121.0,122.0,-1.0,109.84,109.989,-0.905,-0.623,55.2
12,79,3,45,54.867,104.38,94.0,102.0,-8.0,89.626,98.19,-7.664,-5.182,54.867
57,10874,7,39,54.833,104.94,127.0,128.0,-1.0,123.445,119.626,-0.953,-0.645,54.833
54,113,6,43,54.783,103.6,114.0,82.0,32.0,109.531,79.519,30.888,20.833,54.783
12,75,4,40,54.7,106.48,108.0,119.0,-11.0,101.275,111.926,-10.331,-7.03,54.7
12,43,6,43,54.667,97.32,89.0,87.0,2.0,92.247,88.631,2.055,1.358,54.667
58,10874,7,47,54.633,110.22,107.0,107.0,0.0,97.414,96.745,0.0,0.0,54.633
3129,10862,4,37,54.533,102.4,89.0,93.0,-4.0,88.575,89.149,-3.906,-2.625,54.533
10860,8889,6,42,54.5,108.34,102.0,105.0,-3.0,91.071,100.306,-2.769,-1.895,54.5
12,10865,8,49,54.45,106.9,89.0,114.0,-25.0,82.316,107.873,-23.386,-15.934,54.45
54,10867,8,25,54.317,106.3,119.0,122.0,-3.0,110.39,116.412,-2.822,-1.919,54.317
12,24,7,41,54.233,105.12,116.0,137.0,-21.0,111.538,128.953,-19.977,-13.538,54.233
12,110,2,41,54.183,103.26,101.0,122.0,-21.0,101.202,114.318,-20.337,-13.702,54.183
10860,10877,6,47,53.917,103.68,100.0,95.0,5.0,96.862,91.241,4.823,3.254,53.917
3129,10885,4,27,53.85,101.8,93.0,105.0,-12.0,91.752,102.7,-11.788,-7.905,53.85
10860,14038,7,46,53.7,107.02,118.0,105.0,13.0,110.653,97.765,12.147,8.279,53.7
12,121,2,46,53.4,106.54,117.0,93.0,24.0,109.839,87.275,22.527,15.332,53.4
10861,87,4,35,52.8,106.22,95.0,121.0,-26.0,89.521,113.807,-24.477,-16.643,52.8
68,106,3,35,52.55,109.96,124.0,89.0,35.0,111.271,82.043,31.83,21.88,52.55
57,44,6,29,52.417,103.48,126.0,97.0,29.0,119.726,95.36,28.025,18.895,52.417
16,106,3,30,52.133,107.64,112.0,86.0,26.0,104.987,79.19,24.155,16.493,52.133
10860,121,2,41,52.083,100.94,112.0,91.0,21.0,110.672,90.385,20.804,13.913,52.083
16,10894,2,27,52.05,97.18,96.0,110.0,-14.0,100.798,110.977,-14.406,-9.512,52.05
57,4181,2,29,51.867,94.56,111.0,83.0,28.0,117.935,87.368,29.611,19.369,51.867
10860,21,7,41,51.567,102.96,112.0,115.0,-3.0,110.628,109.859,-2.914,-1.961,51.567
12,10875,7,50,51.55,110.42,113.0,96.0,17.0,101.037,88.073,15.396,10.597,51.55
10861,86,3,47,51.483,99.76,97.0,103.0,-6.0,96.922,103.58,-6.014,-4.006,51.483
54,28,7,41,51.417,102.74,125.0,118.0,7.0,122.549,114.032,6.813,4.583,51.417
10860,10862,4,42,51.333,95.96,79.0,94.0,-15.0,81.984,98.368,-15.632,-10.277,51.333
62,10872,7,31,51.25,98.3,100.0,125.0,-25.0,102.501,126.212,-25.432,-16.858,51.25
68,10874,7,38,51.217,96.76,112.0,125.0,-13.0,117.944,126.826,-13.435,-8.858,51.217
16,10879,6,43,50.933,93.96,76.0,84.0,-8.0,83.115,87.065,-8.514,-5.557,50.933
54,47,6,38,50.683,95.72,125.0,91.0,34.0,127.969,97.056,35.52,23.332,50.683
62,10869,8,38,50.683,99.94,117.0,117.0,0.0,117.094,117.047,0.0,0.0,50.683
57,87,4,41,50.117,97.28,77.0,120.0,-43.0,77.652,125.786,-44.202,-29.196,50.117
10861,109,2,42,50.05,104.8,114.0,96.0,18.0,109.237,91.22,17.176,11.628,50.05
10860,118,2,29,50.033,96.02,96.0,95.0,1.0,101.053,97.898,1.041,0.685,50.033
54,109,2,39,49.85,100.18,105.0,96.0,9.0,106.751,94.118,8.984,5.993,49.85
62,79,3,33,49.817,101.74,107.0,97.0,10.0,100.943,99.508,9.829,6.59,49.817
68,24,7,27,49.783,93.3,108.0,111.0,-3.0,114.601,120.182,-3.215,-2.094,49.783
62,10862,4,41,49.7,95.68,97.0,94.0,3.0,99.304,100.342,3.135,2.059,49.7
16,4181,2,29,49.6,89.62,99.0,77.0,22.0,111.236,85.328,24.548,15.757,49.6
68,8889,6,31,49.6,94.8,92.0,85.0,7.0,96.477,90.195,7.384,4.834,49.6
68,10865,8,47,49.5,99.06,96.0,104.0,-8.0,95.923,106.079,-8.076,-5.367,49.5
62,34,7,35,49.45,93.0,105.0,102.0,3.0,114.329,108.326,3.226,2.098,49.45
54,106,3,30,49.133,102.48,107.0,78.0,29.0,103.522,76.772,28.298,19.019,49.133
10860,86,3,43,49.033,100.24,92.0,97.0,-5.0,92.332,96.192,-4.988,-3.328,49.033
12,10881,6,40,48.717,92.14,85.0,78.0,7.0,91.912,84.967,7.597,4.925,48.717
12,47,6,38,48.667,89.48,82.0,91.0,-9.0,93.013,100.22,-10.058,-6.453,48.667
57,43,6,32,48.6,89.04,103.0,94.0,9.0,117.795,103.707,10.108,6.473,48.6
16,10867,8,26,48.583,91.8,98.0,105.0,-7.0,106.107,115.081,-7.625,-4.937,48.583
54,10874,7,32,48.217,91.42,99.0,108.0,-9.0,110.788,115.533,-9.845,-6.364,48.217
68,28,7,38,48.017,99.9,130.0,97.0,33.0,129.019,97.94,33.033,22.015,48.017
10861,10875,7,44,47.95,102.6,120.0,94.0,26.0,117.188,91.44,25.341,17.038,47.95
68,113,6,37,47.6,92.6,94.0,77.0,17.0,100.384,84.098,18.359,11.921,47.6
54,116,2,35,47.5,86.8,92.0,86.0,6.0,103.978,101.034,6.912,4.386,47.5
16,113,6,38,47.35,89.08,86.0,79.0,7.0,94.839,90.306,7.858,5.033,47.35
10861,10872,7,43,47.3,94.8,114.0,94.0,20.0,122.265,97.551,21.097,13.812,47.3
12,45,2,39,47.267,89.76,115.0,103.0,12.0,127.269,115.523,13.369,8.586,47.267
58,10894,2,31,47.267,88.56,85.0,106.0,-21.0,97.567,117.778,-23.713,-15.156,47.267
12,118,2,36,47.217,86.08,101.0,98.0,3.0,116.413,114.754,3.485,2.205,47.217
68,44,6,25,47.2,93.2,110.0,94.0,16.0,115.887,102.755,17.167,11.173,47.2
16,14843,4,30,47.15,92.38,87.0,93.0,-6.0,92.949,102.018,-6.495,-4.214,47.15
68,13777,3,31,47.1,94.86,104.0,116.0,-12.0,110.45,121.39,-12.65,-8.284,47.1
54,4181,2,23,46.817,84.86,97.0,77.0,20.0,114.82,90.333,23.568,14.83,46.817
68,14845,8,26,46.817,93.56,102.0,82.0,20.0,109.914,86.938,21.377,13.931,46.817
12,21,7,47,46.65,94.8,111.0,104.0,7.0,121.657,105.734,7.384,4.834,46.65
16,44,6,28,46.567,93.58,105.0,80.0,25.0,111.276,86.207,26.715,17.412,46.567
62,24,7,27,46.4,88.04,105.0,119.0,-14.0,118.671,135.845,-15.902,-10.142,46.4
57,10870,8,29,46.35,94.92,121.0,94.0,27.0,130.726,96.628,28.445,18.631,46.35
57,106,3,30,46.3,95.6,97.0,78.0,19.0,102.062,81.115,19.874,13.049,46.3
3129,40,6,39,46.2,92.22,88.0,84.0,4.0,97.173,89.476,4.337,2.813,46.2
3129,89,3,30,46.033,85.66,92.0,105.0,-13.0,108.798,121.024,-15.176,-9.583,46.033
68,39,6,34,45.967,87.02,86.0,84.0,2.0,97.329,98.039,2.298,1.46,45.967
57,10879,6,33,45.833,87.26,92.0,81.0,11.0,107.376,91.175,12.606,8.014,45.833
57,39,6,29,45.533,86.84,91.0,65.0,26.0,103.929,75.476,29.94,19.0,45.533
10861,10890,3,31,45.367,86.38,100.0,91.0,9.0,115.42,105.667,10.419,6.599,45.367
10861,116,2,38,45.35,86.02,102.0,79.0,23.0,120.113,90.68,26.738,16.909,45.35
10860,110,2,31,45.2,85.64,83.0,86.0,-3.0,98.528,98.805,-3.503,-2.212,45.2
10860,47,6,32,44.917,84.98,112.0,91.0,21.0,131.025,107.718,24.712,15.558,44.917
54,51,2,32,44.7,83.92,116.0,74.0,42.0,135.514,89.981,50.048,31.362,44.7
54,13777,3,29,44.667,88.36,108.0,109.0,-1.0,123.91,121.706,-1.132,-0.723,44.667
68,10889,3,26,43.917,83.54,98.0,87.0,11.0,115.078,106.201,13.167,8.237,43.917
62,10870,8,27,43.9,85.7,114.0,96.0,18.0,132.867,112.15,21.004,13.265,43.9
58,113,6,39,43.883,85.86,91.0,75.0,16.0,102.247,90.667,18.635,11.777,43.883
58,106,3,29,43.867,92.46,94.0,68.0,26.0,101.206,73.881,28.12,18.251,43.867
10860,113,6,35,43.733,83.26,86.0,71.0,15.0,103.714,84.928,18.016,11.256,43.733
62,10885,4,32,43.667,85.64,89.0,77.0,12.0,103.2,90.546,14.012,8.847,43.667
57,10867,8,16,43.567,84.44,94.0,88.0,6.0,112.872,102.804,7.106,4.463,43.567
68,51,2,35,43.517,85.8,117.0,76.0,41.0,133.562,90.476,47.786,30.191,43.517
54,14845,8,25,43.517,86.18,93.0,78.0,15.0,108.392,90.111,17.405,11.015,43.517
57,14845,8,25,43.5,84.14,94.0,80.0,14.0,112.44,94.473,16.639,10.437,43.5
54,14038,7,36,43.35,84.5,100.0,100.0,0.0,119.218,117.481,0.0,0.0,43.35
10861,47,6,39,42.9,77.5,75.0,83.0,-8.0,97.962,105.813,-10.323,-6.275,42.9
62,109,2,35,42.8,88.58,94.0,94.0,0.0,106.624,105.618,0.0,0.0,42.8
58,39,6,33,42.55,82.3,74.0,60.0,14.0,89.372,73.35,17.011,10.582,42.55
68,13400,8,37,42.417,85.06,95.0,99.0,-4.0,111.189,116.911,-4.703,-2.962,42.417
62,1,8,28,42.317,80.46,101.0,105.0,-4.0,129.222,126.873,-4.971,-3.066,42.317
12,13907,8,37,42.183,79.86,82.0,77.0,5.0,103.85,95.344,6.261,3.85,42.183
3129,118,2,25,42.183,76.86,107.0,75.0,32.0,138.745,97.911,41.634,25.225,42.183
12,14,8,45,42.033,88.66,96.0,91.0,5.0,105.82,105.081,5.64,3.606,42.033
16,14844,2,26,41.767,78.24,82.0,70.0,12.0,104.22,89.974,15.337,9.357,41.767
16,10890,3,31,41.733,82.28,89.0,84.0,5.0,109.444,100.913,6.077,3.78,41.733
3129,10877,6,33,41.717,83.1,89.0,75.0,14.0,108.908,88.778,16.847,10.518,41.717
10860,10865,8,38,41.65,78.82,85.0,77.0,8.0,104.474,100.944,10.15,6.21,41.65
10860,10887,4,32,41.583,80.2,73.0,93.0,-20.0,89.725,117.662,-24.938,-15.361,41.583
62,87,4,30,41.4,78.6,70.0,81.0,-11.0,86.249,106.523,-13.995,-8.554,41.4
62,75,4,28,41.383,75.66,81.0,87.0,-6.0,106.804,115.262,-7.93,-4.775,41.383
16,10875,7,29,41.25,84.92,88.0,93.0,-5.0,104.068,109.053,-5.888,-3.706,41.25
58,14038,7,37,41.05,82.56,87.0,91.0,-4.0,108.587,107.059,-4.845,-3.018,41.05
62,21,7,27,40.967,79.54,99.0,96.0,3.0,122.707,122.449,3.772,2.316,40.967
58,3,8,33,40.767,81.98,103.0,64.0,39.0,122.27,80.281,47.573,29.55,40.767
54,13400,8,35,40.717,81.0,97.0,92.0,5.0,116.587,116.751,6.173,3.817,40.717
10861,10874,7,37,40.65,83.7,94.0,71.0,23.0,113.253,84.123,27.479,17.203,40.65
54,14843,4,25,40.617,79.46,74.0,83.0,-9.0,94.244,103.234,-11.326,-6.952,40.617
54,10894,2,20,40.517,77.64,78.0,93.0,-15.0,102.578,117.365,-19.32,-11.752,40.517
10860,10875,7,36,40.3,84.62,82.0,83.0,-1.0,94.863,100.242,-1.182,-0.743,40.3
62,76,4,29,40.267,81.66,91.0,60.0,31.0,111.52,73.421,37.962,23.545,40.267
10860,10890,3,30,40.2,81.58,65.0,91.0,-26.0,81.25,109.428,-31.871,-19.76,40.2
68,13399,2,30,40.017,81.58,88.0,89.0,-1.0,107.422,109.552,-1.226,-0.76,40.017
16,10869,8,37,39.933,78.72,99.0,76.0,23.0,126.923,95.67,29.217,17.868,39.933
68,14843,4,25,39.8,77.96,77.0,84.0,-7.0,99.329,107.143,-8.979,-5.47,39.8
10860,79,3,29,39.8,76.36,70.0,73.0,-3.0,90.627,96.714,-3.929,-2.374,39.8
58,28,7,41,39.75,84.48,89.0,80.0,9.0,106.053,94.073,10.653,6.692,39.75
62,10874,7,26,39.683,78.42,83.0,83.0,0.0,104.904,106.794,0.0,0.0,39.683
57,12908,2,27,39.383,78.94,77.0,87.0,-10.0,102.285,105.327,-12.668,-7.756,39.383
10860,10889,3,26,39.35,78.38,75.0,61.0,14.0,93.423,79.759,17.862,10.905,39.35
57,14844,2,22,39.267,72.58,76.0,63.0,13.0,104.396,87.065,17.911,10.605,39.267
58,47,6,24,39.083,72.38,89.0,82.0,7.0,122.186,114.016,9.671,5.72,39.083
10860,88,4,30,38.95,72.42,55.0,80.0,-25.0,75.178,111.607,-34.521,-20.421,38.95
12,14038,7,31,38.9,75.64,77.0,85.0,-8.0,104.79,109.254,-10.576,-6.367,38.9
10861,21,7,38,38.817,80.2,98.0,82.0,16.0,126.159,99.13,19.95,12.289,38.817
10860,75,4,31,38.8,72.54,68.0,78.0,-10.0,93.1,108.273,-13.785,-8.161,38.8
12,10890,3,32,38.717,78.66,67.0,81.0,-14.0,87.927,99.852,-17.798,-10.881,38.717
62,5,8,32,38.7,78.46,99.0,88.0,11.0,129.649,109.235,14.02,8.563,38.7
57,14038,7,31,38.683,76.56,93.0,91.0,2.0,119.414,120.946,2.612,1.58,38.683
57,116,2,26,38.65,69.88,80.0,68.0,12.0,111.359,100.118,17.172,10.01,38.65
57,47,6,28,38.567,72.92,99.0,74.0,25.0,135.394,101.76,34.284,20.338,38.567
10860,39,6,30,38.567,75.42,73.0,55.0,18.0,95.052,74.284,23.866,14.352,38.567
68,109,2,28,38.533,80.1,80.0,81.0,-1.0,101.626,99.411,-1.248,-0.769,38.533
54,13399,2,30,38.35,77.14,85.0,80.0,5.0,109.086,104.767,6.482,3.933,38.35
54,10889,3,22,38.25,71.44,82.0,78.0,4.0,113.26,110.67,5.599,3.294,38.25
10861,13029,7,28,38.167,73.76,103.0,91.0,12.0,144.339,119.485,16.269,9.696,38.167
62,88,4,23,38.15,71.16,58.0,87.0,-29.0,78.676,126.822,-40.753,-23.935,38.15
58,14845,8,24,37.867,72.42,78.0,67.0,11.0,107.084,93.056,15.189,8.985,37.867
3129,10872,7,29,37.85,72.12,89.0,77.0,12.0,125.777,104.79,16.639,9.826,37.85
3129,110,2,22,37.8,67.62,89.0,62.0,27.0,136.587,88.47,39.929,22.955,37.8
54,10865,8,32,37.767,69.58,80.0,77.0,3.0,111.297,114.447,4.312,2.509,37.767
62,12908,2,29,37.75,76.94,68.0,85.0,-17.0,90.329,108.142,-22.095,-13.392,37.75
16,116,2,33,37.75,69.32,71.0,65.0,6.0,99.775,96.325,8.656,5.028,37.75
10861,43,6,35,37.667,68.96,65.0,63.0,2.0,94.807,90.83,2.9,1.681,37.667
3129,103,3,27,37.567,70.14,70.0,78.0,-8.0,104.728,106.209,-11.406,-6.659,37.567
10861,10870,8,31,37.267,82.76,105.0,72.0,33.0,128.049,86.207,39.874,24.857,37.267
16,12668,2,25,37.183,67.26,83.0,52.0,31.0,124.85,76.426,46.09,26.437,37.183
3129,121,2,22,37.117,68.98,96.0,58.0,38.0,142.518,82.153,55.088,31.938,37.117
10861,10879,6,34,37.05,68.6,65.0,65.0,0.0,97.131,92.487,0.0,0.0,37.05
16,28,7,31,36.917,75.16,74.0,93.0,-19.0,101.593,120.031,-25.279,-15.181,36.917
58,10891,2,26,36.85,69.64,75.0,60.0,15.0,109.139,85.034,21.539,12.538,36.85
68,25,7,32,36.8,75.9,79.0,73.0,6.0,100.611,99.618,7.905,4.766,36.8
12,113,6,33,36.717,70.16,70.0,65.0,5.0,101.39,91.19,7.127,4.161,36.717
54,99,3,25,36.683,71.14,92.0,76.0,16.0,128.707,107.345,22.491,13.208,36.683
68,99,3,25,36.65,71.52,93.0,78.0,15.0,128.524,110.357,20.973,12.344,36.65
3129,79,3,23,36.383,66.84,72.0,95.0,-23.0,110.565,138.565,-34.411,-19.685,36.383
57,13777,3,24,36.383,73.92,97.0,89.0,8.0,131.579,120.076,10.823,6.456,36.383
57,10889,3,22,36.35,70.28,74.0,72.0,2.0,105.956,101.81,2.846,1.663,36.35
16,10874,7,27,36.283,68.72,81.0,78.0,3.0,118.49,112.913,4.366,2.527,36.283
62,10875,7,25,36.283,71.8,82.0,80.0,2.0,111.839,113.83,2.786,1.642,36.283
58,10882,6,33,36.05,68.04,69.0,61.0,8.0,103.479,87.896,11.758,6.777,36.05
12,51,2,36,35.933,72.4,88.0,64.0,24.0,118.471,90.754,33.149,19.608,35.933
57,28,7,27,35.883,76.02,90.0,87.0,3.0,121.228,111.825,3.946,2.381,35.883
10861,13399,2,34,35.783,78.26,89.0,84.0,5.0,110.149,110.935,6.389,3.898,35.783
10861,4181,2,22,35.5,66.1,85.0,63.0,22.0,126.563,96.863,33.283,18.949,35.5
3129,10888,4,22,35.4,68.0,50.0,62.0,-12.0,78.321,85.92,-17.647,-10.169,35.4
12,77,3,33,35.267,68.86,78.0,59.0,19.0,108.454,89.666,27.592,15.985,35.267
58,90,4,25,35.083,71.16,87.0,73.0,14.0,120.565,104.048,19.674,11.555,35.083
10861,24,7,24,35.067,67.54,86.0,84.0,2.0,127.9,123.821,2.961,1.702,35.067
3129,10,8,23,35.033,68.32,80.0,49.0,31.0,115.34,72.83,45.375,26.2,35.033
10860,12668,2,23,35.033,67.2,72.0,54.0,18.0,108.173,79.599,26.786,15.358,35.033
10861,10865,8,28,35.0,65.64,66.0,73.0,-7.0,99.159,112.794,-10.664,-6.053,35.0
10860,10894,2,20,34.933,64.98,65.0,69.0,-4.0,100.806,105.376,-6.156,-3.479,34.933
12,10877,6,26,34.883,66.1,55.0,66.0,-11.0,84.098,98.802,-16.641,-9.475,34.883
57,113,6,25,34.75,65.36,72.0,55.0,17.0,107.784,86.045,26.01,14.736,34.75
3129,1,8,16,34.683,65.0,70.0,48.0,22.0,109.307,72.771,33.846,19.13,34.683
57,109,2,25,34.617,73.0,67.0,58.0,9.0,93.419,78.083,12.329,7.317,34.617
54,14844,2,17,34.583,64.82,69.0,53.0,16.0,107.745,80.793,24.684,13.935,34.583
12,76,4,33,34.55,70.24,62.0,63.0,-1.0,89.803,88.186,-1.424,-0.832,34.55
58,108,2,29,34.5,66.48,55.0,53.0,2.0,85.298,77.395,3.008,1.717,34.5
16,867,7,28,34.467,70.1,67.0,76.0,-9.0,98.356,105.438,-12.839,-7.494,34.467
62,10890,3,22,34.433,68.12,81.0,74.0,7.0,119.328,108.25,10.276,5.926,34.433
10861,108,2,26,34.383,68.7,71.0,56.0,15.0,104.843,80.367,21.834,12.637,34.383
3129,88,4,25,34.25,64.42,54.0,62.0,-8.0,85.769,94.111,-12.419,-6.992,34.25
62,10888,4,25,34.1,65.6,66.0,64.0,2.0,99.278,98.888,3.049,1.73,34.1
3129,29,7,23,34.05,63.42,86.0,80.0,6.0,141.447,121.139,9.461,5.29,34.05
68,4,8,15,33.95,62.02,81.0,61.0,20.0,130.477,98.451,32.248,17.854,33.95
12,116,2,35,33.917,63.16,68.0,58.0,10.0,109.395,90.399,15.833,8.837,33.917
10860,76,4,29,33.783,68.22,58.0,65.0,-7.0,86.207,93.985,-10.261,-5.921,33.783
16,10882,6,31,33.717,61.14,49.0,54.0,-5.0,82.105,86.262,-8.178,-4.499,33.717
16,14845,8,23,33.633,62.88,62.0,62.0,0.0,97.792,99.423,0.0,0.0,33.633
10861,10867,8,18,33.633,65.94,75.0,57.0,18.0,113.156,86.89,27.298,15.525,33.633
62,13906,3,25,33.517,65.08,62.0,55.0,7.0,95.679,84.149,10.756,6.083,33.517
10860,45,2,23,33.45,68.7,76.0,64.0,12.0,109.573,94.062,17.467,10.11,33.45
10860,28,7,30,33.3,67.64,74.0,66.0,8.0,106.875,99.939,11.827,6.8,33.3
62,86,3,34,33.283,69.28,89.0,76.0,13.0,131.114,107.527,18.764,10.899,33.283
3129,13906,3,23,33.283,61.18,66.0,88.0,-22.0,111.411,139.417,-35.959,-19.788,33.283
16,13777,3,24,33.15,67.66,79.0,74.0,5.0,116.108,109.988,7.39,4.25,33.15
68,14303,7,22,33.15,61.98,84.0,76.0,8.0,134.014,124.021,12.907,7.144,33.15
12,10882,6,31,33.033,61.22,64.0,51.0,13.0,106.809,81.574,21.235,11.689,33.033
68,10879,6,23,33.0,62.5,55.0,60.0,-5.0,87.691,96.339,-8.0,-4.444,33.0
62,51,2,28,32.95,66.88,87.0,65.0,22.0,123.791,102.394,32.895,18.823,32.95
16,51,2,29,32.917,59.4,77.0,48.0,29.0,128.935,81.246,48.822,26.508,32.917
58,10867,8,25,32.883,68.92,82.0,70.0,12.0,115.623,104.603,17.411,10.091,32.883
10860,10882,6,28,32.833,62.04,74.0,53.0,21.0,119.974,84.936,33.849,18.743,32.833
12,12908,2,32,32.8,60.62,71.0,71.0,0.0,119.368,114.961,0.0,0.0,32.8
16,3,8,30,32.767,65.42,84.0,56.0,28.0,123.894,88.832,42.8,24.259,32.767
57,51,2,26,32.75,65.44,93.0,46.0,47.0,139.388,71.696,71.822,40.714,32.75
57,13399,2,23,32.683,66.16,70.0,64.0,6.0,102.7,99.751,9.069,5.165,32.683
10861,10881,6,29,32.65,64.0,61.0,60.0,1.0,95.253,93.809,1.562,0.877,32.65
57,13400,8,31,32.6,64.58,75.0,83.0,-8.0,115.172,129.606,-12.388,-6.982,32.6
62,14038,7,22,32.483,64.66,67.0,71.0,-4.0,102.321,111.216,-6.186,-3.489,32.483
3129,45,2,21,32.467,57.06,82.0,69.0,13.0,143.156,121.393,22.783,12.143,32.467
3129,43,6,25,32.317,60.58,58.0,61.0,-3.0,96.41,100.0,-4.952,-2.713,32.317
62,44,6,14,32.25,61.56,74.0,65.0,9.0,121.232,104.704,14.62,8.067,32.25
58,10870,8,35,32.233,77.76,96.0,65.0,31.0,124.159,83.12,39.866,24.264,32.233
62,116,2,29,32.15,59.9,61.0,59.0,2.0,98.451,102.006,3.339,1.82,32.15
54,4,8,13,32.117,57.52,77.0,58.0,19.0,132.576,101.826,33.032,17.671,32.117
55,5,8,24,32.0,59.6,61.0,49.0,12.0,103.46,81.341,20.134,10.949,32.0
12,10885,4,32,31.967,66.5,71.0,70.0,1.0,106.671,105.358,1.504,0.858,31.967
55,13907,8,27,31.95,62.48,70.0,58.0,12.0,112.179,92.711,19.206,10.669,31.95
10860,13906,3,27,31.817,60.64,53.0,64.0,-11.0,90.444,102.106,-18.14,-9.942,31.817
12,39,6,32,31.75,62.7,46.0,61.0,-15.0,73.765,96.764,-23.923,-13.31,31.75
3129,10890,3,22,31.6,61.82,58.0,61.0,-3.0,97.315,95.253,-4.853,-2.683,31.6
12,108,2,27,31.417,62.54,61.0,51.0,10.0,98.514,80.747,15.99,8.886,31.417
58,12668,2,22,31.283,59.48,65.0,52.0,13.0,109.723,87.073,21.856,11.874,31.283
62,39,6,20,31.167,59.16,60.0,59.0,1.0,99.734,101.444,1.69,0.916,31.167
10861,10891,2,19,31.15,58.78,77.0,49.0,28.0,134.427,81.287,47.635,25.74,31.15
58,116,2,26,31.017,58.7,53.0,42.0,11.0,89.406,72.264,18.739,10.12,31.017
57,867,7,24,30.983,62.78,59.0,67.0,-8.0,96.154,104.361,-12.743,-7.093,30.983
16,122,2,23,30.967,57.66,56.0,53.0,3.0,100.719,88.747,5.203,2.787,30.967
58,13777,3,24,30.917,60.72,61.0,64.0,-3.0,102.349,103.493,-4.941,-2.71,30.917
68,14038,7,26,30.85,60.02,75.0,76.0,-1.0,125.923,125.661,-1.666,-0.909,30.85
10861,14038,7,23,30.8,61.1,73.0,64.0,9.0,121.829,102.762,14.73,8.101,30.8
58,22,7,33,30.7,62.3,57.0,53.0,4.0,88.619,87.923,6.421,3.562,30.7
12,10879,6,34,30.683,55.5,49.0,50.0,-1.0,90.273,88.152,-1.802,-0.948,30.683
3129,10875,7,21,30.633,59.66,81.0,67.0,14.0,137.475,110.927,23.466,12.767,30.633
3129,4181,2,20,30.517,56.76,81.0,57.0,24.0,142.305,100.707,42.283,22.48,30.517
12,10894,2,19,30.45,57.56,60.0,73.0,-13.0,106.61,124.065,-22.585,-12.086,30.45
58,867,7,32,30.367,61.56,53.0,62.0,-9.0,88.926,97.607,-14.62,-8.067,30.367
58,44,6,25,30.35,65.6,60.0,55.0,5.0,87.719,87.58,7.622,4.325,30.35
68,3,8,25,30.2,62.5,79.0,56.0,23.0,123.13,92.045,36.8,20.444,30.2
10861,10868,8,23,30.117,56.92,76.0,62.0,14.0,131.215,110.873,24.596,13.094,30.117
62,13399,2,25,30.05,64.1,72.0,71.0,1.0,109.556,113.636,1.56,0.876,30.05
12,10888,4,26,29.967,60.6,60.0,66.0,-6.0,101.215,106.589,-9.901,-5.425,29.967
54,12668,2,21,29.65,55.28,63.0,54.0,9.0,115.385,96.497,16.281,8.549,29.65
68,867,7,25,29.65,60.54,55.0,66.0,-11.0,91.484,108.268,-18.17,-9.951,29.65
54,25,7,26,29.633,61.54,60.0,60.0,0.0,94.399,100.806,0.0,0.0,29.633
3129,10881,6,25,29.567,58.78,50.0,49.0,1.0,84.976,83.447,1.701,0.919,29.567
3129,14,8,17,29.5,55.94,57.0,53.0,4.0,103.561,93.244,7.151,3.776,29.5
57,4,8,12,29.483,55.08,71.0,50.0,21.0,128.903,90.777,38.126,19.985,29.483
58,13400,8,31,29.433,58.9,82.0,62.0,20.0,134.691,108.925,33.956,18.365,29.433
54,10882,6,27,29.4,54.48,57.0,43.0,14.0,100.921,81.936,25.698,13.4,29.4
62,106,3,22,29.367,60.44,71.0,58.0,13.0,111.846,101.045,21.509,11.771,29.367
12,3,8,26,29.35,58.5,71.0,57.0,14.0,119.771,98.753,23.932,12.903,29.35
54,14303,7,19,29.25,54.66,74.0,72.0,2.0,134.741,132.353,3.659,1.911,29.25
54,867,7,23,29.117,59.1,51.0,68.0,-17.0,87.569,113.409,-28.765,-15.582,29.117
3129,28,7,19,28.983,58.54,78.0,61.0,17.0,134.669,103.11,29.04,15.662,28.983
12,10891,2,23,28.933,53.66,73.0,41.0,32.0,136.704,76.039,59.635,30.87,28.933
54,22,7,28,28.917,59.8,66.0,51.0,15.0,108.983,86.382,25.084,13.661,28.917
3129,8889,6,23,28.817,55.78,55.0,50.0,5.0,98.284,89.928,8.964,4.727,28.817
16,14038,7,23,28.783,55.5,56.0,71.0,-15.0,102.115,126.425,-27.027,-14.218,28.783
10860,10879,6,28,28.55,54.02,54.0,45.0,9.0,100.074,83.21,16.66,8.652,28.55
10860,13400,8,36,28.517,59.48,73.0,62.0,11.0,118.738,107.864,18.494,10.047,28.517
68,116,2,27,28.517,52.1,61.0,54.0,7.0,113.299,107.228,13.436,6.856,28.517
58,99,3,23,28.45,55.38,71.0,47.0,24.0,130.803,83.215,43.337,22.775,28.45
54,3,8,23,28.4,55.6,67.0,51.0,16.0,116.562,94.937,28.777,15.152,28.4
57,3,8,24,28.383,58.22,74.0,46.0,28.0,123.912,81.1,48.093,25.873,28.383
3129,107,3,25,28.35,52.86,43.0,55.0,-12.0,84.98,99.782,-22.701,-11.666,28.35
58,12908,2,18,28.217,54.46,55.0,72.0,-17.0,104.088,128.388,-31.216,-16.274,28.217
62,4181,2,14,28.2,49.08,52.0,46.0,6.0,105.691,93.954,12.225,6.056,28.2
57,25,7,23,28.1,57.32,51.0,61.0,-10.0,89.286,106.05,-17.446,-9.318,28.1
57,14843,4,14,28.05,52.28,41.0,53.0,-12.0,78.364,101.455,-22.953,-11.732,28.05
62,4,8,8,27.8,48.86,59.0,54.0,5.0,121.001,110.294,10.233,5.058,27.8
16,22,7,25,27.65,54.28,52.0,60.0,-8.0,97.233,108.932,-14.738,-7.672,27.65
3129,87,4,25,27.517,57.36,49.0,52.0,-3.0,84.077,92.133,-5.23,-2.794,27.517
10860,14303,7,21,27.483,54.0,64.0,50.0,14.0,112.439,97.886,25.926,13.462,27.483
16,10865,8,25,27.467,55.6,57.0,60.0,-3.0,108.118,102.599,-5.396,-2.841,27.467
10860,44,6,20,27.4,57.34,60.0,47.0,13.0,99.338,86.588,22.672,12.111,27.4
62,77,3,21,27.35,52.22,58.0,54.0,4.0,111.453,103.053,7.66,3.913,27.35
58,51,2,19,27.3,53.62,60.0,41.0,19.0,109.649,78.065,35.435,18.336,27.3
10861,14844,2,14,27.217,52.66,56.0,50.0,6.0,107.61,93.844,11.394,5.845,27.217
10861,22,7,29,27.15,57.96,57.0,58.0,-1.0,99.79,98.639,-1.725,-0.926,27.15
58,14843,4,22,26.983,58.08,52.0,68.0,-16.0,88.737,118.138,-27.548,-14.804,26.983
57,10865,8,29,26.967,50.78,48.0,56.0,-8.0,94.266,110.585,-15.754,-7.938,26.967
12,28,7,27,26.95,57.88,62.0,50.0,12.0,107.639,85.97,20.733,11.123,26.95
58,10879,6,30,26.917,50.18,51.0,39.0,12.0,104.68,75.523,23.914,11.978,26.917
62,13907,8,19,26.833,49.5,55.0,58.0,-3.0,117.622,111.026,-6.061,-3.015,26.833
10861,10877,6,19,26.817,53.24,55.0,66.0,-11.0,105.851,121.056,-20.661,-10.655,26.817
12,122,2,23,26.8,53.62,56.0,44.0,12.0,107.61,79.71,22.38,11.581,26.8
57,22,7,25,26.783,55.66,51.0,55.0,-4.0,95.149,95.288,-7.186,-3.786,26.783
16,25,7,21,26.783,53.94,54.0,51.0,3.0,98.756,95.865,5.562,2.886,26.783
55,10,8,22,26.75,53.22,50.0,49.0,1.0,94.197,91.829,1.879,0.969,26.75
10860,10873,7,21,26.65,56.72,52.0,35.0,17.0,88.737,63.822,29.972,15.93,26.65
3129,5,8,16,26.617,50.84,63.0,47.0,16.0,127.016,90.246,31.471,15.867,26.617
10861,34,7,21,26.583,54.24,68.0,54.0,14.0,131.988,94.803,25.811,13.431,26.583
62,10865,8,23,26.533,51.96,62.0,53.0,9.0,120.062,101.377,17.321,8.827,26.533
16,10870,8,18,26.417,51.06,75.0,57.0,18.0,145.349,112.827,35.253,17.811,26.417
16,109,2,26,26.4,51.78,51.0,41.0,10.0,101.432,76.952,19.312,9.825,26.4
16,10889,3,16,26.367,47.56,53.0,50.0,3.0,114.224,102.627,6.308,3.075,26.367
10861,90,4,21,26.267,54.46,58.0,45.0,13.0,105.762,83.21,23.871,12.445,26.267
10861,14845,8,15,26.233,51.06,47.0,40.0,7.0,93.254,77.34,13.709,6.927,26.233
54,82,4,27,26.217,57.44,55.0,42.0,13.0,94.762,73.892,22.632,12.1,26.217
62,10879,6,15,26.183,49.9,43.0,51.0,-8.0,88.043,100.078,-16.032,-8.008,26.183
16,90,4,18,26.083,50.68,71.0,58.0,13.0,143.03,112.142,25.651,12.912,26.083
10860,87,4,21,25.967,49.12,38.0,49.0,-11.0,78.318,98.552,-22.394,-11.098,25.967
57,14707,6,12,25.917,51.06,65.0,45.0,20.0,124.904,89.856,39.17,19.79,25.917
12,8889,6,24,25.883,48.28,23.0,45.0,-22.0,46.977,94.538,-45.568,-22.385,25.883
68,90,4,21,25.717,53.66,70.0,59.0,11.0,127.924,112.167,20.499,10.612,25.717
62,10889,3,14,25.717,50.46,56.0,65.0,-9.0,108.696,131.579,-17.836,-8.959,25.717
10884,110,2,16,25.667,47.98,39.0,54.0,-15.0,81.454,112.313,-31.263,-15.309,25.667
68,82,4,26,25.617,56.5,55.0,42.0,13.0,96.424,75.054,23.009,12.207,25.617
16,99,3,17,25.6,48.22,69.0,49.0,20.0,145.939,99.675,41.477,20.362,25.6
12,90,4,18,25.517,51.62,58.0,50.0,8.0,110.687,98.348,15.498,7.872,25.517
3129,116,2,18,25.467,47.76,64.0,51.0,13.0,136.054,105.198,27.219,13.298,25.467
62,10867,8,11,25.433,46.02,50.0,65.0,-15.0,107.204,143.172,-32.595,-15.622,25.433
12,109,2,26,25.383,52.08,59.0,48.0,11.0,115.777,90.226,21.121,10.776,25.383
62,8889,6,13,25.267,45.96,40.0,44.0,-4.0,89.206,93.458,-8.703,-4.168,25.267
68,43,6,17,25.183,52.0,59.0,48.0,11.0,114.786,91.255,21.154,10.784,25.183
58,25,7,27,25.083,54.38,53.0,44.0,9.0,93.31,84.681,16.55,8.622,25.083
57,10873,7,18,25.033,52.08,59.0,45.0,14.0,108.536,90.361,26.882,13.715,25.033
10860,14845,8,14,24.883,43.34,57.0,44.0,13.0,130.614,102.23,29.995,13.928,24.883
12,22,7,27,24.65,53.66,51.0,50.0,1.0,98.608,89.928,1.864,0.965,24.65
10884,108,2,23,24.617,46.82,43.0,43.0,0.0,92.513,91.179,0.0,0.0,24.617
57,14303,7,16,24.6,46.6,67.0,57.0,10.0,139.816,125.883,21.459,10.352,24.6
3129,10879,6,22,24.55,46.24,22.0,40.0,-18.0,48.33,85.179,-38.927,-18.703,24.55
58,10889,3,19,24.55,45.0,47.0,27.0,20.0,104.817,59.787,44.444,21.053,24.55
54,14707,6,12,24.467,48.78,61.0,41.0,20.0,121.611,86.498,41.0,20.247,24.467
62,113,6,17,24.35,45.5,41.0,36.0,5.0,89.676,79.505,10.989,5.236,24.35
10860,108,2,20,24.317,48.62,42.0,43.0,-1.0,89.059,85.863,-2.057,-1.014,24.317
57,90,4,23,24.317,52.5,59.0,49.0,10.0,109.829,95.554,19.048,9.756,24.317
58,123,2,21,24.267,47.82,45.0,39.0,6.0,97.997,78.439,12.547,6.134,24.267
10861,8889,6,18,24.217,44.78,45.0,43.0,2.0,101.902,94.714,4.466,2.11,24.217
12,10873,7,21,24.2,54.64,40.0,36.0,4.0,72.254,66.766,7.321,3.823,24.2
16,14707,6,10,23.867,46.9,55.0,42.0,13.0,117.421,89.438,27.719,13.416,23.867
12,12668,2,18,23.833,45.1,59.0,30.0,29.0,127.595,68.244,64.302,30.494,23.833
62,13400,8,17,23.767,46.74,56.0,54.0,2.0,120.069,115.286,4.279,2.067,23.767
58,80,4,19,23.683,50.28,49.0,39.0,10.0,96.991,77.938,19.889,9.972,23.683
3129,51,2,16,23.617,41.58,59.0,36.0,23.0,145.607,84.428,55.315,25.115,23.617
3129,14844,2,13,23.6,45.82,54.0,50.0,4.0,118.734,108.319,8.73,4.174,23.6
16,80,4,19,23.583,48.34,54.0,37.0,17.0,110.565,77.341,35.168,17.287,23.583
3129,13907,8,13,23.4,45.12,57.0,38.0,19.0,131.701,80.92,42.11,19.975,23.4
10860,122,2,15,23.383,42.34,48.0,37.0,11.0,114.177,86.773,25.98,11.912,23.383
10861,28,7,21,23.267,49.22,60.0,48.0,12.0,126.369,94.192,24.38,12.094,23.267
10860,99,3,19,23.217,47.74,51.0,34.0,17.0,103.912,73.276,35.61,17.393,23.217
58,14982,4,14,23.217,48.44,36.0,55.0,-19.0,73.052,115.546,-39.224,-19.301,23.217
10884,10894,2,13,23.2,40.36,38.0,37.0,1.0,94.527,91.313,2.478,1.107,23.2
12,10867,8,18,23.183,43.34,48.0,44.0,4.0,110.599,101.664,9.229,4.285,23.183
12,14845,8,15,23.15,41.18,41.0,40.0,1.0,99.226,97.466,2.428,1.097,23.15
10860,14707,6,11,23.133,45.66,55.0,49.0,6.0,119.151,108.503,13.141,6.272,23.133
68,13778,4,12,22.883,45.12,47.0,48.0,-1.0,101.997,108.696,-2.216,-1.051,22.883
54,13778,4,12,22.883,45.12,47.0,48.0,-1.0,101.997,108.696,-2.216,-1.051,22.883
58,32,7,26,22.783,45.22,48.0,47.0,1.0,106.572,103.524,2.211,1.05,22.783
62,14303,7,15,22.767,45.34,52.0,42.0,10.0,109.52,97.222,22.056,10.489,22.767
3129,39,6,21,22.667,43.64,26.0,38.0,-12.0,60.185,86.207,-27.498,-12.815,22.667
55,1,8,19,22.617,42.32,58.0,37.0,21.0,136.792,87.595,49.622,22.747,22.617
3129,21,7,16,22.55,44.98,51.0,59.0,-8.0,113.839,130.647,-17.786,-8.423,22.55
3129,47,6,22,22.517,42.86,37.0,39.0,-2.0,87.761,89.532,-4.666,-2.154,22.517
12,13777,3,18,22.5,41.08,46.0,35.0,11.0,107.88,88.563,26.777,12.077,22.5
68,108,2,20,22.483,41.06,58.0,35.0,23.0,141.602,85.034,56.016,25.258,22.483
10860,10891,2,17,22.483,44.72,50.0,34.0,16.0,112.613,75.488,35.778,16.892,22.483
10861,10882,6,26,22.367,39.62,44.0,35.0,9.0,109.235,89.836,22.716,10.042,22.367
12,10889,3,15,22.35,43.74,45.0,29.0,16.0,98.858,69.113,36.58,17.068,22.35
10860,106,3,23,22.317,44.28,36.0,35.0,1.0,76.336,84.541,2.258,1.061,22.317
54,10873,7,16,22.2,43.66,57.0,49.0,8.0,128.378,114.166,18.323,8.542,22.2
68,47,6,19,22.133,45.34,57.0,35.0,22.0,123.377,78.687,48.522,23.075,22.133
3129,14845,8,11,22.067,42.62,44.0,33.0,11.0,104.068,76.816,25.809,11.876,22.067
12,80,4,17,21.917,45.62,49.0,35.0,14.0,107.93,76.353,30.688,14.641,21.917
10860,116,2,15,21.9,41.62,44.0,37.0,7.0,106.28,88.432,16.819,7.64,21.9
68,4181,2,14,21.783,37.4,54.0,38.0,16.0,143.923,101.931,42.781,18.307,21.783
12,14843,4,18,21.75,45.88,37.0,42.0,-5.0,78.79,93.75,-10.898,-5.215,21.75
10860,3,8,17,21.733,44.24,60.0,43.0,17.0,131.81,100.093,38.427,18.039,21.733
57,13778,4,11,21.55,42.4,44.0,46.0,-2.0,100.825,111.759,-4.717,-2.165,21.55
10860,123,2,18,21.533,43.94,50.0,35.0,15.0,113.843,79.618,34.137,15.968,21.533
16,10891,2,14,21.317,40.4,43.0,36.0,7.0,103.565,91.65,17.327,7.743,21.317
3129,13029,7,15,21.183,40.9,43.0,55.0,-12.0,107.072,132.085,-29.34,-13.201,21.183
12,13399,2,23,21.167,46.86,47.0,51.0,-4.0,101.293,107.777,-8.536,-4.13,21.167
62,10894,2,11,21.167,41.12,34.0,55.0,-21.0,83.909,131.831,-51.07,-23.047,21.167
68,10894,2,10,21.133,42.7,35.0,62.0,-27.0,85.616,139.263,-63.232,-29.126,21.133
10861,10894,2,14,21.1,39.84,40.0,43.0,-3.0,103.52,104.776,-7.53,-3.339,21.1
57,99,3,17,21.083,42.1,59.0,44.0,15.0,141.419,103.578,35.629,16.287,21.083
10860,119,2,20,21.083,43.1,55.0,42.0,13.0,126.495,98.315,30.162,13.963,21.083
10861,14303,7,13,21.067,41.62,52.0,42.0,10.0,123.34,102.24,24.027,10.915,21.067
16,123,2,20,21.05,39.16,46.0,28.0,18.0,120.925,69.513,45.965,20.188,21.05
55,14845,8,13,20.983,38.18,36.0,30.0,6.0,94.241,78.616,15.715,6.804,20.983
62,47,6,19,20.967,38.72,50.0,37.0,13.0,125.125,98.719,33.574,14.653,20.967
3129,10891,2,12,20.95,38.58,56.0,32.0,24.0,143.296,84.034,62.208,27.094,20.95
3129,14843,4,13,20.95,41.5,37.0,48.0,-11.0,88.602,116.392,-26.506,-12.022,20.95
3129,86,3,18,20.883,39.78,29.0,48.0,-19.0,78.976,112.045,-47.763,-21.163,20.883
10860,22,7,19,20.867,41.56,34.0,26.0,8.0,80.645,63.477,19.249,8.737,20.867
68,10873,7,15,20.717,41.82,60.0,44.0,16.0,134.529,112.705,38.259,17.425,20.717
10861,119,2,15,20.583,45.46,57.0,35.0,22.0,120.253,80.423,48.394,23.046,20.583
10860,77,3,16,20.55,38.52,42.0,30.0,12.0,103.346,82.418,31.153,13.556,20.55
68,10868,8,17,20.533,41.06,59.0,46.0,13.0,143.343,112.305,31.661,14.276,20.533
55,108,2,15,20.4,39.88,29.0,30.0,-1.0,77.375,70.956,-2.508,-1.113,20.4
10884,10891,2,16,20.367,35.44,35.0,29.0,6.0,97.984,82.48,16.93,7.022,20.367
58,122,2,15,20.333,37.0,37.0,38.0,-1.0,101.425,101.279,-2.703,-1.149,20.333
16,32,7,19,20.183,41.4,46.0,45.0,1.0,112.086,107.759,2.415,1.094,20.183
3129,113,6,16,20.167,42.02,42.0,34.0,8.0,102.539,78.923,19.039,8.694,20.167
58,119,2,19,20.117,41.1,53.0,42.0,11.0,127.772,103.143,26.764,12.075,20.117
10861,13400,8,13,20.117,37.74,48.0,49.0,-1.0,123.584,133.734,-2.65,-1.14,20.117
10884,40,6,17,20.067,38.56,22.0,28.0,-6.0,59.913,69.307,-15.56,-6.775,20.067
10860,109,2,13,19.967,37.46,51.0,32.0,19.0,135.494,85.837,50.721,21.724,19.967
62,14844,2,12,19.95,36.64,36.0,30.0,6.0,96.774,83.149,16.376,6.925,19.95
68,32,7,20,19.917,40.6,45.0,48.0,-3.0,107.656,121.827,-7.389,-3.311,19.917
62,28,7,17,19.9,37.8,46.0,39.0,7.0,117.467,107.025,18.519,7.973,19.9
55,116,2,18,19.867,37.88,41.0,35.0,6.0,112.022,89.377,15.839,6.827,19.867
10884,29,7,15,19.7,41.34,42.0,47.0,-5.0,106.275,108.897,-12.095,-5.474,19.7
12,13400,8,23,19.667,40.74,41.0,41.0,0.0,101.485,99.805,0.0,0.0,19.667
58,109,2,14,19.567,37.18,39.0,30.0,9.0,108.093,78.37,24.207,10.323,19.567
68,104,6,18,19.5,39.24,38.0,48.0,-10.0,96.447,122.825,-25.484,-11.206,19.5
54,108,2,16,19.333,33.24,43.0,31.0,12.0,129.988,92.814,36.101,14.416,19.333
54,90,4,16,19.2,39.18,56.0,44.0,12.0,140.562,114.226,30.628,13.456,19.2
10861,12908,2,21,19.1,38.58,38.0,38.0,0.0,97.536,99.476,0.0,0.0,19.1
54,104,6,17,19.033,36.2,37.0,41.0,-4.0,100.983,114.653,-11.05,-4.64,19.033
3129,10867,8,8,18.95,35.46,39.0,25.0,14.0,110.169,70.383,39.481,16.382,18.95
12,106,3,19,18.917,36.34,36.0,31.0,5.0,96.878,87.275,13.759,5.791,18.917
10861,14707,6,15,18.867,35.28,44.0,35.0,9.0,126.292,97.984,25.51,10.553,18.867
68,91,3,21,18.867,35.74,44.0,32.0,12.0,125.858,87.623,33.576,13.996,18.867
55,51,2,16,18.85,37.52,49.0,38.0,11.0,129.083,102.481,29.318,12.569,18.85
10884,121,2,14,18.783,37.8,43.0,39.0,4.0,112.92,103.945,10.582,4.556,18.783
10861,13777,3,13,18.767,32.58,43.0,40.0,3.0,131.74,123.001,9.208,3.633,18.767
10884,10880,6,16,18.683,36.72,25.0,33.0,-8.0,68.083,89.869,-21.786,-9.225,18.683
10861,122,2,18,18.65,39.52,39.0,41.0,-2.0,102.74,99.805,-5.061,-2.234,18.65
10860,14844,2,13,18.583,34.74,32.0,36.0,-4.0,90.909,105.018,-11.514,-4.72,18.583
10884,13029,7,13,18.533,35.8,51.0,47.0,4.0,147.74,126.753,11.173,4.662,18.533
10884,10881,6,14,18.45,33.64,21.0,32.0,-11.0,63.253,93.897,-32.699,-13.152,18.45
54,10868,8,14,18.433,36.56,53.0,42.0,11.0,142.626,116.796,30.088,12.708,18.433
57,12668,2,13,18.433,36.68,34.0,20.0,14.0,99.183,51.177,38.168,16.151,18.433
10861,77,3,19,18.383,36.44,43.0,29.0,14.0,113.397,82.952,38.419,16.196,18.383
12,123,2,17,18.3,36.82,46.0,22.0,24.0,125.0,59.718,65.182,27.643,18.3
10884,24,7,15,18.267,36.62,52.0,44.0,8.0,143.33,119.048,21.846,9.236,18.267
16,13778,4,13,18.183,36.12,41.0,34.0,7.0,106.438,100.83,19.38,8.128,18.183
68,73,3,13,18.05,34.06,43.0,34.0,9.0,127.976,98.494,26.424,10.707,18.05
58,10873,7,14,17.933,39.92,29.0,27.0,2.0,71.358,68.878,5.01,2.224,17.933
58,14844,2,14,17.917,34.46,27.0,40.0,-13.0,75.503,120.627,-37.725,-15.392,17.917
10860,10885,4,14,17.917,33.52,31.0,39.0,-8.0,93.373,115.248,-23.866,-9.579,17.917
54,123,2,18,17.883,35.46,40.0,37.0,3.0,114.811,102.55,8.46,3.51,17.883
12,4181,2,17,17.75,32.24,42.0,31.0,11.0,125.298,100.129,34.119,13.375,17.75
54,122,2,12,17.717,32.68,35.0,43.0,-8.0,109.925,128.282,-24.48,-9.676,17.717
58,4181,2,14,17.667,33.3,27.0,33.0,-6.0,75.251,107.422,-18.018,-7.203,17.667
10860,12908,2,13,17.617,34.02,34.0,42.0,-8.0,103.912,118.913,-23.516,-9.522,17.617
10861,80,4,15,17.533,37.46,34.0,24.0,10.0,87.001,66.964,26.695,11.434,17.533
68,22,7,19,17.533,39.16,43.0,34.0,9.0,109.806,86.823,22.983,10.094,17.533
12,10870,8,17,17.467,37.98,48.0,29.0,19.0,123.203,78.378,50.026,21.596,17.467
62,10868,8,12,17.433,34.68,51.0,42.0,9.0,148.256,120.137,25.952,10.628,17.433
10860,4181,2,12,17.367,32.14,32.0,30.0,2.0,96.038,96.899,6.223,2.435,17.367
57,10894,2,6,17.333,35.14,34.0,38.0,-4.0,103.406,101.604,-11.383,-4.698,17.333
12,14303,7,13,17.3,34.08,34.0,27.0,7.0,97.589,81.032,20.54,8.325,17.3
16,73,3,16,17.3,34.18,34.0,35.0,-1.0,97.254,104.79,-2.926,-1.188,17.3
10861,3,8,14,17.25,31.58,28.0,23.0,5.0,88.496,72.97,15.833,6.129,17.25
57,10868,8,12,17.25,33.18,47.0,36.0,11.0,136.628,112.641,33.153,13.224,17.25
16,104,6,18,17.25,34.4,30.0,38.0,-8.0,88.339,109.07,-23.256,-9.479,17.25
10860,14037,2,11,17.183,33.64,32.0,25.0,7.0,98.039,72.171,20.809,8.369,17.183
12,44,6,13,17.117,33.08,40.0,28.0,12.0,118.483,86.42,36.276,14.444,17.117
58,14037,2,11,16.967,32.64,30.0,25.0,5.0,94.817,74.316,15.319,6.05,16.967
62,82,4,16,16.95,38.46,43.0,30.0,13.0,104.47,83.893,33.801,14.696,16.95
55,10891,2,11,16.867,30.56,30.0,22.0,8.0,104.457,67.901,26.178,9.93,16.867
62,119,2,14,16.817,33.56,45.0,28.0,17.0,132.979,84.135,50.656,20.345,16.817
10884,116,2,14,16.783,28.06,33.0,24.0,9.0,114.903,87.591,32.074,11.53,16.783
10861,44,6,13,16.7,33.88,47.0,35.0,12.0,136.946,104.665,35.419,14.306,16.7
10884,47,6,15,16.683,27.64,17.0,28.0,-11.0,65.994,94.851,-39.797,-14.168,16.683
62,12668,2,16,16.633,30.86,33.0,39.0,-6.0,106.178,127.285,-19.443,-7.42,16.633
10884,34,7,13,16.617,33.64,38.0,39.0,-1.0,119.197,110.169,-2.973,-1.196,16.617
58,14707,6,7,16.6,34.96,43.0,28.0,15.0,119.577,82.45,42.906,17.655,16.6
62,91,3,17,16.6,31.64,39.0,24.0,15.0,132.114,71.09,47.408,18.373,16.6
10861,123,2,15,16.583,33.62,35.0,17.0,18.0,109.512,48.186,53.54,21.526,16.583
62,14843,4,11,16.567,31.32,31.0,26.0,5.0,100.389,81.864,15.964,6.149,16.567
3129,34,7,9,16.5,32.52,38.0,42.0,-4.0,121.019,124.851,-12.3,-4.847,16.5
57,10882,6,18,16.483,29.74,38.0,29.0,9.0,127.86,97.446,30.262,11.287,16.483
57,108,2,14,16.367,29.8,40.0,26.0,14.0,135.501,86.436,46.98,17.544,16.367
57,32,7,15,16.25,32.64,35.0,36.0,-1.0,108.025,109.489,-3.064,-1.21,16.25
10861,10873,7,12,16.233,34.34,36.0,34.0,2.0,106.007,97.926,5.824,2.371,16.233
12,119,2,16,16.167,34.9,43.0,30.0,13.0,119.978,88.339,37.249,15.312,16.167
3129,104,6,16,16.117,31.8,25.0,31.0,-6.0,79.315,96.633,-18.868,-7.335,16.117
58,73,3,12,16.1,31.84,29.0,25.0,4.0,89.176,80.231,12.563,4.888,16.1
54,119,2,12,16.017,31.62,43.0,26.0,17.0,135.05,82.803,53.763,20.828,16.017
10884,118,2,10,16.0,26.76,26.0,27.0,-1.0,96.012,102.118,-3.737,-1.303,16.0
57,91,3,17,15.983,30.52,42.0,27.0,15.0,140.187,86.873,49.148,18.629,15.983
68,10882,6,11,15.883,30.96,35.0,24.0,11.0,114.679,76.433,35.53,13.587,15.883
68,14982,4,9,15.867,32.9,27.0,38.0,-11.0,80.549,117.72,-33.435,-13.269,15.867
58,13778,4,11,15.867,32.18,26.0,30.0,-4.0,79.951,94.221,-12.43,-4.867,15.867
10884,10877,6,10,15.85,30.4,19.0,30.0,-11.0,63.418,97.276,-36.184,-13.682,15.85
10861,104,6,14,15.85,29.92,22.0,38.0,-16.0,75.342,124.021,-53.476,-20.02,15.85
57,10891,2,11,15.833,29.36,28.0,29.0,-1.0,95.89,98.238,-3.406,-1.26,15.833
10861,13778,4,9,15.8,31.52,28.0,28.0,0.0,90.09,87.61,0.0,0.0,15.8
10861,32,7,19,15.8,31.72,43.0,31.0,12.0,134.207,98.726,37.831,14.684,15.8
3129,10869,8,12,15.783,29.52,27.0,33.0,-6.0,91.463,111.789,-20.325,-7.545,15.783
54,73,3,13,15.733,29.74,37.0,31.0,6.0,119.509,108.696,20.175,7.524,15.733
62,13777,3,11,15.733,31.92,31.0,36.0,-5.0,93.373,117.493,-15.664,-6.104,15.733
10861,39,6,14,15.617,27.92,26.0,27.0,-1.0,91.808,98.11,-3.582,-1.283,15.617
10884,12668,2,10,15.617,28.08,37.0,21.0,16.0,128.294,76.867,56.98,20.492,15.617
16,14982,4,10,15.6,33.34,25.0,35.0,-10.0,73.357,107.362,-29.994,-11.999,15.6
12,10863,8,15,15.583,27.02,28.0,21.0,7.0,105.581,76.308,25.907,9.089,15.583
10884,21,7,16,15.583,31.08,42.0,37.0,5.0,147.265,109.988,16.088,6.167,15.583
64,10891,2,11,15.55,27.84,26.0,25.0,1.0,91.938,91.241,3.592,1.285,15.55
57,122,2,15,15.517,31.74,31.0,23.0,8.0,104.307,68.128,25.205,9.787,15.517
62,99,3,10,15.45,30.58,45.0,42.0,3.0,142.766,141.7,9.81,3.723,15.45
62,10882,6,12,15.35,26.34,31.0,21.0,10.0,117.96,79.545,37.965,13.099,15.35
10861,867,7,17,15.283,31.2,26.0,36.0,-10.0,87.366,110.294,-32.051,-12.315,15.283
57,82,4,13,15.183,35.24,26.0,26.0,0.0,73.198,74.371,0.0,0.0,15.183
62,25,7,8,15.167,28.86,29.0,34.0,-5.0,98.639,120.056,-17.325,-6.34,15.167
3129,12908,2,12,15.133,28.08,36.0,29.0,7.0,131.387,100.834,24.929,8.965,15.133
54,14037,2,8,15.117,27.26,32.0,25.0,7.0,119.581,90.058,25.679,9.06,15.117
68,14037,2,8,15.117,27.26,32.0,25.0,7.0,119.581,90.058,25.679,9.06,15.117
54,10891,2,8,15.0,29.92,30.0,29.0,1.0,99.734,97.446,3.342,1.251,15.0
58,10868,8,14,14.933,26.68,27.0,22.0,5.0,98.54,84.746,18.741,6.521,14.933
16,13399,2,13,14.9,30.42,31.0,32.0,-1.0,102.649,104.439,-3.287,-1.243,14.9
3129,77,3,12,14.883,28.68,26.0,31.0,-5.0,91.938,106.602,-17.434,-6.355,14.883
10860,73,3,11,14.817,28.84,27.0,25.0,2.0,91.463,88.778,6.935,2.537,14.817
10860,10888,4,12,14.8,28.74,25.0,30.0,-5.0,88.652,102.459,-17.397,-6.35,14.8
10861,4,8,6,14.783,28.82,35.0,24.0,11.0,121.191,83.449,38.168,13.956,14.783
12,10868,8,13,14.767,26.24,31.0,25.0,6.0,116.893,96.302,22.866,7.87,14.767
3129,14303,7,9,14.683,26.74,43.0,27.0,16.0,156.934,103.528,59.835,20.85,14.683
10884,45,2,10,14.667,26.76,22.0,29.0,-7.0,78.91,113.105,-26.158,-9.119,14.667
16,82,4,20,14.6,30.3,28.0,22.0,6.0,94.851,70.785,19.802,7.472,14.6
62,43,6,15,14.4,28.56,28.0,29.0,-1.0,96.022,103.72,-3.501,-1.273,14.4
12,14707,6,9,14.35,25.86,28.0,32.0,-4.0,111.111,120.664,-15.468,-5.273,14.35
54,32,7,12,14.333,29.18,30.0,37.0,-7.0,97.656,133.864,-23.989,-8.841,14.333
62,123,2,16,14.317,28.8,31.0,34.0,-3.0,109.929,115.646,-10.417,-3.807,14.317
16,10863,8,12,14.317,25.58,30.0,21.0,9.0,117.005,82.288,35.184,11.908,14.317
12,14844,2,13,14.283,27.46,24.0,35.0,-11.0,84.151,132.576,-40.058,-14.201,14.283
12,32,7,19,14.283,29.84,44.0,25.0,19.0,146.471,84.345,63.673,23.798,14.283
57,104,6,12,14.25,28.24,29.0,39.0,-10.0,107.567,132.114,-35.411,-12.781,14.25
68,80,4,15,14.217,28.96,32.0,29.0,3.0,112.202,98.639,10.359,3.799,14.217
12,99,3,9,14.1,28.2,27.0,20.0,7.0,90.726,75.075,24.823,8.951,14.1
10884,122,2,8,14.033,26.98,33.0,20.0,13.0,119.392,75.988,48.184,16.888,14.033
68,111,2,8,13.983,26.76,23.0,20.0,3.0,85.949,74.738,11.211,3.908,13.983
54,111,2,8,13.983,26.76,23.0,20.0,3.0,85.949,74.738,11.211,3.908,13.983
58,14303,7,12,13.95,28.98,30.0,27.0,3.0,99.734,96.844,10.352,3.798,13.95
12,14982,4,9,13.9,28.58,21.0,34.0,-13.0,73.324,119.215,-45.486,-16.544,13.9
3129,24,7,9,13.867,24.76,25.0,28.0,-3.0,101.958,112.0,-12.116,-4.013,13.867
10884,123,2,11,13.833,26.78,27.0,20.0,7.0,101.504,74.184,26.139,9.117,13.833
54,91,3,15,13.8,25.52,32.0,20.0,12.0,125.392,78.37,47.022,15.89,13.8
10861,14843,4,11,13.783,30.52,19.0,34.0,-15.0,62.01,111.842,-49.148,-18.629,13.783
10861,111,2,8,13.7,30.82,27.0,17.0,10.0,87.435,55.267,32.446,12.373,13.7
10861,14037,2,6,13.567,29.32,32.0,22.0,10.0,110.803,73.925,34.106,12.607,13.567
3129,10873,7,6,13.533,24.86,36.0,26.0,10.0,141.732,106.908,40.225,13.358,13.533
55,10865,8,13,13.5,26.92,23.0,25.0,-2.0,92.444,86.326,-7.429,-2.6,13.5
10884,13275,2,9,13.45,22.96,23.0,21.0,2.0,98.291,93.25,8.711,2.741,13.45
62,122,2,12,13.4,26.64,20.0,42.0,-22.0,78.003,151.954,-82.583,-28.706,13.4
16,48,6,11,13.35,24.18,17.0,26.0,-9.0,75.488,100.619,-37.221,-12.133,13.35
54,101,3,10,13.233,26.92,36.0,22.0,14.0,136.778,79.942,52.006,18.201,13.233
10860,10868,8,10,13.183,21.74,21.0,20.0,1.0,93.25,95.42,4.6,1.394,13.183
10861,113,6,12,13.183,27.86,38.0,25.0,13.0,135.908,90.058,46.662,16.697,13.183
64,116,2,9,13.117,22.9,24.0,19.0,5.0,103.093,84.369,21.834,6.859,13.117
55,3,8,11,13.05,24.26,24.0,18.0,6.0,99.174,74.013,24.732,8.08,13.05
62,80,4,14,12.983,25.64,30.0,15.0,15.0,109.012,63.131,58.502,19.831,12.983
10884,10882,6,12,12.967,22.92,16.0,14.0,2.0,73.937,57.851,8.726,2.743,12.967
10884,12908,2,11,12.917,22.54,18.0,22.0,-4.0,77.586,100.548,-17.746,-5.514,12.917
3129,10889,3,8,12.883,23.64,20.0,16.0,4.0,84.602,67.682,16.92,5.432,12.883
68,123,2,14,12.85,26.46,24.0,30.0,-6.0,92.879,110.783,-22.676,-7.847,12.85
12,23,7,13,12.85,28.62,23.0,21.0,2.0,82.26,71.721,6.988,2.544,12.85
62,3,8,13,12.85,26.08,36.0,25.0,11.0,132.939,99.681,42.178,14.458,12.85
16,4,8,3,12.767,21.1,29.0,27.0,2.0,132.541,132.874,9.479,2.813,12.767
55,10867,8,9,12.717,23.48,27.0,21.0,6.0,107.143,96.507,25.554,8.165,12.717
12,73,3,9,12.7,24.46,25.0,21.0,4.0,97.962,89.744,16.353,5.372,12.7
57,14037,2,7,12.667,23.26,27.0,19.0,8.0,118.629,79.966,34.394,10.92,12.667
12,867,7,15,12.65,26.82,27.0,26.0,1.0,104.814,93.257,3.729,1.302,12.65
62,10873,7,12,12.617,28.3,21.0,13.0,8.0,71.429,47.794,28.269,10.217,12.617
10861,12668,2,8,12.367,23.42,35.0,15.0,20.0,150.862,63.452,85.397,27.241,12.367
3129,10865,8,10,12.333,24.58,21.0,24.0,-3.0,85.644,97.403,-12.205,-4.023,12.333
3129,12668,2,10,12.267,22.92,33.0,14.0,19.0,142.981,61.511,82.897,26.056,12.267
10860,111,2,6,12.25,24.7,24.0,19.0,5.0,101.523,73.758,20.243,6.693,12.25
58,111,2,6,12.25,24.7,24.0,19.0,5.0,101.523,73.758,20.243,6.693,12.25
10861,82,4,8,12.217,28.08,27.0,20.0,7.0,91.463,75.075,24.929,8.965,12.217
10884,51,2,12,12.167,25.2,29.0,23.0,6.0,110.182,95.515,23.81,7.979,12.167
58,91,3,16,12.15,21.58,26.0,15.0,11.0,119.048,70.356,50.973,15.367,12.15
54,14982,4,8,12.133,26.96,17.0,28.0,-11.0,63.814,102.639,-40.801,-14.293,12.133
68,119,2,9,12.117,26.36,35.0,14.0,21.0,134.202,52.553,79.666,27.501,12.117
57,119,2,9,12.117,26.36,35.0,14.0,21.0,134.202,52.553,79.666,27.501,12.117
12,104,6,12,12.033,23.58,16.0,32.0,-16.0,70.671,130.506,-67.854,-21.745,12.033
3129,14038,7,12,12.017,21.9,36.0,20.0,16.0,164.835,91.075,73.059,22.253,12.017
3129,109,2,10,11.967,23.64,32.0,12.0,20.0,136.054,50.505,84.602,27.159,11.967
16,13400,8,12,11.95,23.8,30.0,22.0,8.0,133.929,87.302,33.613,10.84,11.95
55,121,2,9,11.933,24.52,17.0,20.0,-3.0,69.672,81.169,-12.235,-4.026,11.933
10861,13907,8,8,11.85,22.14,27.0,17.0,10.0,124.081,75.488,45.167,13.862,11.85
56,116,2,8,11.8,20.68,25.0,17.0,8.0,120.656,82.364,38.685,11.319,11.8
62,108,2,9,11.8,22.7,28.0,22.0,6.0,122.378,97.691,26.432,8.253,11.8
3129,122,2,8,11.767,23.2,28.0,11.0,17.0,129.39,44.426,73.276,23.224,11.767
68,12668,2,11,11.683,23.08,21.0,28.0,-7.0,91.944,120.069,-30.329,-9.579,11.683
54,80,4,13,11.683,22.86,24.0,18.0,6.0,106.572,77.586,26.247,8.235,11.683
10860,10870,8,9,11.667,22.82,22.0,17.0,5.0,101.103,71.189,21.911,6.866,11.667
57,123,2,14,11.65,23.8,14.0,11.0,3.0,65.789,41.793,12.605,4.065,11.65
54,48,6,9,11.633,20.64,16.0,21.0,-5.0,77.519,101.744,-24.225,-7.078,11.633
56,10891,2,8,11.617,20.46,25.0,14.0,11.0,123.274,67.829,53.763,15.612,11.617
57,111,2,7,11.533,22.76,18.0,14.0,4.0,79.086,61.511,17.575,5.498,11.533
10861,14982,4,7,11.5,24.42,15.0,30.0,-15.0,63.452,119.048,-61.425,-20.156,11.5
62,22,7,9,11.467,21.54,19.0,28.0,-9.0,95.573,120.69,-41.783,-12.58,11.467
62,104,6,11,11.433,24.64,26.0,35.0,-9.0,103.668,144.628,-36.526,-12.058,11.433
16,108,2,11,11.4,20.02,20.0,15.0,5.0,100.2,74.701,24.975,7.141,11.4
10884,10874,7,13,11.4,23.58,24.0,20.0,4.0,106.572,81.169,16.964,5.436,11.4
3129,44,6,10,11.367,24.82,35.0,21.0,14.0,140.675,84.814,56.406,18.712,11.367
10860,101,3,9,11.367,22.92,26.0,18.0,8.0,116.487,76.531,34.904,10.971,11.367
3129,13778,4,5,11.35,21.7,29.0,23.0,6.0,124.357,114.542,27.65,8.368,11.35
3129,13777,3,6,11.317,20.42,29.0,36.0,-7.0,143.564,174.419,-34.28,-9.94,11.317
55,10863,8,10,11.283,18.76,19.0,13.0,6.0,106.982,65.789,31.983,8.726,11.283
10884,22,7,10,11.267,23.9,23.0,18.0,5.0,94.728,76.531,20.921,6.766,11.267
12,91,3,15,11.25,21.14,25.0,19.0,6.0,124.502,85.586,28.382,8.434,11.25
64,108,2,9,11.25,20.52,16.0,18.0,-2.0,78.431,87.209,-9.747,-2.836,11.25
16,91,3,13,11.217,21.08,22.0,18.0,4.0,116.034,77.586,18.975,5.627,11.217
3129,99,3,7,11.15,20.8,22.0,18.0,4.0,104.962,87.209,19.231,5.65,11.15
10884,109,2,7,10.9,20.04,26.0,12.0,14.0,127.953,60.729,69.86,19.989,10.9
10861,48,6,9,10.867,18.24,13.0,22.0,-9.0,78.692,110.22,-49.342,-13.189,10.867
57,73,3,9,10.85,20.64,25.0,25.0,0.0,121.832,120.424,0.0,0.0,10.85
58,13,8,12,10.833,22.48,26.0,14.0,12.0,108.514,66.667,53.381,16.556,10.833
10884,43,6,7,10.633,19.14,17.0,12.0,5.0,96.372,58.14,26.123,7.232,10.633
58,13399,2,8,10.617,23.04,24.0,19.0,5.0,103.448,83.042,21.701,6.846,10.617
16,119,2,12,10.583,18.12,25.0,21.0,4.0,135.87,117.713,22.075,5.872,10.583
3129,108,2,11,10.583,20.08,31.0,16.0,15.0,151.072,81.466,74.701,21.404,10.583
57,101,3,8,10.483,21.04,25.0,17.0,8.0,122.309,78.558,38.023,11.261,10.483
64,13275,2,7,10.367,18.46,17.0,17.0,0.0,92.391,91.793,0.0,0.0,10.367
10884,113,6,9,10.333,21.2,20.0,21.0,-1.0,94.34,99.057,-4.717,-1.404,10.333
10861,10863,8,9,10.25,18.58,17.0,12.0,5.0,87.09,68.027,26.911,7.291,10.25
58,10863,8,9,10.233,18.08,19.0,14.0,5.0,102.592,79.365,27.655,7.344,10.233
58,48,6,8,10.2,19.24,17.0,22.0,-5.0,97.032,104.962,-25.988,-7.221,10.2
12,13275,2,9,10.167,18.54,17.0,18.0,-1.0,90.618,98.253,-5.394,-1.459,10.167
10860,13777,3,8,10.117,18.14,24.0,16.0,8.0,127.932,91.324,44.101,11.741,10.117
10884,10862,4,8,10.117,18.64,28.0,19.0,9.0,149.254,102.592,48.283,13.112,10.117
3129,32,7,10,10.067,20.56,27.0,21.0,6.0,130.309,102.941,29.183,8.503,10.067
54,13275,2,8,10.067,19.48,20.0,18.0,2.0,109.89,86.705,10.267,2.879,10.067
68,13275,2,8,10.067,19.48,20.0,18.0,2.0,109.89,86.705,10.267,2.879,10.067
10861,91,3,10,10.033,17.7,30.0,10.0,20.0,158.228,60.827,112.994,29.542,10.033
68,101,3,7,10.033,20.04,25.0,19.0,6.0,129.4,91.522,29.94,8.567,10.033
62,101,3,7,10.033,20.04,25.0,19.0,6.0,129.4,91.522,29.94,8.567,10.033
55,123,2,8,9.967,18.62,15.0,19.0,-4.0,89.074,93.137,-21.482,-5.829,9.967
57,23,7,10,9.9,21.36,18.0,15.0,3.0,89.109,66.607,14.045,4.204,9.9
12,25,7,12,9.8,21.24,25.0,19.0,6.0,114.469,92.054,28.249,8.422,9.8
60,10891,2,5,9.75,17.12,21.0,18.0,3.0,121.528,106.132,17.523,4.47,9.75
10884,14038,7,8,9.717,19.64,23.0,16.0,7.0,122.601,77.973,35.642,10.052,9.717
62,14982,4,5,9.683,19.26,19.0,24.0,-5.0,98.344,125.0,-25.961,-7.219,9.683
12,14037,2,6,9.65,21.32,18.0,14.0,4.0,86.207,64.338,18.762,5.609,9.65
58,35,6,9,9.6,16.86,17.0,15.0,2.0,101.432,88.443,11.862,2.991,9.6
10884,10875,7,11,9.45,21.86,18.0,22.0,-4.0,83.643,99.099,-18.298,-5.566,9.45
3129,10870,8,9,9.417,18.38,22.0,19.0,3.0,116.525,106.264,16.322,4.387,9.417
3129,10882,6,11,9.383,16.52,12.0,14.0,-2.0,72.639,84.746,-12.107,-3.007,9.383
10884,10869,8,9,9.317,18.24,21.0,23.0,-2.0,119.863,121.308,-10.965,-2.931,9.317
55,13275,2,6,9.283,16.02,17.0,15.0,2.0,110.39,90.144,12.484,3.029,9.283
10860,13399,2,7,9.267,19.54,22.0,15.0,7.0,108.911,79.449,35.824,10.066,9.267
3129,73,3,9,9.25,17.98,13.0,9.0,4.0,74.541,48.596,22.247,5.884,9.25
10884,10,8,8,9.133,17.8,21.0,25.0,-4.0,122.093,135.87,-22.472,-5.9,9.133
3129,123,2,8,9.067,18.2,26.0,10.0,16.0,139.485,56.306,87.912,23.46,9.067
55,109,2,9,9.017,18.76,25.0,25.0,0.0,132.415,134.12,0.0,0.0,9.017
56,108,2,8,8.9,15.74,17.0,12.0,5.0,108.142,76.142,31.766,7.606,8.9
3129,90,4,6,8.9,16.7,19.0,24.0,-5.0,124.021,132.743,-29.94,-7.496,8.9
16,13275,2,5,8.767,16.38,20.0,12.0,8.0,122.549,72.993,48.84,12.052,8.767
12,13,8,10,8.75,17.32,19.0,12.0,7.0,101.931,75.0,40.416,10.398,8.75
68,13,8,9,8.733,20.48,24.0,9.0,15.0,109.29,47.368,73.242,21.283,8.733
62,14037,2,4,8.55,16.94,20.0,14.0,6.0,117.647,82.938,35.419,8.963,8.55
54,35,6,7,8.5,15.86,17.0,15.0,2.0,107.868,93.985,12.61,3.037,8.5
10884,5,8,7,8.483,16.3,18.0,23.0,-5.0,111.111,140.244,-30.675,-7.541,8.483
10861,23,7,7,8.417,17.26,22.0,19.0,3.0,139.594,101.279,17.381,4.46,8.417
10884,10872,7,4,8.4,20.26,14.0,24.0,-10.0,70.0,116.959,-49.358,-14.233,8.4
55,13399,2,8,8.333,17.98,24.0,24.0,0.0,131.868,135.135,0.0,0.0,8.333
55,10880,6,6,8.3,13.86,15.0,22.0,-7.0,127.551,137.845,-50.505,-10.961,8.3
10860,51,2,6,8.283,19.6,26.0,15.0,11.0,128.713,78.947,56.122,15.805,8.283
55,119,2,8,8.267,17.88,21.0,13.0,8.0,111.94,76.471,44.743,11.786,8.267
10884,28,7,7,8.183,17.98,17.0,21.0,-4.0,95.721,115.385,-22.247,-5.884,8.183
10884,86,3,5,8.1,16.14,9.0,17.0,-8.0,57.545,102.163,-49.566,-12.096,8.1
10884,23,7,5,8.083,19.32,17.0,10.0,7.0,85.0,53.648,36.232,10.098,8.083
56,13275,2,5,8.033,14.52,17.0,12.0,5.0,118.056,81.967,34.435,7.75,8.033
55,10873,7,8,8.033,17.98,15.0,10.0,5.0,78.125,59.666,27.809,7.355,8.033
55,19,7,8,8.033,17.98,15.0,10.0,5.0,78.125,59.666,27.809,7.355,8.033
64,10873,7,8,8.033,17.98,15.0,10.0,5.0,78.125,59.666,27.809,7.355,8.033
64,19,7,8,8.033,17.98,15.0,10.0,5.0,78.125,59.666,27.809,7.355,8.033
3129,14707,6,7,8.017,14.74,16.0,20.0,-4.0,117.302,126.263,-27.137,-6.179,8.017
55,4181,2,5,8.0,14.26,17.0,12.0,5.0,115.176,87.209,35.063,7.781,8.0
57,14982,4,4,7.967,16.26,7.0,16.0,-9.0,42.892,98.765,-55.351,-13.583,7.967
60,116,2,4,7.967,14.02,16.0,16.0,0.0,111.111,117.302,0.0,0.0,7.967
62,90,4,8,7.9,15.66,24.0,14.0,10.0,155.44,88.161,63.857,15.23,7.9
62,10891,2,8,7.883,17.2,20.0,20.0,0.0,112.613,120.192,0.0,0.0,7.883
58,82,4,12,7.883,15.54,18.0,12.0,6.0,117.493,76.142,38.61,9.155,7.883
3129,10868,8,6,7.867,14.76,14.0,16.0,-2.0,89.514,115.274,-13.55,-3.088,7.867
55,10871,7,7,7.783,17.98,15.0,10.0,5.0,78.125,59.666,27.809,7.355,7.783
64,10871,7,7,7.783,17.98,15.0,10.0,5.0,78.125,59.666,27.809,7.355,7.783
55,13400,8,9,7.75,16.16,16.0,14.0,2.0,106.667,80.831,12.376,3.023,7.75
62,111,2,5,7.717,16.44,13.0,9.0,4.0,76.471,56.675,24.331,6.02,7.717
55,14,8,8,7.7,16.76,23.0,17.0,6.0,125.546,111.842,35.8,8.987,7.7
62,867,7,2,7.667,15.04,12.0,23.0,-11.0,81.967,148.964,-73.138,-16.913,7.667
12,48,6,8,7.6,12.36,9.0,17.0,-8.0,76.531,131.173,-64.725,-12.829,7.6
68,122,2,8,7.467,17.32,13.0,25.0,-12.0,78.125,138.889,-69.284,-17.825,7.467
10884,39,6,8,7.45,13.54,6.0,12.0,-6.0,43.228,90.909,-44.313,-9.443,7.45
54,83,3,6,7.4,14.48,16.0,12.0,4.0,109.29,83.799,27.624,6.203,7.4
12,19,7,9,7.4,16.74,11.0,12.0,-1.0,64.403,73.171,-5.974,-1.498,7.4
16,35,6,6,7.217,12.92,12.0,13.0,-1.0,94.044,99.388,-7.74,-1.589,7.217
3129,25,7,9,7.217,14.86,25.0,13.0,12.0,157.828,93.66,80.754,18.501,7.217
55,23,7,6,7.183,15.98,15.0,8.0,7.0,87.209,54.201,43.805,10.609,7.183
64,23,7,6,7.183,15.98,15.0,8.0,7.0,87.209,54.201,43.805,10.609,7.183
10861,25,7,9,7.133,16.2,19.0,15.0,4.0,112.028,97.15,24.691,6.042,7.133
12,82,4,8,7.083,14.04,13.0,10.0,3.0,98.485,67.204,21.368,4.685,7.083
3129,10874,7,9,7.083,14.46,24.0,16.0,8.0,177.515,103.896,55.325,12.411,7.083
10884,1,8,6,7.017,12.8,17.0,18.0,-1.0,139.344,134.328,-7.813,-1.592,7.017
10884,103,3,5,6.967,12.7,14.0,16.0,-2.0,120.275,116.279,-15.748,-3.19,6.967
12,13778,4,6,6.883,13.98,14.0,9.0,5.0,98.592,65.407,35.765,7.815,6.883
10884,14037,2,5,6.867,11.94,9.0,12.0,-3.0,75.0,101.01,-25.126,-4.843,6.867
12,10871,7,6,6.85,15.86,9.0,10.0,-1.0,55.556,64.433,-6.305,-1.518,6.85
3129,13275,2,5,6.817,12.82,17.0,10.0,7.0,128.788,80.386,54.602,11.143,6.817
10860,90,4,6,6.8,13.48,17.0,16.0,1.0,116.12,129.87,7.418,1.575,6.8
10884,87,4,7,6.767,13.76,23.0,12.0,11.0,165.706,87.977,79.942,17.252,6.767
55,14037,2,4,6.733,15.38,14.0,8.0,6.0,94.086,50.378,39.012,9.177,6.733
10860,91,3,10,6.717,13.04,14.0,10.0,4.0,113.636,72.674,30.675,6.345,6.717
60,12668,2,2,6.717,12.1,15.0,9.0,6.0,126.263,73.052,49.587,9.662,6.717
57,13275,2,4,6.7,11.38,13.0,11.0,2.0,124.521,89.286,17.575,3.258,6.7
3129,48,6,6,6.7,10.76,6.0,14.0,-8.0,55.147,131.579,-74.349,-13.167,6.7
57,19,7,6,6.683,14.86,9.0,10.0,-1.0,59.211,68.871,-6.729,-1.542,6.683
68,14844,2,5,6.667,11.98,12.0,14.0,-2.0,98.361,119.048,-16.694,-3.227,6.667
68,35,6,4,6.667,12.42,13.0,13.0,0.0,109.428,100.309,0.0,0.0,6.667
10884,107,3,4,6.617,13.2,20.0,13.0,7.0,158.228,94.477,53.03,11.076,6.617
57,10864,8,3,6.533,14.1,11.0,17.0,-6.0,78.571,119.718,-42.553,-9.36,6.533
10861,13,8,6,6.533,14.48,18.0,9.0,9.0,120.321,64.286,62.155,13.958,6.533
68,10864,8,3,6.533,14.1,11.0,17.0,-6.0,78.571,119.718,-42.553,-9.36,6.533
54,10864,8,3,6.533,14.1,11.0,17.0,-6.0,78.571,119.718,-42.553,-9.36,6.533
57,10871,7,6,6.517,15.86,9.0,10.0,-1.0,55.556,64.433,-6.305,-1.518,6.517
10884,10873,7,6,6.517,15.82,12.0,7.0,5.0,70.588,47.814,31.606,7.596,6.517
10884,4181,2,5,6.5,10.26,17.0,9.0,8.0,156.25,93.361,77.973,13.276,6.5
60,13275,2,3,6.45,11.58,13.0,12.0,1.0,114.035,102.041,8.636,1.624,6.45
55,47,6,5,6.417,10.76,8.0,17.0,-9.0,90.09,134.494,-83.643,-14.812,6.417
55,14707,6,4,6.417,11.26,12.0,17.0,-5.0,121.457,134.494,-44.405,-8.162,6.417
55,118,2,7,6.383,12.76,7.0,15.0,-8.0,59.524,109.012,-62.696,-12.747,6.383
10884,90,4,3,6.383,11.6,21.0,13.0,8.0,176.768,114.841,68.966,12.987,6.383
3129,867,7,7,6.3,13.52,16.0,14.0,2.0,118.343,103.55,14.793,3.149,6.3
57,83,3,6,6.3,11.82,10.0,11.0,-1.0,85.034,92.593,-8.46,-1.618,6.3
10884,76,4,7,6.3,11.92,17.0,12.0,5.0,144.558,99.338,41.946,8.075,6.3
16,83,3,3,6.167,12.48,14.0,12.0,2.0,110.759,97.403,16.026,3.201,6.167
57,80,4,8,6.167,14.26,7.0,14.0,-7.0,48.476,99.432,-49.088,-10.893,6.167
56,113,6,4,6.15,12.72,16.0,15.0,1.0,133.333,111.607,7.862,1.594,6.15
62,73,3,5,6.117,12.26,18.0,19.0,-1.0,143.77,158.333,-8.157,-1.606,6.117
64,10881,6,7,6.1,10.82,10.0,6.0,4.0,90.909,56.391,36.969,6.577,6.1
10861,13275,2,6,6.083,10.1,8.0,12.0,-4.0,80.972,116.279,-39.604,-6.656,6.083
55,110,2,5,6.033,13.04,6.0,13.0,-7.0,47.022,97.598,-53.681,-11.104,6.033
10860,4,8,5,6.033,11.1,17.0,10.0,7.0,164.729,84.175,63.063,11.457,6.033
54,13,8,5,6.0,12.54,17.0,5.0,12.0,140.728,38.462,95.694,19.188,6.0
68,23,7,8,6.0,11.92,22.0,12.0,10.0,196.429,94.937,83.893,16.15,6.0
12,111,2,3,5.983,14.38,14.0,8.0,6.0,100.865,53.763,41.725,9.32,5.983
55,111,2,3,5.983,14.38,14.0,8.0,6.0,100.865,53.763,41.725,9.32,5.983
10860,25,7,8,5.95,12.76,10.0,15.0,-5.0,77.64,118.671,-39.185,-7.967,5.95
64,10872,7,5,5.95,13.48,7.0,8.0,-1.0,49.296,62.696,-7.418,-1.575,5.95
55,10872,7,5,5.95,13.48,7.0,8.0,-1.0,49.296,62.696,-7.418,-1.575,5.95
58,101,3,5,5.95,12.76,22.0,8.0,14.0,170.807,63.291,109.718,22.307,5.95
10884,10879,6,8,5.9,11.82,5.0,12.0,-7.0,42.517,101.01,-59.222,-11.323,5.9
55,10879,6,4,5.817,8.98,13.0,14.0,-1.0,167.526,137.255,-11.136,-1.695,5.817
58,83,3,4,5.817,11.6,10.0,10.0,0.0,84.175,88.339,0.0,0.0,5.817
64,47,6,6,5.817,9.82,7.0,6.0,1.0,70.0,62.241,10.183,1.672,5.817
10884,10887,4,7,5.8,10.7,16.0,13.0,3.0,147.059,123.574,28.037,4.942,5.8
58,4,8,6,5.783,12.16,22.0,7.0,15.0,178.571,58.333,123.355,24.131,5.783
3129,10863,8,6,5.75,11.64,9.0,10.0,-1.0,77.32,85.911,-8.591,-1.622,5.75
3129,14982,4,5,5.75,13.14,8.0,11.0,-3.0,58.651,87.025,-22.831,-4.751,5.75
10860,23,7,6,5.683,12.32,15.0,9.0,6.0,136.364,65.982,48.701,9.628,5.683
57,10863,8,5,5.683,10.94,9.0,7.0,2.0,81.818,64.338,18.282,3.282,5.683
10884,10890,3,4,5.667,10.7,11.0,14.0,-3.0,114.108,119.048,-28.037,-4.942,5.667
10884,10885,4,3,5.65,10.76,16.0,13.0,3.0,147.059,122.18,27.881,4.937,5.65
55,87,4,3,5.567,9.76,9.0,9.0,0.0,83.643,102.74,0.0,0.0,5.567
10884,10865,8,5,5.517,11.26,13.0,18.0,-5.0,122.18,151.515,-44.405,-8.162,5.517
58,11,8,7,5.467,12.38,13.0,14.0,-1.0,101.881,116.667,-8.078,-1.603,5.467
10860,14982,4,4,5.467,11.1,5.0,9.0,-4.0,44.17,82.721,-36.036,-6.547,5.467
55,43,6,5,5.467,8.98,9.0,13.0,-4.0,114.213,128.968,-44.543,-6.782,5.467
16,10864,8,2,5.45,11.6,11.0,17.0,-6.0,100.0,139.344,-51.724,-9.74,5.45
60,123,2,3,5.45,9.8,11.0,11.0,0.0,117.021,107.843,0.0,0.0,5.45
55,24,7,6,5.417,11.38,12.0,8.0,4.0,101.01,73.529,35.149,6.517,5.417
55,10894,2,5,5.383,10.04,6.0,10.0,-4.0,64.378,92.937,-39.841,-6.662,5.383
3129,13399,2,5,5.35,10.26,12.0,11.0,1.0,112.782,111.336,9.747,1.659,5.35
3129,82,4,5,5.333,11.6,10.0,6.0,4.0,91.912,48.701,34.483,6.494,5.333
54,23,7,6,5.283,9.88,18.0,10.0,8.0,225.0,85.034,80.972,13.36,5.283
68,10891,2,6,5.283,9.82,16.0,7.0,9.0,161.943,71.721,91.65,15.045,5.283
10884,119,2,5,5.267,11.04,13.0,13.0,0.0,105.519,133.197,0.0,0.0,5.267
3129,10894,2,2,5.25,9.88,12.0,7.0,5.0,133.333,65.056,50.607,8.35,5.25
10884,19,7,5,5.233,13.32,8.0,7.0,1.0,57.143,55.38,7.508,1.579,5.233
64,35,6,6,5.183,9.1,10.0,7.0,3.0,125.0,68.627,32.967,5.076,5.183
54,11,8,6,5.167,10.88,11.0,12.0,-1.0,102.23,109.091,-9.191,-1.643,5.167
58,23,7,5,5.15,11.38,11.0,13.0,-2.0,110.0,101.881,-17.575,-3.258,5.15
68,10863,8,5,5.083,9.94,7.0,9.0,-2.0,70.0,91.093,-20.121,-3.337,5.083
10884,10871,7,4,5.067,12.88,8.0,5.0,3.0,57.143,42.517,23.292,4.771,5.067
10884,10868,8,4,5.067,7.48,11.0,9.0,2.0,159.884,111.386,26.738,3.479,5.067
16,101,3,4,5.067,10.88,21.0,7.0,14.0,190.909,65.056,128.676,22.996,5.067
68,83,3,6,5.033,9.04,12.0,9.0,3.0,124.481,106.635,33.186,5.081,5.033
57,13,8,5,4.983,10.1,12.0,4.0,8.0,117.647,40.0,79.208,13.311,4.983
62,10864,8,1,4.983,10.6,9.0,17.0,-8.0,90.0,151.786,-75.472,-13.201,4.983
62,14845,8,3,4.967,8.44,12.0,10.0,2.0,150.0,112.613,23.697,3.422,4.967
3129,23,7,3,4.967,9.2,12.0,12.0,0.0,140.845,121.457,0.0,0.0,4.967
68,11,8,6,4.95,10.94,9.0,12.0,-3.0,82.721,109.091,-27.422,-4.923,4.95
62,13275,2,4,4.95,9.16,5.0,10.0,-5.0,62.5,96.899,-54.585,-8.452,4.95
60,10894,2,1,4.933,9.0,10.0,7.0,3.0,111.111,77.778,33.333,5.085,4.933
10860,83,3,5,4.933,9.44,6.0,7.0,-1.0,66.667,70.85,-10.593,-1.682,4.933
60,122,2,1,4.933,9.0,10.0,7.0,3.0,111.111,77.778,33.333,5.085,4.933
60,118,2,1,4.933,9.0,10.0,7.0,3.0,111.111,77.778,33.333,5.085,4.933
60,110,2,1,4.933,9.0,10.0,7.0,3.0,111.111,77.778,33.333,5.085,4.933
16,13,8,5,4.9,6.94,7.0,5.0,2.0,119.048,62.5,28.818,3.512,4.9
55,10869,8,6,4.883,9.92,13.0,10.0,3.0,148.402,90.253,30.242,5.007,4.883
3129,22,7,5,4.833,10.14,12.0,12.0,0.0,112.782,124.481,0.0,0.0,4.833
10860,48,6,5,4.833,7.82,8.0,12.0,-4.0,90.09,177.515,-51.151,-6.918,4.833
10884,14,8,6,4.817,11.76,12.0,16.0,-4.0,103.093,134.68,-34.014,-6.477,4.817
68,48,6,3,4.75,9.76,8.0,12.0,-4.0,90.09,112.782,-40.984,-6.693,4.75
62,48,6,3,4.75,9.76,8.0,12.0,-4.0,90.09,112.782,-40.984,-6.693,4.75
10860,14843,4,4,4.667,9.66,5.0,7.0,-2.0,52.966,70.85,-20.704,-3.352,4.667
10884,89,3,3,4.583,8.5,16.0,7.0,9.0,177.778,87.5,105.882,15.385,4.583
55,13,8,5,4.567,8.94,9.0,3.0,6.0,101.351,33.333,67.114,10.18,4.567
55,13906,3,4,4.55,7.44,7.0,6.0,1.0,88.832,85.714,13.441,1.741,4.55
57,11,8,5,4.517,9.44,7.0,12.0,-5.0,78.829,120.0,-52.966,-8.412,4.517
10884,73,3,3,4.5,8.7,9.0,11.0,-2.0,117.801,112.705,-22.989,-3.407,4.5
55,10885,4,2,4.5,8.26,7.0,9.0,-2.0,79.909,115.979,-24.213,-3.433,4.5
55,10875,7,6,4.433,8.88,4.0,8.0,-4.0,45.045,90.09,-45.045,-6.793,4.433
64,14037,2,4,4.417,7.94,4.0,6.0,-2.0,50.0,76.142,-25.189,-3.452,4.417
56,43,6,2,4.4,9.0,11.0,12.0,-1.0,122.222,133.333,-11.111,-1.695,4.4
56,10882,6,2,4.4,9.0,11.0,12.0,-1.0,122.222,133.333,-11.111,-1.695,4.4
56,47,6,2,4.4,9.0,11.0,12.0,-1.0,122.222,133.333,-11.111,-1.695,4.4
56,40,6,2,4.4,9.0,11.0,12.0,-1.0,122.222,133.333,-11.111,-1.695,4.4
56,123,2,4,4.383,8.58,9.0,7.0,2.0,107.143,79.909,23.31,3.414,4.383
16,10873,7,4,4.383,9.88,7.0,5.0,2.0,70.85,50.607,20.243,3.34,4.383
64,123,2,3,4.367,8.14,6.0,10.0,-4.0,79.787,114.155,-49.14,-6.88,4.367
55,48,6,4,4.367,7.48,5.0,13.0,-8.0,85.034,143.172,-106.952,-13.918,4.367
62,35,6,2,4.333,8.04,8.0,9.0,-1.0,101.523,109.756,-12.438,-1.723,4.333
64,4181,2,2,4.3,7.32,10.0,7.0,3.0,126.904,103.55,40.984,5.234,4.3
60,4181,2,2,4.3,7.32,10.0,7.0,3.0,126.904,103.55,40.984,5.234,4.3
10860,11,8,5,4.183,8.38,9.0,6.0,3.0,102.74,75.0,35.8,5.139,4.183
55,86,3,3,4.167,7.38,3.0,6.0,-3.0,38.071,87.209,-40.65,-5.228,4.167
56,51,2,2,4.167,6.88,11.0,5.0,6.0,159.884,72.674,87.209,10.549,4.167
56,4181,2,2,4.167,6.88,11.0,5.0,6.0,159.884,72.674,87.209,10.549,4.167
10884,13906,3,3,4.083,7.5,5.0,5.0,0.0,62.5,71.429,0.0,0.0,4.083
55,103,3,3,4.083,6.5,6.0,6.0,0.0,85.714,100.0,0.0,0.0,4.083
62,83,3,4,4.017,7.54,12.0,7.0,5.0,157.068,94.086,66.313,8.69,4.017
55,45,2,5,4.017,9.26,18.0,13.0,5.0,193.133,141.304,53.996,8.437,4.017
10884,80,4,2,4.0,7.66,14.0,9.0,5.0,175.0,122.951,65.274,8.672,4.0
56,12668,2,4,3.917,6.6,9.0,5.0,4.0,125.0,83.333,60.606,7.067,3.917
58,13275,2,4,3.917,6.88,4.0,5.0,-1.0,57.143,73.964,-14.535,-1.758,3.917
55,10862,4,4,3.883,5.44,4.0,4.0,0.0,66.667,81.967,0.0,0.0,3.883
55,88,4,4,3.883,5.44,4.0,4.0,0.0,66.667,81.967,0.0,0.0,3.883
55,80,4,2,3.867,7.32,7.0,5.0,2.0,90.206,72.674,27.322,3.489,3.867
58,38,6,3,3.85,5.88,9.0,6.0,3.0,156.25,100.0,51.02,5.369,3.85
16,38,6,3,3.85,5.88,9.0,6.0,3.0,156.25,100.0,51.02,5.369,3.85
62,13778,4,5,3.767,7.44,7.0,4.0,3.0,100.0,50.761,40.323,5.223,3.767
10884,77,3,2,3.733,8.0,11.0,2.0,9.0,122.222,28.571,112.5,15.517,3.733
10884,99,3,2,3.733,8.0,11.0,2.0,9.0,122.222,28.571,112.5,15.517,3.733
10884,13,8,3,3.717,6.94,5.0,4.0,1.0,72.674,57.143,14.409,1.756,3.717
64,39,6,5,3.717,7.1,5.0,5.0,0.0,71.429,69.444,0.0,0.0,3.717
60,108,2,2,3.667,6.7,6.0,9.0,-3.0,92.025,130.814,-44.776,-5.291,3.667
16,10878,6,5,3.617,5.76,3.0,7.0,-4.0,54.348,116.667,-69.444,-7.174,3.617
10884,75,4,5,3.617,7.48,10.0,8.0,2.0,145.349,99.01,26.738,3.479,3.617
55,14844,2,3,3.533,6.88,3.0,7.0,-4.0,43.605,101.744,-58.14,-7.032,3.533
10860,13,8,4,3.517,7.0,8.0,5.0,3.0,100.0,83.333,42.857,5.263,3.517
12,4,8,4,3.5,6.94,8.0,7.0,1.0,133.333,88.832,14.409,1.756,3.5
62,32,7,2,3.5,7.32,10.0,11.0,-1.0,130.89,157.143,-13.661,-1.745,3.5
10884,104,6,4,3.483,6.22,0.0,5.0,-5.0,0.0,77.64,-80.386,-8.894,3.483
3129,4,8,2,3.45,4.94,6.0,9.0,-3.0,120.0,184.426,-60.729,-5.461,3.45
10884,8889,6,4,3.433,6.04,7.0,6.0,1.0,121.528,94.937,16.556,1.784,3.433
3129,3,8,4,3.433,6.82,6.0,6.0,0.0,87.209,88.757,0.0,0.0,3.433
64,10882,6,4,3.433,5.38,5.0,4.0,1.0,100.0,69.444,18.587,1.806,3.433
10884,13399,2,4,3.4,9.16,11.0,10.0,1.0,116.525,112.613,10.917,1.69,3.4
56,89,3,2,3.4,7.16,6.0,11.0,-5.0,85.714,150.273,-69.832,-8.747,3.4
56,103,3,2,3.4,7.16,6.0,11.0,-5.0,85.714,150.273,-69.832,-8.747,3.4
56,79,3,2,3.4,7.16,6.0,11.0,-5.0,85.714,150.273,-69.832,-8.747,3.4
55,29,7,3,3.333,6.88,4.0,6.0,-2.0,58.14,87.209,-29.07,-3.516,3.333
55,2,8,4,3.3,4.88,3.0,2.0,1.0,77.32,34.014,20.492,1.822,3.3
55,10864,8,4,3.3,4.88,3.0,2.0,1.0,77.32,34.014,20.492,1.822,3.3
62,23,7,2,3.267,5.88,11.0,6.0,5.0,190.972,100.0,85.034,8.948,3.267
57,48,6,2,3.233,6.38,4.0,5.0,-1.0,69.444,71.429,-15.674,-1.774,3.233
12,38,6,2,3.2,4.94,7.0,6.0,1.0,143.443,120.0,20.243,1.82,3.2
64,97,3,2,3.2,5.82,1.0,7.0,-6.0,17.007,121.528,-103.093,-10.749,3.2
10884,101,3,2,3.2,5.82,1.0,7.0,-6.0,17.007,121.528,-103.093,-10.749,3.2
10884,83,3,2,3.2,5.82,1.0,7.0,-6.0,17.007,121.528,-103.093,-10.749,3.2
64,95,3,2,3.2,5.82,1.0,7.0,-6.0,17.007,121.528,-103.093,-10.749,3.2
10884,97,3,2,3.2,5.82,1.0,7.0,-6.0,17.007,121.528,-103.093,-10.749,3.2
55,101,3,2,3.2,5.82,1.0,7.0,-6.0,17.007,121.528,-103.093,-10.749,3.2
55,83,3,2,3.2,5.82,1.0,7.0,-6.0,17.007,121.528,-103.093,-10.749,3.2
55,95,3,2,3.2,5.82,1.0,7.0,-6.0,17.007,121.528,-103.093,-10.749,3.2
55,97,3,2,3.2,5.82,1.0,7.0,-6.0,17.007,121.528,-103.093,-10.749,3.2
56,101,3,2,3.2,5.82,1.0,7.0,-6.0,17.007,121.528,-103.093,-10.749,3.2
56,83,3,2,3.2,5.82,1.0,7.0,-6.0,17.007,121.528,-103.093,-10.749,3.2
56,95,3,2,3.2,5.82,1.0,7.0,-6.0,17.007,121.528,-103.093,-10.749,3.2
56,97,3,2,3.2,5.82,1.0,7.0,-6.0,17.007,121.528,-103.093,-10.749,3.2
64,101,3,2,3.2,5.82,1.0,7.0,-6.0,17.007,121.528,-103.093,-10.749,3.2
64,83,3,2,3.2,5.82,1.0,7.0,-6.0,17.007,121.528,-103.093,-10.749,3.2
10884,95,3,2,3.2,5.82,1.0,7.0,-6.0,17.007,121.528,-103.093,-10.749,3.2
60,10863,8,3,3.083,4.94,2.0,2.0,0.0,50.0,34.014,0.0,0.0,3.083
64,2,8,3,3.083,4.94,2.0,2.0,0.0,50.0,34.014,0.0,0.0,3.083
60,2,8,3,3.083,4.94,2.0,2.0,0.0,50.0,34.014,0.0,0.0,3.083
64,10863,8,3,3.083,4.94,2.0,2.0,0.0,50.0,34.014,0.0,0.0,3.083
10884,14707,6,3,3.033,5.1,6.0,6.0,0.0,122.951,112.782,0.0,0.0,3.033
55,14843,4,1,3.0,6.32,7.0,5.0,2.0,103.55,85.034,31.646,3.551,3.0
55,13778,4,1,3.0,6.32,7.0,5.0,2.0,103.55,85.034,31.646,3.551,3.0
3129,19,7,2,2.967,5.38,4.0,5.0,-1.0,84.034,83.333,-18.587,-1.806,2.967
3129,10871,7,2,2.967,5.38,4.0,5.0,-1.0,84.034,83.333,-18.587,-1.806,2.967
10860,10867,8,3,2.933,7.1,8.0,6.0,2.0,109.29,87.209,28.169,3.503,2.933
10884,106,3,2,2.917,5.5,3.0,2.0,1.0,50.0,40.0,18.182,1.802,2.917
55,122,2,5,2.85,6.22,2.0,12.0,-10.0,33.333,186.335,-160.772,-17.787,2.85
10884,35,6,4,2.85,4.72,5.0,3.0,2.0,125.0,55.147,42.373,3.655,2.85
60,35,6,4,2.85,4.72,5.0,3.0,2.0,125.0,55.147,42.373,3.655,2.85
55,35,6,4,2.85,4.72,5.0,3.0,2.0,125.0,55.147,42.373,3.655,2.85
55,40,6,1,2.833,4.88,6.0,9.0,-3.0,154.639,153.061,-61.475,-5.466,2.833
60,51,2,1,2.783,4.88,7.0,3.0,4.0,143.443,61.475,81.967,7.289,2.783
64,51,2,1,2.783,4.88,7.0,3.0,4.0,143.443,61.475,81.967,7.289,2.783
58,7,8,5,2.733,7.26,9.0,3.0,6.0,135.542,38.071,82.645,10.479,2.733
64,10883,6,3,2.717,4.72,5.0,3.0,2.0,125.0,55.147,42.373,3.655,2.717
55,10883,6,3,2.717,4.72,5.0,3.0,2.0,125.0,55.147,42.373,3.655,2.717
60,10883,6,3,2.717,4.72,5.0,3.0,2.0,125.0,55.147,42.373,3.655,2.717
56,10863,8,2,2.717,3.94,2.0,2.0,0.0,66.667,40.984,0.0,0.0,2.717
56,10864,8,2,2.717,3.94,2.0,2.0,0.0,66.667,40.984,0.0,0.0,2.717
56,2,8,2,2.717,3.94,2.0,2.0,0.0,66.667,40.984,0.0,0.0,2.717
60,10864,8,2,2.717,3.94,2.0,2.0,0.0,66.667,40.984,0.0,0.0,2.717
64,10864,8,2,2.717,3.94,2.0,2.0,0.0,66.667,40.984,0.0,0.0,2.717
10884,10883,6,3,2.717,4.72,5.0,3.0,2.0,125.0,55.147,42.373,3.655,2.717
10884,88,4,2,2.683,4.44,7.0,4.0,3.0,143.443,100.0,67.568,5.511,2.683
10884,32,7,3,2.633,5.82,7.0,9.0,-2.0,121.528,153.061,-34.364,-3.583,2.633
58,2,8,7,2.617,8.88,8.0,11.0,-3.0,85.837,130.332,-33.784,-5.095,2.617
10884,2,8,4,2.6,5.5,4.0,2.0,2.0,80.0,33.333,36.364,3.604,2.6
10860,38,6,2,2.6,3.94,5.0,4.0,1.0,128.866,100.0,25.381,1.854,2.6
57,38,6,2,2.6,3.94,5.0,4.0,1.0,128.866,100.0,25.381,1.854,2.6
55,10887,4,2,2.567,3.44,2.0,4.0,-2.0,50.0,138.889,-58.14,-3.743,2.567
64,104,6,3,2.55,4.66,2.0,3.0,-1.0,40.0,69.444,-21.459,-1.829,2.55
64,10879,6,3,2.55,4.66,2.0,3.0,-1.0,40.0,69.444,-21.459,-1.829,2.55
10884,79,3,2,2.467,4.0,5.0,5.0,0.0,125.0,125.0,0.0,0.0,2.467
10860,13275,2,2,2.467,4.44,4.0,4.0,0.0,80.0,103.093,0.0,0.0,2.467
64,12668,2,2,2.467,4.44,6.0,2.0,4.0,122.951,50.0,90.09,7.348,2.467
62,10863,8,4,2.467,4.5,9.0,0.0,9.0,180.0,0.0,200.0,16.514,2.467
10884,111,2,1,2.45,4.0,5.0,6.0,-1.0,125.0,150.0,-25.0,-1.852,2.45
64,110,2,2,2.433,4.94,2.0,6.0,-4.0,40.0,122.951,-80.972,-7.281,2.433
68,2,8,6,2.4,8.94,7.0,11.0,-4.0,74.153,130.332,-44.743,-6.787,2.4
55,12908,2,5,2.383,5.16,5.0,6.0,-1.0,100.0,112.782,-19.38,-1.813,2.383
55,76,4,3,2.383,3.5,4.0,0.0,4.0,100.0,0.0,114.286,7.477,2.383
55,79,3,2,2.367,4.0,4.0,6.0,-2.0,100.0,150.0,-50.0,-3.704,2.367
55,89,3,2,2.367,4.0,4.0,6.0,-2.0,100.0,150.0,-50.0,-3.704,2.367
10884,10870,8,4,2.333,6.76,8.0,7.0,1.0,120.482,101.744,14.793,1.762,2.333
10884,10863,8,2,2.283,3.5,2.0,0.0,2.0,66.667,0.0,57.143,3.738,2.283
10884,3,8,2,2.283,3.5,2.0,0.0,2.0,66.667,0.0,57.143,3.738,2.283
10884,10864,8,2,2.283,3.5,2.0,0.0,2.0,66.667,0.0,57.143,3.738,2.283
56,107,3,1,2.233,5.16,4.0,8.0,-4.0,80.0,150.376,-77.519,-7.252,2.233
56,10889,3,1,2.233,5.16,4.0,8.0,-4.0,80.0,150.376,-77.519,-7.252,2.233
10884,48,6,2,2.217,3.38,4.0,4.0,0.0,103.093,138.889,0.0,0.0,2.217
56,122,2,1,2.217,3.94,6.0,2.0,4.0,154.639,50.0,101.523,7.416,2.217
64,122,2,1,2.217,3.94,6.0,2.0,4.0,154.639,50.0,101.523,7.416,2.217
55,13777,3,2,2.183,3.44,3.0,0.0,3.0,77.32,0.0,87.209,5.614,2.183
55,77,3,2,2.183,3.44,3.0,0.0,3.0,77.32,0.0,87.209,5.614,2.183
55,13029,7,2,2.15,4.44,4.0,6.0,-2.0,100.0,122.951,-45.045,-3.674,2.15
55,21,7,2,2.15,4.44,4.0,6.0,-2.0,100.0,122.951,-45.045,-3.674,2.15
10861,11,8,4,2.15,4.44,10.0,4.0,6.0,204.918,100.0,135.135,11.021,2.15
10861,7,8,4,2.117,5.76,7.0,3.0,4.0,124.113,51.02,69.444,7.174,2.117
10884,10889,3,1,2.117,4.5,11.0,2.0,9.0,220.0,50.0,200.0,16.514,2.117
10860,10863,8,3,2.1,4.0,7.0,0.0,7.0,175.0,0.0,175.0,12.963,2.1
64,24,7,3,2.083,4.5,8.0,2.0,6.0,160.0,50.0,133.333,11.009,2.083
56,13,8,1,2.067,3.5,2.0,0.0,2.0,66.667,0.0,57.143,3.738,2.067
64,10865,8,3,2.067,4.44,2.0,8.0,-6.0,50.0,163.934,-135.135,-11.021,2.067
64,3,8,1,2.067,3.5,2.0,0.0,2.0,66.667,0.0,57.143,3.738,2.067
64,13,8,1,2.067,3.5,2.0,0.0,2.0,66.667,0.0,57.143,3.738,2.067
56,3,8,1,2.067,3.5,2.0,0.0,2.0,66.667,0.0,57.143,3.738,2.067
60,3,8,1,2.067,3.5,2.0,0.0,2.0,66.667,0.0,57.143,3.738,2.067
60,13,8,1,2.067,3.5,2.0,0.0,2.0,66.667,0.0,57.143,3.738,2.067
54,2,8,5,2.033,7.94,7.0,11.0,-4.0,82.938,147.849,-50.378,-6.904,2.033
10884,867,7,2,2.017,3.94,4.0,7.0,-3.0,103.093,175.0,-76.142,-5.562,2.017
62,78,4,2,2.0,3.44,4.0,0.0,4.0,103.093,0.0,116.279,7.485,2.0
3129,78,4,2,2.0,3.44,4.0,0.0,4.0,103.093,0.0,116.279,7.485,2.0
16,78,4,2,2.0,3.44,4.0,0.0,4.0,103.093,0.0,116.279,7.485,2.0
10860,78,4,2,2.0,3.44,4.0,0.0,4.0,103.093,0.0,116.279,7.485,2.0
12,78,4,2,2.0,3.44,4.0,0.0,4.0,103.093,0.0,116.279,7.485,2.0
10860,10878,6,3,2.0,3.82,2.0,5.0,-3.0,54.945,125.0,-78.534,-5.574,2.0
12,10878,6,3,2.0,3.82,2.0,5.0,-3.0,54.945,125.0,-78.534,-5.574,2.0
58,10878,6,3,2.0,3.82,2.0,5.0,-3.0,54.945,125.0,-78.534,-5.574,2.0
60,95,3,1,1.983,3.94,0.0,6.0,-6.0,0.0,154.639,-152.284,-11.123,1.983
64,86,3,1,1.983,3.94,0.0,6.0,-6.0,0.0,154.639,-152.284,-11.123,1.983
60,101,3,1,1.983,3.94,0.0,6.0,-6.0,0.0,154.639,-152.284,-11.123,1.983
56,86,3,1,1.983,3.94,0.0,6.0,-6.0,0.0,154.639,-152.284,-11.123,1.983
60,97,3,1,1.983,3.94,0.0,6.0,-6.0,0.0,154.639,-152.284,-11.123,1.983
60,83,3,1,1.983,3.94,0.0,6.0,-6.0,0.0,154.639,-152.284,-11.123,1.983
60,86,3,1,1.983,3.94,0.0,6.0,-6.0,0.0,154.639,-152.284,-11.123,1.983
10884,10867,8,2,1.95,5.32,6.0,9.0,-3.0,112.782,169.173,-56.391,-5.423,1.95
64,113,6,3,1.917,3.94,5.0,4.0,1.0,166.667,81.967,25.381,1.854,1.917
3129,10864,8,3,1.917,4.44,3.0,0.0,3.0,61.475,0.0,67.568,5.511,1.917
54,10878,6,3,1.917,2.94,1.0,2.0,-1.0,25.773,100.0,-34.014,-1.889,1.917
54,38,6,2,1.9,2.88,6.0,2.0,4.0,217.391,66.667,138.889,7.564,1.9
55,8889,6,2,1.883,2.6,3.0,5.0,-2.0,159.574,150.602,-76.923,-3.802,1.883
10861,35,6,3,1.833,3.44,4.0,2.0,2.0,103.093,66.667,58.14,3.743,1.833
60,121,2,1,1.783,3.1,5.0,2.0,3.0,173.611,60.241,96.774,5.65,1.783
60,119,2,1,1.783,3.1,5.0,2.0,3.0,173.611,60.241,96.774,5.65,1.783
10884,38,6,2,1.75,3.72,5.0,3.0,2.0,166.667,67.568,53.763,3.723,1.75
60,113,6,2,1.75,3.72,5.0,3.0,2.0,166.667,67.568,53.763,3.723,1.75
12,35,6,2,1.75,2.94,4.0,2.0,2.0,138.889,66.667,68.027,3.778,1.75
64,38,6,2,1.75,3.72,5.0,3.0,2.0,166.667,67.568,53.763,3.723,1.75
55,113,6,2,1.75,3.72,5.0,3.0,2.0,166.667,67.568,53.763,3.723,1.75
60,38,6,2,1.75,3.72,5.0,3.0,2.0,166.667,67.568,53.763,3.723,1.75
56,10883,6,2,1.75,3.72,5.0,3.0,2.0,166.667,67.568,53.763,3.723,1.75
56,35,6,2,1.75,3.72,5.0,3.0,2.0,166.667,67.568,53.763,3.723,1.75
55,38,6,2,1.75,3.72,5.0,3.0,2.0,166.667,67.568,53.763,3.723,1.75
56,38,6,2,1.75,3.72,5.0,3.0,2.0,166.667,67.568,53.763,3.723,1.75
57,10878,6,2,1.7,2.82,2.0,5.0,-3.0,121.951,125.0,-106.383,-5.68,1.7
56,118,2,3,1.7,2.66,3.0,3.0,0.0,90.361,150.0,0.0,0.0,1.7
55,91,3,2,1.683,2.82,2.0,1.0,1.0,72.464,34.722,35.461,1.893,1.683
62,2,8,2,1.683,5.94,5.0,7.0,-2.0,77.64,128.676,-33.67,-3.575,1.683
56,24,7,2,1.667,3.5,8.0,2.0,6.0,200.0,66.667,171.429,11.215,1.667
56,10871,7,2,1.667,3.5,8.0,2.0,6.0,200.0,66.667,171.429,11.215,1.667
56,10873,7,2,1.667,3.5,8.0,2.0,6.0,200.0,66.667,171.429,11.215,1.667
56,19,7,2,1.667,3.5,8.0,2.0,6.0,200.0,66.667,171.429,11.215,1.667
10861,10864,8,3,1.667,3.44,1.0,0.0,1.0,25.773,0.0,29.07,1.871,1.667
60,10871,7,2,1.667,3.5,8.0,2.0,6.0,200.0,66.667,171.429,11.215,1.667
60,10873,7,2,1.667,3.5,8.0,2.0,6.0,200.0,66.667,171.429,11.215,1.667
60,19,7,2,1.667,3.5,8.0,2.0,6.0,200.0,66.667,171.429,11.215,1.667
3129,13,8,2,1.667,3.38,4.0,0.0,4.0,144.928,0.0,118.343,7.493,1.667
60,24,7,2,1.667,3.5,8.0,2.0,6.0,200.0,66.667,171.429,11.215,1.667
12,11,8,3,1.65,3.94,8.0,2.0,6.0,163.934,66.667,152.284,11.123,1.65
10861,99,3,1,1.633,3.32,5.0,5.0,0.0,132.979,173.611,0.0,0.0,1.633
3129,10878,6,2,1.617,1.94,1.0,2.0,-1.0,53.191,100.0,-51.546,-1.925,1.617
10861,10878,6,2,1.617,1.94,1.0,2.0,-1.0,53.191,100.0,-51.546,-1.925,1.617
62,10878,6,2,1.617,1.94,1.0,2.0,-1.0,53.191,100.0,-51.546,-1.925,1.617
12,2,8,4,1.6,2.38,1.0,2.0,-1.0,53.191,69.444,-42.017,-1.909,1.6
64,14844,2,1,1.517,2.44,3.0,4.0,-1.0,100.0,212.766,-40.984,-1.907,1.517
10884,14844,2,1,1.517,2.44,3.0,4.0,-1.0,100.0,212.766,-40.984,-1.907,1.517
60,45,2,1,1.517,2.44,3.0,4.0,-1.0,100.0,212.766,-40.984,-1.907,1.517
60,14844,2,1,1.517,2.44,3.0,4.0,-1.0,100.0,212.766,-40.984,-1.907,1.517
64,45,2,1,1.517,2.44,3.0,4.0,-1.0,100.0,212.766,-40.984,-1.907,1.517
10861,2,8,5,1.467,5.44,5.0,4.0,1.0,85.034,80.0,18.382,1.804,1.467
10884,10878,6,1,1.467,2.72,2.0,3.0,-1.0,100.0,87.209,-36.765,-1.897,1.467
55,10878,6,1,1.467,2.72,2.0,3.0,-1.0,100.0,87.209,-36.765,-1.897,1.467
56,10878,6,1,1.467,2.72,2.0,3.0,-1.0,100.0,87.209,-36.765,-1.897,1.467
60,10878,6,1,1.467,2.72,2.0,3.0,-1.0,100.0,87.209,-36.765,-1.897,1.467
64,10878,6,1,1.467,2.72,2.0,3.0,-1.0,100.0,87.209,-36.765,-1.897,1.467
56,12908,2,2,1.45,2.16,3.0,3.0,0.0,129.31,150.0,0.0,0.0,1.45
12,7,8,2,1.417,3.44,4.0,0.0,4.0,103.093,0.0,116.279,7.485,1.417
16,7,8,2,1.417,3.44,4.0,0.0,4.0,103.093,0.0,116.279,7.485,1.417
54,10863,8,2,1.417,3.44,3.0,2.0,1.0,75.0,69.444,29.07,1.871,1.417
55,10881,6,3,1.383,2.0,3.0,0.0,3.0,150.0,0.0,150.0,5.769,1.383
60,10881,6,3,1.383,2.0,3.0,0.0,3.0,150.0,0.0,150.0,5.769,1.383
55,84,4,2,1.317,2.0,2.0,0.0,2.0,100.0,0.0,100.0,3.846,1.317
54,84,4,2,1.317,2.0,2.0,0.0,2.0,100.0,0.0,100.0,3.846,1.317
68,7,8,3,1.317,3.82,5.0,3.0,2.0,181.159,61.475,52.356,3.716,1.317
54,7,8,3,1.317,3.82,5.0,3.0,2.0,181.159,61.475,52.356,3.716,1.317
57,84,4,2,1.317,2.0,2.0,0.0,2.0,100.0,0.0,100.0,3.846,1.317
16,84,4,2,1.317,2.0,2.0,0.0,2.0,100.0,0.0,100.0,3.846,1.317
10860,84,4,2,1.317,2.0,2.0,0.0,2.0,100.0,0.0,100.0,3.846,1.317
68,19,7,5,1.317,2.98,7.0,4.0,3.0,210.843,151.515,100.671,5.663,1.317
64,10877,6,1,1.3,1.94,2.0,2.0,0.0,100.0,106.383,0.0,0.0,1.3
10884,14845,8,1,1.3,3.1,4.0,4.0,0.0,120.482,138.889,0.0,0.0,1.3
10860,35,6,1,1.283,2.94,5.0,2.0,3.0,166.667,69.444,102.041,5.667,1.283
10861,38,6,1,1.25,1.94,4.0,2.0,2.0,212.766,100.0,103.093,3.851,1.25
56,23,7,1,1.233,2.5,8.0,0.0,8.0,266.667,0.0,320.0,15.238,1.233
12,10864,8,3,1.233,1.38,1.0,2.0,-1.0,113.636,106.383,-72.464,-1.946,1.233
60,23,7,1,1.233,2.5,8.0,0.0,8.0,266.667,0.0,320.0,15.238,1.233
64,91,3,1,1.217,1.88,1.0,1.0,0.0,53.191,53.191,0.0,0.0,1.217
3129,95,3,1,1.217,1.88,1.0,1.0,0.0,53.191,53.191,0.0,0.0,1.217
56,91,3,1,1.217,1.88,1.0,1.0,0.0,53.191,53.191,0.0,0.0,1.217
3129,83,3,1,1.217,1.88,1.0,1.0,0.0,53.191,53.191,0.0,0.0,1.217
3129,101,3,1,1.217,1.88,1.0,1.0,0.0,53.191,53.191,0.0,0.0,1.217
3129,97,3,1,1.217,1.88,1.0,1.0,0.0,53.191,53.191,0.0,0.0,1.217
3129,91,3,1,1.217,1.88,1.0,1.0,0.0,53.191,53.191,0.0,0.0,1.217
10884,91,3,1,1.217,1.88,1.0,1.0,0.0,53.191,53.191,0.0,0.0,1.217
64,121,2,1,1.2,2.5,0.0,2.0,-2.0,0.0,66.667,-80.0,-3.81,1.2
55,107,3,1,1.2,2.0,2.0,3.0,-1.0,100.0,150.0,-50.0,-1.923,1.2
55,22,7,1,1.183,2.44,0.0,0.0,0.0,0.0,0.0,0.0,0.0,1.183
55,28,7,1,1.183,2.44,0.0,0.0,0.0,0.0,0.0,0.0,0.0,1.183
55,10890,3,1,1.167,2.0,2.0,3.0,-1.0,100.0,150.0,-50.0,-1.923,1.167
56,10890,3,1,1.167,2.0,2.0,3.0,-1.0,100.0,150.0,-50.0,-1.923,1.167
56,13906,3,1,1.167,2.0,2.0,3.0,-1.0,100.0,150.0,-50.0,-1.923,1.167
16,2,8,2,1.15,3.44,3.0,7.0,-4.0,87.209,203.488,-116.279,-7.485,1.15
56,10894,2,1,1.117,1.5,2.0,0.0,2.0,200.0,0.0,133.333,3.883,1.117
56,109,2,1,1.117,1.5,2.0,0.0,2.0,200.0,0.0,133.333,3.883,1.117
55,10882,6,2,1.1,1.0,0.0,0.0,0.0,0.0,0.0,0.0,0.0,1.1
60,47,6,2,1.1,1.0,0.0,0.0,0.0,0.0,0.0,0.0,0.0,1.1
60,10882,6,2,1.1,1.0,0.0,0.0,0.0,0.0,0.0,0.0,0.0,1.1
64,10875,7,3,1.1,2.0,0.0,2.0,-2.0,0.0,100.0,-100.0,-3.846,1.1
55,44,6,1,1.1,1.5,4.0,0.0,4.0,200.0,0.0,266.667,7.767,1.1
57,7,8,2,1.05,2.5,2.0,0.0,2.0,100.0,0.0,80.0,3.81,1.05
64,5,8,1,1.05,3.0,2.0,6.0,-4.0,66.667,200.0,-133.333,-7.547,1.05
64,11,8,1,1.05,3.0,2.0,6.0,-4.0,66.667,200.0,-133.333,-7.547,1.05
64,10870,8,1,1.05,3.0,2.0,6.0,-4.0,66.667,200.0,-133.333,-7.547,1.05
64,10869,8,1,1.05,3.0,2.0,6.0,-4.0,66.667,200.0,-133.333,-7.547,1.05
64,4,8,2,1.017,1.44,0.0,2.0,-2.0,0.0,106.383,-138.889,-3.888,1.017
60,10865,8,2,1.017,1.44,0.0,2.0,-2.0,0.0,106.383,-138.889,-3.888,1.017
60,4,8,2,1.017,1.44,0.0,2.0,-2.0,0.0,106.383,-138.889,-3.888,1.017
54,19,7,3,1.0,1.82,4.0,2.0,2.0,212.766,113.636,109.89,3.86,1.0
62,7,8,1,0.983,2.44,4.0,0.0,4.0,138.889,0.0,163.934,7.628,0.983
58,10883,6,1,0.967,1.0,0.0,0.0,0.0,0.0,0.0,0.0,0.0,0.967
54,10871,7,3,0.95,2.38,2.0,2.0,0.0,100.0,72.464,0.0,0.0,0.95
57,95,3,2,0.883,1.5,2.0,0.0,2.0,200.0,0.0,133.333,3.883,0.883
62,95,3,2,0.883,1.5,2.0,0.0,2.0,200.0,0.0,133.333,3.883,0.883
10860,95,3,2,0.883,1.5,2.0,0.0,2.0,200.0,0.0,133.333,3.883,0.883
68,95,3,2,0.883,1.5,2.0,0.0,2.0,200.0,0.0,133.333,3.883,0.883
54,95,3,2,0.883,1.5,2.0,0.0,2.0,200.0,0.0,133.333,3.883,0.883
10860,80,4,1,0.867,1.0,0.0,0.0,0.0,0.0,0.0,0.0,0.0,0.867
10860,10871,7,2,0.817,2.38,2.0,2.0,0.0,100.0,72.464,0.0,0.0,0.817
68,10871,7,2,0.767,2.1,5.0,2.0,3.0,204.918,113.636,142.857,5.758,0.767
56,14037,2,1,0.75,1.0,0.0,0.0,0.0,0.0,0.0,0.0,0.0,0.75
10860,19,7,1,0.733,1.38,2.0,2.0,0.0,200.0,113.636,0.0,0.0,0.733
62,11,8,1,0.7,1.0,2.0,0.0,2.0,200.0,0.0,200.0,3.922,0.7
10884,7,8,2,0.7,2.32,3.0,3.0,0.0,170.455,104.167,0.0,0.0,0.7
10860,97,3,1,0.683,1.0,2.0,0.0,2.0,200.0,0.0,200.0,3.922,0.683
62,97,3,1,0.683,1.0,2.0,0.0,2.0,200.0,0.0,200.0,3.922,0.683
57,97,3,1,0.683,1.0,2.0,0.0,2.0,200.0,0.0,200.0,3.922,0.683
54,97,3,1,0.683,1.0,2.0,0.0,2.0,200.0,0.0,200.0,3.922,0.683
68,97,3,1,0.683,1.0,2.0,0.0,2.0,200.0,0.0,200.0,3.922,0.683
12,83,3,1,0.667,1.0,0.0,2.0,-2.0,0.0,200.0,-200.0,-3.922,0.667
56,4,8,1,0.65,0.44,0.0,2.0,-2.0,,227.273,-454.545,-3.965,0.65
10884,13907,8,1,0.65,2.22,2.0,5.0,-3.0,100.0,204.918,-135.135,-5.745,0.65
55,4,8,1,0.65,0.44,0.0,2.0,-2.0,,227.273,-454.545,-3.965,0.65
56,10865,8,1,0.65,0.44,0.0,2.0,-2.0,,227.273,-454.545,-3.965,0.65
16,23,7,1,0.65,1.5,0.0,2.0,-2.0,0.0,100.0,-133.333,-3.883,0.65
10860,7,8,1,0.617,1.5,2.0,0.0,2.0,200.0,0.0,133.333,3.883,0.617
62,13,8,1,0.6,1.0,0.0,0.0,0.0,0.0,0.0,0.0,0.0,0.6
58,10864,8,2,0.583,0.94,1.0,0.0,1.0,113.636,0.0,106.383,1.963,0.583
10884,11,8,1,0.567,1.0,2.0,2.0,0.0,200.0,200.0,0.0,0.0,0.567
10884,13400,8,1,0.567,1.0,2.0,2.0,0.0,200.0,200.0,0.0,0.0,0.567
55,75,4,1,0.45,1.0,2.0,0.0,2.0,200.0,0.0,200.0,3.922,0.45
60,10875,7,1,0.433,1.0,0.0,2.0,-2.0,0.0,200.0,-200.0,-3.922,0.433
56,10875,7,1,0.433,1.0,0.0,2.0,-2.0,0.0,200.0,-200.0,-3.922,0.433
3129,11,8,1,0.433,1.5,2.0,0.0,2.0,100.0,0.0,133.333,3.883,0.433
57,2,8,2,0.4,1.0,0.0,2.0,-2.0,0.0,200.0,-200.0,-3.922,0.4
64,14,8,1,0.367,1.0,0.0,0.0,0.0,0.0,0.0,0.0,0.0,0.367
60,14,8,1,0.367,1.0,0.0,0.0,0.0,0.0,0.0,0.0,0.0,0.367
3129,2,8,1,0.367,0.94,1.0,0.0,1.0,113.636,0.0,106.383,1.963,0.367
10861,19,7,2,0.3,0.88,2.0,2.0,0.0,227.273,227.273,0.0,0.0,0.3
58,19,7,2,0.3,0.88,2.0,2.0,0.0,227.273,227.273,0.0,0.0,0.3
56,10881,6,1,0.283,1.0,3.0,0.0,3.0,300.0,0.0,300.0,5.882,0.283
64,118,2,1,0.25,0.5,0.0,0.0,0.0,0.0,,0.0,0.0,0.25
10884,44,6,1,0.2,0.5,3.0,0.0,3.0,300.0,,600.0,5.941,0.2
10884,14843,4,1,0.183,0.94,3.0,2.0,1.0,300.0,227.273,106.383,1.963,0.183
64,10880,6,1,0.167,0.22,0.0,1.0,-1.0,,227.273,-454.545,-1.991,0.167
55,39,6,1,0.133,0.0,0.0,0.0,0.0,,,,0.0,0.133
60,39,6,1,0.133,0.0,0.0,0.0,0.0,,,,0.0,0.133
57,35,6,1,0.083,0.5,0.0,0.0,0.0,0.0,,0.0,0.0,0.083
58,10871,7,1,0.083,1.0,0.0,0.0,0.0,0.0,0.0,0.0,0.0,0.083
16,10871,7,1,0.083,1.0,0.0,0.0,0.0,0.0,0.0,0.0,0.0,0.083
