src,dst,shared_sec,n_stints,overlap,jaccard,log_shared_min,edge_type,src_idx,dst_idx,same_team
10875,10876,5101.0,74.0,0.45617957431586476,0.133579490402493,4.454541075926627,teammate,22,23,True
10875,21,19224.0,264.0,0.5987665856849187,0.3279314932960322,5.772686453303412,teammate,22,78,True
10875,25,4868.0,69.0,0.5106472254274625,0.13238693535666693,4.408343942991255,teammate,22,82,True
10875,29,17424.0,231.0,0.542702298635769,0.21270569852043555,5.674696893761104,teammate,22,85,True
10876,21,7178.0,102.0,0.6419245215524951,0.14429880990672242,4.7927556419015875,teammate,23,78,True
10876,25,2684.0,36.0,0.28154830588482116,0.14885475015251512,3.8228274266236753,teammate,23,82,True
10876,29,6358.0,94.0,0.5685923806116974,0.08823447778178689,4.672517259447702,teammate,23,85,True
21,25,5642.0,78.0,0.5918388754851568,0.1136789506558401,4.554227707250517,teammate,78,82,True
21,29,24212.0,293.0,0.5293397463926541,0.27277438543520877,6.002734139366213,teammate,78,85,True
25,29,4192.0,59.0,0.4397356550928354,0.057760936961763695,4.260800177239738,teammate,82,85,True
10892,10894,5004.0,66.0,0.6173205033308661,0.21124620060790272,4.4355674016019115,teammate,39,41,True
10892,110,5853.0,76.0,0.7220577350111029,0.10151236602032676,4.590564033598729,teammate,39,44,True
10892,118,5576.0,73.0,0.6878855169010609,0.09917649360581968,4.54258531079647,teammate,39,48,True
10892,121,2030.0,29.0,0.2504317789291883,0.045018073758676516,3.550574782736756,teammate,39,51,True
10894,110,14687.0,154.0,0.7134460312833965,0.23957653660446301,5.5044503890288405,teammate,41,44,True
10894,118,14669.0,176.0,0.7125716506363549,0.24608287200134205,5.503229056267442,teammate,41,48,True
10894,121,6265.0,73.0,0.30433304187311766,0.11745847238366643,4.65792075137362,teammate,41,51,True
110,118,32063.0,347.0,0.5971541914216005,0.4162134094891932,6.282983001228046,teammate,44,48,True
110,121,18298.0,214.0,0.4689750621523951,0.24037097367453103,5.723476163556936,teammate,44,51,True
118,121,14841.0,167.0,0.3803726580721224,0.19058932309391413,5.514839041553359,teammate,48,51,True
10875,24,7596.0,100.0,0.2558695725401691,0.14015535915272062,4.848900370910689,teammate,22,81,True
10876,24,3661.0,58.0,0.3274011804686103,0.0983928187486562,4.127403166124521,teammate,23,81,True
21,24,13303.0,150.0,0.4481085997237848,0.21413624364174877,5.40590041055896,teammate,78,81,True
24,29,20647.0,221.0,0.6954896082460336,0.27069512546870494,5.843882524117924,teammate,81,85,True
10892,109,4346.0,62.0,0.5361460646434739,0.12444164471423663,4.296377965140188,teammate,39,42,True
10894,109,7803.0,117.0,0.37904401049256775,0.1775547818963752,4.875578929769415,teammate,41,42,True
109,110,16982.0,225.0,0.5449236298292902,0.24403983502665727,5.649091602165801,teammate,42,44,True
109,118,10921.0,159.0,0.3504364009754845,0.14770882925773643,5.209577223375613,teammate,42,48,True
10876,867,2585.0,41.0,0.2311751028438562,0.12843444129775922,3.786081782070299,teammate,23,126,True
21,867,9393.0,124.0,0.8146574154379879,0.1961902374835516,5.0597428682032835,teammate,78,126,True
24,867,3238.0,40.0,0.2808326105810928,0.08525764238131599,4.006726940897444,teammate,81,126,True
29,867,5196.0,72.0,0.45065047701647876,0.07062853414528056,4.472780997942346,teammate,85,126,True
10872,10876,5887.0,95.0,0.5264711142908245,0.09828538991936157,4.596297607484493,teammate,19,23,True
10872,21,17246.0,255.0,0.3770441626585046,0.20754308269952826,5.664463978944584,teammate,19,78,True
10872,24,12243.0,146.0,0.4124027352039613,0.1699330982983094,5.323253851838068,teammate,19,81,True
10872,867,5652.0,83.0,0.49019947961838684,0.09345238095238095,4.55597994179732,teammate,19,126,True
10872,10875,17376.0,254.0,0.541207250981125,0.25062020423469683,5.671947751136183,teammate,19,22,True
10875,867,6487.0,87.0,0.5626192541196877,0.17462112035317237,4.692417646218991,teammate,22,126,True
10872,22,8371.0,124.0,0.3546432807998644,0.1198682609006945,4.945326105700575,teammate,19,79,True
10875,22,8329.0,126.0,0.3528639213692594,0.17578776302737384,4.9403320406241935,teammate,22,79,True
21,22,9844.0,133.0,0.41704795797322486,0.1654453781512605,5.1063494327022765,teammate,78,79,True
22,867,3255.0,50.0,0.28230702515177797,0.10210483390319647,4.0118683403978626,teammate,79,126,True
109,121,9383.0,128.0,0.30108458477730715,0.15433073456363697,5.058684443040969,teammate,42,51,True
10894,116,1741.0,33.0,0.08457203924997571,0.03865023865023865,3.401752782953855,teammate,41,47,True
10894,122,6369.0,87.0,0.3138366019513157,0.1845498536698444,4.674229721919586,teammate,41,52,True
109,116,6103.0,108.0,0.23293893129770993,0.1190573730516377,4.631974388740143,teammate,42,47,True
109,122,6438.0,91.0,0.31723662166157485,0.14300310972900934,4.684905154006945,teammate,42,52,True
116,121,10769.0,138.0,0.41103053435114506,0.19778504260946225,5.195638437406279,teammate,47,51,True
116,122,3276.0,58.0,0.16142702276534937,0.07580174927113703,4.018183201256536,teammate,47,52,True
121,122,7958.0,120.0,0.39213560658322655,0.15496660370377582,4.895099730980352,teammate,51,52,True
10872,29,29582.0,419.0,0.5417750265558038,0.32065818284302033,6.20260299129476,teammate,19,85,True
22,29,12891.0,142.0,0.5461362480935434,0.16538160544985694,5.3745837220014865,teammate,79,85,True
109,123,3029.0,46.0,0.31378845954625506,0.08015772202815709,3.941258130696481,teammate,42,53,True
116,123,1758.0,31.0,0.182119548326945,0.0515618125824901,3.4111477125153233,teammate,47,53,True
121,123,3290.0,54.0,0.34082668600435095,0.07249889819303658,4.022371062597012,teammate,51,53,True
122,123,3722.0,53.0,0.3855796125556822,0.1419256434699714,4.143663686996302,teammate,52,53,True
10875,19,343.0,10.0,0.12427536231884058,0.0099354053819193,1.9045919997245824,teammate,22,76,True
10876,22,3640.0,54.0,0.3255231622250045,0.1168689398317601,4.121743536410215,teammate,23,79,True
19,22,832.0,15.0,0.30144927536231886,0.032586558044806514,2.699121570357909,teammate,76,79,True
19,29,697.0,13.0,0.252536231884058,0.010058155475706019,2.535018691215348,teammate,76,85,True
10892,116,925.0,18.0,0.11411300271403899,0.02771037416494413,2.798297078949988,teammate,39,47,True
10892,122,2759.0,38.0,0.3403651616086849,0.1076011076011076,3.849792928892012,teammate,39,52,True
10892,123,2113.0,29.0,0.2606711078213669,0.13505049213856576,3.589519418034329,teammate,39,53,True
10874,10875,8801.0,127.0,0.2741232168442036,0.15100976304455999,4.995070341825202,teammate,21,22,True
10874,21,12903.0,174.0,0.36891010978957,0.19027325144146404,5.3755098623779425,teammate,21,78,True
10874,29,21075.0,292.0,0.6025560384263495,0.25975226474394525,5.86434115077879,teammate,21,85,True
10874,867,3459.0,49.0,0.3,0.08035403163983552,4.0715875750994845,teammate,21,126,True
10874,10876,3063.0,47.0,0.27392237524593094,0.0710755308040376,3.952204795060978,teammate,21,23,True
10872,10874,20521.0,308.0,0.5867166056724611,0.2971603168397121,5.8377790368503595,teammate,19,21,True
110,122,8654.0,117.0,0.42643145757366707,0.1290774852710866,4.978341644455287,teammate,44,52,True
118,122,6696.0,99.0,0.32994973883906575,0.09950810658186088,4.72384171570559,teammate,48,52,True
116,118,10366.0,124.0,0.39564885496183205,0.14909315805370577,5.157713403105951,teammate,47,48,True
118,123,4782.0,73.0,0.4953900341862633,0.0816542585888942,4.390738575275903,teammate,48,53,True
10872,28,10492.0,151.0,0.47630288723442893,0.15863799933472436,5.16972613217505,teammate,19,84,True
10875,28,7210.0,86.0,0.3273106954784819,0.15365271502855682,4.797167008305465,teammate,22,84,True
10876,28,688.0,13.0,0.06152745483813271,0.021154910522108113,2.5230584157523768,teammate,23,84,True
28,29,16845.0,203.0,0.7647085527510441,0.23261112722150876,5.641020152919886,teammate,84,85,True
22,28,4033.0,41.0,0.18308516433629926,0.09694944590014183,4.222688914270302,teammate,79,84,True
28,867,564.0,11.0,0.04891587163920208,0.017094017094017096,2.341805806147327,teammate,84,126,True
25,867,2560.0,34.0,0.26854085807196054,0.13835594227963033,3.7765850345330416,teammate,82,126,True
110,123,1569.0,21.0,0.1625401429607376,0.024712942399470774,3.3013770463799443,teammate,44,53,True
106,107,12981.0,165.0,0.32154269153600357,0.16599744245524298,5.381508957434801,teammate,5,6,True
106,79,21712.0,250.0,0.5378117955958485,0.3108464093460085,5.89403545733199,teammate,5,120,True
106,89,27884.0,331.0,0.6906938148671076,0.3493491361489407,6.143613224264567,teammate,5,130,True
106,99,11330.0,157.0,0.40991316931982635,0.19989061590303628,5.246146494219127,teammate,5,136,True
107,79,25737.0,336.0,0.5065341468214918,0.3374813144160919,6.063668922856905,teammate,6,120,True
107,89,31216.0,416.0,0.6143672505412321,0.35911831024803276,6.256261747022304,teammate,6,130,True
107,99,16135.0,224.0,0.5837554269175108,0.2589264222097408,5.598113269383329,teammate,6,136,True
79,89,37188.0,421.0,0.726484205591045,0.4572426258130356,6.431008968869009,teammate,120,130,True
79,99,6488.0,90.0,0.23473227206946454,0.08968634660842399,4.692570376268925,teammate,120,136,True
89,99,15510.0,197.0,0.5611432706222865,0.1951925497105462,5.558756702605943,teammate,130,136,True
10874,34,15933.0,222.0,0.45554094236047576,0.23061224489795917,5.58556184326877,teammate,21,89,True
10876,34,2176.0,32.0,0.19459846181362905,0.03684825495741114,3.618099272052889,teammate,23,89,True
21,34,26427.0,325.0,0.5777656318320944,0.3810121107266436,6.090064763347591,teammate,78,89,True
29,34,37367.0,440.0,0.7466381601294783,0.467590159421378,6.435803085851612,teammate,85,89,True
101,103,1431.0,19.0,0.23949790794979078,0.02242173545172511,3.2128577525426376,teammate,2,3,True
101,107,2864.0,30.0,0.4793305439330544,0.05311474193727861,3.8863632586475685,teammate,2,6,True
101,79,1464.0,22.0,0.24502092050209204,0.02628366247755835,3.2347491740244907,teammate,2,120,True
101,89,3290.0,42.0,0.5506276150627615,0.04698993072912947,4.022371062597012,teammate,2,130,True
103,107,27939.0,388.0,0.5498720724266877,0.3401015228426396,6.145579512011755,teammate,3,6,True
103,79,30570.0,333.0,0.5971986168903476,0.38261762018598944,6.23539063760472,teammate,3,120,True
103,89,42330.0,504.0,0.7140929181146463,0.5022663091198177,6.560323202124582,teammate,3,130,True
10872,34,24806.0,352.0,0.49565408515994963,0.31068471876056764,6.0269121252907825,teammate,19,89,True
10875,34,9186.0,132.0,0.28611474490749395,0.12589252675867174,5.03760174232607,teammate,22,89,True
101,86,1594.0,24.0,0.2667782426778243,0.03937066218786277,3.316607313361536,teammate,2,125,True
101,99,2064.0,23.0,0.34543933054393305,0.06541789483693068,3.5667118201397288,teammate,2,136,True
107,86,20670.0,292.0,0.5724810280839749,0.31201883887329046,5.844992643207725,teammate,6,125,True
79,86,13863.0,189.0,0.3839528056278735,0.18878690489160038,5.446952865687185,teammate,120,125,True
86,99,11392.0,163.0,0.4121562952243126,0.21759559919012875,5.251575103995905,teammate,125,136,True
101,106,1235.0,21.0,0.20669456066945607,0.02737691472146483,3.0719214119115374,teammate,2,5,True
101,97,976.0,16.0,0.5267134376686454,0.14244016345592528,2.8487778605973277,teammate,2,135,True
106,86,11524.0,170.0,0.3191713288650086,0.17742059643126568,5.263035552403397,teammate,5,125,True
106,97,820.0,14.0,0.44252563410685375,0.019804849772968796,2.6855773452501515,teammate,5,135,True
86,97,401.0,7.0,0.21640582838640043,0.010676819851962298,2.0390534807745477,teammate,125,135,True
97,99,298.0,6.0,0.16082029141932003,0.010207227264942628,1.7861884241785997,teammate,135,136,True
103,106,24289.0,296.0,0.6016447449902157,0.32230626326963907,6.005901497683524,teammate,3,5,True
103,86,17924.0,274.0,0.4964271866171827,0.23139684998709012,5.702893190471317,teammate,3,125,True
103,97,438.0,7.0,0.2363734484619536,0.007216647718847314,2.1162555148025524,teammate,3,135,True
103,99,9808.0,134.0,0.3548480463096961,0.12719491635326158,5.102707915427147,teammate,3,136,True
22,34,10596.0,126.0,0.4489069649211998,0.16804377131076045,5.17953383055807,teammate,79,89,True
103,91,3176.0,51.0,0.2854831460674157,0.04724292323024975,3.9877487159562817,teammate,3,133,True
106,91,3855.0,56.0,0.34651685393258425,0.08091769694170987,4.178226046202803,teammate,5,133,True
86,91,3814.0,56.0,0.3428314606741573,0.08784577469654743,4.1676982817448405,teammate,125,133,True
91,97,1144.0,19.0,0.6173772261198057,0.09667061010647288,2.9990600636466658,teammate,133,135,True
107,91,6689.0,90.0,0.6012584269662922,0.12107663903269016,4.722805062521306,teammate,6,133,True
107,97,673.0,10.0,0.3631948192120885,0.012944797076360839,2.502801139664551,teammate,6,135,True
22,24,3407.0,48.0,0.144339942382647,0.06829845240959025,4.056700383462923,teammate,79,81,True
10874,24,4769.0,67.0,0.16064270556135682,0.07962400240424751,4.388050123651441,teammate,21,81,True
24,34,15587.0,158.0,0.5250446323306498,0.2429887601914353,5.5636899220799565,teammate,81,89,True
101,91,1174.0,18.0,0.19648535564853556,0.07371593620494789,3.0236716422432326,teammate,2,133,True
79,91,3709.0,49.0,0.33339325842696627,0.06328811534851975,4.140220431045035,teammate,120,133,True
89,91,4710.0,66.0,0.42337078651685395,0.06386873686351617,4.375757021660286,teammate,130,133,True
103,83,3419.0,47.0,0.41128353181763505,0.05327868852459016,4.060155612929841,teammate,3,123,True
106,83,4276.0,59.0,0.5143750751834476,0.09628895694469465,4.280362980897381,teammate,5,123,True
83,86,1180.0,17.0,0.14194634909178394,0.027290177848701403,3.028522096376982,teammate,123,125,True
83,91,3161.0,40.0,0.38024780464332975,0.19420040548012532,3.983102587109098,teammate,123,133,True
107,83,3121.0,39.0,0.3754360639961506,0.055730152494553764,3.9706063295270435,teammate,6,123,True
83,89,748.0,9.0,0.08997955010224949,0.009987315575138527,2.6002174962989946,teammate,123,130,True
83,97,944.0,14.0,0.5094441446303292,0.10236391238343093,2.817402738029574,teammate,123,135,True
89,97,737.0,12.0,0.397733405288721,0.010767612424392952,2.5865101165681144,teammate,130,135,True
83,99,1715.0,28.0,0.20630338024780465,0.05009054267188504,3.3872111396874156,teammate,123,136,True
79,83,2128.0,24.0,0.25598460242992904,0.03708997106703385,3.596398601319771,teammate,120,123,True
19,34,353.0,9.0,0.12789855072463768,0.006729706028138941,1.929103030738932,teammate,76,89,True
10872,23,2482.0,38.0,0.4901263823064771,0.043403749300503634,3.7463618895272988,teammate,19,80,True
10876,23,681.0,9.0,0.13447867298578198,0.043752007709604884,2.513656063073986,teammate,23,80,True
22,23,1327.0,20.0,0.26204581358609796,0.04853516696536338,3.140553858092731,teammate,79,80,True
23,29,1825.0,29.0,0.3603870458135861,0.025896442609226227,3.4473385376600105,teammate,80,85,True
91,99,1279.0,15.0,0.11496629213483146,0.03411940457770901,3.1053337834690717,teammate,133,136,True
23,28,1356.0,19.0,0.2677725118483412,0.05268884053465962,3.1612467120315646,teammate,80,84,True
24,28,3220.0,35.0,0.14617759215543855,0.06639859779358696,4.001254139156089,teammate,81,84,True
10872,10873,4329.0,74.0,0.5182569136837064,0.0738409579367516,4.292512127466133,teammate,19,20,True
10872,25,4491.0,72.0,0.47110038812545896,0.07529676078063174,4.328757705794541,teammate,19,82,True
10873,10874,3939.0,63.0,0.47156710164012927,0.1,4.199455046624718,teammate,20,21,True
10873,10875,1588.0,24.0,0.19011133724410392,0.040853078130225616,3.312973148247316,teammate,20,22,True
10873,25,385.0,10.0,0.046091224709685144,0.02199874292897549,2.0037297199441397,teammate,20,82,True
10874,25,960.0,18.0,0.10070282177698521,0.022044134193666905,2.833213344056216,teammate,21,82,True
10872,19,508.0,7.0,0.18405797101449275,0.008935167270552644,2.247776856499051,teammate,19,76,True
10873,19,1882.0,25.0,0.6818840579710145,0.2038782363774239,3.4771290866291698,teammate,20,76,True
10873,23,1743.0,26.0,0.34419431279620855,0.14930615041973616,3.4028626609812167,teammate,20,80,True
19,23,1637.0,24.0,0.5931159420289855,0.2645870373363504,3.3422727030121258,teammate,76,80,True
19,25,162.0,2.0,0.058695652173913045,0.013354216470200313,1.308332819650179,teammate,76,82,True
23,25,260.0,3.0,0.05134281200631911,0.018134895724349585,1.6739764335716716,teammate,80,82,True
10893,110,2539.0,32.0,0.37234198562839127,0.042540001675462846,3.7685374724193896,teammate,40,44,True
10893,118,3707.0,52.0,0.543628097961578,0.06525833993486489,4.13968964546994,teammate,40,48,True
10893,121,3460.0,37.0,0.5074057779733099,0.08164999056069473,4.071871706370042,teammate,40,51,True
10893,45,3481.0,37.0,0.5104854084176565,0.08794179319404795,4.077819889889803,teammate,40,98,True
110,45,22093.0,244.0,0.6095461442957649,0.31762439438158635,5.9113836442605745,teammate,44,98,True
118,45,20219.0,217.0,0.5578424610291075,0.2900070282132561,5.822996584602563,teammate,48,98,True
121,45,8535.0,99.0,0.2354807559663402,0.12790924213586705,4.964591355594849,teammate,51,98,True
10894,45,10479.0,117.0,0.5090352666860973,0.226074387297204,5.168493378711836,teammate,41,98,True
109,45,7109.0,104.0,0.2281157746117315,0.117893864013267,4.783176891630772,teammate,42,98,True
10894,123,716.0,10.0,0.07417383196933595,0.024252277885038784,2.559807957961118,teammate,41,53,True
123,45,1286.0,23.0,0.13322283228012016,0.02882632475567112,3.1105479479825724,teammate,53,98,True
103,10889,8743.0,114.0,0.5672852322865299,0.13257615964334996,4.988503289238805,teammate,3,36,True
107,10889,7167.0,104.0,0.46502725149234364,0.12136144272288545,4.79123472906088,teammate,6,36,True
10889,79,4551.0,56.0,0.2952893848948871,0.07334407735697018,4.341855469984605,teammate,36,120,True
10889,89,11005.0,132.0,0.7140539839086426,0.15340758604346433,5.217197690263049,teammate,36,130,True
10889,86,4425.0,70.0,0.2871139371917986,0.09396300936444907,4.314149212270796,teammate,36,125,True
106,10889,3310.0,47.0,0.21476771347002335,0.06308006022144722,4.028323461124307,teammate,5,36,True
10893,10894,1906.0,30.0,0.27951312509165566,0.07474802933448371,3.489411738485011,teammate,40,41,True
10893,109,2889.0,47.0,0.4236691597008359,0.08232176440417166,3.8948768465931756,teammate,40,42,True
10893,119,1679.0,18.0,0.24622378647895585,0.09265493074333646,3.3667209521321824,teammate,40,49,True
10893,122,3403.0,51.0,0.4990467810529403,0.1435259384226065,4.0555459821803215,teammate,40,52,True
10894,119,1354.0,16.0,0.1043062938140359,0.04203271970943408,3.1598332842344172,teammate,41,49,True
109,119,2803.0,37.0,0.2159309760419074,0.06780029993710997,3.8652807428760143,teammate,42,49,True
119,122,3825.0,55.0,0.2946614282412757,0.1298811544991511,4.1705337005796475,teammate,49,52,True
119,121,5492.0,70.0,0.4230798859872121,0.1180922891669892,4.52756893996454,teammate,49,51,True
10893,123,334.0,8.0,0.04898078897199003,0.020696492750030982,1.882006347075833,teammate,40,53,True
107,95,723.0,12.0,0.21165105386416863,0.013513260938638956,2.5687881337687024,teammate,6,134,True
10889,95,1916.0,20.0,0.5608899297423887,0.11329233680227058,3.4944853160857123,teammate,36,134,True
10889,99,4889.0,60.0,0.31722034778094993,0.12810837722401278,4.412596252729785,teammate,36,136,True
89,95,1897.0,21.0,0.555327868852459,0.02755305087946085,3.4848234051739757,teammate,130,134,True
95,99,292.0,4.0,0.08548009367681499,0.009491613574307632,1.7692866133759964,teammate,134,136,True
122,45,2392.0,30.0,0.11786734995565191,0.04417603930042292,3.7103147348340015,teammate,52,98,True
110,119,4997.0,61.0,0.3849472305677529,0.07883071195317799,4.434184138857883,teammate,44,49,True
119,123,1024.0,18.0,0.1060810110846369,0.047385469689958354,2.894068619777491,teammate,49,53,True
119,45,3480.0,50.0,0.26808412294892536,0.0760722248939798,4.07753744390572,teammate,49,98,True
101,10889,1999.0,26.0,0.33456066945606694,0.10310501341035692,3.5356311448056887,teammate,2,36,True
86,89,8241.0,122.0,0.228244613083698,0.08656967277693156,4.929786706232935,teammate,125,130,True
10877,10880,37390.0,462.0,0.7275734578711812,0.42460168750496824,6.436417426723265,teammate,24,27,True
10877,10881,43901.0,499.0,0.7991880870894925,0.5159360676930309,6.596713593989411,teammate,24,28,True
10877,39,17037.0,183.0,0.6630730909940064,0.2059698244595967,5.652313726281008,teammate,24,92,True
10877,40,46058.0,548.0,0.741555305103848,0.5111251678485423,6.6446140460861685,teammate,24,94,True
10880,10881,21852.0,269.0,0.42521891418563923,0.25869539481472714,5.900445148720813,teammate,27,28,True
10880,39,14285.0,182.0,0.555966373472406,0.2274717750282648,5.476812166193365,teammate,27,92,True
10880,40,33478.0,425.0,0.6514496983848997,0.4183599510134713,6.326089841084954,teammate,27,94,True
10881,39,15364.0,175.0,0.5979606133727718,0.23542030584413595,5.549335454628226,teammate,28,92,True
10881,40,34899.0,419.0,0.6353127503094735,0.4248566524232132,6.367586663019273,teammate,28,94,True
39,40,15034.0,167.0,0.5851171479722892,0.2065961247766937,5.527708030622713,teammate,92,94,True
10875,26,2461.0,40.0,0.7709899749373433,0.07494594512287968,3.7380663649658192,teammate,22,83,True
21,26,2156.0,37.0,0.6754385964912281,0.046092012998118694,3.609114485645074,teammate,78,83,True
22,26,1137.0,20.0,0.35620300751879697,0.04431193733193032,2.9932291433358724,teammate,79,83,True
26,34,1644.0,29.0,0.5150375939849624,0.031863552669832346,3.3463891451671604,teammate,83,89,True
10872,26,994.0,14.0,0.31140350877192985,0.0175,2.866003166879207,teammate,19,83,True
10877,10879,20414.0,273.0,0.6103752429361639,0.23440119416695374,5.832566505257615,teammate,24,26,True
10877,47,8262.0,106.0,0.40428655314151496,0.09581018867486925,4.932313327320786,teammate,24,99,True
10879,10881,16816.0,229.0,0.5027956346240096,0.23498833163315214,5.639303211022129,teammate,26,28,True
10879,39,7335.0,93.0,0.28547520821981787,0.141591382904795,4.814214812922799,teammate,26,92,True
10879,47,8507.0,114.0,0.41627520062634565,0.18748622559174857,4.961328329741943,teammate,26,99,True
10881,47,10215.0,131.0,0.4998532002348796,0.15678479885807253,5.143124477142335,teammate,28,99,True
39,47,4028.0,58.0,0.1971031513016246,0.09567241461213244,4.22146656966144,teammate,92,99,True
10877,48,3036.0,53.0,0.4166323589954714,0.03876899501979313,3.9435216724875173,teammate,24,100,True
10879,48,1548.0,27.0,0.2124331000411692,0.03950592078399347,3.288401887516811,teammate,26,100,True
10881,48,2263.0,37.0,0.3105530396596679,0.037744345853625995,3.6562701705483085,teammate,28,100,True
47,48,1544.0,21.0,0.21188417730204473,0.05897857061003094,3.2859112262043593,teammate,99,100,True
10879,10882,1049.0,22.0,0.26550240445456846,0.02886070377197568,2.9168694251282665,teammate,26,29,True
10879,44,4265.0,61.0,0.22519668409102908,0.08863442714935887,4.277822857143879,teammate,26,97,True
10881,10882,1523.0,26.0,0.38547203239686156,0.02655160390516039,3.2727324976589114,teammate,28,29,True
10881,44,11637.0,129.0,0.6144463804847141,0.1869878201626121,5.272743115428606,teammate,28,97,True
10882,44,610.0,11.0,0.15439129334345736,0.027378815080789945,2.412933150162911,teammate,29,97,True
10882,48,425.0,4.0,0.10756770437863832,0.03930454083048183,2.0898043287153825,teammate,29,100,True
44,48,1575.0,19.0,0.21613832853025935,0.06389193136181089,3.305053521109253,teammate,97,100,True
10880,10882,2005.0,30.0,0.5074664641862819,0.037591870406479676,3.5385409431730324,teammate,27,29,True
10880,44,8534.0,111.0,0.45060457257510955,0.13810178817056395,4.96447500211284,teammate,27,97,True
10882,39,1204.0,16.0,0.3047329789926601,0.04233325129214866,3.0476920124847022,teammate,29,92,True
10882,40,2729.0,42.0,0.6907112123513035,0.043090380850123164,3.839093825405388,teammate,29,94,True
39,44,3249.0,44.0,0.17155076825597973,0.07850860235839938,4.0100567456995115,teammate,92,97,True
40,44,9462.0,111.0,0.49960399176302867,0.13217483621327894,5.0670156275323635,teammate,94,97,True
10876,26,130.0,2.0,0.040726817042606514,0.009126649817467004,1.1526795099383853,teammate,23,83,True
24,26,636.0,11.0,0.19924812030075187,0.01972521167385169,2.451005098112319,teammate,81,83,True
26,29,1044.0,18.0,0.32706766917293234,0.01504713037963737,2.91235066461494,teammate,83,85,True
10879,40,11688.0,178.0,0.3494692779189714,0.13936351604325897,5.27709373009641,teammate,26,94,True
40,47,9263.0,113.0,0.4532687414366804,0.12640039299701158,5.0458951820745925,teammate,94,99,True
10879,10880,16604.0,237.0,0.49645686948721784,0.2433497970130879,5.626661420718707,teammate,26,27,True
10880,47,7291.0,105.0,0.35677236249755334,0.11297745409467731,4.808247075151987,teammate,27,99,True
10877,10882,900.0,15.0,0.22779043280182232,0.011671637919854753,2.772588722239781,teammate,24,29,True
10882,47,2295.0,33.0,0.5808656036446469,0.10388375882672461,3.6699514442284173,teammate,29,99,True
10877,113,4398.0,60.0,0.40267350302142463,0.054577268158296416,4.308110951723713,teammate,24,46,True
10879,113,4528.0,61.0,0.4145760849661234,0.11365747132207134,4.3368549160271606,teammate,26,46,True
10881,113,5713.0,83.0,0.5230726973081853,0.09499343210122878,4.566602592838833,teammate,28,46,True
10882,113,1018.0,15.0,0.25765628954695013,0.07347527968242512,2.8885181892468417,teammate,29,46,True
113,48,1384.0,14.0,0.189927267737066,0.08225854383358099,3.180827757230671,teammate,46,100,True
10880,113,6794.0,99.0,0.6220472440944882,0.12237472531431247,4.738243140212454,teammate,27,46,True
113,40,3874.0,59.0,0.35469694195202345,0.05601665750889268,4.183067436726904,teammate,46,94,True
19,21,91.0,3.0,0.03297101449275362,0.0018798157367431675,0.9229352745928237,teammate,76,78,True
19,24,1082.0,19.0,0.39202898550724635,0.03449705085286147,2.946191827993855,teammate,76,81,True
10877,44,10833.0,111.0,0.5719942974813876,0.13184445931966166,5.201531097860345,teammate,24,97,True
10875,23,1899.0,27.0,0.375,0.053840265373819855,3.48584485572244,teammate,22,80,True
23,34,128.0,3.0,0.02527646129541864,0.0023279922885255443,1.1420974006078486,teammate,80,89,True
25,34,3335.0,52.0,0.3498374069023392,0.05929415948084274,4.0357144777706955,teammate,82,89,True
10871,10872,597.0,12.0,0.5067911714770797,0.010818549190874,2.3933394562625097,teammate,18,19,True
10871,10875,335.0,8.0,0.2843803056027165,0.010167228140459499,1.8845412026790211,teammate,18,22,True
10871,10876,91.0,2.0,0.07724957555178268,0.007417067405656533,0.9229352745928237,teammate,18,23,True
10871,22,355.0,6.0,0.30135823429541597,0.014533098620379088,1.9339339580085977,teammate,18,79,True
10871,23,708.0,10.0,0.601018675721562,0.12793639320563788,2.5494451709255714,teammate,18,80,True
10880,48,3731.0,61.0,0.5120076849183477,0.06790303206784844,4.146040553294234,teammate,27,100,True
113,44,924.0,17.0,0.08459989013001282,0.03193143726025504,2.797281334830153,teammate,46,97,True
10860,54,23961.0,298.0,0.6070840406394892,0.27607701259347167,5.992339164518643,teammate,8,103,True
10860,57,19679.0,258.0,0.4985938331348653,0.2487643318543239,5.796007090920887,teammate,8,106,True
10860,62,10026.0,131.0,0.2899363794100636,0.1565999718851038,5.12455904041457,teammate,8,110,True
10860,68,16166.0,215.0,0.40958727102282805,0.1885401723755875,5.60002561073291,teammate,8,112,True
54,57,51254.0,528.0,0.864069322453934,0.6459556877473345,6.751374336188536,teammate,103,106,True
54,62,26368.0,274.0,0.7625216888374783,0.3316938172212089,6.087834770927675,teammate,103,110,True
54,68,54428.0,603.0,0.8716848174247277,0.6863988902200643,6.811391210699053,teammate,103,112,True
57,62,20333.0,193.0,0.5879988432620011,0.2763987820129411,5.828602421470246,teammate,106,110,True
57,68,44196.0,476.0,0.7450815112025221,0.5698224623199803,6.603401672242384,teammate,106,112,True
62,68,25723.0,265.0,0.7438692886061307,0.36078656885983984,6.063126076779209,teammate,110,112,True
10860,16,15122.0,190.0,0.383136132154349,0.187636489974191,5.533521232354613,teammate,8,75,True
10860,58,28137.0,368.0,0.7128885961134055,0.4277439951352995,6.152626306066311,teammate,8,107,True
16,54,39556.0,431.0,0.7032802915814739,0.4496430682489883,6.492643793822167,teammate,75,103,True
16,57,33449.0,350.0,0.5947017512667793,0.4073532814536066,6.325224776225721,teammate,75,106,True
16,58,31503.0,406.0,0.5785887452248016,0.39781538072989014,6.265396265254297,teammate,75,107,True
54,58,32828.0,423.0,0.60292389068469,0.3533578033002164,6.306518566355614,teammate,103,107,True
57,58,22416.0,294.0,0.4116955627387599,0.24538856473524615,5.925858790009988,teammate,106,107,True
16,62,19686.0,227.0,0.5692886061307114,0.2767258465820436,5.796361655949294,teammate,75,110,True
16,68,28669.0,311.0,0.5097164192372655,0.3184878243867757,6.171317782323326,teammate,75,112,True
58,62,10461.0,140.0,0.3025159051474841,0.13314750467753636,5.166783976586187,teammate,107,110,True
58,68,27468.0,386.0,0.5044813399941228,0.3071796018787743,6.128614385255216,teammate,107,112,True
12,16,23654.0,332.0,0.5894637161084529,0.3252795005431868,5.979476307795915,teammate,50,75,True
12,58,27894.0,393.0,0.6951255980861244,0.41831378782879935,6.143971018822751,teammate,50,107,True
12,62,9667.0,147.0,0.27955465587044537,0.14862932611737212,5.08831624064734,teammate,50,110,True
12,68,16016.0,237.0,0.3991228070175439,0.18504482854237914,5.590738193346991,teammate,50,112,True
10860,12,21360.0,294.0,0.5411842205275026,0.3667771348112025,5.877735781779639,teammate,8,50,True
10860,56,559.0,7.0,0.31961120640365925,0.013748493568459627,2.3337607104624953,teammate,8,105,True
12,56,759.0,10.0,0.4339622641509434,0.018459069020866775,2.613739521630969,teammate,50,105,True
56,58,355.0,5.0,0.2029731275014294,0.006357222162529996,1.9339339580085977,teammate,105,107,True
56,62,138.0,2.0,0.07890222984562607,0.0038131027050924264,1.1939224684724346,teammate,105,110,True
56,68,300.0,3.0,0.17152658662092624,0.004695644007575639,1.791759469228055,teammate,105,112,True
10889,83,243.0,3.0,0.029231324431613137,0.010348351929137212,1.6193882432872684,teammate,36,123,True
12,57,10753.0,164.0,0.26796750398724084,0.12123979614846886,5.194159830723437,teammate,50,106,True
10889,91,373.0,6.0,0.03352808988764045,0.014256229934260817,1.9763931657803893,teammate,36,133,True
12,54,12570.0,177.0,0.3132476076555024,0.12717394603454032,5.349485653122436,teammate,50,103,True
101,83,1336.0,18.0,0.22359832635983265,0.10315009264978382,3.147021721100217,teammate,2,123,True
101,95,1339.0,21.0,0.39197892271662765,0.16629408842523596,3.1491684124433803,teammate,2,134,True
103,95,563.0,12.0,0.1648126463700234,0.009061499090631087,2.3402019565653522,teammate,3,134,True
83,95,1078.0,15.0,0.3155737704918033,0.10121115388226458,2.9426830524641754,teammate,123,134,True
91,95,671.0,12.0,0.19642857142857142,0.048377793799567415,2.5000688975276777,teammate,133,134,True
95,97,672.0,12.0,0.36265515380464114,0.14618229279965195,2.501435951739211,teammate,134,135,True
10884,3129,1368.0,24.0,0.1565934065934066,0.043277443846883895,3.169685580677429,teammate,31,87,True
10884,55,1289.0,19.0,0.19935044849984535,0.09264716452238914,3.1127742939856553,teammate,31,104,True
10884,56,1308.0,17.0,0.7478559176672385,0.14253023864007847,3.126760535960395,teammate,31,105,True
10884,64,1479.0,19.0,0.7679127725856698,0.16105847762169226,3.2445435716167785,teammate,31,111,True
3129,55,422.0,6.0,0.0652644602536344,0.01393383081291686,2.0835995518284998,teammate,87,104,True
3129,56,308.0,5.0,0.1761006289308176,0.011992368492777324,1.8137383759468304,teammate,87,105,True
3129,64,552.0,8.0,0.2866043613707165,0.021549031855090568,2.322387720290225,teammate,87,111,True
55,56,1112.0,14.0,0.6357918810748999,0.15655356891454314,2.972122407914857,teammate,104,105,True
55,64,1229.0,17.0,0.6381100726895119,0.17157615524221695,3.0672774407170866,teammate,104,111,True
56,64,1107.0,14.0,0.6329331046312179,0.4310747663551402,2.9678470700644555,teammate,105,111,True
10,10868,9245.0,108.0,0.7258381094449242,0.15703560266340535,5.043962606854251,teammate,1,15,True
10,10870,11321.0,129.0,0.635725516621743,0.1829893157903244,5.245356015059789,teammate,1,17,True
10,4,7979.0,92.0,0.43104100264707473,0.12105534652263625,4.89771541410586,teammate,1,93,True
10,5,17344.0,249.0,0.4115511472842465,0.21631599296573917,5.67011078161847,teammate,1,101,True
10868,10870,6437.0,66.0,0.5053780325037293,0.26700680272108845,4.68475124865843,teammate,15,17,True
10868,4,5360.0,51.0,0.4208212294888906,0.20704573547589616,4.503506532211591,teammate,15,93,True
10868,5,2879.0,34.0,0.2260343880034545,0.05536431991692468,3.8914801041968166,teammate,15,101,True
10870,4,9324.0,86.0,0.5235849056603774,0.3453972957955177,5.052416828111211,teammate,17,93,True
10870,5,3482.0,35.0,0.19553009883198563,0.061662150914661144,4.078102256120678,teammate,17,101,True
4,5,6965.0,89.0,0.37626276268164877,0.12972862225036785,4.762885931979846,teammate,93,101,True
10868,14,7099.0,88.0,0.5573525948025437,0.11239352775402932,4.7817810231740845,teammate,15,65,True
10870,14,11174.0,129.0,0.6274707996406109,0.17416378316032297,5.232355610870277,teammate,17,65,True
14,4,9245.0,89.0,0.4994327697045,0.1384189249887708,5.043962606854251,teammate,65,93,True
14,5,18104.0,222.0,0.4295849844576798,0.22196339026274167,5.712852329995741,teammate,65,101,True
34,867,1107.0,13.0,0.09601040763226366,0.018306598313213164,2.9678470700644555,teammate,89,126,True
10,10869,22205.0,308.0,0.6666966912868553,0.3340052044945172,5.916426655533702,teammate,1,16,True
10,13,4313.0,56.0,0.400352733686067,0.06974450194049159,4.28885998919082,teammate,1,56,True
10,14,27795.0,331.0,0.5018959913326111,0.32658120762786547,6.140423200232815,teammate,1,65,True
10869,10870,6099.0,85.0,0.3424865229110512,0.13548817060979673,4.6313251434649425,teammate,16,17,True
10869,13,1967.0,23.0,0.1825860948667966,0.04670877659574468,3.5199675842298994,teammate,16,56,True
10869,14,19156.0,265.0,0.5751516243319522,0.2672656751402182,5.769153982097664,teammate,16,65,True
10870,13,2407.0,27.0,0.22342894272718833,0.0919614885000382,3.716413554307256,teammate,17,56,True
13,14,4918.0,56.0,0.4565116494941056,0.0775966802884236,4.418438920705436,teammate,56,65,True
10,3,5046.0,88.0,0.24641078230295926,0.07125910862565667,4.443827035579329,teammate,1,86,True
10869,3,5116.0,79.0,0.2498290848715695,0.10512040766006411,4.457443273958636,teammate,16,86,True
10870,3,3827.0,44.0,0.21490341419586703,0.1110595200092864,4.171048368630123,teammate,17,86,True
13,3,3072.0,41.0,0.2851573377889167,0.10901735334823805,3.955082494888593,teammate,56,86,True
1,10868,4298.0,56.0,0.33744209782523354,0.06124426458434267,4.285423953282464,teammate,0,15,True
1,10869,21215.0,285.0,0.6369723173001861,0.2873493159962075,5.870943391219474,teammate,0,16,True
1,14,36633.0,390.0,0.6368298449342883,0.443337770785429,6.415996717933372,teammate,0,65,True
1,3,10313.0,153.0,0.5036136341439593,0.14342734757454384,5.152616993209727,teammate,0,86,True
10868,10869,3562.0,61.0,0.2796576901939232,0.0838492502530543,4.100437076221258,teammate,15,16,True
10868,3,1549.0,24.0,0.12161419486535291,0.048916819301458976,3.2890235847702827,teammate,15,86,True
14,3,6919.0,88.0,0.3378747924602012,0.09733691599960609,4.756316356795051,teammate,65,86,True
1,10,33361.0,417.0,0.6024015890213074,0.39830225172520833,6.322595161681898,teammate,0,1,True
1,5,25812.0,345.0,0.6124860593692902,0.33062636095811454,6.066572019594787,teammate,0,101,True
10869,5,9158.0,131.0,0.27496547168678315,0.13814846660934366,5.034568811058353,teammate,16,101,True
10874,26,497.0,7.0,0.15570175438596492,0.013193172466884341,2.2282206777051834,teammate,21,83,True
26,867,1097.0,18.0,0.34367167919799496,0.08051376146788991,2.959241164971576,teammate,83,126,True
10869,4,1619.0,32.0,0.08746150937280536,0.03225228096736922,3.33160909485544,teammate,16,93,True
13,5,5692.0,67.0,0.5283579318667038,0.12053193291546671,4.562958337178782,teammate,56,101,True
10,7,435.0,9.0,0.4657387580299786,0.007784677606972208,2.1102132003465894,teammate,1,113,True
10869,7,795.0,14.0,0.8511777301927195,0.023770369262969052,2.6567569067146595,teammate,16,113,True
10870,7,585.0,9.0,0.6263383297644539,0.03221897890620697,2.3749057545736716,teammate,17,113,True
5,7,299.0,6.0,0.32012847965738755,0.006989574080134649,1.7889778262661782,teammate,101,113,True
1,10870,2590.0,35.0,0.14544025157232704,0.0336551580752888,3.787970356758167,teammate,0,17,True
1,4,4499.0,64.0,0.24304467613851224,0.05939195522171324,4.330514017991341,teammate,0,93,True
1,13,4341.0,48.0,0.40295182400445556,0.06367810359243667,4.295242504588991,teammate,0,56,True
3,4,3704.0,48.0,0.20009723947922856,0.10497378489443106,4.13889293848317,teammate,86,93,True
10892,10893,833.0,11.0,0.12215867429241824,0.05911155265398808,2.7002420186543983,teammate,39,40,True
10892,45,1501.0,16.0,0.18517147791759192,0.035029171528588095,3.2587373582933314,teammate,39,98,True
10872,32,17612.0,270.0,0.6866812227074236,0.2811711740477027,5.685392182877853,teammate,19,88,True
10875,32,2843.0,45.0,0.11084684965689333,0.05177468995283276,3.8791554018025294,teammate,22,88,True
21,32,11127.0,170.0,0.4338349968808484,0.18464678647881713,5.22816310662483,teammate,78,88,True
24,32,3409.0,49.0,0.13291484716157206,0.06565111889997303,4.057277084747649,teammate,81,88,True
22,32,6359.0,90.0,0.26940349093374005,0.14825262863404284,4.672673059089678,teammate,79,88,True
32,34,9603.0,138.0,0.3744151590767311,0.1452974641408945,5.081714875777208,teammate,88,89,True
10874,22,3592.0,52.0,0.15217759701745467,0.06532334327489635,4.108685679492758,teammate,21,79,True
10874,32,11543.0,170.0,0.4500545851528384,0.23518265724007253,5.264674402125444,teammate,21,88,True
26,32,802.0,13.0,0.25125313283208023,0.028604037377844355,2.6649107084415924,teammate,83,88,True
21,23,459.0,7.0,0.09063981042654029,0.009117092064753203,2.157559320943788,teammate,78,80,True
23,24,415.0,6.0,0.08195102685624013,0.012086439888164026,2.0689702418125404,teammate,80,81,True
10871,10873,824.0,17.0,0.6994906621392191,0.09463649936832434,2.690112500415543,teammate,18,20,True
10871,21,80.0,1.0,0.06791171477079797,0.0017080148597292796,0.8472978603872036,teammate,18,78,True
10871,26,80.0,1.0,0.06791171477079797,0.018648018648018648,0.8472978603872036,teammate,18,83,True
10871,34,240.0,6.0,0.2037351443123939,0.004707266843189173,1.6094379124341003,teammate,18,89,True
10873,21,312.0,6.0,0.037351849634861725,0.005801305293691081,1.824549292051046,teammate,20,78,True
10873,26,80.0,1.0,0.02506265664160401,0.006977758395115569,0.8472978603872036,teammate,20,83,True
10873,34,1823.0,33.0,0.21824494193702862,0.03222157413790056,3.4462769664350517,teammate,20,89,True
10877,8889,45841.0,549.0,0.8441862178188648,0.5555138148327678,6.639897620081588,teammate,24,129,True
10881,8889,21580.0,234.0,0.3974070936613753,0.24619526775731854,5.887954170738317,teammate,28,129,True
39,48,2049.0,23.0,0.2811856731165088,0.06624207939997413,3.5596246182566738,teammate,92,100,True
39,8889,12085.0,124.0,0.470343270802522,0.17795349796056603,5.310328279214172,teammate,92,129,True
48,8889,2617.0,44.0,0.35913270207218334,0.044376992471003185,3.798107481298252,teammate,100,129,True
10865,10869,14540.0,237.0,0.4419452887537994,0.2814229861030465,5.494432245474327,teammate,13,16,True
10865,10870,7001.0,104.0,0.3931379155435759,0.16018029148648957,4.767997401294246,teammate,13,17,True
10865,13,2883.0,41.0,0.2676134781397939,0.07067908801176759,3.892840186011372,teammate,13,56,True
10865,14,12483.0,199.0,0.3794224924012158,0.16015960790854622,5.342573457802574,teammate,13,65,True
10879,8889,16797.0,228.0,0.5022275377485423,0.23674418604651162,5.638176717558207,teammate,26,129,True
10880,8889,19056.0,246.0,0.3708114419147694,0.21995475322037028,5.763936397475948,teammate,27,129,True
10865,10868,5402.0,79.0,0.4241187092721991,0.1342612153597614,4.511225739811549,teammate,13,15,True
10865,4,7890.0,116.0,0.42623305061855116,0.18129179017026265,4.886582645426277,teammate,13,93,True
40,48,902.0,18.0,0.12378207767256759,0.013168844441200088,2.7746698884436056,teammate,94,100,True
40,8889,35220.0,427.0,0.6485948952156458,0.43378657995861664,6.376726947898627,teammate,94,129,True
10,10865,14933.0,246.0,0.45389057750759876,0.20359387568680382,5.520994142272802,teammate,1,13,True
44,8889,10570.0,122.0,0.5581076086382597,0.16865855020663464,5.177090909113893,teammate,97,129,True
10865,3,5788.0,92.0,0.28264478953022754,0.12162218953561672,4.579510439207514,teammate,13,86,True
10,10863,4687.0,72.0,0.42764598540145987,0.07602225358052325,4.370923556329218,teammate,1,11,True
10863,10865,3295.0,59.0,0.30063868613138683,0.08122765931221497,4.023862487183681,teammate,11,13,True
10863,10868,1326.0,18.0,0.12098540145985401,0.05927316615260829,3.139832617527748,teammate,11,15,True
10863,10869,3260.0,54.0,0.29744525547445255,0.07950056089352778,4.013375499688434,teammate,11,16,True
10863,14,3015.0,48.0,0.2750912408759124,0.04605233011043395,3.9367156180185177,teammate,11,65,True
10865,7,418.0,8.0,0.4475374732334047,0.012508977735216663,2.075266170269355,teammate,13,113,True
14,7,587.0,10.0,0.6284796573875803,0.010143249641443901,2.3780017322788,teammate,65,113,True
10,2,1817.0,29.0,0.28832116788321166,0.030351624488432306,3.443085474364408,teammate,1,77,True
10865,2,2617.0,50.0,0.41526499523960647,0.07153204865381987,3.798107481298252,teammate,13,77,True
10869,2,172.0,7.0,0.02729292288162488,0.0043614971092402885,1.3523928094442093,teammate,16,77,True
10870,2,719.0,16.0,0.11409076483655982,0.03073831815655594,2.5636664836486474,teammate,17,77,True
10887,10888,21155.0,204.0,0.6243912517340102,0.2542271039380866,5.868119195414325,teammate,34,35,True
10887,75,46612.0,505.0,0.7761422672172639,0.5553609512575807,6.656555129885402,teammate,34,116,True
10887,76,49347.0,514.0,0.7952523689808547,0.5931700163477257,6.713502831320217,teammate,34,117,True
10887,90,13213.0,126.0,0.7830854027143958,0.1782000620389227,5.399142613404101,teammate,34,132,True
10888,75,21616.0,208.0,0.6379976978247396,0.29888967243262676,5.8896163744639045,teammate,35,116,True
10888,76,25564.0,255.0,0.7545231840854756,0.36328496923361137,6.056940129066893,teammate,35,117,True
10888,90,6285.0,57.0,0.3724885912404433,0.14133441273696282,4.661077817926388,teammate,35,132,True
75,76,42379.0,436.0,0.705658052484348,0.5315380852638313,6.5614784675514946,teammate,116,117,True
75,90,10423.0,98.0,0.6177324719966811,0.15672270171112382,5.163165614230472,teammate,116,132,True
76,90,11454.0,98.0,0.6788360101938008,0.16976182359828668,5.256974403013654,teammate,117,132,True
10862,10887,29940.0,394.0,0.5363861120068795,0.31069371659835004,6.214608098422191,teammate,10,34,True
10862,75,29665.0,392.0,0.5314593858611917,0.3441056038232667,6.205399159336882,teammate,10,116,True
10862,76,29563.0,382.0,0.5296320183453366,0.334775272628444,6.201961803387869,teammate,10,117,True
10862,90,9251.0,100.0,0.5482723878385587,0.14582282471626734,5.0446072136664295,teammate,10,132,True
10892,12668,1484.0,18.0,0.18307426597582038,0.06012965964343598,3.247787168362621,teammate,39,54,True
118,12668,7787.0,93.0,0.4312216192269354,0.12174035394909637,4.873542009905372,teammate,48,54,True
122,12668,6136.0,81.0,0.3397939971203899,0.19046436553265458,4.637314639314659,teammate,52,54,True
123,12668,4858.0,64.0,0.5032632342277013,0.21257602940532971,4.406312660554037,teammate,53,54,True
10862,82,5758.0,78.0,0.4797933505541205,0.09277968450395578,4.574367276833046,teammate,10,122,True
10887,82,6555.0,105.0,0.5462044829597533,0.08632610327525582,4.702750514326955,teammate,34,122,True
75,82,2994.0,44.0,0.24947921006582785,0.04335172234047174,3.929862923556477,teammate,116,122,True
76,82,5433.0,60.0,0.45271227397716857,0.07917516758962402,4.51688527112052,teammate,117,122,True
109,12668,6524.0,100.0,0.3612803189722007,0.1527940418754977,4.698053180134805,teammate,42,54,True
12668,45,6714.0,81.0,0.371801971425407,0.1410830233877577,4.726502471155617,teammate,54,98,True
10862,10888,10702.0,140.0,0.3158702517635253,0.13547349899363267,5.189432127827264,teammate,10,35,True
10862,71,2789.0,36.0,0.6624703087885986,0.04872551931375461,3.8603787722758076,teammate,10,114,True
10862,88,29412.0,366.0,0.752879741975119,0.44923020527859236,6.1968513768329325,teammate,10,128,True
10888,71,1207.0,12.0,0.28669833729216154,0.03272421646242273,3.0500626180990382,teammate,35,114,True
10888,82,3911.0,49.0,0.32588950920756604,0.0931833885301756,4.192428668909151,teammate,35,122,True
10888,88,11072.0,145.0,0.3267908267170391,0.17894141414141415,5.2232345604236805,teammate,35,128,True
71,82,1410.0,17.0,0.334916864608076,0.09526383352476184,3.1986731175506815,teammate,114,122,True
71,88,1747.0,22.0,0.4149643705463183,0.042066989332755426,3.405078728370128,teammate,114,128,True
82,88,4632.0,57.0,0.3859678360136655,0.09975234198341767,4.359269647551265,teammate,122,128,True
10894,12668,5080.0,58.0,0.28131576032783256,0.1513526397330473,4.45046379622711,teammate,41,54,True
110,12668,7453.0,96.0,0.41272566175656217,0.11290713528253295,4.83004557014706,teammate,44,54,True
10887,71,3001.0,40.0,0.7128266033254157,0.04185728632001785,3.932152376723312,teammate,34,114,True
10887,88,20968.0,281.0,0.536732708749296,0.23669921544279507,5.859265599717238,teammate,34,128,True
10862,87,23567.0,297.0,0.6657344632768362,0.3483614432898257,5.975800842641375,teammate,10,127,True
10887,87,20309.0,279.0,0.5737005649717514,0.23731566524106662,5.8274248539920395,teammate,34,127,True
71,87,1051.0,17.0,0.2496437054631829,0.027256930937005628,2.918671227417529,teammate,114,127,True
87,88,21252.0,250.0,0.6003389830508474,0.39936858721389107,5.872681011118015,teammate,127,128,True
10862,10885,22880.0,321.0,0.43018839544240967,0.2656634619850448,5.946292828461261,teammate,10,32,True
10885,10887,42042.0,482.0,0.7904711766254278,0.5150249292548175,6.553505962258243,teammate,32,34,True
10885,71,2879.0,35.0,0.6838479809976247,0.05280921547407231,3.8914801041968166,teammate,32,114,True
10885,87,9454.0,145.0,0.2670621468926554,0.11947126320578275,5.066175114770126,teammate,32,127,True
10885,76,36141.0,365.0,0.6795209265596209,0.45691998432304637,6.40249745951961,teammate,32,117,True
76,87,14301.0,191.0,0.4039830508474576,0.17198831042320598,5.477926915838518,teammate,117,127,True
10885,75,31851.0,340.0,0.5988606024141692,0.39133319408779843,6.276361494697674,teammate,32,116,True
75,87,13636.0,191.0,0.38519774011299435,0.16665851869958445,5.430514536159423,teammate,116,127,True
71,75,605.0,7.0,0.14370546318289787,0.009503463659069131,2.4054424784337534,teammate,114,116,True
71,90,734.0,11.0,0.17434679334916864,0.036070568578308516,2.582738899025035,teammate,114,132,True
87,90,2041.0,30.0,0.1209624844426006,0.040631469979296064,3.5558241386228997,teammate,127,132,True
113,39,3218.0,47.0,0.2946346822926204,0.0963530750344332,4.000644197081674,teammate,46,92,True
10877,43,37310.0,480.0,0.7585646030293789,0.43417040984941935,6.434278960257429,teammate,24,96,True
10880,43,25388.0,332.0,0.5161736301718003,0.3376647558753508,6.050047871206879,teammate,27,96,True
113,43,3225.0,43.0,0.2952755905511811,0.05669631869484195,4.00277736869661,teammate,46,96,True
43,44,6881.0,76.0,0.36332435714662864,0.11235569779403361,4.750856573117483,teammate,96,97,True
10882,43,1646.0,23.0,0.41660339154644394,0.031967372305302,3.347562165829524,teammate,29,96,True
113,47,1444.0,19.0,0.1322102179088079,0.04827171224175971,3.2215389422876846,teammate,46,99,True
43,47,9083.0,110.0,0.4444607555294578,0.15003799266576365,5.0263992759423255,teammate,96,99,True
40,43,27974.0,363.0,0.5687506353563078,0.33573768917799834,6.146828776000902,teammate,94,96,True
16,56,168.0,1.0,0.09605488850771869,0.0029052675267180854,1.33500106673234,teammate,75,105,True
10860,10884,4847.0,64.0,0.5548305860805861,0.1117902117256331,4.404073473867803,teammate,8,31,True
10884,12,5740.0,78.0,0.657051282051282,0.1331045357573509,4.5712686343124105,teammate,31,50,True
10884,16,3750.0,48.0,0.42925824175824173,0.06124348777579984,4.151039905898646,teammate,31,75,True
10884,58,5578.0,76.0,0.638507326007326,0.0968301912995174,4.5429401094519575,teammate,31,107,True
10881,43,23146.0,285.0,0.47059062722374706,0.2858554297217522,5.95782158268539,teammate,28,96,True
43,48,3188.0,57.0,0.4374914230822012,0.05983034306733729,3.991450139059468,teammate,96,100,True
10880,35,260.0,2.0,0.19726858877086495,0.004957291031116535,1.6739764335716716,teammate,27,90,True
35,43,560.0,9.0,0.424886191198786,0.011212782572132231,2.3353749158170367,teammate,90,96,True
35,44,318.0,3.0,0.24127465857359637,0.015948643362254877,1.840549633397487,teammate,90,97,True
35,48,355.0,3.0,0.26934749620637327,0.04303030303030303,1.9339339580085977,teammate,90,100,True
10882,35,183.0,2.0,0.13884673748103188,0.035981124655918205,1.3987168811184478,teammate,29,90,True
35,39,273.0,2.0,0.2071320182094082,0.010209805901492203,1.713797927758343,teammate,90,92,True
10893,12668,1783.0,27.0,0.26147528963191086,0.0772062007447822,3.4248053954477227,teammate,40,54,True
107,77,14691.0,204.0,0.43410554931741624,0.20998842212089594,5.504721593857949,teammate,6,118,True
10889,77,6639.0,97.0,0.430768232546068,0.15579021471312918,4.7153689782861665,teammate,36,118,True
77,79,8143.0,121.0,0.2406181667750133,0.10590729372593903,4.9179106577806495,teammate,118,120,True
77,89,20743.0,285.0,0.6129365876721234,0.2579044871874573,5.848507923836282,teammate,118,130,True
77,95,1487.0,17.0,0.43530444964871196,0.041569986860864945,3.2497282883509655,teammate,118,134,True
106,77,14351.0,204.0,0.424058861769399,0.2397347231966857,5.481402520616261,teammate,5,118,True
106,95,98.0,1.0,0.028688524590163935,0.002243127560713223,0.9682504708048661,teammate,5,134,True
77,86,12401.0,177.0,0.36643815377341765,0.21549342276747702,5.336014483720767,teammate,118,125,True
86,95,642.0,11.0,0.1879391100702576,0.016512345679012344,2.4595888418037104,teammate,125,134,True
103,77,9265.0,139.0,0.27377223568347026,0.11048834297298908,5.046109682289916,teammate,3,118,True
121,12668,5506.0,87.0,0.3049064126702846,0.10676957086621808,4.530087379863735,teammate,51,54,True
119,12668,1582.0,22.0,0.12187042600724135,0.05370540109311878,3.309325727790273,teammate,49,54,True
101,77,1878.0,32.0,0.31430962343096236,0.049500513982972665,3.475067230228611,teammate,2,118,True
118,119,2401.0,26.0,0.18496263770125568,0.03735627713036578,3.713978488168955,teammate,48,49,True
10863,5,4320.0,63.0,0.39416058394160586,0.08855543939487116,4.290459441148391,teammate,11,101,True
10865,5,9708.0,137.0,0.2950759878419453,0.14858804622331062,5.09252245356844,teammate,13,101,True
77,99,7675.0,108.0,0.2776772793053546,0.1426394335309532,4.859166200785066,teammate,118,136,True
44,47,1188.0,23.0,0.06272770473625851,0.03111006363422107,3.0349529867072724,teammate,97,99,True
79,95,707.0,5.0,0.2069672131147541,0.01311736984674756,2.5481422391451556,teammate,120,134,True
10879,43,9824.0,144.0,0.29373598445208554,0.13493393401642723,5.1043280048863995,teammate,26,96,True
43,8889,31583.0,398.0,0.6421266646335265,0.4392384290164664,6.267927671852409,teammate,96,129,True
113,8889,3021.0,44.0,0.2765976927302692,0.04856678938314872,3.9386649363745674,teammate,46,129,True
47,8889,3247.0,41.0,0.15888627911528674,0.04541830440195269,4.009452150759692,teammate,99,129,True
10861,16,12443.0,167.0,0.3271718552797644,0.15205171444631815,5.339379332272899,teammate,9,75,True
10861,54,24115.0,282.0,0.6340713083718974,0.2830399061032864,5.998729758099395,teammate,9,103,True
10861,58,20667.0,280.0,0.5434108119478334,0.28778911896174786,5.844847914934804,teammate,9,107,True
10861,62,13278.0,163.0,0.38397917871602083,0.22378400242693902,5.404027820970151,teammate,9,110,True
10861,3129,11032.0,127.0,0.4550779638643676,0.21529214316381093,5.219634844513568,teammate,9,87,True
16,3129,13335.0,159.0,0.5500783763715865,0.1985793423874196,5.408292219756609,teammate,75,87,True
3129,54,17313.0,182.0,0.7141737480405908,0.22135989362246203,5.668327993671799,teammate,87,103,True
3129,62,1231.0,18.0,0.05077963864367627,0.021374867600840407,3.0688278286245416,teammate,87,110,True
10861,12,17973.0,266.0,0.47257572570466977,0.29861930317178126,5.705614129485171,teammate,9,50,True
12,3129,8518.0,122.0,0.3513736490388582,0.15251020554322137,4.962611502854725,teammate,50,87,True
10860,10861,7703.0,104.0,0.20253996634413127,0.11036132840482535,4.8627795741835795,teammate,8,9,True
10860,3129,7747.0,101.0,0.3195693424634931,0.13842827531984847,4.86843148389819,teammate,8,87,True
10861,10884,3898.0,63.0,0.4461996336996337,0.09092605551667833,4.18914956394041,teammate,9,31,True
108,10894,176.0,2.0,0.021125915256271756,0.006123656101040325,1.3694872428035094,teammate,7,41,True
108,109,176.0,2.0,0.021125915256271756,0.004476207431521656,1.3694872428035094,teammate,7,42,True
108,121,3165.0,44.0,0.3799063737846597,0.07163388633637371,3.984343667007772,teammate,7,51,True
108,123,1683.0,24.0,0.20201656463809867,0.10324519968100117,3.3690184832979204,teammate,7,53,True
10861,57,20193.0,225.0,0.5309476230542701,0.2617165223702628,5.821713647487879,teammate,9,106,True
3129,57,13380.0,130.0,0.55193465885653,0.1906553242422947,5.4116460518550396,teammate,87,106,True
10891,119,1519.0,14.0,0.11701717895385563,0.05183415799351646,3.2702024520335415,teammate,38,49,True
10891,121,3069.0,49.0,0.17200022417754862,0.057054154040638766,3.9541241814467813,teammate,38,51,True
10891,123,1471.0,16.0,0.1523878586967782,0.056522574447646495,3.239331833435583,teammate,38,53,True
10891,12668,1037.0,18.0,0.058118029479347647,0.029744148692060577,2.9059898980531296,teammate,38,54,True
10860,60,107.0,1.0,0.09780621572212066,0.002644848724540241,1.0236492501946544,teammate,8,109,True
12,60,168.0,3.0,0.15356489945155394,0.004092171286598139,1.33500106673234,teammate,50,109,True
16,60,107.0,1.0,0.09780621572212066,0.0018695834498182835,1.0236492501946544,teammate,75,109,True
58,60,198.0,2.0,0.1809872029250457,0.0035776235906331308,1.4586150226995167,teammate,107,109,True
10885,10888,19035.0,195.0,0.5618193087571205,0.2797948024459078,5.762837237437516,teammate,32,35,True
10885,90,4670.0,47.0,0.2767735435310852,0.07141874015507195,4.367335919263878,teammate,32,132,True
10885,82,6601.0,91.0,0.5500374968752604,0.11267196941248762,4.7096803401910785,teammate,32,122,True
82,87,1902.0,29.0,0.1584867927672694,0.04180311655201213,3.4873750779032076,teammate,122,127,True
10888,87,7789.0,101.0,0.2298928603051858,0.12666688349704028,4.873796851904713,teammate,35,127,True
10885,88,11812.0,161.0,0.3023601085342753,0.1468423669816012,5.287593403185061,teammate,32,128,True
75,88,13400.0,175.0,0.3430092663697333,0.15631926459951936,5.413133040976618,teammate,116,128,True
76,88,13206.0,173.0,0.3380433113193058,0.15021840021840022,5.3986150878634005,teammate,117,128,True
10889,10890,4614.0,47.0,0.29937710874643136,0.09249829597850928,4.355425952876702,teammate,36,37,True
10890,79,19056.0,204.0,0.48756524408965307,0.26757656177598044,5.763936397475948,teammate,37,120,True
10890,89,24900.0,277.0,0.6370893460239484,0.3054689991903231,6.030685260261263,teammate,37,130,True
10890,95,1011.0,6.0,0.29596018735363,0.024367904745836246,2.8820035082256483,teammate,37,134,True
103,10890,22109.0,257.0,0.5656790502507419,0.2899426907793792,5.912105633371852,teammate,3,37,True
107,10890,16387.0,209.0,0.4192764302527889,0.2229311494143415,5.613553806519168,teammate,6,37,True
88,90,3487.0,45.0,0.20666153025543768,0.06647982917715245,4.079512892551521,teammate,128,132,True
10890,77,10307.0,133.0,0.3045623781100408,0.16459860425749373,5.152038401101011,teammate,37,118,True
10890,86,17428.0,231.0,0.4826898576413892,0.30172085454104774,5.674925648194219,teammate,37,125,True
10885,78,1911.0,28.0,0.2354028085735403,0.03217550889835503,3.4919517449306197,teammate,32,119,True
10887,78,4183.0,56.0,0.5152746982015275,0.056206498078525166,4.258681282980224,teammate,34,119,True
10888,78,2631.0,41.0,0.32409460458240946,0.06683092867303393,3.803323588504805,teammate,35,119,True
76,78,3713.0,49.0,0.45737866469573785,0.05587071339362294,4.14128115774221,teammate,117,119,True
10862,78,6412.0,93.0,0.789849716678985,0.111466518322787,4.680895896516227,teammate,10,119,True
75,78,2786.0,40.0,0.3431879773343188,0.04260720621520769,3.8593252164276968,teammate,116,119,True
78,88,3551.0,56.0,0.4374230105937423,0.08138335663374052,4.097395459055357,teammate,119,128,True
106,10890,7289.0,85.0,0.18649575273769317,0.10100324252418036,4.80797496630677,teammate,5,37,True
10890,99,13096.0,160.0,0.47380607814761216,0.24420079063175953,5.390288645086847,teammate,37,136,True
77,83,2887.0,45.0,0.3472873812101528,0.07352042375471121,3.894198420515594,teammate,118,123,True
10890,83,1911.0,25.0,0.22988090941898232,0.0420129270544783,3.4919517449306197,teammate,37,123,True
22,25,2280.0,30.0,0.23916920172033987,0.07388923096866189,3.6635616461296463,teammate,79,82,True
10862,5948,3096.0,45.0,0.371579452712434,0.050709208241884234,3.9627161197436642,teammate,10,108,True
5948,75,3138.0,47.0,0.3766202592414786,0.048091954022988506,3.975936331171799,teammate,108,116,True
5948,87,3521.0,57.0,0.4225876140182429,0.08756310462311308,4.089052807776332,teammate,108,127,True
5948,90,1468.0,25.0,0.17618819011041767,0.0618443779753128,3.237370407504365,teammate,108,132,True
28,34,12042.0,144.0,0.54666787724714,0.2005896756783769,5.3067814449601665,teammate,84,89,True
21,28,5791.0,76.0,0.26289268204103866,0.09343788824886652,4.5800233035661355,teammate,78,84,True
10887,5948,4826.0,75.0,0.5792126740278445,0.06522238590136904,4.399784689595585,teammate,34,108,True
10885,5948,5390.0,75.0,0.6469035045607298,0.09603050171037628,4.509026325435189,teammate,32,108,True
24,25,494.0,9.0,0.05181999370607364,0.01275628776532562,2.222820124525183,teammate,81,82,True
5948,82,3669.0,50.0,0.4403504560729717,0.22017522803648584,4.12955081795672,teammate,108,122,True
5948,76,2626.0,46.0,0.3151704272683629,0.038755571297854126,3.801463814861082,teammate,108,117,True
10862,84,1083.0,15.0,0.6841440303221731,0.019230086295678114,2.94706710157271,teammate,10,124,True
10885,84,277.0,3.0,0.1749842072015161,0.005083314982015709,1.725738368130261,teammate,32,124,True
5948,84,147.0,1.0,0.09286165508528112,0.015049140049140049,1.2383742310432684,teammate,108,124,True
75,84,290.0,5.0,0.1831964624131396,0.004727053415703598,1.7635885922613586,teammate,116,124,True
5948,71,1376.0,18.0,0.3268408551068884,0.123231237685832,3.175272187386069,teammate,108,114,True
10874,28,1313.0,22.0,0.05960595605592882,0.02357652044315958,3.13040884354587,teammate,21,84,True
25,28,849.0,16.0,0.0890590580090213,0.02764391768689763,2.7180005319553784,teammate,82,84,True
10862,10886,223.0,5.0,0.45233265720081134,0.003975895022108116,1.551102335421137,teammate,10,33,True
10885,10886,68.0,2.0,0.13793103448275862,0.001268396411184272,0.7576857016975165,teammate,32,33,True
10886,10887,75.0,2.0,0.15212981744421908,0.0010577533319229956,0.8109302162163288,teammate,33,34,True
10886,82,279.0,4.0,0.565922920892495,0.022840769545640606,1.7316555451583497,teammate,33,122,True
10862,80,3447.0,49.0,0.5824602906387293,0.05913637221431145,4.068171687918078,teammate,10,121,True
10885,80,2036.0,30.0,0.3440351470091247,0.03567673652484755,3.553441483218832,teammate,32,121,True
10886,80,477.0,7.0,0.9675456389452333,0.08038422649140546,2.191653532286764,teammate,33,121,True
80,82,1064.0,18.0,0.17979046975329505,0.06312666864431919,2.930304468231536,teammate,121,122,True
10,10867,20249.0,243.0,0.5837633695620837,0.2900254948580595,5.824474854311009,teammate,1,14,True
10867,10870,5272.0,58.0,0.29604672057502246,0.11164051415623742,4.487137119076499,teammate,14,17,True
10867,14,23480.0,258.0,0.6769106581716493,0.3416216845382724,5.972111818592167,teammate,14,65,True
10867,4,3614.0,35.0,0.19523526551780024,0.0728864149725718,4.11469170355297,teammate,14,93,True
14,2,833.0,16.0,0.13218026023484608,0.013223691521280142,2.7002420186543983,teammate,65,77,True
10861,68,17503.0,204.0,0.46021771140092554,0.21095830973014018,5.679205133199635,teammate,9,112,True
10884,54,1938.0,29.0,0.22184065934065933,0.024820378837361202,3.505557396986398,teammate,31,103,True
10884,68,2056.0,30.0,0.23534798534798534,0.02974537037037037,3.5629382307560893,teammate,31,112,True
3129,58,6310.0,91.0,0.2602920551109644,0.08717877866814037,4.665010186344109,teammate,87,107,True
10863,10867,3225.0,44.0,0.29425182481751827,0.07602187544198764,4.00277736869661,teammate,11,14,True
10865,10867,8643.0,143.0,0.26270516717325226,0.1466307003257329,4.977078510567413,teammate,13,14,True
10867,10869,9583.0,148.0,0.28772593526691886,0.16406437253894882,5.079642980288284,teammate,14,16,True
10863,3,3819.0,55.0,0.34844890510948906,0.13827437633513162,4.168988105217866,teammate,11,86,True
10867,3,5222.0,71.0,0.2550053716183221,0.10455919748513305,4.477715530634977,teammate,14,86,True
10867,5,9056.0,108.0,0.26107763715513016,0.1336205624575796,5.023441828143474,teammate,14,101,True
2,3,2330.0,41.0,0.36972389717549986,0.09529652351738241,3.6847040827034556,teammate,77,86,True
10867,13,600.0,5.0,0.0556947925368978,0.013374944271065538,2.3978952727983707,teammate,14,56,True
3,7,85.0,2.0,0.09100642398286937,0.003985558212594364,0.8823891801984738,teammate,86,113,True
3,5,6309.0,97.0,0.308086727219455,0.11203651086802102,4.664853188149265,teammate,86,101,True
12,64,699.0,13.0,0.3629283489096573,0.016902430177729418,2.5376572151735295,teammate,50,111,True
57,60,188.0,3.0,0.17184643510054845,0.003121730900154426,1.4190841839428814,teammate,106,109,True
57,64,421.0,7.0,0.2185877466251298,0.006921837493012397,2.0815227078836607,teammate,106,111,True
60,64,987.0,12.0,0.9021937842778793,0.485489424495819,2.859339648648436,teammate,109,111,True
64,68,255.0,7.0,0.13239875389408098,0.003977476564084166,1.6582280766035324,teammate,111,112,True
10863,2,2857.0,42.0,0.4533481434465249,0.198333911836168,3.883966407645621,teammate,11,77,True
10863,4,2030.0,38.0,0.1852189781021898,0.07397689588571844,3.550574782736756,teammate,11,93,True
2,4,2302.0,38.0,0.365280863218026,0.10226111678734841,3.6729194345352068,teammate,77,93,True
12,55,4741.0,68.0,0.7332199195793381,0.11327742336272191,4.38223494630884,teammate,50,104,True
55,60,874.0,10.0,0.7989031078610603,0.13072090936284775,2.745131876006742,teammate,104,109,True
56,60,799.0,9.0,0.7303473491773309,0.39090019569471623,2.6614243597621545,teammate,105,109,True
10863,10864,3099.0,48.0,0.2827554744525547,0.14767691208005718,3.9636662385799846,teammate,11,12,True
10864,10865,4252.0,69.0,0.32398658945443465,0.10179067317820549,4.2748125503667325,teammate,12,13,True
10864,2,3045.0,50.0,0.4831799428752777,0.1858860875404432,3.9464244321454784,teammate,12,77,True
10864,4,1866.0,32.0,0.14218226150563854,0.0626826564547012,3.4688560301359703,teammate,12,93,True
116,12668,2024.0,31.0,0.11208328718573485,0.047923473978311315,3.547699840651157,teammate,47,54,True
10891,10894,480.0,10.0,0.026901305834220703,0.012648554639120926,2.1972245773362196,teammate,38,41,True
10891,110,8184.0,93.0,0.458667264473463,0.12578384360014755,4.922896379788249,teammate,38,44,True
10891,122,2117.0,29.0,0.11864596760634423,0.058772903942254304,3.5913584990124465,teammate,38,52,True
101,10890,723.0,10.0,0.12100418410041841,0.016307289787080476,2.5687881337687024,teammate,2,37,True
23,867,176.0,2.0,0.03475513428120063,0.010719941527591668,1.3694872428035094,teammate,80,126,True
5948,88,3661.0,53.0,0.4393903024483917,0.08370487230491346,4.127403166124521,teammate,108,128,True
10887,80,3378.0,49.0,0.5708009462656303,0.046256863899653555,4.048300623720694,teammate,34,121,True
76,80,111.0,2.0,0.01875633660020277,0.0016357447059343639,1.0473189942805592,teammate,117,121,True
80,87,2518.0,35.0,0.4254815816154106,0.06489690721649484,3.760424621277032,teammate,121,127,True
25,32,1899.0,27.0,0.19920276932759887,0.0570578691184424,3.48584485572244,teammate,82,88,True
29,32,15914.0,230.0,0.6204772301933874,0.20676125142916538,5.584373117255233,teammate,85,88,True
10867,10868,2706.0,30.0,0.21245191175316008,0.06051254528377834,3.8308129500026027,teammate,14,15,True
10876,32,761.0,11.0,0.06805580397066714,0.02109845019268624,2.6161785472303274,teammate,23,88,True
10867,2,1435.0,21.0,0.22770549032053317,0.036279516610203774,3.215536923602686,teammate,14,77,True
10868,2,525.0,7.0,0.08330688670263409,0.028356919088257534,2.277267285009756,teammate,15,77,True
23,32,1372.0,26.0,0.27093206951026855,0.04676209952283572,3.1724827852984903,teammate,80,88,True
10863,7,228.0,5.0,0.24411134903640258,0.019543973941368076,1.5686159179138452,teammate,11,113,True
10864,5,6846.0,99.0,0.5216397439804937,0.14138493628797422,4.745801315727837,teammate,12,101,True
2,5,893.0,14.0,0.14170104728657568,0.018779441453566623,2.7652703414321014,teammate,77,101,True
10888,5948,410.0,4.0,0.049207873259721556,0.009807908523311724,2.0583881324820035,teammate,35,108,True
10893,12908,1199.0,12.0,0.17583223346531748,0.039311475409836066,3.0437284718222464,teammate,40,55,True
118,12908,10694.0,120.0,0.4298231511254019,0.15754504338602512,5.188688495147523,teammate,48,55,True
119,12908,1649.0,23.0,0.1270318157306833,0.04553739092013697,3.3493191208934903,teammate,49,55,True
12908,45,10466.0,143.0,0.42065916398713826,0.20659705086953947,5.167259103691624,teammate,55,98,True
122,12908,3371.0,50.0,0.1661082093229526,0.08064014544410689,4.046262480636349,teammate,52,55,True
123,12908,3532.0,49.0,0.36589661245208743,0.11393180865133383,4.092119867199989,teammate,53,55,True
12668,12908,4117.0,60.0,0.22798759552552886,0.1060508487674197,4.243004002275074,teammate,54,55,True
121,12908,7004.0,93.0,0.2815112540192926,0.12310829100240803,4.7684221800616955,teammate,51,55,True
10891,12908,948.0,19.0,0.05313007902258589,0.022692998204667865,2.8213788864092133,teammate,38,55,True
10891,45,8516.0,100.0,0.47727400100879896,0.1868691301676468,4.962378321088482,teammate,38,98,True
82,90,648.0,9.0,0.05399550037496875,0.02295755686246723,2.468099531471619,teammate,122,132,True
10891,10893,63.0,2.0,0.009238891333040036,0.0025610797186877516,0.7178397931503169,teammate,38,40,True
10891,118,8008.0,81.0,0.44880345233424873,0.12605465306636443,4.901316336852002,teammate,38,48,True
1,10865,13037.0,197.0,0.3962613981762918,0.15976324109703194,5.385793913107302,teammate,0,13,True
10865,11,3436.0,50.0,0.31995530310084735,0.08546625873691018,4.065030174553326,teammate,13,43,True
10869,11,2566.0,31.0,0.2389421733867213,0.061862629282287425,3.778872492640641,teammate,16,43,True
10870,11,994.0,13.0,0.09255982866188658,0.036075926396399664,2.866003166879207,teammate,17,43,True
11,5,4000.0,64.0,0.3724741596051774,0.08182971236856103,4.214593690373678,teammate,43,101,True
54,64,141.0,2.0,0.07320872274143302,0.0019297093118738709,1.208960345836975,teammate,103,111,True
58,64,461.0,7.0,0.23935617860851505,0.008244951978967324,2.161405479531266,teammate,107,111,True
3129,68,15452.0,171.0,0.6374061546077057,0.21693106837006879,5.555024634700387,teammate,87,112,True
10,11,5432.0,70.0,0.5058199087438309,0.08950846144973389,4.516703204665761,teammate,1,43,True
10868,11,560.0,10.0,0.05214638234472484,0.024437074533077325,2.3353749158170367,teammate,15,43,True
11,14,3792.0,51.0,0.35310550330570817,0.05881714259124257,4.162003210695915,teammate,43,65,True
10894,12908,3902.0,35.0,0.1895462935975906,0.09387931864113175,4.190159665036395,teammate,41,55,True
110,12908,14782.0,174.0,0.5941318327974277,0.22566905332580187,5.510871716307978,teammate,44,55,True
108,118,3011.0,35.0,0.36142119793542193,0.05102265602494366,3.9354139582187218,teammate,7,48,True
108,12668,1837.0,25.0,0.22050174048733645,0.07482078853046595,3.4536844077129136,teammate,7,54,True
108,12908,804.0,12.0,0.09650702196615052,0.02480945474743111,2.667228206581955,teammate,7,55,True
108,116,4440.0,53.0,0.5329492257832193,0.14755242431291749,4.31748811353631,teammate,7,47,True
116,12908,5908.0,95.0,0.23745980707395498,0.130788984326574,4.599822579661496,teammate,47,55,True
108,10891,2905.0,42.0,0.3486976353378946,0.1248442133310413,3.900287749209725,teammate,7,38,True
10891,116,7140.0,98.0,0.40015692428403293,0.1934802048613934,4.787491742782046,teammate,38,47,True
108,122,424.0,6.0,0.05089425039010923,0.015034927839438317,2.087740344494531,teammate,7,52,True
107,73,3953.0,57.0,0.7623915139826423,0.07595788017370585,4.202949808044816,teammate,6,115,True
10890,73,2788.0,38.0,0.5377049180327869,0.06721149441913166,3.8600277103097658,teammate,37,115,True
73,77,2979.0,40.0,0.5745419479267116,0.0826398135818908,3.9249392306946924,teammate,115,118,True
73,86,2744.0,35.0,0.5292189006750241,0.07118582509663528,3.84445768593238,teammate,115,125,True
103,73,1667.0,24.0,0.3215043394406943,0.026546276832919293,3.359796515924578,teammate,3,115,True
10889,73,1594.0,23.0,0.3074252651880424,0.08388149239593748,3.316607313361536,teammate,36,115,True
73,89,1648.0,28.0,0.31783992285438767,0.023254829469287537,3.3487338121264143,teammate,115,130,True
32,867,1351.0,20.0,0.11717259323503904,0.03770899042621487,3.157709389630713,teammate,88,126,True
10874,19,443.0,8.0,0.1605072463768116,0.011878904888316843,2.1262456078776384,teammate,21,76,True
19,32,516.0,11.0,0.18695652173913044,0.01849992829485157,2.2617630984737906,teammate,76,88,True
28,32,4867.0,80.0,0.22094606863991284,0.11369104627531594,4.408141000321862,teammate,84,88,True
1,10867,24767.0,288.0,0.7140138956957938,0.34562302013703794,6.0253424873938055,teammate,0,14,True
1,2,1464.0,24.0,0.23230720406220248,0.021989575979692685,3.2347491740244907,teammate,0,77,True
73,95,546.0,6.0,0.1598360655737705,0.06778398510242085,2.312535423847214,teammate,115,134,True
10889,97,180.0,3.0,0.09713977334052887,0.010535557506584723,1.3862943611198906,teammate,36,135,True
11,3,1608.0,22.0,0.1497346121612813,0.05430781181397548,3.3250360206965914,teammate,43,86,True
10863,11,1682.0,17.0,0.15662538411397708,0.08402857571064595,3.3684445951903474,teammate,11,43,True
10880,38,1206.0,18.0,0.36314363143631434,0.02253994953742641,3.0492730404820207,teammate,27,91,True
10881,38,1379.0,11.0,0.41523637458596807,0.024246580159651157,3.1773591446652674,teammate,28,91,True
38,40,1082.0,10.0,0.325805480277025,0.016814558112791186,2.946191827993855,teammate,91,94,True
38,43,635.0,7.0,0.19120746763023186,0.012241907809758824,2.4495672833426916,teammate,91,96,True
10878,10880,143.0,4.0,0.12338222605694564,0.002728695187573942,1.2188614168196867,teammate,25,27,True
10878,10882,217.0,5.0,0.18723037100949094,0.044349070100143065,1.529672943965238,teammate,25,29,True
10878,40,217.0,5.0,0.18723037100949094,0.0034416037556302733,1.529672943965238,teammate,25,94,True
10878,43,184.0,4.0,0.15875754961173424,0.003668261562998405,1.4028236630711013,teammate,25,96,True
10878,10881,74.0,1.0,0.0638481449525453,0.00132102754520949,0.8034952377288107,teammate,25,28,True
10881,35,242.0,7.0,0.18361153262518967,0.004320811312669618,1.6160824551527688,teammate,28,90,True
113,35,446.0,6.0,0.33839150227617604,0.03781583856198067,2.132192107065365,teammate,46,90,True
39,43,550.0,4.0,0.021405775667471004,0.007399534502011328,2.3191143949452564,teammate,92,96,True
10878,39,488.0,5.0,0.42105263157894735,0.01850938744547696,2.211930724725915,teammate,25,92,True
10879,35,539.0,8.0,0.40895295902883155,0.01574918186068256,2.3009170358933484,teammate,26,90,True
10879,38,867.0,11.0,0.2610659439927733,0.024151090559625617,2.7376090033437546,teammate,26,91,True
113,38,797.0,9.0,0.2399879554351099,0.05927413357132233,2.659093356375679,teammate,46,91,True
35,38,411.0,4.0,0.3118361153262519,0.09720908230842006,2.060513531794317,teammate,90,91,True
10884,60,926.0,10.0,0.8464351005484461,0.10399820305480682,2.799311792380535,teammate,31,109,True
10881,10883,92.0,2.0,0.1262002743484225,0.00165559934495852,0.9295359586241757,teammate,28,30,True
10883,113,138.0,3.0,0.18930041152263374,0.011986450099887084,1.1939224684724346,teammate,30,46,True
10883,35,200.0,3.0,0.27434842249657065,0.10828370330265295,1.4663370687934272,teammate,30,90,True
10883,38,138.0,3.0,0.18930041152263374,0.0352760736196319,1.1939224684724346,teammate,30,91,True
10878,10883,304.0,3.0,0.4170096021947874,0.1919191919191919,1.80280930541464,teammate,25,30,True
10878,113,726.0,6.0,0.6264020707506471,0.06393659180977543,2.5726122302071057,teammate,25,46,True
10878,35,88.0,1.0,0.07592752372735116,0.03683549602344077,0.9028677115420143,teammate,25,90,True
10878,38,369.0,3.0,0.3183779119930975,0.08975918268061299,1.9671123567059163,teammate,25,91,True
80,90,1328.0,19.0,0.22440013518080432,0.061873922564413174,3.1412745788446492,teammate,121,132,True
10867,11,2511.0,31.0,0.2338206536921501,0.058511010136315975,3.7577056450437887,teammate,14,43,True
1,11,6795.0,95.0,0.6327404786292951,0.10345142578749449,4.738389029774314,teammate,0,43,True
10888,80,1689.0,28.0,0.28540047313281514,0.04431907635791131,3.3724549127965013,teammate,35,121,True
80,88,2114.0,28.0,0.3572152754308888,0.04931187310473525,3.589979505459054,teammate,121,128,True
10861,55,3240.0,42.0,0.5010825858335911,0.07853022444132048,4.007333185232471,teammate,9,104,True
16,55,3385.0,50.0,0.5235075781008351,0.05705761386238749,4.050334621225658,teammate,75,104,True
55,58,3516.0,45.0,0.543767398700897,0.06125648977316283,4.087655574071304,teammate,104,107,True
10883,43,75.0,1.0,0.102880658436214,0.0015048456028411484,0.8109302162163288,teammate,30,96,True
10883,44,516.0,6.0,0.7078189300411523,0.02694235588972431,2.2617630984737906,teammate,30,97,True
10883,8889,75.0,1.0,0.102880658436214,0.0013647281461532863,0.8109302162163288,teammate,30,129,True
73,83,793.0,10.0,0.15294117647058825,0.0624163715072806,2.6544149852695784,teammate,115,123,True
110,51,20624.0,241.0,0.5170347714908872,0.276201955269854,5.842771171294012,teammate,44,102,True
121,51,14900.0,189.0,0.381884819437681,0.2327906758741368,5.518790689306368,teammate,51,102,True
12908,51,12068.0,162.0,0.48504823151125404,0.2289899622398057,5.308927545660052,teammate,55,102,True
45,51,12644.0,156.0,0.34884811698165263,0.19914947235785163,5.355327621264816,teammate,98,102,True
122,51,7104.0,102.0,0.35005420321277225,0.1338382411123043,4.782479200958502,teammate,52,102,True
116,51,11177.0,155.0,0.4266030534351145,0.20354385198135197,5.232622621685802,teammate,47,102,True
10891,51,8599.0,99.0,0.48192568514263295,0.17501475586672907,4.9720099592257005,teammate,38,102,True
10894,51,186.0,4.0,0.009035266686097347,0.0030851399094362158,1.410986973710262,teammate,41,102,True
118,51,17748.0,203.0,0.44493469377522626,0.23403750296700687,5.693058511293225,teammate,48,102,True
123,51,82.0,3.0,0.00849476846576194,0.0016579053780832996,0.8614824953791601,teammate,53,102,True
110,13275,9623.0,100.0,0.6328006838955744,0.15778255095181098,5.08378248738943,teammate,44,58,True
118,13275,6962.0,70.0,0.45781547971328995,0.1124027253059511,4.762458794506277,teammate,48,58,True
12908,13275,8877.0,98.0,0.5837443282698758,0.28442806792694647,5.003610679159292,teammate,55,58,True
13275,51,9273.0,100.0,0.6097849674492011,0.20236562424983087,5.046967223343646,teammate,58,102,True
123,13275,1104.0,14.0,0.11436859007562415,0.04647247011281361,2.9652730660692823,teammate,53,58,True
12668,13275,1903.0,29.0,0.12513973827842442,0.06067852815509215,3.48788463205436,teammate,54,58,True
108,51,3384.0,44.0,0.40619373424558874,0.07547506468016772,4.050044303325521,teammate,7,102,True
12668,51,3087.0,45.0,0.17094916380551556,0.056270506744440396,3.9598603348423063,teammate,54,102,True
121,13275,3069.0,31.0,0.20181495363977117,0.059994135470628485,3.9541241814467813,teammate,51,58,True
122,13275,291.0,3.0,0.019135924245413296,0.008264697529111048,1.766441661243765,teammate,52,58,True
10890,91,3963.0,47.0,0.3562247191011236,0.08569389785062492,4.205438609727688,teammate,37,133,True
10891,111,1605.0,23.0,0.17713276680278114,0.06344124273686708,3.3232358401924436,teammate,38,45,True
111,122,1429.0,14.0,0.15770886215649488,0.05117095180118886,3.2115154704619084,teammate,45,52,True
111,123,399.0,7.0,0.04403487473788765,0.021785421785421786,2.0347056478384444,teammate,45,53,True
111,12668,2415.0,34.0,0.26652687341353054,0.0977574481865285,3.71965111278069,teammate,45,54,True
108,111,1347.0,13.0,0.1616852718761253,0.0839513867248364,3.1548704948922883,teammate,7,45,True
111,51,4860.0,58.0,0.5363646396644962,0.11022907688818326,4.406719247264253,teammate,45,102,True
111,121,3703.0,49.0,0.40867453923408015,0.08344788732394366,4.138627228371337,teammate,45,51,True
111,13275,838.0,15.0,0.09248427325902218,0.03576611182244985,2.705825506080099,teammate,45,58,True
111,116,4530.0,62.0,0.49994481845270944,0.14740815463213042,4.33729074083249,teammate,45,47,True
10874,13029,7407.0,94.0,0.26710179943024054,0.13394213381555153,4.823904028813601,teammate,21,57,True
13029,24,19593.0,201.0,0.7065378096714868,0.5179907468605419,5.791640715177885,teammate,57,81,True
13029,29,20621.0,227.0,0.7436082362698785,0.2773727536855698,5.842626121130576,teammate,57,85,True
13029,34,16763.0,169.0,0.6044859543471206,0.27473572072441205,5.63615771449706,teammate,57,89,True
10872,13029,12138.0,149.0,0.43770509538062097,0.17291829902414702,5.314682720634301,teammate,19,57,True
10874,23,1203.0,17.0,0.23755924170616113,0.030975616036254087,3.0469005601283903,teammate,21,80,True
10875,13029,4468.0,56.0,0.16111932494320436,0.08069497372175766,4.323691057660918,teammate,22,57,True
13029,23,2033.0,29.0,0.4014612954186414,0.06608803068721149,3.552009160223899,teammate,57,80,True
13029,28,5526.0,67.0,0.2508625385872526,0.12492935138923428,4.533674184283021,teammate,57,84,True
13029,21,11396.0,122.0,0.41094803649345496,0.1835843737414418,5.251924326978326,teammate,57,78,True
13029,25,658.0,13.0,0.06902339242630862,0.017975195323171066,2.4821250068261236,teammate,57,82,True
55,57,695.0,10.0,0.10748530776368698,0.010677851524090462,2.532373187026924,teammate,104,106,True
55,68,1506.0,27.0,0.2329106093411692,0.022344213649851632,3.261935314328648,teammate,104,112,True
10871,19,494.0,7.0,0.41935483870967744,0.14343786295005806,2.222820124525183,teammate,18,76,True
78,87,1531.0,22.0,0.1885932495688593,0.03646366732560078,3.2777734661156863,teammate,119,127,True
76,84,113.0,3.0,0.07138344914718889,0.001778911243348761,1.0589470322756782,teammate,117,124,True
84,88,248.0,5.0,0.15666456096020215,0.006138461919259424,1.6357552207514738,teammate,124,128,True
10860,55,2242.0,30.0,0.3467367769873183,0.051312567230448816,3.6471890270597274,teammate,8,104,True
54,55,660.0,11.0,0.10207237859573152,0.008561532773806899,2.4849066497880004,teammate,103,104,True
80,84,707.0,11.0,0.44662034112444726,0.10406240800706505,2.5481422391451556,teammate,121,124,True
1,13400,9287.0,116.0,0.7912584135639431,0.1446821106420103,5.048466152960483,teammate,0,60,True
10,13400,7826.0,100.0,0.6667802675300333,0.13199305122193924,4.878499752215472,teammate,1,60,True
10867,13400,2356.0,27.0,0.20073272556871433,0.05346283017155305,3.695523996832605,teammate,14,60,True
13400,14,7574.0,98.0,0.6453097043537531,0.12278113703049265,4.846022671083074,teammate,60,65,True
103,13777,7904.0,111.0,0.5335853642071153,0.11941922129723359,4.888342102961986,teammate,3,61,True
107,13777,2052.0,31.0,0.13852696955377033,0.03227886929574806,3.5610460826040513,teammate,6,61,True
13777,79,6464.0,86.0,0.4363734557483292,0.10856931707480937,4.688898401518804,teammate,61,120,True
13777,89,9939.0,137.0,0.6709646931749139,0.13765165364799734,5.115895804753749,teammate,61,130,True
13777,77,10196.0,152.0,0.6883143185040167,0.2651134974908344,5.141273616938351,teammate,61,118,True
106,13777,5389.0,79.0,0.36380206575305474,0.10822371724068681,4.5088428223609975,teammate,5,61,True
13777,99,2235.0,34.0,0.15088098292040775,0.055572131881247204,3.644143560272545,teammate,61,136,True
106,73,900.0,13.0,0.17357762777242045,0.020154066642780365,2.772588722239781,teammate,5,115,True
73,99,211.0,3.0,0.04069431051108968,0.006469614276077758,1.5077742586576002,teammate,115,136,True
10863,13400,1318.0,22.0,0.12025547445255474,0.06164928200570653,3.1340438893515032,teammate,11,60,True
10865,13400,4202.0,65.0,0.3580131208997188,0.10391987139854086,4.263149250436462,teammate,13,60,True
10869,13400,6856.0,86.0,0.5841356394308597,0.17953753895304686,4.74724828458108,teammate,16,60,True
13400,3,1624.0,24.0,0.13836585158047202,0.05308750939818901,3.3345826325801715,teammate,60,86,True
11,13400,74.0,3.0,0.006890771952695782,0.003303276493170253,0.8034952377288107,teammate,43,60,True
13777,83,2062.0,34.0,0.24804523036208348,0.09789213824534751,3.565769756951828,teammate,61,123,True
13777,73,117.0,4.0,0.02256509161041466,0.005885015844273427,1.0818051703517284,teammate,61,115,True
73,79,199.0,4.0,0.03837994214079074,0.0035425011125945704,1.4624834994774372,teammate,115,120,True
77,97,129.0,4.0,0.06961683756071235,0.003627059551256818,1.1474024528375417,teammate,118,135,True
10863,13,2567.0,33.0,0.2382808874036944,0.13393509339455287,3.779253227463439,teammate,11,56,True
13,2,1422.0,22.0,0.22564265312599174,0.09084520539193765,3.2068032436339315,teammate,56,77,True
13,4,1059.0,15.0,0.09830130882762461,0.037519929140832596,2.9258461460898246,teammate,56,93,True
13029,22,2498.0,38.0,0.10582952042026775,0.051149743022708194,3.7526364199166875,teammate,57,79,True
104,10877,18183.0,254.0,0.6612721387787759,0.21809218811845563,5.7171921615661185,teammate,4,24,True
104,40,14141.0,192.0,0.5142742844673964,0.1873823973710015,5.466723101422913,teammate,4,94,True
104,43,13514.0,190.0,0.49147179692330073,0.21393743667679838,5.421566915041603,teammate,4,96,True
104,8889,11408.0,158.0,0.41488162344983087,0.16206617323237346,5.25297126478116,teammate,4,129,True
13777,91,1138.0,20.0,0.10229213483146067,0.04588709677419355,2.994064216453294,teammate,61,133,True
77,91,1955.0,27.0,0.17573033707865168,0.045452431879475494,3.5140299121586827,teammate,118,133,True
104,10881,9032.0,119.0,0.32847219696694185,0.12305680068667657,5.020805622750333,teammate,4,28,True
104,47,11525.0,142.0,0.5639557643374438,0.31655130740496595,5.2631218746443755,teammate,4,99,True
104,10879,11309.0,166.0,0.4112812306797105,0.22785243688674875,5.244301069907006,teammate,4,26,True
104,44,3005.0,37.0,0.15866730027984582,0.06919020975800695,3.9334582861482112,teammate,4,97,True
116,13275,3734.0,52.0,0.24554481488788057,0.0991160778276219,4.146831588272859,teammate,47,58,True
10894,13275,1320.0,12.0,0.08680213059775103,0.03829083630667479,3.1354942159291497,teammate,41,58,True
13029,32,3196.0,52.0,0.12461010605115408,0.063686905924317,3.9939101649003304,teammate,57,88,True
116,119,3742.0,53.0,0.2882674678376088,0.10558988684782301,4.148937960826274,teammate,47,49,True
116,45,7517.0,107.0,0.2869083969465649,0.13685187882318672,4.838528059709272,teammate,47,98,True
119,13275,739.0,12.0,0.05692935829288961,0.026922656563080623,2.589016383544174,teammate,49,58,True
13275,45,2967.0,31.0,0.1951075162753995,0.061194183768175724,3.920982746799618,teammate,58,98,True
104,39,5495.0,69.0,0.21386315871409667,0.11520882254277089,4.5281091398516295,teammate,4,92,True
10883,47,451.0,6.0,0.6186556927297668,0.021772714106401466,2.1420250279816035,teammate,30,99,True
38,44,1114.0,12.0,0.33544113218909966,0.05268135817648728,2.973827438165941,teammate,91,97,True
38,47,706.0,11.0,0.21258657031014755,0.030627738492907033,2.5468376075184906,teammate,91,99,True
109,12908,6388.0,99.0,0.2567524115755627,0.1286450781375866,4.677180721964364,teammate,42,55,True
109,51,11474.0,150.0,0.36818123475805414,0.19258463552594035,5.258709911953257,teammate,42,102,True
109,13399,4371.0,59.0,0.4424089068825911,0.11918850380388842,4.302036008977389,teammate,42,59,True
110,13399,4364.0,58.0,0.4417004048582996,0.07163375519114919,4.30045498098007,teammate,44,59,True
12908,13399,1874.0,25.0,0.1896761133603239,0.056984735145654684,3.473001113791139,teammate,55,59,True
13399,45,2790.0,42.0,0.2823886639676113,0.06438213914849429,3.8607297110405954,teammate,59,98,True
123,13399,61.0,2.0,0.006319278980627784,0.0031327033689400163,0.7014459833746404,teammate,53,59,True
55,62,953.0,19.0,0.14738632848747293,0.023769735365275733,2.826326942026583,teammate,104,110,True
116,13399,3163.0,43.0,0.3201417004048583,0.0960901661755324,3.983723319593337,teammate,47,59,True
13399,51,4275.0,63.0,0.4326923076923077,0.09396843539807447,4.2801323269925415,teammate,59,102,True
122,13399,1919.0,34.0,0.19423076923076923,0.06791718279950451,3.496002383380465,teammate,52,59,True
119,51,5843.0,71.0,0.4501194052846468,0.12424777255619113,4.588871413018588,teammate,49,102,True
109,13275,2564.0,39.0,0.1686065627671467,0.058529458762298266,3.778110587841879,teammate,42,58,True
13275,13399,947.0,13.0,0.0958502024291498,0.039229494614747305,2.820386330496462,teammate,58,59,True
121,13399,3850.0,49.0,0.3896761133603239,0.08546629076298089,4.17694809075731,teammate,51,59,True
111,119,1401.0,22.0,0.15461869550822205,0.06787461847778693,3.192531849528599,teammate,45,49,True
104,48,2579.0,38.0,0.35391793605050087,0.08008073280546499,3.7838107742812235,teammate,4,100,True
10877,38,1660.0,16.0,0.49984944293887384,0.021922873745377706,3.355735007585398,teammate,24,91,True
38,8889,1507.0,15.0,0.45377898223426677,0.026855085893506308,3.26257368013392,teammate,91,129,True
104,38,872.0,13.0,0.26257151460403494,0.029119081012489147,2.7429882524634905,teammate,4,91,True
104,113,2040.0,31.0,0.1867789782091192,0.05607630775997141,3.5553480614894135,teammate,4,46,True
10891,13399,751.0,17.0,0.07601214574898786,0.027843689752335754,2.6039234918933123,teammate,38,59,True
10894,13399,130.0,3.0,0.013157894736842105,0.004285337552742616,1.1526795099383853,teammate,41,59,True
10891,13275,4152.0,44.0,0.2730321562438351,0.14367776316700118,4.251348311031766,teammate,38,58,True
110,116,1443.0,25.0,0.05507633587786259,0.018001047878046954,3.2208738275308737,teammate,44,47,True
111,12908,1937.0,31.0,0.21377331420373027,0.06052368453943257,3.5050567711937144,teammate,45,55,True
111,45,1452.0,24.0,0.16024721333186182,0.03310986455055411,3.2268439945173775,teammate,45,98,True
10894,111,77.0,1.0,0.008497958282750248,0.002603990530943524,0.8256363636060243,teammate,41,45,True
110,111,2436.0,35.0,0.2688444983997351,0.03927132032887313,3.728100167267218,teammate,44,45,True
104,10880,6321.0,93.0,0.22987962323162528,0.08710690957197585,4.666735541646246,teammate,4,27,True
38,48,541.0,5.0,0.1629027401385125,0.053739942386013706,2.304250372313107,teammate,91,100,True
109,111,4034.0,48.0,0.4452047235404481,0.11146417617639745,4.222933203999134,teammate,42,45,True
13400,2,160.0,4.0,0.025388765471278957,0.00894904636724649,1.2992829841302609,teammate,60,77,True
10873,13029,1206.0,19.0,0.14437926493475398,0.03457767073800103,3.0492730404820207,teammate,20,57,True
10873,22,1025.0,18.0,0.12271040344786305,0.03313720418983577,2.8949907037524594,teammate,20,79,True
10873,29,2902.0,34.0,0.34742008859092544,0.03992570681708743,3.8992754326056436,teammate,20,85,True
10890,13777,1167.0,17.0,0.07878215081347464,0.022131613882040584,3.017982882488811,teammate,37,61,True
13777,86,4367.0,69.0,0.29480861405522174,0.09380907372400756,4.30113287051004,teammate,61,125,True
13400,5,3697.0,60.0,0.31498679389963363,0.07367036645876093,4.137031483351868,teammate,60,101,True
13400,4,730.0,15.0,0.06219647269319247,0.024730672809810963,2.5776883832389665,teammate,60,93,True
4,7,89.0,3.0,0.09528907922912205,0.00459805744988634,0.9096017437233584,teammate,93,113,True
1,7,118.0,3.0,0.12633832976445397,0.001886340020781712,1.0874389880699844,teammate,0,113,True
10891,109,263.0,4.0,0.01473967382166676,0.0053955358608238965,1.683307761000556,teammate,38,42,True
10886,84,366.0,5.0,0.742393509127789,0.21403508771929824,1.9600947840472698,teammate,33,124,True
75,80,1195.0,18.0,0.20192632646164244,0.01844733632813103,3.0405462893437836,teammate,116,121,True
103,13906,25537.0,314.0,0.7023763683370923,0.3642990627541049,6.0558858738785615,teammate,3,63,True
106,13906,10241.0,120.0,0.2816711590296496,0.15402779448923115,5.145651694661593,teammate,5,63,True
13906,79,22777.0,262.0,0.6264646020133121,0.3516597190057125,5.941792744409491,teammate,63,120,True
13906,89,27334.0,332.0,0.7518015292370317,0.35799041307593576,6.123734728072666,teammate,63,130,True
13777,13906,6222.0,90.0,0.42003645446567206,0.1384235466862444,4.651099117876491,teammate,61,63,True
13906,77,9642.0,139.0,0.28491223922936,0.15921926087387298,5.085742766583061,teammate,63,118,True
13906,86,11814.0,185.0,0.32720323491940395,0.19478977741137676,5.28776185260852,teammate,63,125,True
13906,99,6143.0,94.0,0.22225036179450072,0.10617924120646444,4.638443762751017,teammate,63,136,True
10873,32,2097.0,39.0,0.251047527834311,0.06572843530591775,3.5821290841670557,teammate,20,88,True
10871,10874,89.0,3.0,0.07555178268251274,0.002467766532649383,0.9096017437233584,teammate,18,21,True
10,10864,3995.0,76.0,0.30440414507772023,0.06192934319242276,4.213361404327412,teammate,1,12,True
10864,10869,280.0,6.0,0.021334958854007924,0.006067172264355363,1.7346010553881064,teammate,12,16,True
1,10864,6996.0,95.0,0.5330691862237122,0.1030839730649653,4.767289035464526,teammate,0,12,True
10864,14,5152.0,56.0,0.39256324291374584,0.0786612922926591,4.464374376022635,teammate,12,65,True
10863,13907,1028.0,16.0,0.09379562043795621,0.0292003976707854,2.8977518651937872,teammate,11,64,True
10869,13907,5075.0,56.0,0.20080718553396906,0.09485272129186603,4.449490560140558,teammate,16,64,True
13907,14,13087.0,139.0,0.5178253472084834,0.18773490173576243,5.3896043124745034,teammate,64,65,True
13907,3,6161.0,97.0,0.30085945893153626,0.15562010608739582,4.641341382292919,teammate,64,86,True
1,13907,21217.0,249.0,0.839512523246152,0.32247131240975757,5.871037393851617,teammate,0,64,True
10,13907,14978.0,175.0,0.5926482807739485,0.22806242862580892,5.523991047715872,teammate,1,64,True
13400,13907,1244.0,24.0,0.10598960552100196,0.03478163619079573,3.0788471802644977,teammate,60,64,True
10865,13907,4456.0,61.0,0.1763146440865746,0.08295325502168774,4.321037363047452,teammate,13,64,True
13907,5,14214.0,191.0,0.5624183911684406,0.2671704071275516,5.471850417308912,teammate,64,101,True
109,14037,3006.0,32.0,0.4222503160556258,0.0852113274938345,3.933784497209659,teammate,42,66,True
111,14037,3323.0,36.0,0.4667790420002809,0.25845842731585905,4.032173606558608,teammate,45,66,True
122,14037,2159.0,27.0,0.30327293159151564,0.08549140730181358,3.6104673607104933,teammate,52,66,True
14037,51,1303.0,9.0,0.18303132462424498,0.02850891587353681,3.1230988694744317,teammate,66,102,True
121,14037,2985.0,39.0,0.4193004635482512,0.0691756853838845,3.926911617921897,teammate,51,66,True
12668,14037,905.0,11.0,0.12712459615114483,0.03728576137112723,2.7777835391168852,teammate,54,66,True
14037,45,1512.0,29.0,0.21238938053097345,0.036127305744050466,3.265759410767051,teammate,66,98,True
13275,14037,950.0,11.0,0.1334457086669476,0.044442365269461076,2.8233610476132043,teammate,58,66,True
110,14037,2864.0,40.0,0.4023036943390926,0.048005363727790816,3.8863632586475685,teammate,44,66,True
108,13275,832.0,8.0,0.0998679630296483,0.03664229719017,2.699121570357909,teammate,7,58,True
108,14037,1830.0,25.0,0.25705857564264645,0.1343612334801762,3.449987545831587,teammate,7,66,True
116,14037,2636.0,38.0,0.37027672425902514,0.08591076491868462,3.805179909810097,teammate,47,66,True
10891,14037,2031.0,26.0,0.2852928782132322,0.08857005800008722,3.551053137206533,teammate,38,66,True
13906,83,2250.0,33.0,0.27066041140382535,0.05303976803941444,3.6506582412937387,teammate,63,123,True
10875,14038,1738.0,20.0,0.0630212488215244,0.029993442170296484,3.400085652809465,teammate,22,67,True
14038,22,7851.0,77.0,0.3326131164209456,0.1811866792827306,4.8816649127992955,teammate,67,79,True
14038,28,7977.0,92.0,0.36213001634283637,0.1916212255879315,4.897466595990617,teammate,67,84,True
14038,29,21605.0,269.0,0.7834143157589383,0.2951220511699701,5.889108771951909,teammate,67,85,True
10872,14038,16692.0,229.0,0.6052650663572413,0.2548863913999511,5.631928370888217,teammate,19,67,True
14038,32,5945.0,88.0,0.23179195258889582,0.12573761130263741,4.606003172291983,teammate,67,88,True
10874,14038,13629.0,190.0,0.494198273986511,0.278569238630557,5.430003307373411,teammate,21,67,True
14038,14303,6182.0,73.0,0.6012448939894962,0.1951512090409748,4.644711360608624,teammate,67,68,True
14303,22,2794.0,30.0,0.2717370161447189,0.08986234401132125,3.862132235814681,teammate,68,79,True
14303,28,3795.0,45.0,0.36909161641703947,0.13308784850078906,4.162781723775329,teammate,68,84,True
14303,29,8383.0,104.0,0.8153083057770861,0.1212590224639463,4.946748412447399,teammate,68,85,True
10872,14303,6389.0,96.0,0.6213771639758802,0.10922301051371912,4.6773357967882765,teammate,19,68,True
10874,14303,4765.0,70.0,0.46343123905854894,0.11767465981774627,4.387221451550985,teammate,21,68,True
14303,32,1376.0,23.0,0.13382610387084226,0.03982172830931296,3.175272187386069,teammate,68,88,True
10873,14038,3681.0,53.0,0.44067999521130136,0.11413953488372093,4.132763672126045,teammate,20,67,True
10873,14303,3178.0,48.0,0.3804621094217646,0.20560263958077246,3.98836657201548,teammate,20,68,True
10873,28,999.0,13.0,0.11959774931162456,0.034000408413314274,2.8707357833793057,teammate,20,84,True
119,14037,2544.0,39.0,0.3573535608933839,0.14490772385509226,3.770459441106359,teammate,49,66,True
13906,91,3560.0,50.0,0.32,0.08105093003665506,4.099884742597716,teammate,63,133,True
111,13399,458.0,4.0,0.0505462973181768,0.024779527133041174,2.1556306800373823,teammate,45,59,True
13399,14037,428.0,10.0,0.06012080348363534,0.02582825417898739,2.0959708436310467,teammate,59,66,True
119,13399,1857.0,32.0,0.18795546558704454,0.08841173109883832,3.4641721808235437,teammate,49,59,True
108,119,1004.0,14.0,0.12051374384827752,0.04943864486901713,2.875446107679489,teammate,7,49,True
108,13399,2215.0,23.0,0.26587444484455647,0.13847211802950737,3.63539076916295,teammate,7,59,True
108,110,1673.0,24.0,0.2008162285439923,0.026956479706105086,3.3632647274935055,teammate,7,44,True
10884,62,456.0,5.0,0.0521978021978022,0.010639290713952403,2.151762203259462,teammate,31,110,True
10860,64,220.0,3.0,0.1142263759086189,0.005343047965998785,1.5404450409471488,teammate,8,111,True
10884,57,311.0,6.0,0.03559981684981685,0.004590948008620944,1.8218575003853346,teammate,31,106,True
11,13907,2543.0,33.0,0.23680044696899152,0.0759807583136634,3.7700753427724645,teammate,43,64,True
14038,25,1675.0,30.0,0.17570544424630233,0.047268314708206347,3.364418130158859,teammate,67,82,True
14303,25,733.0,13.0,0.07689080037763558,0.038413164238549416,2.5814786594127472,teammate,68,82,True
14038,24,2563.0,34.0,0.09293639857857712,0.04685386274724873,3.777729417644773,teammate,67,81,True
13,13907,2100.0,29.0,0.1949317738791423,0.061862958816944556,3.58351893845611,teammate,56,64,True
10878,10879,357.0,3.0,0.3080241587575496,0.010424270739042837,1.9387416595767009,teammate,25,26,True
10878,47,312.0,2.0,0.26919758412424505,0.014659587464173283,1.824549292051046,teammate,25,99,True
10878,48,660.0,6.0,0.5694564279551337,0.08476753146673517,2.4849066497880004,teammate,25,100,True
107,13906,10242.0,157.0,0.2816986632928104,0.13314094064425552,5.14574876790343,teammate,6,63,True
10864,13907,1862.0,27.0,0.14187747637915268,0.05096482824688655,3.466777027308137,teammate,12,64,True
10864,3,3548.0,60.0,0.27034440719292896,0.11805416916217475,4.0965643189604135,teammate,12,86,True
10864,13,1178.0,20.0,0.10934744268077601,0.05185087371803337,3.0269078910224407,teammate,12,56,True
10864,11,1185.0,20.0,0.1103454697830338,0.05225328512214481,3.0325462466767075,teammate,12,43,True
11,13,1541.0,13.0,0.1434956699878946,0.07716188473286265,3.284039150774614,teammate,43,56,True
108,45,778.0,10.0,0.09338614812147401,0.017763368190328324,2.6366735382599824,teammate,7,98,True
11,2,1033.0,13.0,0.16391621707394477,0.06453023488255873,2.9023369259544376,teammate,43,77,True
11,4,356.0,4.0,0.033150200204860786,0.012320897072056483,1.9363406980391626,teammate,43,93,True
10873,24,1419.0,21.0,0.1698790853585538,0.03874825919554354,3.204776900488699,teammate,20,81,True
14303,24,970.0,15.0,0.09433962264150944,0.024872432626477602,2.842969519001581,teammate,68,81,True
14303,19,477.0,7.0,0.17282608695652174,0.03796259450855551,2.191653532286764,teammate,68,76,True
14038,19,637.0,10.0,0.23079710144927537,0.021447089323591798,2.4524408485384233,teammate,67,76,True
14038,23,542.0,8.0,0.10703001579778831,0.016884735202492212,2.3059128830867204,teammate,67,80,True
19,28,545.0,10.0,0.19746376811594202,0.02248071608299303,2.310883895808741,teammate,76,84,True
10871,14303,157.0,3.0,0.133276740237691,0.013890117667875785,1.2855527913183589,teammate,18,68,True
10871,24,496.0,8.0,0.42105263157894735,0.016332444268826764,2.226423732028482,teammate,18,81,True
10871,29,156.0,2.0,0.13242784380305603,0.0022855133614627285,1.2809338454620642,teammate,18,85,True
14038,34,10290.0,128.0,0.37312350424251217,0.15281799955446648,5.150397236471415,teammate,67,89,True
78,80,1562.0,24.0,0.26394052044609667,0.12522045855379188,3.2970706724532577,teammate,119,121,True
14707,39,740.0,8.0,0.21771109149749926,0.026099530913836277,2.5902671654458267,teammate,70,92,True
14707,40,2363.0,22.0,0.695204471903501,0.03742121432869857,3.698417158594425,teammate,70,94,True
14707,44,578.0,7.0,0.1700500147102089,0.0265625,2.3639937211226894,teammate,70,97,True
14707,8889,2190.0,25.0,0.6443071491615181,0.03945164021545279,3.624340932976365,teammate,70,129,True
14707,43,1974.0,26.0,0.5807590467784642,0.03900414937759336,3.5234150143864045,teammate,70,96,True
14707,47,2288.0,24.0,0.6731391585760518,0.10618647607555576,3.6669746187258863,teammate,70,99,True
14707,48,291.0,5.0,0.08561341571050309,0.027994227994227995,1.766441661243765,teammate,70,100,True
10880,14707,1209.0,15.0,0.3556928508384819,0.022564389697648377,3.0516399054922867,teammate,27,70,True
10879,14707,1333.0,17.0,0.392174168873198,0.03753766438568331,3.144870411557705,teammate,26,70,True
10875,14303,1147.0,12.0,0.11155417234001166,0.027812128706869377,3.0015486588754308,teammate,22,68,True
1,14437,2946.0,40.0,0.5425414364640884,0.0458714167821497,3.914021008090819,teammate,0,69,True
10864,10867,1776.0,18.0,0.1353245961597074,0.03857934180514826,3.4210000089583352,teammate,12,14,True
10864,14437,1870.0,18.0,0.3443830570902394,0.11208343322944138,3.4709307196768306,teammate,12,69,True
10867,14437,1353.0,15.0,0.24917127071823206,0.034903518728717366,3.159125820462427,teammate,14,69,True
14,14437,3403.0,39.0,0.6267034990791897,0.05714429648536549,4.0555459821803215,teammate,65,69,True
11,14437,1211.0,20.0,0.22302025782688767,0.0809600213932344,3.0532147089673534,teammate,43,69,True
10,14437,1534.0,29.0,0.28250460405156536,0.025878939199676092,3.2796572971280598,teammate,1,69,True
14303,34,782.0,17.0,0.0760552421707839,0.01313248358439552,2.641435452020226,teammate,68,89,True
1,14845,17247.0,187.0,0.7003857868020305,0.24953339988714787,5.664521760702899,teammate,0,73,True
10,14845,7025.0,97.0,0.28527918781725886,0.09625924910934502,4.77139058990268,teammate,1,73,True
10867,14845,5426.0,56.0,0.2203451776649746,0.10069405782578035,4.515610109275448,teammate,14,73,True
14,14845,15647.0,164.0,0.6354111675126903,0.23528615680731407,5.567517189620932,teammate,65,73,True
10865,14845,5775.0,71.0,0.23451776649746192,0.11159420289855072,4.577284982498556,teammate,13,73,True
13,14437,696.0,8.0,0.1281767955801105,0.044882956084349,2.533696813957432,teammate,56,69,True
13,14845,2336.0,28.0,0.21683839227698876,0.070655132780836,3.687211397013239,teammate,56,73,True
14437,14845,3799.0,56.0,0.6996316758747698,0.1446907373552712,4.163818799315518,teammate,69,73,True
10864,14845,5324.0,56.0,0.4056690033526364,0.16419429452582884,4.496842309102463,teammate,12,73,True
14845,5,16839.0,189.0,0.6838172588832487,0.3372589076488614,5.640665165340723,teammate,73,101,True
11,14845,1167.0,20.0,0.10866933606481051,0.03412580050881656,3.017982882488811,teammate,43,73,True
14437,5,2955.0,44.0,0.5441988950276243,0.06622887623828948,3.917010546939185,teammate,69,101,True
109,14844,4584.0,59.0,0.2404279869925522,0.1004250098584761,4.3489867805956814,teammate,42,72,True
110,14844,11624.0,127.0,0.609671666841498,0.1849571180804175,5.271631101285531,teammate,44,72,True
118,14844,16517.0,187.0,0.8663065142137837,0.29367732299704846,5.621426909202765,teammate,48,72,True
14844,51,6763.0,76.0,0.354715199832162,0.1295792458614347,4.733709974593323,teammate,72,102,True
10890,13906,9587.0,102.0,0.263683370922493,0.1455774049047149,5.080057702948453,teammate,37,63,True
118,13399,3134.0,35.0,0.31720647773279353,0.05185393537285528,3.974684766552857,teammate,48,59,True
13399,14844,1453.0,19.0,0.14706477732793521,0.05284981631688066,3.227505151566255,teammate,59,72,True
116,14844,5222.0,67.0,0.2738906954788629,0.13040655279192886,4.477715530634977,teammate,47,72,True
121,14844,9361.0,104.0,0.4909787055491451,0.19213086490702352,5.056351956826568,teammate,51,72,True
122,14844,321.0,6.0,0.016836253015839714,0.008222546684085145,1.8484548129046001,teammate,52,72,True
119,14844,1872.0,20.0,0.14421076958631845,0.06203811101905551,3.4719664525503626,teammate,49,72,True
10885,13778,1116.0,10.0,0.6541617819460727,0.020752752157096103,2.975529566236472,teammate,32,62,True
10887,13778,1025.0,9.0,0.6008206330597889,0.0144025404676259,2.8949907037524594,teammate,34,62,True
13778,75,1445.0,14.0,0.847010550996483,0.023956761775287234,3.2222036149608755,teammate,62,116,True
13778,76,895.0,8.0,0.5246189917936694,0.014237309705232012,2.7673667782586295,teammate,62,117,True
10887,14843,12665.0,122.0,0.5254968673499025,0.1545963892923843,5.356979279196623,teammate,34,71,True
14843,75,15160.0,149.0,0.6290195427575619,0.21971969795788224,5.536021069193576,teammate,71,116,True
14843,76,13262.0,116.0,0.5502676237500519,0.18194290104402464,5.402827520751024,teammate,71,117,True
14843,90,2023.0,17.0,0.11989569134119599,0.05193704911298811,3.547219879038871,teammate,71,132,True
13778,14843,559.0,7.0,0.3276670574443142,0.022140367553865652,2.3337607104624953,teammate,62,71,True
13778,80,333.0,5.0,0.1951934349355217,0.045672747222603206,1.8794650496471605,teammate,62,121,True
14843,80,1661.0,24.0,0.28066914498141265,0.05857253685027153,3.3563162339894386,teammate,71,121,True
13778,87,677.0,8.0,0.39683470105509966,0.018584095089077383,2.508243329967236,teammate,62,127,True
14843,87,10550.0,124.0,0.4377411725654537,0.21552164409307267,5.175207669385928,teammate,71,127,True
10885,14843,13268.0,121.0,0.5505165760756815,0.20725097236757836,5.403277802184523,teammate,32,71,True
10887,14982,2490.0,26.0,0.2573909448004962,0.03205829717655238,3.7495040759303713,teammate,34,74,True
14843,14982,6081.0,65.0,0.6285921025428985,0.2195782479959558,4.628398312107299,teammate,71,74,True
14982,75,2972.0,34.0,0.30721521604300184,0.04451900895772791,3.9226331845401616,teammate,74,116,True
14982,87,6909.0,65.0,0.7141823444283647,0.18102973928992533,4.754882459216418,teammate,74,127,True
14843,88,8947.0,96.0,0.3712294095680677,0.1650129103651789,5.011412769561642,teammate,71,128,True
14982,88,6503.0,65.0,0.6722141823444283,0.1539645334659185,4.694858532251622,teammate,74,128,True
13778,14982,478.0,4.0,0.2801875732708089,0.043845166024582646,2.1935139979396836,teammate,62,74,True
13778,88,252.0,2.0,0.1477139507620164,0.006219151036525173,1.6486586255873816,teammate,62,128,True
116,4181,7186.0,75.0,0.38878969864199536,0.19164199802650878,4.7938603092329215,teammate,47,95,True
118,4181,14670.0,155.0,0.7937023210517773,0.25510381525406045,5.503296947234575,teammate,48,95,True
121,4181,9135.0,97.0,0.49423794838500246,0.18887625348909334,5.032070574816321,teammate,51,95,True
14844,4181,10175.0,117.0,0.5505058702591571,0.3717030759114488,5.139223935873289,teammate,72,95,True
10877,14707,630.0,11.0,0.1853486319505737,0.008200135367314,2.4423470353692043,teammate,24,70,True
109,4181,3466.0,44.0,0.18752367039982687,0.07505251077282865,4.073574800735715,teammate,42,95,True
110,4181,8815.0,92.0,0.47692474165449333,0.13546324896654527,4.996649052121516,teammate,44,95,True
4181,51,4162.0,46.0,0.22517989503868419,0.07677550267478325,4.253719666186165,teammate,95,102,True
122,4181,413.0,5.0,0.02234485743656333,0.010765300802835992,2.064750826269832,teammate,52,95,True
13029,14038,3124.0,42.0,0.11327870041337298,0.05986394557823129,3.971548984742173,teammate,57,67,True
10862,14982,7406.0,79.0,0.7655571635311144,0.12750060255483248,4.823770097252429,teammate,10,74,True
10862,14843,8078.0,88.0,0.33517281440604124,0.11244275552957225,4.909955166339534,teammate,10,71,True
10865,14437,628.0,10.0,0.1156537753222836,0.016656941276324864,2.439444275711243,teammate,13,69,True
14845,3,5597.0,70.0,0.2733177068073054,0.1416746823267352,4.546304433121055,teammate,73,86,True
10888,14843,1489.0,16.0,0.0617816688104228,0.026357247800612466,3.251020278194768,teammate,35,71,True
123,14844,519.0,7.0,0.05376566870402984,0.018404255319148938,2.2669579153508947,teammate,53,72,True
123,4181,1280.0,16.0,0.13260126385579613,0.04766160262138815,3.106080330722856,teammate,53,95,True
10891,14844,3872.0,51.0,0.21700386706271366,0.11720192511426582,4.182558919044957,teammate,38,72,True
10887,84,164.0,3.0,0.10360075805432722,0.0022807554307011932,1.3173014896329391,teammate,34,124,True
10888,84,159.0,3.0,0.10044219835754896,0.004503611386489166,1.2947271675944,teammate,35,124,True
10885,14982,1313.0,17.0,0.13572462270002067,0.021333290006011665,3.13040884354587,teammate,32,74,True
14982,84,720.0,9.0,0.45483259633607076,0.06833064439593813,2.5649493574615367,teammate,74,124,True
14038,21,6176.0,80.0,0.2239466241206759,0.09198415298918709,4.643749667955566,teammate,67,78,True
14982,78,1274.0,15.0,0.15693520571569353,0.07712798159583485,3.1015926642534684,teammate,74,119,True
14843,78,1576.0,20.0,0.19413648681941365,0.0514309956596939,3.3056649549405916,teammate,71,119,True
108,4181,1587.0,19.0,0.1904933381346777,0.06290878820311571,3.3123661679555396,teammate,7,95,True
13399,4181,1480.0,13.0,0.14979757085020243,0.05505337945913775,3.245193133185574,teammate,59,95,True
4181,45,5554.0,55.0,0.3004923443163989,0.11294586570138691,4.538674194699727,teammate,95,98,True
10891,4181,4642.0,49.0,0.26015804517177604,0.1465092791314228,4.361398666877914,teammate,38,95,True
10883,39,342.0,4.0,0.4691358024691358,0.01311299413366052,1.9021075263969205,teammate,30,92,True
10883,48,460.0,5.0,0.6310013717421125,0.06087877183695077,2.1594842493533726,teammate,30,100,True
35,47,95.0,1.0,0.07207890743550835,0.00438616741308463,0.9490805546971459,teammate,90,99,True
10867,13907,7474.0,77.0,0.295730621611997,0.14239987806272147,4.832836826029886,teammate,14,64,True
13907,14845,5516.0,64.0,0.224,0.12428461989094677,4.531882390218259,teammate,64,73,True
10863,14845,1680.0,22.0,0.15328467153284672,0.04955021383276803,3.367295829986474,teammate,11,73,True
10888,14982,810.0,6.0,0.08372958445317345,0.018949584746754008,2.6741486494265287,teammate,35,74,True
82,84,428.0,5.0,0.2703727100442198,0.03253268470659775,2.0959708436310467,teammate,122,124,True
84,90,217.0,3.0,0.13708149084017687,0.011897582104282033,1.529672943965238,teammate,124,132,True
14982,82,1482.0,12.0,0.15319412859210255,0.07339176942504828,3.246490991901174,teammate,74,122,True
14982,90,206.0,2.0,0.021294190614016953,0.007820507953380662,1.4891517465595983,teammate,74,132,True
13907,2,137.0,2.0,0.021739130434782608,0.004357783574018704,1.1888591665158879,teammate,64,77,True
101,13906,61.0,1.0,0.010209205020920502,0.0014430355791067372,0.7014459833746404,teammate,2,63,True
14844,45,3495.0,45.0,0.18331060526591839,0.06745020842982863,4.081765780015241,teammate,72,98,True
119,4181,1117.0,11.0,0.08604884061320392,0.03680759218374139,2.976379545038176,teammate,49,95,True
101,73,472.0,5.0,0.09103182256509161,0.04416167664670659,2.1822989271195437,teammate,2,115,True
73,91,129.0,2.0,0.024879459980713597,0.007972313206847537,1.1474024528375417,teammate,115,133,True
104,35,508.0,9.0,0.38543247344461307,0.0179460910728795,2.247776856499051,teammate,4,90,True
35,8889,411.0,8.0,0.3118361153262519,0.007444438406781503,2.060513531794317,teammate,90,129,True
10877,35,383.0,8.0,0.2905918057663126,0.005107075232685282,1.999225207823035,teammate,24,90,True
14845,2,925.0,14.0,0.1467788003808315,0.03083127791480568,2.798297078949988,teammate,73,77,True
10861,56,83.0,1.0,0.04745568896512293,0.0020907854299964733,0.8685000680378065,teammate,9,105,True
13275,4181,250.0,2.0,0.01643979746169527,0.007476076555023923,1.6422277352570913,teammate,58,95,True
13029,19,297.0,6.0,0.10760869565217392,0.009836391336027026,1.7833912195575383,teammate,57,76,True
10878,44,497.0,4.0,0.4288179465056083,0.025355849191367786,2.2282206777051834,teammate,25,97,True
14845,4,4197.0,50.0,0.22673005240127492,0.10778396979891626,4.261975403606051,teammate,73,93,True
14843,82,1027.0,6.0,0.08557620198316807,0.029280114041339986,2.896832324899109,teammate,71,122,True
10865,9,213.0,2.0,0.4531914893617021,0.006423982869379015,1.5151272329628591,teammate,13,131,True
11,9,470.0,4.0,1.0,0.04376571375360834,2.178532444324067,teammate,43,131,True
2,9,470.0,4.0,1.0,0.07457949857188194,2.178532444324067,teammate,77,131,True
4,9,166.0,2.0,0.35319148936170214,0.008822747807600319,1.3261904370501851,teammate,93,131,True
10863,9,384.0,3.0,0.8170212765957446,0.03476371537208039,2.0014800002101243,teammate,11,131,True
10864,9,177.0,1.0,0.37659574468085105,0.013192218826861444,1.3737155789130306,teammate,12,131,True
16,64,153.0,3.0,0.0794392523364486,0.0026371126202213106,1.2669476034873244,teammate,75,111,True
13275,14844,433.0,4.0,0.02847372920365621,0.012795508274231678,2.1061646118205894,teammate,58,72,True
14437,4,1050.0,9.0,0.19337016574585636,0.04586955572058888,2.917770732084279,teammate,69,93,True
14437,3,275.0,4.0,0.05064456721915286,0.010728357976046503,1.7197859696029656,teammate,69,86,True
84,87,533.0,6.0,0.3367024636765635,0.014622770919067215,2.290849836775625,teammate,124,127,True
78,84,822.0,10.0,0.5192672141503475,0.09257799301723167,2.6878474937846906,teammate,119,124,True
10886,78,309.0,4.0,0.6267748478701826,0.03721994700072272,1.8164520818184267,teammate,33,119,True
78,82,211.0,2.0,0.025991623552599163,0.010598754269640345,1.5077742586576002,teammate,119,122,True
