stint_id,game_id,quarter,start,end,home_team_id,away_team_id,home,away,duration_sec,valid,competition_phase
1371_001,1371,1,0.0,227.0,7,2,10875|10876|21|25|29,10892|10894|110|118|121,227.0,True,regular_season
1371_002,1371,1,227.0,247.0,7,2,10875|10876|21|24|29,10892|10894|109|110|118,20.0,True,regular_season
1371_003,1371,1,247.0,271.0,7,2,10876|21|24|29|867,10892|10894|109|110|118,24.0,True,regular_season
1371_004,1371,1,271.0,297.0,7,2,10872|10876|21|24|867,10892|10894|109|110|118,26.0,True,regular_season
1371_005,1371,1,297.0,369.0,7,2,10872|10875|21|24|867,10892|10894|109|110|118,72.0,True,regular_season
1371_006,1371,1,369.0,405.0,7,2,10872|10875|21|22|867,10892|10894|109|110|121,36.0,True,regular_season
1371_007,1371,1,405.0,457.0,7,2,10872|10875|21|22|867,10894|109|116|121|122,52.0,True,regular_season
1371_008,1371,1,457.0,477.0,7,2,10872|10875|22|29|867,109|116|121|122|123,20.0,True,regular_season
1371_009,1371,1,477.0,488.0,7,2,10875|10876|19|22|29,109|116|121|122|123,11.0,True,regular_season
1371_010,1371,1,488.0,521.0,7,2,10875|10876|19|22|29,10892|116|121|122|123,33.0,True,regular_season
1371_011,1371,1,521.0,550.0,7,2,10875|10876|21|22|29,10892|116|121|122|123,29.0,True,regular_season
1371_012,1371,1,550.0,645.0,7,2,10875|10876|21|25|29,10892|116|121|122|123,95.0,True,regular_season
1371_013,1371,1,645.0,720.0,7,2,10874|10875|21|29|867,10892|116|121|122|123,75.0,True,regular_season
1371_014,1371,2,720.0,807.0,7,2,10874|10875|21|29|867,10892|10894|109|110|118,87.0,True,regular_season
1371_015,1371,2,807.0,854.0,7,2,10874|10876|21|29|867,10892|10894|109|110|118,47.0,True,regular_season
1371_016,1371,2,854.0,896.0,7,2,10872|10874|10876|29|867,10894|109|110|118|122,42.0,True,regular_season
1371_017,1371,2,896.0,1026.0,7,2,10872|10874|10875|29|867,10894|109|110|118|122,130.0,True,regular_season
1371_018,1371,2,1026.0,1039.0,7,2,10872|10875|10876|24|29,109|116|118|122|123,13.0,True,regular_season
1371_019,1371,2,1039.0,1091.0,7,2,10872|10875|10876|24|29,116|118|121|122|123,52.0,True,regular_season
1371_020,1371,2,1091.0,1128.0,7,2,10872|10875|10876|28|29,116|118|121|122|123,37.0,True,regular_season
1371_021,1371,2,1128.0,1147.0,7,2,10872|10875|10876|28|29,10892|116|118|121|123,19.0,True,regular_season
1371_022,1371,2,1147.0,1250.0,7,2,10875|10876|22|28|29,10892|116|118|121|123,103.0,True,regular_season
1371_023,1371,2,1250.0,1310.0,7,2,10875|22|28|29|867,10892|10894|116|118|121,60.0,True,regular_season
1371_024,1371,2,1310.0,1336.0,7,2,10874|10875|21|29|867,10892|10894|109|116|121,26.0,True,regular_season
1371_025,1371,2,1336.0,1358.0,7,2,10874|10875|10876|21|29,10892|10894|109|116|121,22.0,True,regular_season
1371_026,1371,2,1358.0,1440.0,7,2,10874|10875|10876|21|29,10892|10894|109|110|121,82.0,True,regular_season
1371_027,1371,3,1440.0,1536.0,7,2,10875|10876|21|25|29,10892|10894|109|110|118,96.0,True,regular_season
1371_028,1371,3,1536.0,1721.0,7,2,10875|21|25|29|867,10892|10894|109|110|118,185.0,True,regular_season
1371_029,1371,3,1721.0,1768.0,7,2,10874|10876|21|29|867,10892|109|116|118|123,47.0,True,regular_season
1371_030,1371,3,1768.0,1809.0,7,2,10874|10876|21|29|867,10892|116|118|121|123,41.0,True,regular_season
1371_031,1371,3,1809.0,1867.0,7,2,10872|10874|10876|29|867,10892|116|118|121|123,58.0,True,regular_season
1371_032,1371,3,1867.0,1886.0,7,2,10872|10874|10876|29|867,116|118|121|122|123,19.0,True,regular_season
1371_033,1371,3,1886.0,1938.0,7,2,10872|10874|10876|29|867,10894|116|118|121|122,52.0,True,regular_season
1371_034,1371,3,1938.0,1985.0,7,2,10872|10874|10875|10876|29,10894|116|118|121|122,47.0,True,regular_season
1371_035,1371,3,1985.0,2043.0,7,2,10872|10875|10876|21|22,10892|10894|116|121|122,58.0,True,regular_season
1371_036,1371,3,2043.0,2160.0,7,2,10872|10875|10876|21|22,10892|10894|110|121|122,117.0,True,regular_season
1371_037,1371,4,2160.0,2302.0,7,2,10872|10875|21|22|867,10892|10894|110|118|122,142.0,True,regular_season
1371_038,1371,4,2302.0,2365.0,7,2,10876|21|22|29|867,10892|10894|109|110|118,63.0,True,regular_season
1371_039,1371,4,2365.0,2412.0,7,2,10876|21|22|29|867,10892|109|110|118|123,47.0,True,regular_season
1371_040,1371,4,2412.0,2465.0,7,2,10874|10876|21|29|867,10892|109|110|118|123,53.0,True,regular_season
1371_041,1371,4,2465.0,2541.0,7,2,10872|10874|10875|10876|29,10892|109|116|118|123,76.0,True,regular_season
1371_042,1371,4,2541.0,2632.0,7,2,10872|10874|10875|29|867,10892|10894|116|118|121,91.0,True,regular_season
1371_043,1371,4,2632.0,2747.0,7,2,10874|10875|21|29|867,10892|10894|110|118|121,115.0,True,regular_season
1371_044,1371,4,2747.0,2880.0,7,2,10872|10876|21|29|867,10892|10894|109|110|118,133.0,True,regular_season
1372_001,1372,1,0.0,181.0,7,3,10874|10875|10876|21|29,106|107|79|89|99,181.0,True,regular_season
1372_002,1372,1,181.0,294.0,7,3,10874|10876|21|29|34,101|103|107|79|89,113.0,True,regular_season
1372_003,1372,1,294.0,334.0,7,3,10872|10874|10875|29|34,101|103|107|79|89,40.0,True,regular_season
1372_004,1372,1,334.0,503.0,7,3,10872|10874|10875|29|34,101|107|79|86|99,169.0,True,regular_season
1372_005,1372,1,503.0,560.0,7,3,10872|10875|10876|21|22,101|106|86|97|99,57.0,True,regular_season
1372_006,1372,1,560.0,601.0,7,3,10872|10875|10876|21|22,103|106|86|97|99,41.0,True,regular_season
1372_007,1372,1,601.0,630.0,7,3,10876|21|22|29|34,103|106|86|91|97,29.0,True,regular_season
1372_008,1372,1,630.0,682.0,7,3,10876|21|22|29|34,106|107|86|91|97,52.0,True,regular_season
1372_009,1372,1,682.0,720.0,7,3,10875|21|22|29|34,106|107|86|91|97,38.0,True,regular_season
1372_010,1372,2,720.0,792.0,7,3,10875|21|22|29|34,101|107|79|89|99,72.0,True,regular_season
1372_011,1372,2,792.0,878.0,7,3,10875|10876|21|22|29,101|107|79|89|99,86.0,True,regular_season
1372_012,1372,2,878.0,936.0,7,3,10875|21|22|24|29,101|107|79|89|99,58.0,True,regular_season
1372_013,1372,2,936.0,992.0,7,3,10872|10874|10875|24|34,101|107|79|89|99,56.0,True,regular_season
1372_014,1372,2,992.0,1050.0,7,3,10872|10874|10875|24|34,101|107|79|89|91,58.0,True,regular_season
1372_015,1372,2,1050.0,1102.0,7,3,10874|10875|21|29|34,103|107|79|86|91,52.0,True,regular_season
1372_016,1372,2,1102.0,1118.0,7,3,10874|10875|10876|21|29,103|106|79|86|91,16.0,True,regular_season
1372_017,1372,2,1118.0,1297.0,7,3,10874|10875|10876|21|29,103|106|83|86|91,179.0,True,regular_season
1372_018,1372,2,1297.0,1407.0,7,3,10872|10875|21|22|34,106|107|83|89|97,110.0,True,regular_season
1372_019,1372,2,1407.0,1440.0,7,3,10872|10875|21|22|34,106|107|83|89|99,33.0,True,regular_season
1372_020,1372,3,1440.0,1493.0,7,3,10874|10875|10876|21|29,106|107|79|89|99,53.0,True,regular_season
1372_021,1372,3,1493.0,1543.0,7,3,10874|10875|21|29|34,106|107|79|89|99,50.0,True,regular_season
1372_022,1372,3,1543.0,1617.0,7,3,10874|10875|21|29|34,106|107|79|86|99,74.0,True,regular_season
1372_023,1372,3,1617.0,1674.0,7,3,10872|10874|10875|21|34,106|107|79|89|99,57.0,True,regular_season
1372_024,1372,3,1674.0,1772.0,7,3,10872|10875|21|22|34,106|107|79|89|99,98.0,True,regular_season
1372_025,1372,3,1772.0,1832.0,7,3,10872|10876|21|22|34,101|107|79|89|99,60.0,True,regular_season
1372_026,1372,3,1832.0,1949.0,7,3,10872|10875|10876|21|22,101|103|107|89|97,117.0,True,regular_season
1372_027,1372,3,1949.0,1954.0,7,3,10872|10875|10876|21|22,103|106|89|91|97,5.0,True,regular_season
1372_028,1372,3,1954.0,2019.0,7,3,10872|10875|10876|21|22,103|106|86|91|97,65.0,True,regular_season
1372_029,1372,3,2019.0,2054.0,7,3,10872|10875|22|29|34,103|106|79|86|91,35.0,True,regular_season
1372_030,1372,3,2054.0,2095.0,7,3,10872|10875|22|29|34,103|106|79|83|86,41.0,True,regular_season
1372_031,1372,3,2095.0,2160.0,7,3,10875|19|22|29|34,103|106|79|83|86,65.0,True,regular_season
1372_032,1372,4,2160.0,2214.0,7,3,10875|19|22|29|34,106|107|83|97|99,54.0,True,regular_season
1372_033,1372,4,2214.0,2280.0,7,3,10872|10876|22|29|34,106|107|83|97|99,66.0,True,regular_season
1372_034,1372,4,2280.0,2336.0,7,3,10872|10876|22|23|29,106|107|83|97|99,56.0,True,regular_season
1372_035,1372,4,2336.0,2426.0,7,3,10872|10876|22|23|29,101|107|89|91|99,90.0,True,regular_season
1372_036,1372,4,2426.0,2498.0,7,3,10872|10876|23|28|29,101|107|89|91|99,72.0,True,regular_season
1372_037,1372,4,2498.0,2529.0,7,3,10872|10876|24|28|29,103|107|79|89|91,31.0,True,regular_season
1372_038,1372,4,2529.0,2684.0,7,3,10872|10875|24|28|29,103|107|79|89|91,155.0,True,regular_season
1372_039,1372,4,2684.0,2699.0,7,3,10872|10873|10874|10875|25,103|106|79|89|91,15.0,True,regular_season
1372_040,1372,4,2699.0,2726.0,7,3,10872|10873|10874|10875|25,103|106|89|91|97,27.0,True,regular_season
1372_041,1372,4,2726.0,2880.0,7,3,10872|10873|19|23|25,103|106|89|91|97,154.0,True,regular_season
1373_001,1373,1,0.0,266.0,3,2,101|106|107|89|99,10893|110|118|121|45,266.0,True,regular_season
1373_002,1373,1,266.0,337.0,3,2,106|107|79|89|99,10894|109|110|118|45,71.0,True,regular_season
1373_003,1373,1,337.0,382.0,3,2,106|107|79|89|99,10894|109|118|123|45,45.0,True,regular_season
1373_004,1373,1,382.0,393.0,3,2,103|107|10889|79|89,10894|109|118|123|45,11.0,True,regular_season
1373_005,1373,1,393.0,427.0,3,2,103|107|10889|79|89,10894|109|118|122|123,34.0,True,regular_season
1373_006,1373,1,427.0,534.0,3,2,103|107|10889|79|86,10894|109|118|122|123,107.0,True,regular_season
1373_007,1373,1,534.0,615.0,3,2,103|106|10889|79|86,10893|10894|109|119|122,81.0,True,regular_season
1373_008,1373,1,615.0,720.0,3,2,103|106|10889|79|86,10893|10894|119|121|122,105.0,True,regular_season
1373_009,1373,2,720.0,768.0,3,2,103|106|107|79|89,10893|118|121|122|123,48.0,True,regular_season
1373_010,1373,2,768.0,781.0,3,2,106|107|79|89|99,10893|118|121|122|123,13.0,True,regular_season
1373_011,1373,2,781.0,854.0,3,2,106|107|79|89|99,10893|10894|118|121|122,73.0,True,regular_season
1373_012,1373,2,854.0,868.0,3,2,107|10889|89|95|99,10893|10894|118|121|122,14.0,True,regular_season
1373_013,1373,2,868.0,1024.0,3,2,107|10889|89|95|99,10893|10894|118|122|45,156.0,True,regular_season
1373_014,1373,2,1024.0,1097.0,3,2,103|106|10889|89|99,10894|109|110|118|45,73.0,True,regular_season
1373_015,1373,2,1097.0,1101.0,3,2,103|106|10889|89|99,109|110|118|123|45,4.0,True,regular_season
1373_016,1373,2,1101.0,1181.0,3,2,103|106|10889|89|99,109|110|119|123|45,80.0,True,regular_season
1373_017,1373,2,1181.0,1204.0,3,2,103|106|107|86|99,109|110|119|123|45,23.0,True,regular_season
1373_018,1373,2,1204.0,1334.0,3,2,103|106|107|79|86,10894|109|110|119|45,130.0,True,regular_season
1373_019,1373,2,1334.0,1434.0,3,2,103|107|10889|79|86,10893|10894|109|119|45,100.0,True,regular_season
1373_020,1373,2,1434.0,1440.0,3,2,101|103|107|10889|79,10893|109|110|119|45,6.0,True,regular_season
1373_021,1373,3,1440.0,1665.0,3,2,106|107|79|89|99,10893|109|110|121|122,225.0,True,regular_season
1373_022,1373,3,1665.0,1730.0,3,2,103|106|107|89|99,10894|109|110|121|45,65.0,True,regular_season
1373_023,1373,3,1730.0,1819.0,3,2,103|106|10889|89|99,10894|109|110|118|45,89.0,True,regular_season
1373_024,1373,3,1819.0,1962.0,3,2,103|107|10889|89|99,10894|109|110|118|45,143.0,True,regular_season
1373_025,1373,3,1962.0,2013.0,3,2,103|107|10889|79|86,10894|109|118|123|45,51.0,True,regular_season
1373_026,1373,3,2013.0,2048.0,3,2,103|107|10889|79|86,10894|109|119|123|45,35.0,True,regular_season
1373_027,1373,3,2048.0,2105.0,3,2,103|107|10889|79|86,10893|109|119|123|45,57.0,True,regular_season
1373_028,1373,3,2105.0,2160.0,3,2,103|107|10889|79|86,10893|109|119|122|123,55.0,True,regular_season
1373_029,1373,4,2160.0,2291.0,3,2,103|106|10889|79|86,10893|110|119|121|122,131.0,True,regular_season
1373_030,1373,4,2291.0,2365.0,3,2,103|106|107|79|86,10893|110|118|121|122,74.0,True,regular_season
1373_031,1373,4,2365.0,2480.0,3,2,103|106|107|79|86,10894|110|118|121|45,115.0,True,regular_season
1373_032,1373,4,2480.0,2543.0,3,2,103|106|107|86|99,10894|109|110|118|45,63.0,True,regular_season
1373_033,1373,4,2543.0,2635.0,3,2,103|107|10889|86|99,10894|109|110|118|45,92.0,True,regular_season
1373_034,1373,4,2635.0,2644.0,3,2,103|107|10889|86|99,10893|10894|109|118|45,9.0,True,regular_season
1373_035,1373,4,2644.0,2654.0,3,2,103|107|10889|89|99,10893|10894|109|118|45,10.0,True,regular_season
1373_036,1373,4,2654.0,2785.0,3,2,101|107|10889|89|99,10893|10894|109|118|45,131.0,True,regular_season
1373_037,1373,4,2785.0,2853.0,3,2,101|107|10889|79|89,10893|10894|109|118|45,68.0,True,regular_season
1373_038,1373,4,2853.0,2856.0,3,2,103|107|10889|79|89,10893|10894|109|118|45,3.0,True,regular_season
1373_039,1373,4,2856.0,2880.0,3,2,103|107|10889|86|89,10893|10894|109|118|45,24.0,True,regular_season
1374_001,1374,1,0.0,127.0,7,6,10874|10875|10876|21|29,10877|10880|10881|39|40,127.0,True,regular_season
1374_002,1374,1,127.0,231.0,7,6,10874|10876|21|29|34,10877|10880|10881|39|40,104.0,True,regular_season
1374_003,1374,1,231.0,246.0,7,6,10875|21|22|26|34,10877|10880|10881|39|40,15.0,True,regular_season
1374_004,1374,1,246.0,337.0,7,6,10872|10875|22|26|34,10877|10880|10881|39|40,91.0,True,regular_season
1374_005,1374,1,337.0,373.0,7,6,10872|10875|22|26|34,10877|10879|10881|39|47,36.0,True,regular_season
1374_006,1374,1,373.0,460.0,7,6,10872|10876|22|29|34,10877|10879|10881|39|47,87.0,True,regular_season
1374_007,1374,1,460.0,587.0,7,6,10874|10875|10876|21|29,10877|10879|10881|47|48,127.0,True,regular_season
1374_008,1374,1,587.0,720.0,7,6,10875|10876|21|24|29,10879|10881|10882|44|48,133.0,True,regular_season
1374_009,1374,2,720.0,769.0,7,6,10875|21|24|29|34,10880|10882|39|40|44,49.0,True,regular_season
1374_010,1374,2,769.0,869.0,7,6,10872|10875|24|29|34,10880|10882|39|40|44,100.0,True,regular_season
1374_011,1374,2,869.0,938.0,7,6,10876|24|26|29|34,10880|10882|39|40|44,69.0,True,regular_season
1374_012,1374,2,938.0,999.0,7,6,10876|21|26|29|34,10877|10880|10881|39|40,61.0,True,regular_season
1374_013,1374,2,999.0,1039.0,7,6,10874|10876|21|29|34,10877|10880|10881|39|40,40.0,True,regular_season
1374_014,1374,2,1039.0,1143.0,7,6,10872|10874|10876|29|34,10877|10880|10881|39|40,104.0,True,regular_season
1374_015,1374,2,1143.0,1230.0,7,6,10874|10875|21|29|34,10877|10879|10881|40|47,87.0,True,regular_season
1374_016,1374,2,1230.0,1289.0,7,6,10874|10875|21|29|34,10877|10879|10880|40|47,59.0,True,regular_season
1374_017,1374,2,1289.0,1323.0,7,6,10874|10875|10876|21|29,10877|10879|10881|10882|47,34.0,True,regular_season
1374_018,1374,2,1323.0,1331.0,7,6,10874|10875|10876|21|29,10877|10879|10881|10882|113,8.0,True,regular_season
1374_019,1374,2,1331.0,1360.0,7,6,10875|10876|21|24|29,10877|10879|10881|10882|113,29.0,True,regular_season
1374_020,1374,2,1360.0,1367.0,7,6,10875|10876|21|24|29,10879|10881|10882|113|48,7.0,True,regular_season
1374_021,1374,2,1367.0,1421.0,7,6,10875|10876|21|24|29,10879|10880|10881|113|40,54.0,True,regular_season
1374_022,1374,2,1421.0,1440.0,7,6,10875|10876|22|24|29,10877|10879|10880|10881|40,19.0,True,regular_season
1374_023,1374,3,1440.0,1537.0,7,6,10874|10875|10876|21|29,10877|10880|10881|39|40,97.0,True,regular_season
1374_024,1374,3,1537.0,1620.0,7,6,10874|10875|21|29|34,10877|10880|10881|39|40,83.0,True,regular_season
1374_025,1374,3,1620.0,1671.0,7,6,10872|10874|10875|21|34,10877|10880|10881|39|40,51.0,True,regular_season
1374_026,1374,3,1671.0,1720.0,7,6,10872|10874|10876|21|34,10877|10880|10881|39|40,49.0,True,regular_season
1374_027,1374,3,1720.0,1781.0,7,6,10872|10874|10876|21|34,10877|10881|39|40|47,61.0,True,regular_season
1374_028,1374,3,1781.0,1834.0,7,6,10872|10874|10875|10876|29,10877|10881|39|40|47,53.0,True,regular_season
1374_029,1374,3,1834.0,1948.0,7,6,10875|10876|22|24|29,10877|10881|10882|39|47,114.0,True,regular_season
1374_030,1374,3,1948.0,1982.0,7,6,10875|19|21|24|34,10877|10881|10882|39|47,34.0,True,regular_season
1374_031,1374,3,1982.0,2029.0,7,6,10875|19|21|24|34,10877|10881|10882|40|47,47.0,True,regular_season
1374_032,1374,3,2029.0,2119.0,7,6,10872|10875|21|24|34,10877|10881|10882|40|47,90.0,True,regular_season
1374_033,1374,3,2119.0,2160.0,7,6,10872|10875|21|24|34,10877|10881|10882|40|44,41.0,True,regular_season
1374_034,1374,4,2160.0,2245.0,7,6,10872|10875|21|24|34,10877|10880|10882|39|47,85.0,True,regular_season
1374_035,1374,4,2245.0,2277.0,7,6,10872|10876|21|29|34,10877|10880|10881|39|40,32.0,True,regular_season
1374_040,1374,4,2520.0,2587.0,7,6,10875|23|25|29|34,10877|10879|10880|10881|40,67.0,True,regular_season
1374_041,1374,4,2587.0,2682.0,7,6,10875|10876|22|23|29,10879|10880|10881|40|44,95.0,True,regular_season
1374_042,1374,4,2682.0,2704.0,7,6,10871|10872|10875|10876|22,10879|10880|10881|40|44,22.0,True,regular_season
1374_043,1374,4,2704.0,2773.0,7,6,10871|10872|10876|22|23,10879|10880|10881|40|44,69.0,True,regular_season
1374_044,1374,4,2773.0,2880.0,7,6,10871|10872|10875|22|23,10880|10882|113|44|48,107.0,True,regular_season
1375_001,1375,1,0.0,286.0,3,5,101|103|107|10889|89,10860|54|57|62|68,286.0,True,regular_season
1375_002,1375,1,286.0,322.0,3,5,103|106|107|89|99,10860|54|57|62|68,36.0,True,regular_season
1375_003,1375,1,322.0,373.0,3,5,103|106|107|89|99,10860|16|54|57|58,51.0,True,regular_season
1375_004,1375,1,373.0,412.0,3,5,103|106|107|86|99,10860|16|54|57|58,39.0,True,regular_season
1375_005,1375,1,412.0,413.0,3,5,103|106|107|86|99,16|54|58|62|68,1.0,True,regular_season
1375_006,1375,1,413.0,458.0,3,5,106|107|79|86|99,16|54|58|62|68,45.0,True,regular_season
1375_007,1375,1,458.0,570.0,3,5,101|106|79|86|99,16|54|58|62|68,112.0,True,regular_season
1375_008,1375,1,570.0,628.0,3,5,106|107|79|86|99,12|16|58|62|68,58.0,True,regular_season
1375_009,1375,1,628.0,688.0,3,5,103|106|107|79|86,12|16|58|62|68,60.0,True,regular_season
1375_010,1375,1,688.0,716.0,3,5,103|106|107|79|86,10860|12|58|62|68,28.0,True,regular_season
1375_011,1375,1,716.0,720.0,3,5,103|106|107|79|86,10860|12|56|58|62,4.0,True,regular_season
1375_012,1375,2,720.0,854.0,3,5,103|107|10889|79|89,10860|12|56|62|68,134.0,True,regular_season
1375_013,1375,2,854.0,894.0,3,5,103|106|10889|83|89,10860|12|57|58|68,40.0,True,regular_season
1375_014,1375,2,894.0,915.0,3,5,103|106|10889|83|89,10860|54|57|58|68,21.0,True,regular_season
1375_015,1375,2,915.0,1097.0,3,5,103|106|10889|83|89,10860|16|54|57|58,182.0,True,regular_season
1375_016,1375,2,1097.0,1169.0,3,5,101|107|86|89|99,10860|16|54|57|58,72.0,True,regular_season
1375_017,1375,2,1169.0,1276.0,3,5,101|107|79|86|99,10860|16|54|57|58,107.0,True,regular_season
1375_018,1375,2,1276.0,1289.0,3,5,101|107|10889|79|86,10860|16|54|57|58,13.0,True,regular_season
1375_019,1375,2,1289.0,1342.0,3,5,101|103|106|10889|86,10860|54|58|62|68,53.0,True,regular_season
1375_020,1375,2,1342.0,1384.0,3,5,101|103|106|10889|89,10860|54|57|62|68,42.0,True,regular_season
1375_021,1375,2,1384.0,1440.0,3,5,101|103|107|10889|89,10860|54|57|62|68,56.0,True,regular_season
1375_022,1375,3,1440.0,1629.0,3,5,103|107|10889|79|89,10860|54|57|62|68,189.0,True,regular_season
1375_023,1375,3,1629.0,1750.0,3,5,103|106|10889|79|89,10860|54|57|62|68,121.0,True,regular_season
1375_024,1375,3,1750.0,1760.0,3,5,106|10889|79|86|99,10860|54|57|62|68,10.0,True,regular_season
1375_025,1375,3,1760.0,1851.0,3,5,106|10889|79|86|99,16|54|57|58|68,91.0,True,regular_season
1375_026,1375,3,1851.0,1957.0,3,5,103|106|107|83|99,16|54|58|62|68,106.0,True,regular_season
1375_027,1375,3,1957.0,2125.0,3,5,103|107|10889|79|89,10860|12|16|57|58,168.0,True,regular_season
1375_028,1375,3,2125.0,2160.0,3,5,103|107|10889|89|91,10860|12|16|57|58,35.0,True,regular_season
1375_029,1375,4,2160.0,2241.0,3,5,103|106|10889|86|91,10860|12|16|57|58,81.0,True,regular_season
1375_030,1375,4,2241.0,2318.0,3,5,103|106|10889|86|91,10860|12|57|62|68,77.0,True,regular_season
1375_031,1375,4,2318.0,2338.0,3,5,103|106|107|86|91,10860|12|57|62|68,20.0,True,regular_season
1375_032,1375,4,2338.0,2393.0,3,5,103|106|107|86|91,12|16|57|62|68,55.0,True,regular_season
1375_033,1375,4,2393.0,2531.0,3,5,103|106|107|79|86,16|54|57|62|68,138.0,True,regular_season
1375_034,1375,4,2531.0,2601.0,3,5,103|106|107|79|89,12|16|54|62|68,70.0,True,regular_season
1375_035,1375,4,2601.0,2754.0,3,5,103|106|107|79|89,16|54|57|62|68,153.0,True,regular_season
1375_036,1375,4,2754.0,2766.0,3,5,101|103|83|91|95,10860|54|57|62|68,12.0,True,regular_season
1375_037,1375,4,2766.0,2807.0,3,5,101|83|91|95|97,10860|54|57|62|68,41.0,True,regular_season
1375_038,1375,4,2807.0,2880.0,3,5,101|83|91|95|97,10884|3129|55|56|64,73.0,True,regular_season
1376_001,1376,1,0.0,129.0,7,8,10875|21|22|29|34,10|10868|10870|4|5,129.0,True,regular_season
1376_002,1376,1,129.0,201.0,7,8,10875|21|22|29|867,10868|10870|14|4|5,72.0,True,regular_season
1376_003,1376,1,201.0,285.0,7,8,21|22|29|34|867,10868|10870|14|4|5,84.0,True,regular_season
1376_004,1376,1,285.0,438.0,7,8,10872|21|22|34|867,10868|10870|14|4|5,153.0,True,regular_season
1376_005,1376,1,438.0,516.0,7,8,10874|10875|24|29|867,10|10869|10870|13|14,78.0,True,regular_season
1376_006,1376,1,516.0,656.0,7,8,10874|10875|24|29|867,10|10869|10870|13|3,140.0,True,regular_season
1376_007,1376,1,656.0,720.0,7,8,10875|21|24|29|34,1|10868|10869|14|3,64.0,True,regular_season
1376_008,1376,2,720.0,800.0,7,8,10875|21|24|29|34,1|10868|10869|14|3,80.0,True,regular_season
1376_009,1376,2,800.0,908.0,7,8,21|22|24|34|867,1|10868|10869|14|3,108.0,True,regular_season
1376_010,1376,2,908.0,990.0,7,8,10872|24|29|34|867,1|10|10868|10869|3,82.0,True,regular_season
1376_011,1376,2,990.0,1020.0,7,8,10872|10874|29|34|867,1|10|10868|10869|5,30.0,True,regular_season
1376_012,1376,2,1020.0,1123.0,7,8,10874|26|29|34|867,10|10868|10870|4|5,103.0,True,regular_season
1376_013,1376,2,1123.0,1153.0,7,8,10874|10875|26|29|867,10|10869|10870|4|5,30.0,True,regular_season
1376_014,1376,2,1153.0,1220.0,7,8,10874|10875|26|29|867,10|10869|10870|13|5,67.0,True,regular_season
1376_015,1376,2,1220.0,1255.0,7,8,22|26|29|34|867,10|10869|10870|13|5,35.0,True,regular_season
1376_016,1376,2,1255.0,1282.0,7,8,24|26|29|34|867,10|10869|10870|13|5,27.0,True,regular_season
1376_017,1376,2,1282.0,1345.0,7,8,21|24|29|34|867,10|10869|10870|5|7,63.0,True,regular_season
1376_018,1376,2,1345.0,1440.0,7,8,21|24|29|34|867,10|10868|10870|4|5,95.0,True,regular_season
1376_019,1376,3,1440.0,1680.0,7,8,21|24|29|34|867,10|10868|10870|4|5,240.0,True,regular_season
1376_020,1376,3,1680.0,1730.0,7,8,10875|21|26|29|34,10|10868|10870|4|5,50.0,True,regular_season
1376_021,1376,3,1730.0,1826.0,7,8,10872|10875|26|29|34,1|10|10868|10870|4,96.0,True,regular_season
1376_022,1376,3,1826.0,1934.0,7,8,10872|10875|21|26|867,1|10|10869|10870|13,108.0,True,regular_season
1376_023,1376,3,1934.0,2073.0,7,8,10875|21|24|29|867,1|10869|10870|13|14,139.0,True,regular_season
1376_024,1376,3,2073.0,2134.0,7,8,10874|21|29|34|867,1|10|10869|10870|13,61.0,True,regular_season
1376_025,1376,3,2134.0,2160.0,7,8,10874|21|29|34|867,1|10|10868|10869|14,26.0,True,regular_season
1376_026,1376,4,2160.0,2298.0,7,8,10875|21|24|29|867,1|10|10868|10869|14,138.0,True,regular_season
1376_027,1376,4,2298.0,2333.0,7,8,10875|21|24|26|867,1|10|10868|10869|3,35.0,True,regular_season
1376_028,1376,4,2333.0,2424.0,7,8,10875|21|24|26|867,10|10869|10870|3|4,91.0,True,regular_season
1376_029,1376,4,2424.0,2485.0,7,8,10875|21|24|26|34,10|10869|10870|3|4,61.0,True,regular_season
1376_030,1376,4,2485.0,2580.0,7,8,10875|21|24|26|867,1|10869|10870|13|3,95.0,True,regular_season
1376_031,1376,4,2580.0,2726.0,7,8,10875|21|26|29|867,1|10|10869|10870|13,146.0,True,regular_season
1376_032,1376,4,2726.0,2784.0,7,8,10875|21|26|29|867,1|10|10869|10870|4,58.0,True,regular_season
1376_033,1376,4,2784.0,2807.0,7,8,10875|21|26|29|867,1|10|10869|10870|14,23.0,True,regular_season
1376_034,1376,4,2807.0,2835.0,7,8,10875|21|26|29|867,1|10|10868|10869|14,28.0,True,regular_season
1376_035,1376,4,2835.0,2845.0,7,8,10875|21|24|29|867,1|10|10869|10870|14,10.0,True,regular_season
1376_036,1376,4,2845.0,2880.0,7,8,10875|21|26|29|867,1|10|10868|10869|14,35.0,True,regular_season
1376_037,1376,5,2880.0,2964.0,7,8,10875|21|24|29|867,10|10868|10870|14|5,84.0,True,regular_season
1376_038,1376,5,2964.0,3039.0,7,8,10875|21|26|29|867,10|10868|10870|14|5,75.0,True,regular_season
1376_039,1376,5,3039.0,3091.0,7,8,10875|21|26|29|867,1|10|10868|10870|14,52.0,True,regular_season
1376_040,1376,5,3091.0,3109.0,7,8,10875|21|26|29|867,1|10|10869|10870|14,18.0,True,regular_season
1376_041,1376,5,3109.0,3180.0,7,8,10875|21|26|29|867,10|10869|10870|14|5,71.0,True,regular_season
1377_001,1377,1,0.0,194.0,2,7,10892|10893|110|118|45,10872|10875|21|24|32,194.0,True,regular_season
1377_002,1377,1,194.0,286.0,2,7,10892|10893|110|118|45,21|22|24|32|34,92.0,True,regular_season
1377_003,1377,1,286.0,319.0,2,7,10892|10894|110|118|45,10874|21|22|32|34,33.0,True,regular_season
1377_004,1377,1,319.0,396.0,2,7,10892|10894|109|110|45,10872|10874|10875|22|34,77.0,True,regular_season
1377_005,1377,1,396.0,453.0,2,7,10892|10894|109|116|122,10872|10874|10875|21|34,57.0,True,regular_season
1377_006,1377,1,453.0,462.0,2,7,10892|10894|109|116|122,10872|10875|21|24|34,9.0,True,regular_season
1377_007,1377,1,462.0,488.0,2,7,10892|10894|109|116|122,10875|21|24|26|34,26.0,True,regular_season
1377_008,1377,1,488.0,572.0,2,7,10893|10894|109|118|122,21|24|26|32|34,84.0,True,regular_season
1377_009,1377,1,572.0,627.0,2,7,10893|10894|109|118|122,10875|21|24|26|34,55.0,True,regular_season
1377_010,1377,1,627.0,637.0,2,7,10893|10894|109|118|122,10875|21|23|24|26,10.0,True,regular_season
1377_011,1377,1,637.0,720.0,2,7,10893|109|110|121|122,10875|21|22|24|26,83.0,True,regular_season
1377_012,1377,2,720.0,806.0,2,7,10892|10893|110|121|45,10875|21|22|26|34,86.0,True,regular_season
1377_013,1377,2,806.0,865.0,2,7,10892|10894|110|121|45,10875|21|22|26|34,59.0,True,regular_season
1377_014,1377,2,865.0,950.0,2,7,10892|10894|110|121|45,10872|10874|21|32|34,85.0,True,regular_season
1377_015,1377,2,950.0,1004.0,2,7,10892|10894|110|118|122,10872|10874|21|32|34,54.0,True,regular_season
1377_016,1377,2,1004.0,1025.0,2,7,10892|10894|110|118|122,10872|10874|10875|21|34,21.0,True,regular_season
1377_017,1377,2,1025.0,1093.0,2,7,10892|10894|110|118|122,10872|10875|21|22|34,68.0,True,regular_season
1377_018,1377,2,1093.0,1123.0,2,7,10892|10894|110|118|122,10875|21|22|26|34,30.0,True,regular_season
1377_019,1377,2,1123.0,1171.0,2,7,10893|10894|109|118|122,10875|21|22|26|34,48.0,True,regular_season
1377_020,1377,2,1171.0,1237.0,2,7,10893|10894|109|118|122,10872|22|26|32|34,66.0,True,regular_season
1377_021,1377,2,1237.0,1303.0,2,7,10893|10894|109|118|122,10872|10875|22|26|34,66.0,True,regular_season
1377_022,1377,2,1303.0,1315.0,2,7,10893|10894|109|118|122,10872|10875|21|22|34,12.0,True,regular_season
1377_023,1377,2,1315.0,1339.0,2,7,10893|10894|109|118|122,10872|10875|21|24|34,24.0,True,regular_season
1377_024,1377,2,1339.0,1440.0,2,7,10892|10893|109|110|118,10872|10875|21|24|34,101.0,True,regular_season
1377_025,1377,3,1440.0,1510.0,2,7,10892|10894|110|118|45,10872|10875|21|24|32,70.0,True,regular_season
1377_026,1377,3,1510.0,1650.0,2,7,10892|10894|110|118|45,10872|10875|21|22|32,140.0,True,regular_season
1377_027,1377,3,1650.0,1699.0,2,7,10892|10894|110|118|45,21|22|26|32|34,49.0,True,regular_season
1377_028,1377,3,1699.0,1771.0,2,7,10892|10894|110|118|122,10874|21|26|32|34,72.0,True,regular_season
1377_029,1377,3,1771.0,1787.0,2,7,10893|10894|109|118|122,10874|21|26|32|34,16.0,True,regular_season
1377_030,1377,3,1787.0,1919.0,2,7,10893|10894|109|118|122,10874|10875|21|26|34,132.0,True,regular_season
1377_031,1377,3,1919.0,2059.0,2,7,10893|109|110|119|122,10872|10875|22|26|32,140.0,True,regular_season
1377_032,1377,3,2059.0,2160.0,2,7,10892|10893|109|110|118,10872|10875|22|26|32,101.0,True,regular_season
1377_033,1377,4,2160.0,2226.0,2,7,10892|10894|109|110|118,10872|10875|22|26|32,66.0,True,regular_season
1377_034,1377,4,2226.0,2280.0,2,7,10892|10894|109|110|118,10872|10875|21|26|34,54.0,True,regular_season
1377_035,1377,4,2280.0,2352.0,2,7,10892|10894|109|110|118,10875|21|22|24|34,72.0,True,regular_season
1377_036,1377,4,2352.0,2420.0,2,7,10892|10894|109|110|118,10872|10875|21|22|34,68.0,True,regular_season
1377_037,1377,4,2420.0,2482.0,2,7,10892|10894|109|110|118,10872|10875|21|22|32,62.0,True,regular_season
1377_038,1377,4,2482.0,2485.0,2,7,10892|10894|109|110|118,10872|10875|22|26|32,3.0,True,regular_season
1377_039,1377,4,2485.0,2525.0,2,7,10893|10894|109|118|122,10872|10875|22|26|32,40.0,True,regular_season
1377_040,1377,4,2525.0,2621.0,2,7,10893|10894|109|118|122,10872|10875|21|26|32,96.0,True,regular_season
1377_041,1377,4,2621.0,2652.0,2,7,10892|10893|109|110|118,10872|21|26|32|34,31.0,True,regular_season
1377_042,1377,4,2652.0,2690.0,2,7,10892|10893|109|110|118,21|22|26|32|34,38.0,True,regular_season
1377_043,1377,4,2690.0,2715.0,2,7,10892|10893|109|110|118,10872|21|22|32|34,25.0,True,regular_season
1377_044,1377,4,2715.0,2723.0,2,7,10892|10893|109|110|118,10875|21|22|26|34,8.0,True,regular_season
1377_045,1377,4,2723.0,2800.0,2,7,10892|10893|109|110|118,10874|10875|21|22|26,77.0,True,regular_season
1377_046,1377,4,2800.0,2880.0,2,7,10892|10893|109|110|118,10871|10873|21|26|34,80.0,True,regular_season
1378_001,1378,1,0.0,302.0,6,8,10877|10880|10881|39|40,10|10868|10870|4|5,302.0,True,regular_season
1378_002,1378,1,302.0,473.0,6,8,10877|10880|10881|39|40,10|10869|10870|13|5,171.0,True,regular_season
1378_003,1378,1,473.0,539.0,6,8,10877|10881|39|48|8889,10865|10869|10870|13|14,66.0,True,regular_season
1378_004,1378,1,539.0,595.0,6,8,10877|10879|10880|48|8889,10865|10869|10870|13|14,56.0,True,regular_season
1378_005,1378,1,595.0,652.0,6,8,10877|10879|10880|48|8889,10865|10868|10869|14|4,57.0,True,regular_season
1378_006,1378,1,652.0,663.0,6,8,10879|10880|40|48|8889,10865|10868|10869|14|4,11.0,True,regular_season
1378_007,1378,1,663.0,691.0,6,8,10879|10880|40|48|8889,10|10865|10868|10869|14,28.0,True,regular_season
1378_008,1378,1,691.0,720.0,6,8,10879|10881|40|44|48,10|10865|10869|10870|14,29.0,True,regular_season
1378_009,1378,2,720.0,848.0,6,8,10879|10880|10881|40|44,10|10865|10868|10869|14,128.0,True,regular_season
1378_010,1378,2,848.0,919.0,6,8,10879|10881|40|44|8889,10|10865|10868|10869|14,71.0,True,regular_season
1378_011,1378,2,919.0,952.0,6,8,10881|39|40|44|8889,10|10865|10868|10869|4,33.0,True,regular_season
1378_012,1378,2,952.0,976.0,6,8,10881|39|40|44|8889,10|10865|10868|10870|4,24.0,True,regular_season
1378_013,1378,2,976.0,1028.0,6,8,10877|10880|10881|39|40,10|10865|10868|10870|4,52.0,True,regular_season
1378_014,1378,2,1028.0,1082.0,6,8,10877|10880|10881|40|44,10|10865|10868|10870|4,54.0,True,regular_season
1378_015,1378,2,1082.0,1156.0,6,8,10877|10880|10881|40|44,10|10865|10868|10870|3,74.0,True,regular_season
1378_016,1378,2,1156.0,1214.0,6,8,10877|10880|10881|40|44,10865|10869|10870|13|3,58.0,True,regular_season
1378_017,1378,2,1214.0,1416.0,6,8,10877|10880|10881|40|44,10869|10870|13|14|3,202.0,True,regular_season
1378_018,1378,2,1416.0,1440.0,6,8,10877|10880|10881|40|48,10|10865|10868|10869|14,24.0,True,regular_season
1378_019,1378,3,1440.0,1681.0,6,8,10877|10879|10881|39|8889,10|10868|10870|4|5,241.0,True,regular_season
1378_020,1378,3,1681.0,1755.0,6,8,10877|10881|39|48|8889,10|10868|10870|4|5,74.0,True,regular_season
1378_021,1378,3,1755.0,1761.0,6,8,10877|10881|39|48|8889,10|10868|10869|14|4,6.0,True,regular_season
1378_022,1378,3,1761.0,1802.0,6,8,10877|10881|39|48|8889,10|10865|10868|10869|14,41.0,True,regular_season
1378_023,1378,3,1802.0,1846.0,6,8,10877|10880|10881|39|48,10|10865|10868|10869|14,44.0,True,regular_season
1378_024,1378,3,1846.0,1949.0,6,8,10877|10880|10881|40|48,10|10863|10865|10868|10869,103.0,True,regular_season
1378_025,1378,3,1949.0,2043.0,6,8,10877|10880|40|48|8889,10863|10865|10868|10869|14,94.0,True,regular_season
1378_026,1378,3,2043.0,2093.0,6,8,10879|10880|40|48|8889,10865|10869|10870|14|7,50.0,True,regular_season
1378_027,1378,3,2093.0,2160.0,6,8,10879|10880|39|40|8889,10865|10869|10870|14|7,67.0,True,regular_season
1378_028,1378,4,2160.0,2313.0,6,8,10877|10881|39|40|8889,10865|10869|10870|14|7,153.0,True,regular_season
1378_029,1378,4,2313.0,2429.0,6,8,10877|10880|10881|39|40,10865|10868|10870|14|4,116.0,True,regular_season
1378_030,1378,4,2429.0,2472.0,6,8,10877|10879|10880|10881|39,10|10868|10870|14|4,43.0,True,regular_season
1378_031,1378,4,2472.0,2611.0,6,8,10877|10879|10880|39|8889,10|10865|10868|10870|4,139.0,True,regular_season
1378_032,1378,4,2611.0,2655.0,6,8,10877|10879|10880|10881|39,10|10868|10870|14|4,44.0,True,regular_season
1378_033,1378,4,2655.0,2780.0,6,8,10877|10879|10880|10881|39,10|10869|10870|14|7,125.0,True,regular_season
1378_034,1378,4,2780.0,2802.0,6,8,10877|10880|10881|39|40,10|10865|10868|10869|14,22.0,True,regular_season
1378_035,1378,4,2802.0,2869.0,6,8,10877|10880|10881|39|40,10|10865|10869|10870|14,67.0,True,regular_season
1378_036,1378,4,2869.0,2880.0,6,8,10877|10880|10881|39|40,10|10865|10869|10870|2,11.0,True,regular_season
1379_001,1379,1,0.0,273.0,2,4,10892|10894|110|118|122,10887|10888|75|76|90,273.0,True,regular_season
1379_002,1379,1,273.0,307.0,2,4,10892|10894|110|118|122,10862|10887|75|76|90,34.0,True,regular_season
1379_003,1379,1,307.0,318.0,2,4,10892|118|122|123|12668,10862|10887|75|76|90,11.0,True,regular_season
1379_004,1379,1,318.0,459.0,2,4,10892|118|122|123|12668,10862|10887|75|76|82,141.0,True,regular_season
1379_005,1379,1,459.0,520.0,2,4,10892|109|123|12668|45,10862|10888|71|82|88,61.0,True,regular_season
1379_006,1379,1,520.0,720.0,2,4,10894|109|110|12668|45,10862|10888|71|82|88,200.0,True,regular_season
1379_007,1379,2,720.0,802.0,2,4,10892|10894|110|118|122,10862|10887|71|82|88,82.0,True,regular_season
1379_008,1379,2,802.0,804.0,2,4,10892|10894|110|118|122,10862|10887|71|87|88,2.0,True,regular_season
1379_009,1379,2,804.0,879.0,2,4,10892|10894|110|118|122,10862|10885|10887|71|87,75.0,True,regular_season
1379_010,1379,2,879.0,954.0,2,4,10892|10894|110|118|122,10862|10885|10887|76|87,75.0,True,regular_season
1379_011,1379,2,954.0,980.0,2,4,10892|10894|109|110|118,10862|10885|10887|76|87,26.0,True,regular_season
1379_012,1379,2,980.0,1140.0,2,4,10892|10894|109|118|123,10862|10885|10887|76|87,160.0,True,regular_season
1379_013,1379,2,1140.0,1215.0,2,4,10892|109|123|12668|45,10885|10887|75|76|87,75.0,True,regular_season
1379_014,1379,2,1215.0,1245.0,2,4,10894|109|110|12668|45,10885|10887|75|76|87,30.0,True,regular_season
1379_015,1379,2,1245.0,1359.0,2,4,10894|109|110|12668|45,10862|10885|75|76|87,114.0,True,regular_season
1379_016,1379,2,1359.0,1428.0,2,4,10894|110|118|12668|45,10862|10885|75|76|87,69.0,True,regular_season
1379_017,1379,2,1428.0,1440.0,2,4,10894|110|118|12668|45,10862|10885|10887|75|76,12.0,True,regular_season
1379_018,1379,3,1440.0,1564.0,2,4,10892|10894|110|118|121,10887|10888|75|76|90,124.0,True,regular_season
1379_019,1379,3,1564.0,1794.0,2,4,10892|10894|109|110|118,10887|10888|75|76|90,230.0,True,regular_season
1379_020,1379,3,1794.0,1926.0,2,4,10894|109|118|122|12668,10887|10888|75|76|90,132.0,True,regular_season
1379_021,1379,3,1926.0,1952.0,2,4,10894|109|118|12668|45,10862|10888|75|76|90,26.0,True,regular_season
1379_022,1379,3,1952.0,1979.0,2,4,10894|109|118|12668|45,10862|71|75|87|90,27.0,True,regular_season
1379_023,1379,3,1979.0,2002.0,2,4,10894|109|118|12668|45,10862|10885|10887|71|87,23.0,True,regular_season
1379_024,1379,3,2002.0,2160.0,2,4,10892|109|110|12668|45,10862|10885|10887|71|87,158.0,True,regular_season
1379_025,1379,4,2160.0,2236.0,2,4,10892|110|118|12668|45,10862|10885|10887|71|87,76.0,True,regular_season
1379_026,1379,4,2236.0,2378.0,2,4,10894|110|118|12668|45,10862|10885|10887|71|87,142.0,True,regular_season
1379_027,1379,4,2378.0,2426.0,2,4,10894|110|118|12668|45,10862|10885|10887|76|87,48.0,True,regular_season
1379_028,1379,4,2426.0,2495.0,2,4,10892|10894|110|118|45,10862|10885|10887|76|87,69.0,True,regular_season
1379_029,1379,4,2495.0,2573.0,2,4,10892|10894|110|118|122,10862|10885|10887|76|87,78.0,True,regular_season
1379_030,1379,4,2573.0,2670.0,2,4,10892|10894|118|122|123,10862|10885|10887|76|87,97.0,True,regular_season
1379_031,1379,4,2670.0,2880.0,2,4,10892|109|122|123|12668,10862|10885|10887|76|87,210.0,True,regular_season
1380_001,1380,1,0.0,310.0,6,5,10877|10880|10881|39|44,16|54|57|62|68,310.0,True,regular_season
1380_002,1380,1,310.0,331.0,6,5,10877|10880|113|39|44,16|54|57|62|68,21.0,True,regular_season
1380_003,1380,1,331.0,345.0,6,5,10877|10880|113|43|44,16|54|58|62|68,14.0,True,regular_season
1380_004,1380,1,345.0,401.0,6,5,10877|10880|10882|113|43,10860|54|58|62|68,56.0,True,regular_season
1380_005,1380,1,401.0,456.0,6,5,10877|10882|113|43|47,10860|12|54|58|68,55.0,True,regular_season
1380_006,1380,1,456.0,552.0,6,5,10882|113|40|43|47,10860|12|56|58|68,96.0,True,regular_season
1380_007,1380,1,552.0,720.0,6,5,10882|113|40|43|47,10860|12|16|56|58,168.0,True,regular_season
1380_008,1380,2,720.0,834.0,6,5,10877|10880|10882|40|43,10860|10884|12|16|58,114.0,True,regular_season
1380_009,1380,2,834.0,991.0,6,5,10877|10880|10881|40|47,10860|10884|12|16|58,157.0,True,regular_season
1380_010,1380,2,991.0,1099.0,6,5,10877|10880|10881|40|47,16|54|58|62|68,108.0,True,regular_season
1380_011,1380,2,1099.0,1220.0,6,5,10877|10880|10881|40|47,10860|54|58|62|68,121.0,True,regular_season
1380_012,1380,2,1220.0,1266.0,6,5,10877|10880|10881|40|47,10860|54|57|62|68,46.0,True,regular_season
1380_013,1380,2,1266.0,1295.0,6,5,10879|10880|10881|40|47,10860|54|57|62|68,29.0,True,regular_season
1380_014,1380,2,1295.0,1433.0,6,5,10879|10880|10882|39|40,10860|54|57|62|68,138.0,True,regular_season
1380_015,1380,2,1433.0,1440.0,6,5,10879|10882|39|40|47,10860|54|57|58|68,7.0,True,regular_season
1380_016,1380,3,1440.0,1630.0,6,5,10877|10880|10881|39|40,16|54|57|62|68,190.0,True,regular_season
1380_017,1380,3,1630.0,1680.0,6,5,10877|10881|39|40|47,16|54|57|62|68,50.0,True,regular_season
1380_018,1380,3,1680.0,1729.0,6,5,10877|10881|10882|39|47,16|54|57|62|68,49.0,True,regular_season
1380_019,1380,3,1729.0,1866.0,6,5,10881|10882|113|39|47,16|54|57|62|68,137.0,True,regular_season
1380_020,1380,3,1866.0,1963.0,6,5,10882|113|40|43|47,10860|54|57|58|68,97.0,True,regular_season
1380_021,1380,3,1963.0,2027.0,6,5,10877|10880|10882|40|43,10860|12|16|54|58,64.0,True,regular_season
1380_022,1380,3,2027.0,2107.0,6,5,10877|10880|10882|40|43,10860|10884|12|16|58,80.0,True,regular_season
1380_023,1380,3,2107.0,2160.0,6,5,10881|10882|40|43|47,10860|10884|12|16|58,53.0,True,regular_season
1380_024,1380,4,2160.0,2369.0,6,5,10881|10882|40|43|47,10860|10884|12|16|58,209.0,True,regular_season
1380_025,1380,4,2369.0,2389.0,6,5,10880|10881|43|44|48,10860|12|16|54|58,20.0,True,regular_season
1380_026,1380,4,2389.0,2414.0,6,5,10880|10881|43|44|48,16|54|58|62|68,25.0,True,regular_season
1380_027,1380,4,2414.0,2496.0,6,5,10880|35|43|44|48,16|54|58|62|68,82.0,True,regular_season
1380_028,1380,4,2496.0,2674.0,6,5,10880|10882|35|39|48,16|54|58|62|68,178.0,True,regular_season
1381_001,1381,1,0.0,154.0,2,3,10894|110|118|12668|45,103|106|10889|79|89,154.0,True,regular_season
1381_002,1381,1,154.0,286.0,2,3,10894|110|118|12668|45,103|107|10889|79|89,132.0,True,regular_season
1381_003,1381,1,286.0,330.0,2,3,10893|110|118|12668|45,107|10889|77|79|89,44.0,True,regular_season
1381_004,1381,1,330.0,362.0,2,3,10893|10894|109|118|45,107|10889|77|89|95,32.0,True,regular_season
1381_005,1381,1,362.0,460.0,2,3,10893|10894|109|121|122,106|107|77|86|95,98.0,True,regular_season
1381_006,1381,1,460.0,561.0,2,3,10893|10894|109|121|122,103|106|10889|77|86,101.0,True,regular_season
1381_007,1381,1,561.0,575.0,2,3,10893|110|121|122|12668,103|106|10889|77|86,14.0,True,regular_season
1381_008,1381,1,575.0,636.0,2,3,10893|110|121|122|12668,103|106|10889|79|89,61.0,True,regular_season
1381_009,1381,1,636.0,703.0,2,3,10893|110|119|122|12668,101|103|106|79|89,67.0,True,regular_season
1381_010,1381,1,703.0,720.0,2,3,10893|110|119|122|12668,103|106|10889|79|89,17.0,True,regular_season
1381_011,1381,2,720.0,881.0,2,3,10894|110|118|12668|45,103|107|10889|79|89,161.0,True,regular_season
1381_012,1381,2,881.0,964.0,2,3,10894|110|118|12668|45,103|106|107|79|89,83.0,True,regular_season
1381_013,1381,2,964.0,1070.0,2,3,10893|10894|109|121|45,106|107|77|79|89,106.0,True,regular_season
1381_014,1381,2,1070.0,1190.0,2,3,10893|10894|109|121|122,107|10889|77|79|86,120.0,True,regular_season
1381_015,1381,2,1190.0,1235.0,2,3,10893|109|121|122|12668,101|107|77|79|86,45.0,True,regular_season
1381_016,1381,2,1235.0,1264.0,2,3,10893|109|121|122|12668,107|10889|77|79|86,29.0,True,regular_season
1381_017,1381,2,1264.0,1265.0,2,3,10893|109|121|122|12668,103|107|10889|77|86,1.0,True,regular_season
1381_018,1381,2,1265.0,1351.0,2,3,10893|110|119|122|12668,103|107|10889|77|86,86.0,True,regular_season
1381_019,1381,2,1351.0,1440.0,2,3,10893|110|119|122|12668,103|107|10889|79|86,89.0,True,regular_season
1381_020,1381,3,1440.0,1448.0,2,3,10894|118|119|12668|45,103|106|10889|79|89,8.0,True,regular_season
1381_021,1381,3,1448.0,1565.0,2,3,10894|118|119|12668|45,103|107|10889|79|89,117.0,True,regular_season
1381_022,1381,3,1565.0,1675.0,2,3,10894|110|118|12668|45,103|107|10889|79|89,110.0,True,regular_season
1381_023,1381,3,1675.0,1757.0,2,3,10894|109|110|118|12668,107|10889|77|79|89,82.0,True,regular_season
1381_024,1381,3,1757.0,1844.0,2,3,10893|109|110|118|12668,101|107|77|79|89,87.0,True,regular_season
1381_025,1381,3,1844.0,1892.0,2,3,10893|109|110|122|12668,101|106|77|79|86,48.0,True,regular_season
1381_026,1381,3,1892.0,1919.0,2,3,10893|109|110|122|12668,101|103|106|79|86,27.0,True,regular_season
1381_027,1381,3,1919.0,1957.0,2,3,10893|109|110|122|12668,101|103|106|10889|86,38.0,True,regular_season
1381_028,1381,3,1957.0,2012.0,2,3,10893|109|110|122|12668,101|103|107|10889|86,55.0,True,regular_season
1381_029,1381,3,2012.0,2119.0,2,3,10893|110|122|12668|45,101|103|107|10889|86,107.0,True,regular_season
1381_030,1381,3,2119.0,2160.0,2,3,10893|110|122|12668|45,103|107|10889|77|86,41.0,True,regular_season
1381_031,1381,4,2160.0,2186.0,2,3,10893|10894|118|122|45,103|106|10889|77|89,26.0,True,regular_season
1382_001,1382,1,0.0,171.0,2,8,10894|110|118|12668|45,10|10868|10870|14|4,171.0,True,regular_season
1382_002,1382,1,171.0,324.0,2,8,10894|110|118|12668|45,10|10865|10868|10870|4,153.0,True,regular_season
1382_003,1382,1,324.0,362.0,2,8,10892|10894|110|118|122,10|10865|10868|10870|4,38.0,True,regular_season
1382_004,1382,1,362.0,420.0,2,8,10892|10894|109|110|122,10|10865|10868|10870|4,58.0,True,regular_season
1382_005,1382,1,420.0,453.0,2,8,10892|109|110|122|123,10865|10869|10870|13|14,33.0,True,regular_season
1382_006,1382,1,453.0,600.0,2,8,10892|109|122|123|12668,10865|10869|10870|13|14,147.0,True,regular_season
1382_007,1382,1,600.0,614.0,2,8,10892|109|121|123|12668,10|10869|10870|13|14,14.0,True,regular_season
1382_008,1382,1,614.0,691.0,2,8,10892|109|121|123|12668,10|10863|10868|10869|14,77.0,True,regular_season
1382_009,1382,1,691.0,713.0,2,8,10892|109|121|123|12668,10|10863|10868|10869|5,22.0,True,regular_season
1382_010,1382,1,713.0,720.0,2,8,10892|109|110|121|12668,10|10863|10868|10869|5,7.0,True,regular_season
1382_011,1382,2,720.0,808.0,2,8,10894|110|118|12668|45,10|10863|10868|10869|5,88.0,True,regular_season
1382_012,1382,2,808.0,893.0,2,8,10894|110|118|12668|45,10863|10865|10868|10869|5,85.0,True,regular_season
1382_013,1382,2,893.0,949.0,2,8,10894|110|118|12668|45,10865|10868|10870|4|5,56.0,True,regular_season
1382_014,1382,2,949.0,991.0,2,8,10892|10894|110|118|122,10|10865|10868|10870|4,42.0,True,regular_season
1382_015,1382,2,991.0,1007.0,2,8,10892|10894|110|118|122,10|10865|10868|10869|4,16.0,True,regular_season
1382_016,1382,2,1007.0,1133.0,2,8,10892|10894|109|110|122,10|10865|10868|10869|4,126.0,True,regular_season
1382_017,1382,2,1133.0,1166.0,2,8,10892|10894|109|110|122,10|10865|10869|10870|14,33.0,True,regular_season
1382_018,1382,2,1166.0,1242.0,2,8,10892|109|110|122|123,10|10865|10869|10870|14,76.0,True,regular_season
1382_019,1382,2,1242.0,1323.0,2,8,10892|109|121|123|12668,10|10865|10869|10870|14,81.0,True,regular_season
1382_020,1382,2,1323.0,1440.0,2,8,10892|109|121|123|12668,10|10865|10869|10870|4,117.0,True,regular_season
1382_021,1382,3,1440.0,1812.0,2,8,10894|110|118|12668|45,10|10865|10868|10870|4,372.0,True,regular_season
1382_022,1382,3,1812.0,1846.0,2,8,10892|10894|110|118|122,10|10865|10868|10869|4,34.0,True,regular_season
1382_023,1382,3,1846.0,1860.0,2,8,10892|10894|109|110|122,10|10865|10868|10869|4,14.0,True,regular_season
1382_024,1382,3,1860.0,2038.0,2,8,10892|10894|109|110|122,10|10865|10868|10869|14,178.0,True,regular_season
1382_025,1382,3,2038.0,2109.0,2,8,10892|109|121|123|12668,10|10869|10870|14|5,71.0,True,regular_season
1382_026,1382,3,2109.0,2153.0,2,8,10892|109|118|123|12668,10865|10869|10870|4|5,44.0,True,regular_season
1382_027,1382,3,2153.0,2160.0,2,8,10892|109|110|118|12668,10|10865|10868|10869|4,7.0,True,regular_season
1382_028,1382,4,2160.0,2337.0,2,8,10892|10894|110|118|45,10|10865|10868|10869|5,177.0,True,regular_season
1382_029,1382,4,2337.0,2396.0,2,8,10894|110|118|12668|45,10865|10868|10869|14|5,59.0,True,regular_season
1382_030,1382,4,2396.0,2449.0,2,8,10894|109|110|118|12668,10865|10868|10869|14|5,53.0,True,regular_season
1382_031,1382,4,2449.0,2498.0,2,8,10894|109|110|118|12668,10|10868|10870|14|5,49.0,True,regular_season
1382_032,1382,4,2498.0,2655.0,2,8,10894|109|110|118|12668,10|10869|10870|14|5,157.0,True,regular_season
1382_033,1382,4,2655.0,2656.0,2,8,10894|109|110|118|12668,10|10865|10869|10870|14,1.0,True,regular_season
1382_034,1382,4,2656.0,2821.0,2,8,10892|109|110|118|12668,10|10865|10869|10870|14,165.0,True,regular_season
1382_035,1382,4,2821.0,2880.0,2,8,10892|10894|109|110|118,10|10865|10869|10870|14,59.0,True,regular_season
1383_001,1383,1,0.0,274.0,6,3,10877|10881|39|40|8889,103|106|10889|79|89,274.0,True,regular_season
1383_002,1383,1,274.0,301.0,6,3,10877|10881|39|40|8889,106|10889|77|79|89,27.0,True,regular_season
1383_003,1383,1,301.0,314.0,6,3,10877|10881|39|40|8889,107|10889|77|79|89,13.0,True,regular_season
1383_004,1383,1,314.0,336.0,6,3,10877|10879|10880|10881|39,107|10889|77|79|89,22.0,True,regular_season
1383_005,1383,1,336.0,374.0,6,3,10877|10879|10880|10881|39,107|10889|77|89|99,38.0,True,regular_season
1383_006,1383,1,374.0,416.0,6,3,10877|10879|10880|10881|48,107|10889|77|89|99,42.0,True,regular_season
1383_007,1383,1,416.0,501.0,6,3,10877|10879|10880|10881|48,103|107|10889|86|99,85.0,True,regular_season
1383_008,1383,1,501.0,514.0,6,3,10877|10879|10880|10881|48,103|106|107|86|99,13.0,True,regular_season
1383_009,1383,1,514.0,687.0,6,3,10877|10879|10880|10881|40,103|106|107|79|86,173.0,True,regular_season
1383_010,1383,1,687.0,720.0,6,3,10879|10880|40|44|47,103|106|107|79|86,33.0,True,regular_season
1383_011,1383,2,720.0,904.0,6,3,10880|39|40|44|8889,101|107|10889|77|89,184.0,True,regular_season
1383_012,1383,2,904.0,962.0,6,3,10880|39|40|44|8889,106|10889|77|79|89,58.0,True,regular_season
1383_013,1383,2,962.0,1033.0,6,3,10877|10881|39|40|8889,106|10889|77|79|89,71.0,True,regular_season
1383_014,1383,2,1033.0,1041.0,6,3,10877|10881|39|40|8889,103|106|10889|79|89,8.0,True,regular_season
1383_015,1383,2,1041.0,1090.0,6,3,10877|10881|39|40|8889,103|10889|79|89|95,49.0,True,regular_season
1383_016,1383,2,1090.0,1216.0,6,3,10877|10879|10881|40|8889,103|10889|79|89|95,126.0,True,regular_season
1383_017,1383,2,1216.0,1288.0,6,3,10877|10879|10880|10881|40,103|10889|79|89|95,72.0,True,regular_season
1383_018,1383,2,1288.0,1396.0,6,3,10877|10879|10880|10881|40,101|103|107|79|86,108.0,True,regular_season
1383_019,1383,2,1396.0,1437.0,6,3,10877|10879|10880|10881|40,103|107|10889|79|86,41.0,True,regular_season
1383_020,1383,2,1437.0,1440.0,6,3,10877|10879|10880|10881|44,103|107|10889|79|86,3.0,True,regular_season
1383_021,1383,3,1440.0,1510.0,6,3,10877|10880|10881|39|40,103|106|10889|79|89,70.0,True,regular_season
1383_022,1383,3,1510.0,1621.0,6,3,10877|10881|39|40|8889,103|106|10889|79|89,111.0,True,regular_season
1383_023,1383,3,1621.0,1679.0,6,3,10877|10879|10881|40|8889,103|106|10889|79|89,58.0,True,regular_season
1383_024,1383,3,1679.0,1704.0,6,3,10877|10879|10881|40|8889,106|10889|77|79|89,25.0,True,regular_season
1383_025,1383,3,1704.0,1794.0,6,3,10877|10879|10881|40|8889,106|107|77|79|89,90.0,True,regular_season
1383_026,1383,3,1794.0,1879.0,6,3,10877|10879|10880|43|8889,106|107|77|79|89,85.0,True,regular_season
1383_027,1383,3,1879.0,1915.0,6,3,10877|10879|10880|43|8889,107|10889|77|79|86,36.0,True,regular_season
1383_028,1383,3,1915.0,1956.0,6,3,10877|10879|10880|10881|43,107|10889|77|79|86,41.0,True,regular_season
1383_029,1383,3,1956.0,2001.0,6,3,10879|10880|10881|40|43,103|107|10889|77|86,45.0,True,regular_season
1383_030,1383,3,2001.0,2160.0,6,3,10877|10880|10881|40|43,103|107|10889|77|86,159.0,True,regular_season
1383_031,1383,4,2160.0,2378.0,6,3,10877|10880|113|43|8889,103|106|10889|79|89,218.0,True,regular_season
1383_032,1383,4,2378.0,2429.0,6,3,10877|10880|113|43|8889,103|106|107|79|89,51.0,True,regular_season
1383_033,1383,4,2429.0,2471.0,6,3,10877|10881|113|43|8889,103|106|107|79|86,42.0,True,regular_season
1383_034,1383,4,2471.0,2643.0,6,3,10877|10881|39|40|8889,103|106|107|77|86,172.0,True,regular_season
1383_035,1383,4,2643.0,2644.0,6,3,10877|10881|39|40|8889,103|107|10889|77|89,1.0,True,regular_season
1383_036,1383,4,2644.0,2731.0,6,3,10877|10879|10880|40|8889,103|107|10889|77|89,87.0,True,regular_season
1383_037,1383,4,2731.0,2853.0,6,3,10877|10879|10880|40|8889,103|106|10889|77|89,122.0,True,regular_season
1383_038,1383,4,2853.0,2860.0,6,3,10877|10881|44|47|8889,103|107|10889|77|89,7.0,True,regular_season
1383_039,1383,4,2860.0,2861.0,6,3,10877|10879|40|47|8889,103|107|10889|77|89,1.0,True,regular_season
1383_040,1383,4,2861.0,2880.0,6,3,10877|10881|44|47|8889,103|107|10889|77|89,19.0,True,regular_season
1384_001,1384,1,0.0,254.0,2,5,10894|110|118|12668|45,10860|16|54|57|58,254.0,True,regular_season
1384_002,1384,1,254.0,366.0,2,5,10894|110|118|12668|45,10860|16|54|58|62,112.0,True,regular_season
1384_003,1384,1,366.0,397.0,2,5,10894|110|118|12668|45,10861|16|54|58|62,31.0,True,regular_season
1384_004,1384,1,397.0,459.0,2,5,109|110|123|12668|45,10861|16|3129|54|62,62.0,True,regular_season
1384_005,1384,1,459.0,490.0,2,5,109|110|122|123|12668,10861|12|16|3129|62,31.0,True,regular_season
1384_006,1384,1,490.0,612.0,2,5,109|121|122|123|12668,10861|12|16|3129|62,122.0,True,regular_season
1384_007,1384,1,612.0,720.0,2,5,109|121|122|123|12668,10860|10861|10884|12|3129,108.0,True,regular_season
1384_008,1384,2,720.0,868.0,2,5,108|10894|109|121|123,10860|10861|10884|12|3129,148.0,True,regular_season
1384_009,1384,2,868.0,896.0,2,5,108|10894|109|121|123,10860|10861|10884|12|58,28.0,True,regular_season
1384_010,1384,2,896.0,962.0,2,5,10894|109|110|121|45,10860|10861|10884|12|58,66.0,True,regular_season
1384_011,1384,2,962.0,1035.0,2,5,10894|110|119|121|45,10860|10861|10884|12|58,73.0,True,regular_season
1384_012,1384,2,1035.0,1092.0,2,5,10894|110|119|121|45,10860|16|54|58|62,57.0,True,regular_season
1384_013,1384,2,1092.0,1155.0,2,5,10894|110|119|121|122,10860|16|54|58|62,63.0,True,regular_season
1384_014,1384,2,1155.0,1213.0,2,5,10894|109|110|119|122,10860|16|54|58|62,58.0,True,regular_season
1384_015,1384,2,1213.0,1279.0,2,5,10894|109|110|122|12668,10860|16|54|58|62,66.0,True,regular_season
1384_016,1384,2,1279.0,1365.0,2,5,109|110|122|123|12668,10860|16|54|57|58,86.0,True,regular_season
1384_017,1384,2,1365.0,1440.0,2,5,109|110|122|123|12668,10861|16|54|57|58,75.0,True,regular_season
1384_018,1384,3,1440.0,1607.0,2,5,10894|110|118|122|12668,10861|16|3129|54|57,167.0,True,regular_season
1384_019,1384,3,1607.0,1753.0,2,5,10894|110|118|122|12668,10861|16|54|57|58,146.0,True,regular_season
1384_020,1384,3,1753.0,1936.0,2,5,10894|109|110|118|121,10860|10861|54|58|62,183.0,True,regular_season
1384_021,1384,3,1936.0,2010.0,2,5,10894|109|110|119|121,10860|16|54|58|62,74.0,True,regular_season
1384_022,1384,3,2010.0,2030.0,2,5,109|119|121|123|12668,10860|16|54|58|62,20.0,True,regular_season
1384_023,1384,3,2030.0,2053.0,2,5,10891|119|121|123|12668,10860|12|16|58|62,23.0,True,regular_season
1384_024,1384,3,2053.0,2160.0,2,5,10891|119|121|123|12668,10860|12|16|58|60,107.0,True,regular_season
1385_001,1385,1,0.0,339.0,6,4,10877|10881|39|40|8889,10887|10888|75|76|90,339.0,True,regular_season
1385_002,1385,1,339.0,387.0,6,4,10877|10881|39|40|8889,10885|10887|10888|76|90,48.0,True,regular_season
1385_003,1385,1,387.0,526.0,6,4,10877|10879|10880|40|8889,10885|10887|10888|76|82,139.0,True,regular_season
1385_004,1385,1,526.0,560.0,6,4,10877|10879|10880|10881|113,10862|10885|10887|71|82,34.0,True,regular_season
1385_005,1385,1,560.0,700.0,6,4,10879|10880|10881|113|43,10862|10885|10887|71|82,140.0,True,regular_season
1385_006,1385,1,700.0,720.0,6,4,10879|10880|10881|113|43,10885|10887|71|82|87,20.0,True,regular_season
1385_007,1385,2,720.0,774.0,6,4,10877|10880|10881|113|43,10862|10885|10887|71|87,54.0,True,regular_season
1385_008,1385,2,774.0,850.0,6,4,10877|10880|10881|113|43,10885|10887|10888|71|87,76.0,True,regular_season
1385_009,1385,2,850.0,897.0,6,4,10877|10881|113|43|8889,10885|10887|10888|71|87,47.0,True,regular_season
1385_010,1385,2,897.0,1058.0,6,4,10877|10881|113|43|8889,10885|10887|10888|71|88,161.0,True,regular_season
1385_011,1385,2,1058.0,1105.0,6,4,10877|10880|113|39|8889,10887|10888|75|76|88,47.0,True,regular_season
1385_012,1385,2,1105.0,1134.0,6,4,10877|10880|39|40|8889,10887|10888|75|76|88,29.0,True,regular_season
1385_013,1385,2,1134.0,1271.0,6,4,10879|10880|39|40|8889,10887|10888|75|76|88,137.0,True,regular_season
1385_014,1385,2,1271.0,1395.0,6,4,10877|10879|10880|39|8889,10887|10888|75|76|88,124.0,True,regular_season
1385_015,1385,2,1395.0,1432.0,6,4,10877|10879|10880|43|8889,10887|10888|75|76|82,37.0,True,regular_season
1385_016,1385,2,1432.0,1440.0,6,4,10877|10879|10880|43|8889,10885|10887|10888|75|82,8.0,True,regular_season
1385_017,1385,3,1440.0,1691.0,6,4,10877|10879|10880|10881|47,10887|10888|75|76|90,251.0,True,regular_season
1385_018,1385,3,1691.0,1915.0,6,4,10877|10879|10880|43|8889,10887|10888|75|76|90,224.0,True,regular_season
1385_019,1385,3,1915.0,1981.0,6,4,10877|10879|10880|43|8889,10862|10885|10888|76|82,66.0,True,regular_season
1385_020,1385,3,1981.0,2078.0,6,4,10879|10881|40|43|8889,10862|10885|10888|76|82,97.0,True,regular_season
1385_021,1385,3,2078.0,2139.0,6,4,10879|10880|10881|40|43,10862|10885|10887|76|82,61.0,True,regular_season
1385_022,1385,3,2139.0,2160.0,6,4,10879|10880|10881|40|43,10862|10885|10887|71|82,21.0,True,regular_season
1385_023,1385,4,2160.0,2309.0,6,4,10877|10880|10881|40|43,10862|10885|10887|71|82,149.0,True,regular_season
1385_024,1385,4,2309.0,2347.0,6,4,10877|10880|10881|40|43,10862|10885|10887|71|88,38.0,True,regular_season
1385_025,1385,4,2347.0,2439.0,6,4,10877|10880|10881|40|43,10885|10887|10888|71|88,92.0,True,regular_season
1385_026,1385,4,2439.0,2505.0,6,4,10877|10880|10881|40|43,10862|10885|10888|76|88,66.0,True,regular_season
1385_027,1385,4,2505.0,2603.0,6,4,10877|10879|10881|40|8889,10862|10885|10888|76|88,98.0,True,regular_season
1385_028,1385,4,2603.0,2746.0,6,4,10877|10879|10881|40|8889,10862|10885|10888|75|88,143.0,True,regular_season
1385_029,1385,4,2746.0,2772.0,6,4,10877|10879|10881|40|8889,10885|10887|10888|75|82,26.0,True,regular_season
1385_030,1385,4,2772.0,2814.0,6,4,10877|10879|10881|40|8889,10887|10888|75|76|88,42.0,True,regular_season
1385_031,1385,4,2814.0,2871.0,6,4,10877|10879|10880|40|8889,10885|10887|10888|75|82,57.0,True,regular_season
1385_032,1385,4,2871.0,2880.0,6,4,10877|10881|44|47|8889,10887|10888|75|76|88,9.0,True,regular_season
1386_001,1386,1,0.0,270.0,3,4,10889|10890|79|89|95,10887|10888|75|76|87,270.0,True,regular_season
1386_002,1386,1,270.0,404.0,3,4,103|107|10890|79|89,10887|10888|75|76|87,134.0,True,regular_season
1386_003,1386,1,404.0,551.0,3,4,103|107|10889|77|86,10862|10887|75|76|90,147.0,True,regular_season
1386_004,1386,1,551.0,619.0,3,4,103|107|10889|77|86,10862|10887|71|88|90,68.0,True,regular_season
1386_005,1386,1,619.0,620.0,3,4,103|10889|10890|77|86,10862|10887|71|88|90,1.0,True,regular_season
1386_006,1386,1,620.0,720.0,3,4,103|10889|10890|77|86,10862|10888|71|88|90,100.0,True,regular_season
1386_007,1386,2,720.0,794.0,3,4,103|10889|10890|79|86,10862|10888|71|88|90,74.0,True,regular_season
1386_008,1386,2,794.0,888.0,3,4,103|107|10890|79|86,10862|10888|71|88|90,94.0,True,regular_season
1386_009,1386,2,888.0,970.0,3,4,107|10890|77|79|89,10862|10888|71|88|90,82.0,True,regular_season
1386_010,1386,2,970.0,1137.0,3,4,107|10890|77|79|89,10885|10887|10888|71|88,167.0,True,regular_season
1386_011,1386,2,1137.0,1219.0,3,4,107|10889|77|89|95,10885|10887|10888|76|88,82.0,True,regular_season
1386_012,1386,2,1219.0,1292.0,3,4,103|107|10889|86|95,10885|10887|10888|76|78,73.0,True,regular_season
1386_013,1386,2,1292.0,1314.0,3,4,103|107|10889|86|95,10862|10885|10887|76|78,22.0,True,regular_season
1386_014,1386,2,1314.0,1315.0,3,4,103|107|10889|86|95,10862|10885|10888|76|78,1.0,True,regular_season
1386_015,1386,2,1315.0,1440.0,3,4,103|107|10890|77|86,10862|10885|10887|76|78,125.0,True,regular_season
1386_016,1386,3,1440.0,1630.0,3,4,10889|10890|79|89|95,10887|10888|75|76|87,190.0,True,regular_season
1386_017,1386,3,1630.0,1770.0,3,4,107|10890|77|79|89,10887|10888|75|76|87,140.0,True,regular_season
1386_018,1386,3,1770.0,1795.0,3,4,103|107|10889|77|89,10887|10888|75|76|87,25.0,True,regular_season
1386_019,1386,3,1795.0,1840.0,3,4,103|107|10889|77|86,10887|10888|75|76|87,45.0,True,regular_season
1386_020,1386,3,1840.0,1892.0,3,4,103|107|10889|77|86,10862|10887|75|76|87,52.0,True,regular_season
1386_021,1386,3,1892.0,2003.0,3,4,103|107|10889|77|86,10862|10885|10887|75|76,111.0,True,regular_season
1386_022,1386,3,2003.0,2111.0,3,4,103|107|10890|79|86,10862|10885|10887|76|88,108.0,True,regular_season
1386_023,1386,3,2111.0,2160.0,3,4,103|107|10890|79|86,10862|10885|10887|71|88,49.0,True,regular_season
1386_024,1386,4,2160.0,2244.0,3,4,103|107|10890|79|86,10862|10885|10887|71|88,84.0,True,regular_season
1386_025,1386,4,2244.0,2297.0,3,4,103|107|10890|79|86,10862|10885|10888|71|88,53.0,True,regular_season
1386_026,1386,4,2297.0,2339.0,3,4,103|10889|10890|86|95,10862|10885|75|78|88,42.0,True,regular_season
1386_027,1386,4,2339.0,2421.0,3,4,103|10889|10890|86|95,10862|10888|75|78|88,82.0,True,regular_season
1386_028,1386,4,2421.0,2448.0,3,4,103|107|10889|89|95,10887|10888|76|78|88,27.0,True,regular_season
1386_029,1386,4,2448.0,2464.0,3,4,103|107|10889|89|95,10885|10887|10888|76|87,16.0,True,regular_season
1386_030,1386,4,2464.0,2625.0,3,4,107|10889|77|89|95,10885|10887|10888|76|87,161.0,True,regular_season
1386_031,1386,4,2625.0,2723.0,3,4,103|107|10890|77|89,10887|10888|76|82|87,98.0,True,regular_season
1386_032,1386,4,2723.0,2845.0,3,4,107|10890|77|79|86,10887|10888|76|82|87,122.0,True,regular_season
1386_033,1386,4,2845.0,2869.0,3,4,107|10890|77|79|86,10885|10887|10888|82|87,24.0,True,regular_season
1386_034,1386,4,2869.0,2870.0,3,4,107|10890|77|79|86,10885|10887|10888|87|88,1.0,True,regular_season
1386_035,1386,4,2870.0,2877.0,3,4,103|107|10890|77|79,10885|10887|10888|87|88,7.0,True,regular_season
1386_036,1386,4,2877.0,2878.0,3,4,103|107|10890|77|79,10885|10887|10888|82|87,1.0,True,regular_season
1386_037,1386,4,2878.0,2880.0,3,4,107|10890|77|79|86,10885|10887|10888|82|87,2.0,True,regular_season
1387_001,1387,1,0.0,222.0,3,6,103|106|10890|79|89,10877|10881|39|40|8889,222.0,True,regular_season
1387_002,1387,1,222.0,386.0,3,6,103|106|107|79|89,10877|10881|39|40|8889,164.0,True,regular_season
1387_003,1387,1,386.0,456.0,3,6,106|107|77|86|99,10877|10881|39|40|8889,70.0,True,regular_season
1387_004,1387,1,456.0,508.0,3,6,107|10890|77|86|99,10877|10879|10880|40|8889,52.0,True,regular_season
1387_005,1387,1,508.0,555.0,3,6,107|10890|77|86|99,10877|10879|10880|43|8889,47.0,True,regular_season
1387_006,1387,1,555.0,720.0,3,6,107|10890|77|86|99,10879|10880|10881|113|43,165.0,True,regular_season
1387_007,1387,2,720.0,860.0,3,6,103|106|10890|79|89,10879|10880|113|39|8889,140.0,True,regular_season
1387_008,1387,2,860.0,892.0,3,6,103|107|10890|79|89,10879|10880|113|39|8889,32.0,True,regular_season
1387_009,1387,2,892.0,940.0,3,6,103|106|107|79|89,10879|10880|113|39|8889,48.0,True,regular_season
1387_010,1387,2,940.0,1055.0,3,6,103|106|107|79|89,10880|113|39|40|8889,115.0,True,regular_season
1387_011,1387,2,1055.0,1112.0,3,6,106|107|77|86|99,10877|10880|39|40|8889,57.0,True,regular_season
1387_012,1387,2,1112.0,1171.0,3,6,106|107|77|86|99,10877|10881|39|40|8889,59.0,True,regular_season
1387_013,1387,2,1171.0,1222.0,3,6,106|107|77|83|99,10881|39|40|44|8889,51.0,True,regular_season
1387_014,1387,2,1222.0,1257.0,3,6,106|107|77|83|99,10877|10880|10881|39|40,35.0,True,regular_season
1387_015,1387,2,1257.0,1308.0,3,6,107|10890|77|83|99,10877|10880|10881|40|43,51.0,True,regular_season
1387_016,1387,2,1308.0,1403.0,3,6,103|107|10890|83|99,10877|10880|10881|40|43,95.0,True,regular_season
1387_017,1387,2,1403.0,1422.0,3,6,103|107|10890|86|99,10877|10880|10881|40|43,19.0,True,regular_season
1387_018,1387,2,1422.0,1440.0,3,6,103|106|10890|79|99,10877|10880|40|43|8889,18.0,True,regular_season
1387_019,1387,3,1440.0,1530.0,3,6,103|106|10890|79|89,10877|10880|39|40|8889,90.0,True,regular_season
1387_020,1387,3,1530.0,1581.0,3,6,103|106|107|79|89,10877|10880|39|40|8889,51.0,True,regular_season
1387_021,1387,3,1581.0,1615.0,3,6,103|106|107|79|89,10877|10879|10880|39|8889,34.0,True,regular_season
1387_022,1387,3,1615.0,1721.0,3,6,103|106|107|79|89,10877|10879|10880|43|8889,106.0,True,regular_season
1387_023,1387,3,1721.0,1761.0,3,6,106|107|77|79|89,10877|10879|10880|43|8889,40.0,True,regular_season
1387_024,1387,3,1761.0,1866.0,3,6,106|107|77|89|99,10877|10879|10880|43|8889,105.0,True,regular_season
1387_025,1387,3,1866.0,1927.0,3,6,107|10890|77|89|99,10877|10879|10881|43|8889,61.0,True,regular_season
1387_026,1387,3,1927.0,1992.0,3,6,106|10890|77|86|99,10877|10879|10881|43|8889,65.0,True,regular_season
1387_027,1387,3,1992.0,2087.0,3,6,106|10890|77|86|99,10877|10880|10881|40|43,95.0,True,regular_season
1387_028,1387,3,2087.0,2160.0,3,6,106|10890|77|79|86,10877|10880|10881|40|43,73.0,True,regular_season
1387_029,1387,4,2160.0,2307.0,3,6,107|10890|77|79|89,10877|10880|10881|40|43,147.0,True,regular_season
1387_030,1387,4,2307.0,2366.0,3,6,103|107|10890|79|89,10877|10880|10881|40|43,59.0,True,regular_season
1387_031,1387,4,2366.0,2386.0,3,6,103|106|10890|89|99,10877|10880|10881|40|43,20.0,True,regular_season
1387_032,1387,4,2386.0,2409.0,3,6,103|106|10890|89|99,10877|10881|40|43|8889,23.0,True,regular_season
1387_033,1387,4,2409.0,2470.0,3,6,103|106|10890|89|99,10877|10879|10881|40|8889,61.0,True,regular_season
1387_034,1387,4,2470.0,2591.0,3,6,106|10890|77|86|99,10877|10879|10881|40|8889,121.0,True,regular_season
1387_035,1387,4,2591.0,2600.0,3,6,106|10890|77|86|99,10877|10879|10881|43|8889,9.0,True,regular_season
1387_036,1387,4,2600.0,2669.0,3,6,106|10890|77|86|99,10877|10879|10880|43|8889,69.0,True,regular_season
1387_037,1387,4,2669.0,2691.0,3,6,106|10890|77|86|99,10877|10880|40|43|8889,22.0,True,regular_season
1387_038,1387,4,2691.0,2761.0,3,6,106|10890|77|86|99,10877|10880|10881|40|43,70.0,True,regular_season
1387_039,1387,4,2761.0,2804.0,3,6,107|10890|77|89|99,10877|10880|10881|40|43,43.0,True,regular_season
1387_040,1387,4,2804.0,2867.0,3,6,106|107|77|89|99,10877|10880|10881|40|43,63.0,True,regular_season
1387_041,1387,4,2867.0,2869.0,3,6,107|10890|77|89|99,10877|10880|10881|40|43,2.0,True,regular_season
1387_042,1387,4,2869.0,2870.0,3,6,107|10890|77|89|99,10877|10879|10881|40|43,1.0,True,regular_season
1387_043,1387,4,2870.0,2880.0,3,6,107|77|79|89|99,10877|10879|10881|40|43,10.0,True,regular_season
1388_001,1388,1,0.0,196.0,7,4,10872|10875|10876|21|25,10862|10887|75|76|88,196.0,True,regular_season
1388_002,1388,1,196.0,282.0,7,4,10872|10875|21|25|34,10862|10887|75|76|90,86.0,True,regular_season
1388_003,1388,1,282.0,380.0,7,4,10875|21|22|25|34,10862|5948|75|87|90,98.0,True,regular_season
1388_004,1388,1,380.0,458.0,7,4,10872|10876|22|28|34,10862|5948|75|87|90,78.0,True,regular_season
1388_005,1388,1,458.0,527.0,7,4,10872|10876|21|28|34,10862|5948|75|87|90,69.0,True,regular_season
1388_006,1388,1,527.0,562.0,7,4,10872|10874|10875|10876|21,10887|5948|75|87|90,35.0,True,regular_season
1388_007,1388,1,562.0,610.0,7,4,10872|10874|10875|10876|21,10885|10887|5948|87|90,48.0,True,regular_season
1388_008,1388,1,610.0,720.0,7,4,10872|10875|10876|21|25,10885|10887|5948|87|90,110.0,True,regular_season
1388_009,1388,2,720.0,782.0,7,4,10875|21|24|25|34,10885|10887|5948|87|90,62.0,True,regular_season
1388_010,1388,2,782.0,792.0,7,4,10875|10876|21|24|25,10885|10887|5948|87|90,10.0,True,regular_season
1388_011,1388,2,792.0,805.0,7,4,10872|10875|10876|21|25,10885|10887|5948|87|90,13.0,True,regular_season
1388_012,1388,2,805.0,851.0,7,4,10872|10875|10876|21|25,10885|10887|5948|82|87,46.0,True,regular_season
1388_013,1388,2,851.0,925.0,7,4,10872|10875|10876|21|25,10885|10887|5948|76|82,74.0,True,regular_season
1388_014,1388,2,925.0,960.0,7,4,10872|10874|10875|21|25,10862|10885|10887|76|82,35.0,True,regular_season
1388_015,1388,2,960.0,1042.0,7,4,10874|10875|10876|21|25,10862|10885|10887|76|82,82.0,True,regular_season
1388_016,1388,2,1042.0,1046.0,7,4,10875|10876|21|22|25,10862|10885|10887|76|82,4.0,True,regular_season
1388_017,1388,2,1046.0,1078.0,7,4,10876|21|22|24|25,10862|10885|10887|76|82,32.0,True,regular_season
1388_018,1388,2,1078.0,1126.0,7,4,10876|21|22|24|25,10887|5948|75|76|82,48.0,True,regular_season
1388_019,1388,2,1126.0,1178.0,7,4,10872|10875|10876|21|25,10887|5948|75|76|82,52.0,True,regular_season
1388_020,1388,2,1178.0,1259.0,7,4,10875|21|22|25|34,10885|10887|5948|75|82,81.0,True,regular_season
1388_021,1388,2,1259.0,1293.0,7,4,10875|21|22|25|34,10862|10885|5948|75|87,34.0,True,regular_season
1388_022,1388,2,1293.0,1440.0,7,4,10875|21|22|25|34,10862|10885|5948|75|84,147.0,True,regular_season
1388_023,1388,3,1440.0,1544.0,7,4,10872|10875|10876|21|25,10862|10887|75|76|90,104.0,True,regular_season
1388_024,1388,3,1544.0,1692.0,7,4,10875|10876|21|22|25,10862|10887|75|76|90,148.0,True,regular_season
1388_025,1388,3,1692.0,1758.0,7,4,10872|10874|10875|21|34,10862|10887|71|75|90,66.0,True,regular_season
1388_026,1388,3,1758.0,1881.0,7,4,10872|10875|21|22|34,10862|10887|71|75|90,123.0,True,regular_season
1388_027,1388,3,1881.0,1968.0,7,4,10872|10875|10876|21|22,10862|10885|5948|71|90,87.0,True,regular_season
1388_028,1388,3,1968.0,2010.0,7,4,10872|10875|10876|21|22,10862|10885|5948|71|82,42.0,True,regular_season
1388_029,1388,3,2010.0,2114.0,7,4,10872|10876|21|22|34,10862|10885|5948|71|82,104.0,True,regular_season
1388_030,1388,3,2114.0,2160.0,7,4,10872|10876|21|28|34,10885|10887|5948|71|82,46.0,True,regular_season
1388_031,1388,4,2160.0,2224.0,7,4,10872|10874|10875|28|34,10885|10887|5948|71|82,64.0,True,regular_season
1388_033,1388,4,2351.0,2366.0,7,4,10875|10876|21|25|28,10885|10887|5948|71|82,15.0,True,regular_season
1388_034,1388,4,2366.0,2423.0,7,4,10875|10876|21|25|28,10885|10887|5948|75|82,57.0,True,regular_season
1388_035,1388,4,2423.0,2454.0,7,4,10875|10876|21|22|25,10885|10887|5948|75|82,31.0,True,regular_season
1388_036,1388,4,2454.0,2515.0,7,4,10872|10875|10876|21|25,10885|10887|5948|75|82,61.0,True,regular_season
1388_037,1388,4,2515.0,2672.0,7,4,10874|10875|10876|21|25,10885|10887|5948|75|82,157.0,True,regular_season
1388_038,1388,4,2672.0,2725.0,7,4,10872|10875|22|25|34,10885|10887|5948|75|82,53.0,True,regular_season
1388_039,1388,4,2725.0,2783.0,7,4,10871|10872|10873|10875|34,10885|10887|5948|75|82,58.0,True,regular_season
1388_040,1388,4,2783.0,2812.0,7,4,10871|10872|10873|10875|34,10862|10885|10887|75|82,29.0,True,regular_season
1388_041,1388,4,2812.0,2828.0,7,4,10871|10872|10873|10875|34,10862|10885|10886|10887|82,16.0,True,regular_season
1388_042,1388,4,2828.0,2880.0,7,4,10871|10872|10873|10875|34,10862|10885|10886|80|82,52.0,True,regular_season
1389_001,1389,1,0.0,382.0,5,8,16|54|57|62|68,10|10867|10870|14|4,382.0,True,regular_season
1389_002,1389,1,382.0,449.0,5,8,16|54|58|62|68,10|10869|10870|14|2,67.0,True,regular_season
1389_003,1389,1,449.0,483.0,5,8,10861|54|58|62|68,10|10869|10870|14|2,34.0,True,regular_season
1389_004,1389,1,483.0,495.0,5,8,10861|10884|54|58|68,10|10869|10870|14|2,12.0,True,regular_season
1389_005,1389,1,495.0,502.0,5,8,10861|10884|54|58|68,10869|10870|14|2|7,7.0,True,regular_season
1389_006,1389,1,502.0,537.0,5,8,10861|10884|54|58|68,10865|10869|10870|14|7,35.0,True,regular_season
1389_007,1389,1,537.0,623.0,5,8,10861|10884|12|58|68,10865|10869|10870|13|14,86.0,True,regular_season
1389_008,1389,1,623.0,720.0,5,8,10861|12|16|3129|58,10|10863|10865|10867|10869,97.0,True,regular_season
1389_009,1389,2,720.0,762.0,5,8,10861|12|16|3129|58,10|10863|10865|10867|10869,42.0,True,regular_season
1389_010,1389,2,762.0,861.0,5,8,10861|12|16|3129|58,10863|10865|10867|10869|3,99.0,True,regular_season
1389_011,1389,2,861.0,897.0,5,8,12|16|58|62|68,10865|10869|10870|13|3,36.0,True,regular_season
1389_012,1389,2,897.0,955.0,5,8,12|16|58|62|68,10|10865|10869|10870|3,58.0,True,regular_season
1389_013,1389,2,955.0,990.0,5,8,16|54|58|62|68,10|10865|10869|10870|14,35.0,True,regular_season
1389_014,1389,2,990.0,1045.0,5,8,16|54|58|62|68,10|10865|10867|10870|14,55.0,True,regular_season
1389_015,1389,2,1045.0,1074.0,5,8,16|54|57|62|68,10|10867|10870|14|5,29.0,True,regular_season
1389_016,1389,2,1074.0,1152.0,5,8,16|54|57|62|68,10|10869|10870|14|5,78.0,True,regular_season
1389_017,1389,2,1152.0,1226.0,5,8,16|54|57|62|68,10|10869|10870|14|3,74.0,True,regular_season
1389_018,1389,2,1226.0,1327.0,5,8,16|54|57|58|68,10|10869|10870|14|3,101.0,True,regular_season
1389_019,1389,2,1327.0,1438.0,5,8,16|54|57|58|68,10|10865|10869|10870|3,111.0,True,regular_season
1389_020,1389,2,1438.0,1440.0,5,8,16|54|57|58|68,10865|10869|10870|2|3,2.0,True,regular_season
1389_021,1389,3,1440.0,1785.0,5,8,16|54|57|62|68,10|10867|10870|14|4,345.0,True,regular_season
1389_022,1389,3,1785.0,1806.0,5,8,10861|54|57|62|68,10|10867|10870|14|3,21.0,True,regular_season
1389_023,1389,3,1806.0,1918.0,5,8,10861|12|54|58|68,10|10867|10870|14|3,112.0,True,regular_season
1389_024,1389,3,1918.0,1998.0,5,8,10861|12|54|58|68,10|10867|10870|13|14,80.0,True,regular_season
1389_025,1389,3,1998.0,2075.0,5,8,10861|12|16|54|58,10|10869|10870|13|14,77.0,True,regular_season
1389_026,1389,3,2075.0,2134.0,5,8,10861|12|16|58|62,10869|10870|14|3|7,59.0,True,regular_season
1389_027,1389,3,2134.0,2160.0,5,8,10861|12|16|57|58,10869|10870|14|3|7,26.0,True,regular_season
1389_028,1389,4,2160.0,2260.0,5,8,10861|12|16|57|58,10863|10867|10869|3|5,100.0,True,regular_season
1389_029,1389,4,2260.0,2282.0,5,8,10861|12|16|58|62,10863|10867|10869|3|5,22.0,True,regular_season
1389_030,1389,4,2282.0,2386.0,5,8,10861|12|16|58|62,10865|10867|10869|3|5,104.0,True,regular_season
1389_031,1389,4,2386.0,2447.0,5,8,12|16|54|62|68,10|10865|10867|10869|3,61.0,True,regular_season
1389_032,1389,4,2447.0,2564.0,5,8,12|16|54|62|68,10|10865|10867|10869|14,117.0,True,regular_season
1389_033,1389,4,2564.0,2655.0,5,8,10861|54|58|62|68,10|10865|10867|10869|14,91.0,True,regular_season
1389_034,1389,4,2655.0,2769.0,5,8,10861|54|57|58|68,10|10869|10870|13|14,114.0,True,regular_season
1389_035,1389,4,2769.0,2780.0,5,8,16|54|57|58|68,10|10869|10870|13|14,11.0,True,regular_season
1389_036,1389,4,2780.0,2819.0,5,8,16|54|57|58|68,10|10869|10870|14|4,39.0,True,regular_season
1389_037,1389,4,2819.0,2841.0,5,8,12|57|60|64|68,10863|10865|14|2|4,22.0,True,regular_season
1389_038,1389,4,2841.0,2880.0,5,8,12|55|56|60|64,10863|10864|10865|2|4,39.0,True,regular_season
1390_001,1390,1,0.0,125.0,7,2,10872|10875|10876|21|25,10894|110|118|121|45,125.0,True,regular_season
1390_002,1390,1,125.0,186.0,7,2,10875|10876|21|22|25,10894|110|118|121|45,61.0,True,regular_season
1390_003,1390,1,186.0,217.0,7,2,10875|10876|21|22|24,10894|110|118|121|45,31.0,True,regular_season
1390_004,1390,1,217.0,261.0,7,2,10875|21|22|24|867,10894|110|118|121|45,44.0,True,regular_season
1390_005,1390,1,261.0,292.0,7,2,10875|21|22|24|867,10894|110|118|121|122,31.0,True,regular_season
1390_006,1390,1,292.0,401.0,7,2,10875|21|22|24|867,10894|109|110|118|122,109.0,True,regular_season
1390_007,1390,1,401.0,491.0,7,2,10872|10874|10876|24|867,109|110|122|123|12668,90.0,True,regular_season
1390_008,1390,1,491.0,564.0,7,2,10874|10876|21|24|867,10894|109|110|122|12668,73.0,True,regular_season
1390_009,1390,1,564.0,659.0,7,2,10876|21|22|24|867,10894|109|116|122|12668,95.0,True,regular_season
1390_010,1390,1,659.0,674.0,7,2,10872|10875|10876|21|24,10894|109|116|122|12668,15.0,True,regular_season
1390_011,1390,1,674.0,720.0,7,2,10872|10875|10876|21|24,10894|109|116|118|122,46.0,True,regular_season
1390_012,1390,2,720.0,732.0,7,2,10872|10875|10876|21|25,10894|109|116|118|122,12.0,True,regular_season
1390_013,1390,2,732.0,821.0,7,2,10872|10876|21|25|867,10894|109|116|118|122,89.0,True,regular_season
1390_014,1390,2,821.0,831.0,7,2,10876|21|22|25|867,10894|109|110|118|122,10.0,True,regular_season
1390_015,1390,2,831.0,977.0,7,2,10876|21|22|25|867,10894|110|118|121|45,146.0,True,regular_season
1390_016,1390,2,977.0,1090.0,7,2,10875|21|22|24|867,10894|110|118|121|45,113.0,True,regular_season
1390_017,1390,2,1090.0,1157.0,7,2,10872|10875|21|22|867,10894|110|118|121|45,67.0,True,regular_season
1390_018,1390,2,1157.0,1239.0,7,2,10872|10874|10875|22|867,10894|109|121|12668|45,82.0,True,regular_season
1390_019,1390,2,1239.0,1274.0,7,2,10872|10874|10875|10876|21,10894|109|121|12668|45,35.0,True,regular_season
1390_020,1390,2,1274.0,1316.0,7,2,10872|10874|10876|21|867,10894|109|121|122|12668,42.0,True,regular_season
1390_021,1390,2,1316.0,1369.0,7,2,10872|10874|10876|21|867,10894|109|121|12668|45,53.0,True,regular_season
1390_022,1390,2,1369.0,1440.0,7,2,10872|10874|10876|21|867,10894|109|118|12668|45,71.0,True,regular_season
1390_023,1390,3,1440.0,1490.0,7,2,10872|10875|10876|21|25,10894|110|118|121|45,50.0,True,regular_season
1390_024,1390,3,1490.0,1599.0,7,2,10875|10876|21|22|25,10894|110|118|121|45,109.0,True,regular_season
1390_025,1390,3,1599.0,1765.0,7,2,10872|10875|21|25|867,10894|110|118|121|45,166.0,True,regular_season
1390_026,1390,3,1765.0,1788.0,7,2,10872|10875|21|25|867,10894|109|110|118|121,23.0,True,regular_season
1390_027,1390,3,1788.0,1868.0,7,2,10872|10874|10875|25|867,10894|109|110|118|12668,80.0,True,regular_season
1390_028,1390,3,1868.0,1890.0,7,2,10872|10875|22|25|867,10894|109|116|118|12668,22.0,True,regular_season
1390_029,1390,3,1890.0,1899.0,7,2,10875|21|22|25|867,10894|109|116|118|12668,9.0,True,regular_season
1390_030,1390,3,1899.0,1932.0,7,2,10876|21|22|25|867,10894|109|116|118|12668,33.0,True,regular_season
1390_031,1390,3,1932.0,2019.0,7,2,10876|21|22|25|867,10894|109|118|12668|45,87.0,True,regular_season
1390_032,1390,3,2019.0,2160.0,7,2,10876|21|22|25|867,10894|118|121|12668|45,141.0,True,regular_season
1390_033,1390,4,2160.0,2223.0,7,2,10875|21|22|25|867,10894|118|121|12668|45,63.0,True,regular_season
1390_034,1390,4,2223.0,2294.0,7,2,10872|10875|21|22|867,10894|118|121|12668|45,71.0,True,regular_season
1390_035,1390,4,2294.0,2306.0,7,2,10872|10875|21|22|867,10894|109|121|12668|45,12.0,True,regular_season
1390_036,1390,4,2306.0,2418.0,7,2,10872|10875|21|22|867,10894|109|121|122|12668,112.0,True,regular_season
1390_037,1390,4,2418.0,2510.0,7,2,10872|10874|10875|21|867,10894|109|121|122|12668,92.0,True,regular_season
1390_038,1390,4,2510.0,2532.0,7,2,10874|10875|21|24|867,10894|109|121|122|12668,22.0,True,regular_season
1390_039,1390,4,2532.0,2622.0,7,2,10874|10875|21|24|867,10894|110|118|121|122,90.0,True,regular_season
1390_040,1390,4,2622.0,2827.0,7,2,10872|10875|21|24|867,10894|110|121|122|45,205.0,True,regular_season
1390_041,1390,4,2827.0,2880.0,7,2,10872|10874|10875|25|867,10891|10894|110|121|122,53.0,True,regular_season
1391_001,1391,1,0.0,391.0,5,6,16|54|57|62|68,10877|10881|40|44|8889,391.0,True,regular_season
1391_002,1391,1,391.0,483.0,5,6,10860|54|58|62|68,10877|10880|10881|113|40,92.0,True,regular_season
1391_003,1391,1,483.0,592.0,5,6,10860|12|16|3129|58,10877|10880|10881|113|40,109.0,True,regular_season
1391_004,1391,1,592.0,688.0,5,6,10860|12|16|3129|58,10880|113|39|40|8889,96.0,True,regular_season
1391_005,1391,1,688.0,712.0,5,6,10860|10884|12|16|58,10880|113|39|40|8889,24.0,True,regular_season
1391_006,1391,1,712.0,720.0,5,6,10860|10884|12|16|58,10880|10881|113|39|40,8.0,True,regular_season
1391_007,1391,2,720.0,834.0,5,6,10860|10884|12|16|58,10877|10880|10881|113|39,114.0,True,regular_season
1391_008,1391,2,834.0,964.0,5,6,10884|16|54|58|68,10877|10880|10881|113|39,130.0,True,regular_season
1391_009,1391,2,964.0,1103.0,5,6,10884|16|54|58|68,10877|10880|10881|113|40,139.0,True,regular_season
1391_010,1391,2,1103.0,1138.0,5,6,16|54|57|62|68,10877|10881|40|44|8889,35.0,True,regular_season
1391_011,1391,2,1138.0,1203.0,5,6,10860|54|57|62|68,10877|10881|40|44|8889,65.0,True,regular_season
1391_012,1391,2,1203.0,1255.0,5,6,10860|54|57|62|68,10877|10880|40|44|8889,52.0,True,regular_season
1391_013,1391,2,1255.0,1337.0,5,6,10860|54|57|62|68,10879|10880|10881|40|44,82.0,True,regular_season
1391_014,1391,2,1337.0,1440.0,5,6,10860|54|57|62|68,10877|10879|10880|10881|113,103.0,True,regular_season
1391_015,1391,3,1440.0,1749.0,5,6,16|54|57|62|68,10877|10879|10880|10881|113,309.0,True,regular_season
1391_016,1391,3,1749.0,1790.0,5,6,10860|54|57|58|68,10877|10880|10881|113|40,41.0,True,regular_season
1391_017,1391,3,1790.0,1839.0,5,6,10860|54|57|58|68,10881|113|39|40|8889,49.0,True,regular_season
1391_018,1391,3,1839.0,1897.0,5,6,10860|12|54|58|68,10881|113|39|40|8889,58.0,True,regular_season
1391_019,1391,3,1897.0,1945.0,5,6,10860|12|54|58|68,10880|113|39|40|8889,48.0,True,regular_season
1391_020,1391,3,1945.0,2050.0,5,6,10860|12|57|58|68,10880|39|40|44|8889,105.0,True,regular_season
1391_021,1391,3,2050.0,2140.0,5,6,10860|12|16|57|58,10880|10881|39|40|44,90.0,True,regular_season
1391_022,1391,3,2140.0,2157.0,5,6,10860|12|16|57|58,10879|10880|10881|39|40,17.0,True,regular_season
1391_023,1391,3,2157.0,2160.0,5,6,10860|12|16|54|58,10879|10880|10881|39|40,3.0,True,regular_season
1391_024,1391,4,2160.0,2219.0,5,6,10860|12|16|57|58,10877|10880|10881|113|40,59.0,True,regular_season
1391_025,1391,4,2219.0,2286.0,5,6,10860|12|16|57|58,10877|10880|10881|39|40,67.0,True,regular_season
1391_026,1391,4,2286.0,2322.0,5,6,10860|16|54|57|58,10877|10880|10881|39|40,36.0,True,regular_season
1391_027,1391,4,2322.0,2455.0,5,6,10860|16|54|57|58,10877|10879|10880|10881|40,133.0,True,regular_season
1391_028,1391,4,2455.0,2503.0,5,6,10860|54|57|58|68,10877|10879|10881|40|8889,48.0,True,regular_season
1391_029,1391,4,2503.0,2569.0,5,6,10860|54|57|62|68,10877|10881|113|40|8889,66.0,True,regular_season
1391_030,1391,4,2569.0,2632.0,5,6,10860|54|57|62|68,10877|10880|113|40|8889,63.0,True,regular_season
1391_031,1391,4,2632.0,2730.0,5,6,10860|54|57|58|68,10877|10880|113|40|8889,98.0,True,regular_season
1391_032,1391,4,2730.0,2816.0,5,6,10860|54|57|58|68,10877|10880|10881|113|40,86.0,True,regular_season
1391_033,1391,4,2816.0,2823.0,5,6,10860|16|54|57|58,10877|10880|10881|113|40,7.0,True,regular_season
1391_034,1391,4,2823.0,2845.0,5,6,10860|54|57|58|68,10877|10880|10881|113|40,22.0,True,regular_season
1391_035,1391,4,2845.0,2860.0,5,6,10860|16|54|57|58,10877|10879|10880|10881|40,15.0,True,regular_season
1391_036,1391,4,2860.0,2871.0,5,6,10860|54|57|58|68,10877|10880|10881|113|40,11.0,True,regular_season
1391_037,1391,4,2871.0,2880.0,5,6,10860|16|54|57|58,10877|10879|10880|10881|40,9.0,True,regular_season
1392_001,1392,1,0.0,233.0,7,3,10876|21|24|29|867,10889|10890|77|89|95,233.0,True,regular_season
1392_002,1392,1,233.0,280.0,7,3,10875|10876|21|24|29,101|106|10889|77|89,47.0,True,regular_season
1392_003,1392,1,280.0,334.0,7,3,10872|10874|10875|29|867,101|106|10889|77|89,54.0,True,regular_season
1392_004,1392,1,334.0,367.0,7,3,10872|10874|10875|21|867,101|106|10889|77|89,33.0,True,regular_season
1392_005,1392,1,367.0,520.0,7,3,10872|10874|10875|21|867,106|10890|86|89|99,153.0,True,regular_season
1392_006,1392,1,520.0,611.0,7,3,10874|10875|21|29|867,106|10890|77|86|99,91.0,True,regular_season
1392_007,1392,1,611.0,675.0,7,3,10872|10876|24|29|867,106|10890|77|86|99,64.0,True,regular_season
1392_008,1392,1,675.0,720.0,7,3,10872|10876|24|29|867,101|106|10890|77|86,45.0,True,regular_season
1392_009,1392,2,720.0,783.0,7,3,10872|10876|24|29|867,101|10889|10890|77|86,63.0,True,regular_season
1392_010,1392,2,783.0,849.0,7,3,10872|10875|21|22|867,101|10889|10890|77|86,66.0,True,regular_season
1392_011,1392,2,849.0,886.0,7,3,10872|10875|21|22|867,101|10889|10890|77|89,37.0,True,regular_season
1392_012,1392,2,886.0,941.0,7,3,10872|10875|21|22|867,101|106|10889|77|89,55.0,True,regular_season
1392_013,1392,2,941.0,947.0,7,3,10872|10875|21|22|867,106|10889|77|89|99,6.0,True,regular_season
1392_014,1392,2,947.0,1012.0,7,3,10872|10876|22|23|867,106|10889|77|89|99,65.0,True,regular_season
1392_015,1392,2,1012.0,1123.0,7,3,10876|21|23|29|867,106|10889|77|89|99,111.0,True,regular_season
1392_016,1392,2,1123.0,1311.0,7,3,10875|21|28|29|867,101|10889|10890|89|99,188.0,True,regular_season
1392_017,1392,2,1311.0,1440.0,7,3,10874|10875|21|29|867,106|10890|77|86|99,129.0,True,regular_season
1392_018,1392,3,1440.0,1634.0,7,3,10875|21|25|29|867,10889|10890|77|89|95,194.0,True,regular_season
1392_019,1392,3,1634.0,1668.0,7,3,10875|21|25|29|867,106|10890|77|89|99,34.0,True,regular_season
1392_020,1392,3,1668.0,1871.0,7,3,10875|10876|21|24|29,106|10890|77|89|99,203.0,True,regular_season
1392_021,1392,3,1871.0,1975.0,7,3,10872|10876|21|24|867,101|10889|10890|89|99,104.0,True,regular_season
1392_022,1392,3,1975.0,1978.0,7,3,10872|10876|24|29|867,106|10889|77|86|99,3.0,True,regular_season
1392_025,1392,4,2160.0,2195.0,7,3,10872|10876|24|29|867,106|10890|86|89|99,35.0,True,regular_season
1392_026,1392,4,2195.0,2305.0,7,3,10872|10875|21|29|867,106|10890|86|89|99,110.0,True,regular_season
1392_027,1392,4,2305.0,2322.0,7,3,10872|10875|21|25|867,106|10890|77|86|89,17.0,True,regular_season
1392_028,1392,4,2322.0,2461.0,7,3,10872|10875|10876|21|24,101|10889|10890|77|89,139.0,True,regular_season
1392_029,1392,4,2461.0,2473.0,7,3,10872|10876|21|24|867,101|10889|10890|77|89,12.0,True,regular_season
1392_030,1392,4,2473.0,2539.0,7,3,10876|21|24|29|867,101|10889|10890|77|89,66.0,True,regular_season
1392_031,1392,4,2539.0,2562.0,7,3,10876|21|24|29|867,101|106|10889|89|99,23.0,True,regular_season
1392_032,1392,4,2562.0,2635.0,7,3,10872|10876|24|29|867,101|106|10889|89|99,73.0,True,regular_season
1392_033,1392,4,2635.0,2733.0,7,3,10872|10876|24|29|867,106|10889|77|89|99,98.0,True,regular_season
1392_034,1392,4,2733.0,2750.0,7,3,10872|10875|21|29|867,10889|10890|77|89|99,17.0,True,regular_season
1392_035,1392,4,2750.0,2840.0,7,3,10872|10875|21|25|867,10889|10890|77|89|99,90.0,True,regular_season
1392_036,1392,4,2840.0,2872.0,7,3,10872|10875|21|29|867,10889|10890|77|89|99,32.0,True,regular_season
1392_037,1392,4,2872.0,2879.0,7,3,10872|10876|25|29|867,10889|10890|77|89|99,7.0,True,regular_season
1392_038,1392,4,2879.0,2880.0,7,3,10872|10876|21|29|867,10889|10890|77|89|99,1.0,True,regular_season
1393_001,1393,1,0.0,200.0,4,6,10862|10887|75|76|90,10877|10881|39|40|8889,200.0,True,regular_season
1393_002,1393,1,200.0,353.0,4,6,10862|10887|75|76|90,10877|10879|10881|40|8889,153.0,True,regular_season
1393_003,1393,1,353.0,358.0,4,6,10862|5948|75|76|82,10877|10879|10881|40|8889,5.0,True,regular_season
1393_004,1393,1,358.0,391.0,4,6,10862|5948|75|76|82,10877|10881|113|40|8889,33.0,True,regular_season
1393_005,1393,1,391.0,467.0,4,6,10862|5948|75|76|82,10877|10880|10881|113|43,76.0,True,regular_season
1393_006,1393,1,467.0,535.0,4,6,10862|10885|5948|75|82,10880|113|40|43|8889,68.0,True,regular_season
1393_007,1393,1,535.0,564.0,4,6,10885|10887|5948|75|82,10880|113|40|43|8889,29.0,True,regular_season
1393_008,1393,1,564.0,600.0,4,6,10885|10887|5948|82|88,10880|113|40|43|8889,36.0,True,regular_season
1393_009,1393,1,600.0,687.0,4,6,10885|10887|5948|87|88,10880|113|40|43|8889,87.0,True,regular_season
1393_010,1393,1,687.0,720.0,4,6,10885|10887|5948|87|88,10880|113|40|43|47,33.0,True,regular_season
1393_011,1393,2,720.0,921.0,4,6,10885|10887|5948|87|88,10877|10880|39|40|8889,201.0,True,regular_season
1393_012,1393,2,921.0,1030.0,4,6,10862|10885|10887|76|87,10877|10880|39|40|8889,109.0,True,regular_season
1393_013,1393,2,1030.0,1125.0,4,6,10862|10885|10887|76|87,10877|10880|10881|39|40,95.0,True,regular_season
1393_014,1393,2,1125.0,1126.0,4,6,10862|10885|10887|76|87,10879|10880|10881|39|40,1.0,True,regular_season
1393_015,1393,2,1126.0,1159.0,4,6,10862|10885|10887|75|87,10879|10880|10881|39|40,33.0,True,regular_season
1393_016,1393,2,1159.0,1160.0,4,6,10862|10885|10887|75|87,10879|10881|39|40|8889,1.0,True,regular_season
1393_017,1393,2,1160.0,1230.0,4,6,10862|5948|75|76|87,10879|10881|39|40|8889,70.0,True,regular_season
1393_018,1393,2,1230.0,1249.0,4,6,10862|5948|75|76|87,10877|10879|10881|43|8889,19.0,True,regular_season
1393_019,1393,2,1249.0,1297.0,4,6,10862|10887|75|76|90,10877|10879|10881|43|8889,48.0,True,regular_season
1393_020,1393,2,1297.0,1330.0,4,6,10887|5948|75|76|90,10877|10879|10881|43|8889,33.0,True,regular_season
1393_021,1393,2,1330.0,1334.0,4,6,10862|10887|75|76|90,10877|10879|10881|43|8889,4.0,True,regular_season
1393_022,1393,2,1334.0,1432.0,4,6,10862|10887|75|76|90,10877|10879|10880|43|8889,98.0,True,regular_season
1393_023,1393,2,1432.0,1437.0,4,6,10862|10885|75|82|87,10879|10880|40|43|8889,5.0,True,regular_season
1393_024,1393,2,1437.0,1440.0,4,6,10862|10885|75|82|87,10880|40|43|47|8889,3.0,True,regular_season
1393_025,1393,3,1440.0,1731.0,4,6,10862|10887|75|76|90,10877|10880|40|43|8889,291.0,True,regular_season
1393_026,1393,3,1731.0,1772.0,4,6,10887|5948|75|76|87,10877|10880|40|43|8889,41.0,True,regular_season
1393_027,1393,3,1772.0,1801.0,4,6,10887|5948|75|76|87,10877|10880|10881|40|43,29.0,True,regular_season
1393_028,1393,3,1801.0,1891.0,4,6,10887|5948|75|76|87,10877|10879|10880|10881|40,90.0,True,regular_season
1393_029,1393,3,1891.0,1960.0,4,6,10887|5948|75|76|87,10877|10879|10880|10881|44,69.0,True,regular_season
1393_030,1393,3,1960.0,1994.0,4,6,10885|10887|5948|87|88,10879|10881|40|44|8889,34.0,True,regular_season
1393_031,1393,3,1994.0,2045.0,4,6,10862|10885|5948|87|88,10879|10881|40|44|8889,51.0,True,regular_season
1393_035,1393,4,2160.0,2358.0,4,6,10862|10885|5948|87|88,10881|40|43|44|8889,198.0,True,regular_season
1393_036,1393,4,2358.0,2359.0,4,6,10862|10885|5948|87|88,10880|40|43|44|8889,1.0,True,regular_season
1393_037,1393,4,2359.0,2405.0,4,6,10862|10885|10887|76|87,10880|40|43|44|8889,46.0,True,regular_season
1393_038,1393,4,2405.0,2414.0,4,6,10862|10887|75|76|87,10877|10880|40|43|8889,9.0,True,regular_season
1393_039,1393,4,2414.0,2467.0,4,6,10862|10887|75|76|90,10877|10880|40|43|8889,53.0,True,regular_season
1393_040,1393,4,2467.0,2663.0,4,6,10862|10887|75|76|90,10877|10879|10880|43|8889,196.0,True,regular_season
1393_041,1393,4,2663.0,2821.0,4,6,10862|10887|75|76|90,10877|10880|10881|40|43,158.0,True,regular_season
1393_042,1393,4,2821.0,2880.0,4,6,10886|10887|76|80|87,10877|10880|40|43|8889,59.0,True,regular_season
1394_001,1394,1,0.0,411.0,8,7,10|10868|10870|14|4,22|25|29|32|34,411.0,True,regular_season
1394_002,1394,1,411.0,617.0,8,7,10|10863|10867|10868|14,10872|10876|24|29|34,206.0,True,regular_season
1394_003,1394,1,617.0,637.0,8,7,10|10863|10865|10867|4,10872|10874|10876|24|32,20.0,True,regular_season
1394_004,1394,1,637.0,720.0,8,7,10865|10867|10870|2|4,10872|10874|10876|24|32,83.0,True,regular_season
1394_005,1394,2,720.0,766.0,8,7,10865|10867|10870|2|4,10872|10874|10876|24|32,46.0,True,regular_season
1394_006,1394,2,766.0,858.0,8,7,10865|10867|10870|2|4,10872|10874|29|32|34,92.0,True,regular_season
1394_007,1394,2,858.0,910.0,8,7,10865|10868|10870|2|4,10872|10874|29|32|34,52.0,True,regular_season
1394_008,1394,2,910.0,924.0,8,7,10|10865|10868|10870|14,10872|10874|29|32|34,14.0,True,regular_season
1394_009,1394,2,924.0,964.0,8,7,10|10865|10868|10870|14,10872|10874|10876|29|34,40.0,True,regular_season
1394_010,1394,2,964.0,1023.0,8,7,10|10865|10868|10870|14,10872|10876|25|29|34,59.0,True,regular_season
1394_011,1394,2,1023.0,1072.0,8,7,10|10863|10867|10868|14,10876|22|25|29|34,49.0,True,regular_season
1394_012,1394,2,1072.0,1140.0,8,7,10|10863|10867|10868|14,10876|22|23|29|32,68.0,True,regular_season
1394_013,1394,2,1140.0,1195.0,8,7,10|10863|10867|10868|14,10872|10876|22|23|32,55.0,True,regular_season
1394_014,1394,2,1195.0,1250.0,8,7,10|10863|10867|10868|14,10872|10876|22|24|34,55.0,True,regular_season
1394_015,1394,2,1250.0,1314.0,8,7,10|10863|10865|10867|10868,10872|10876|24|29|34,64.0,True,regular_season
1394_016,1394,2,1314.0,1364.0,8,7,10|10865|10868|10870|2,10872|10876|24|29|34,50.0,True,regular_season
1394_017,1394,2,1364.0,1440.0,8,7,10|10865|10868|10870|4,10872|10876|24|29|34,76.0,True,regular_season
1394_018,1394,3,1440.0,1526.0,8,7,10|10868|10870|14|4,10872|25|29|32|34,86.0,True,regular_season
1394_019,1394,3,1526.0,1704.0,8,7,10863|10865|10867|10868|14,10872|25|29|32|34,178.0,True,regular_season
1394_020,1394,3,1704.0,1771.0,8,7,10865|10867|10870|14|4,10872|25|29|32|34,67.0,True,regular_season
1394_021,1394,3,1771.0,1841.0,8,7,10865|10867|10870|14|4,10872|10876|24|29|32,70.0,True,regular_season
1394_022,1394,3,1841.0,1902.0,8,7,10|10865|10867|10870|4,10872|10876|24|29|32,61.0,True,regular_season
1394_023,1394,3,1902.0,2030.0,8,7,10|10865|10867|10870|4,10872|10876|22|24|32,128.0,True,regular_season
1394_024,1394,3,2030.0,2112.0,8,7,10|10865|10868|10870|4,10876|22|24|29|34,82.0,True,regular_season
1394_025,1394,3,2112.0,2160.0,8,7,10|10865|10868|10870|3,10876|24|25|29|34,48.0,True,regular_season
1394_026,1394,4,2160.0,2239.0,8,7,10|10865|10868|10870|3,10876|22|24|29|34,79.0,True,regular_season
1394_027,1394,4,2239.0,2342.0,8,7,10|10865|10868|10870|3,10872|10876|22|29|32,103.0,True,regular_season
1394_028,1394,4,2342.0,2420.0,8,7,10|10868|10870|14|3,10872|10876|22|29|32,78.0,True,regular_season
1394_029,1394,4,2420.0,2437.0,8,7,10|10865|10868|10870|14,10872|10876|24|29|34,17.0,True,regular_season
1394_030,1394,4,2437.0,2518.0,8,7,10|10868|10870|14|4,10872|10876|24|29|34,81.0,True,regular_season
1394_031,1394,4,2518.0,2624.0,8,7,10|10868|10870|14|4,10872|25|29|32|34,106.0,True,regular_season
1394_032,1394,4,2624.0,2673.0,8,7,10|10865|10867|10870|4,10874|10876|24|29|32,49.0,True,regular_season
1394_033,1394,4,2673.0,2719.0,8,7,10|10865|10867|10870|4,10872|10874|10876|24|34,46.0,True,regular_season
1394_034,1394,4,2719.0,2764.0,8,7,10|10865|10867|10870|4,10872|10874|10876|24|28,45.0,True,regular_season
1394_035,1394,4,2764.0,2835.0,8,7,10|10867|10870|2|4,10872|10874|10876|24|28,71.0,True,regular_season
1394_036,1394,4,2835.0,2880.0,8,7,10863|10864|2|5|7,10872|10874|10876|24|28,45.0,True,regular_season
1395_001,1395,1,0.0,304.0,4,2,10887|10888|75|76|90,10893|118|121|12668|45,304.0,True,regular_season
1395_002,1395,1,304.0,387.0,4,2,10887|10888|75|76|90,10893|118|119|12668|45,83.0,True,regular_season
1395_003,1395,1,387.0,582.0,4,2,10888|5948|75|76|82,10893|118|119|12908|45,195.0,True,regular_season
1395_004,1395,1,582.0,720.0,4,2,10885|10887|5948|82|88,119|122|123|12668|12908,138.0,True,regular_season
1395_005,1395,2,720.0,787.0,4,2,10885|10887|5948|82|88,119|122|123|12668|12908,67.0,True,regular_season
1395_006,1395,2,787.0,844.0,4,2,10885|10887|5948|82|88,121|122|123|12668|12908,57.0,True,regular_season
1395_007,1395,2,844.0,853.0,4,2,10885|10887|5948|82|88,10893|121|122|123|12908,9.0,True,regular_season
1395_008,1395,2,853.0,874.0,4,2,10885|10887|5948|82|88,10893|121|123|12908|45,21.0,True,regular_season
1395_009,1395,2,874.0,959.0,4,2,10885|10887|5948|82|88,10893|118|121|12908|45,85.0,True,regular_season
1395_010,1395,2,959.0,1016.0,4,2,10887|5948|87|88|90,10893|118|121|12908|45,57.0,True,regular_season
1395_011,1395,2,1016.0,1097.0,4,2,10887|10888|76|87|90,10893|118|121|12908|45,81.0,True,regular_season
1395_012,1395,2,1097.0,1199.0,4,2,10887|10888|76|87|90,10893|118|121|12668|45,102.0,True,regular_season
1395_013,1395,2,1199.0,1279.0,4,2,10887|10888|75|76|90,10893|119|121|12668|45,80.0,True,regular_season
1395_014,1395,2,1279.0,1292.0,4,2,10887|10888|75|76|90,119|121|12668|12908|45,13.0,True,regular_season
1395_015,1395,2,1292.0,1331.0,4,2,10887|5948|75|87|90,10891|121|12668|12908|45,39.0,True,regular_season
1395_016,1395,2,1331.0,1440.0,4,2,10887|5948|75|87|90,10891|123|12668|12908|45,109.0,True,regular_season
1395_017,1395,3,1440.0,1453.0,4,2,10887|10888|75|76|90,10893|118|121|12668|45,13.0,True,regular_season
1395_018,1395,3,1453.0,1693.0,4,2,10887|10888|75|76|90,10893|119|121|12668|45,240.0,True,regular_season
1395_019,1395,3,1693.0,1829.0,4,2,10887|10888|75|76|90,10893|119|121|12908|45,136.0,True,regular_season
1395_020,1395,3,1829.0,1899.0,4,2,10888|5948|76|82|90,119|123|12668|12908|45,70.0,True,regular_season
1395_021,1395,3,1899.0,1900.0,4,2,10888|5948|76|82|90,119|122|123|12668|12908,1.0,True,regular_season
1395_022,1395,3,1900.0,2044.0,4,2,10885|10888|5948|76|82,119|122|123|12668|12908,144.0,True,regular_season
1395_023,1395,3,2044.0,2160.0,4,2,10885|10887|5948|82|88,10893|121|122|123|12908,116.0,True,regular_season
1395_024,1395,4,2160.0,2282.0,4,2,10885|10887|5948|82|88,10893|118|121|12908|45,122.0,True,regular_season
1395_025,1395,4,2282.0,2392.0,4,2,10887|10888|76|82|88,10893|118|121|12908|45,110.0,True,regular_season
1395_026,1395,4,2392.0,2481.0,4,2,10887|10888|76|82|88,118|123|12668|12908|45,89.0,True,regular_season
1395_027,1395,4,2481.0,2492.0,4,2,10887|10888|76|82|88,10893|118|119|12668|45,11.0,True,regular_season
1395_028,1395,4,2492.0,2523.0,4,2,10887|10888|76|82|88,10893|118|122|12668|45,31.0,True,regular_season
1395_029,1395,4,2523.0,2562.0,4,2,10885|10887|10888|75|76,10891|10893|118|122|12668,39.0,True,regular_season
1395_030,1395,4,2562.0,2586.0,4,2,10885|10887|10888|75|76,10891|10893|121|122|12668,24.0,True,regular_season
1395_031,1395,4,2586.0,2601.0,4,2,10885|10887|10888|75|76,10893|121|122|123|12908,15.0,True,regular_season
1395_032,1395,4,2601.0,2853.0,4,2,10885|10887|10888|75|76,10893|121|122|12908|45,252.0,True,regular_season
1395_033,1395,4,2853.0,2863.0,4,2,10885|10887|10888|75|88,10891|121|12668|12908|45,10.0,True,regular_season
1395_034,1395,4,2863.0,2880.0,4,2,10885|10887|10888|75|82,10891|121|12668|12908|45,17.0,True,regular_season
1396_001,1396,1,0.0,293.0,8,5,10|10868|10870|14|4,10861|54|57|62|68,293.0,True,regular_season
1396_002,1396,1,293.0,344.0,8,5,10|10868|10870|14|4,10861|54|57|58|68,51.0,True,regular_season
1396_003,1396,1,344.0,421.0,8,5,10865|10868|10870|14|4,10860|54|57|58|68,77.0,True,regular_season
1396_004,1396,1,421.0,509.0,8,5,10865|10869|10870|14|4,10860|12|57|58|68,88.0,True,regular_season
1396_005,1396,1,509.0,545.0,8,5,1|10|10865|10868|10869,10860|10861|12|57|58,36.0,True,regular_season
1396_006,1396,1,545.0,606.0,8,5,1|10|10865|10868|10869,10860|10861|10884|12|58,61.0,True,regular_season
1396_007,1396,1,606.0,720.0,8,5,1|10|10868|10869|5,10860|10861|10884|12|58,114.0,True,regular_season
1396_014,1396,2,1130.0,1212.0,8,5,10|10869|10870|14|4,10861|54|57|62|68,82.0,True,regular_season
1396_015,1396,2,1212.0,1358.0,8,5,10869|10870|14|4|5,10861|54|57|62|68,146.0,True,regular_season
1396_016,1396,2,1358.0,1421.0,8,5,10865|10869|10870|11|5,54|57|58|64|68,63.0,True,regular_season
1396_017,1396,2,1421.0,1434.0,8,5,10865|10868|10869|14|5,10861|54|57|58|68,13.0,True,regular_season
1396_018,1396,2,1434.0,1440.0,8,5,10865|10869|10870|14|5,10861|3129|57|58|68,6.0,True,regular_season
1396_019,1396,3,1440.0,1653.0,8,5,10|10868|10870|14|4,10861|54|57|62|68,213.0,True,regular_season
1396_020,1396,3,1653.0,1695.0,8,5,10|10868|10870|11|14,10861|54|57|62|68,42.0,True,regular_season
1396_021,1396,3,1695.0,1709.0,8,5,10|10868|10870|11|14,10861|54|57|58|68,14.0,True,regular_season
1396_022,1396,3,1709.0,1740.0,8,5,10865|10868|10870|11|14,10860|54|57|58|68,31.0,True,regular_season
1396_023,1396,3,1740.0,1861.0,8,5,10865|10869|10870|11|14,10860|54|57|58|68,121.0,True,regular_season
1396_024,1396,3,1861.0,1887.0,8,5,10865|10869|10870|11|14,10860|12|3129|58|68,26.0,True,regular_season
1396_025,1396,3,1887.0,1914.0,8,5,10|10865|10869|10870|14,10860|12|3129|58|68,27.0,True,regular_season
1396_026,1396,3,1914.0,2049.0,8,5,10|10865|10869|10870|14,10860|10861|12|3129|58,135.0,True,regular_season
1396_027,1396,3,2049.0,2066.0,8,5,10|10865|10868|10869|14,10860|10861|12|3129|58,17.0,True,regular_season
1396_028,1396,3,2066.0,2160.0,8,5,1|10|10865|10868|10869,10860|10861|12|3129|58,94.0,True,regular_season
1397_001,1397,1,0.0,339.0,5,2,16|54|57|62|68,10894|110|118|12908|45,339.0,True,regular_season
1397_002,1397,1,339.0,397.0,5,2,16|54|58|62|68,10894|110|118|12908|45,58.0,True,regular_season
1397_003,1397,1,397.0,611.0,5,2,10860|54|58|62|68,118|122|123|12668|12908,214.0,True,regular_season
1397_004,1397,1,611.0,720.0,5,2,10860|10884|12|16|58,10894|119|121|122|12668,109.0,True,regular_season
1397_005,1397,2,720.0,791.0,5,2,10860|10884|12|16|58,10894|119|121|122|12668,71.0,True,regular_season
1397_006,1397,2,791.0,921.0,5,2,10860|10884|12|16|58,10894|110|118|12908|45,130.0,True,regular_season
1397_007,1397,2,921.0,1007.0,5,2,10860|12|16|54|58,10894|110|118|12908|45,86.0,True,regular_season
1397_008,1397,2,1007.0,1123.0,5,2,12|16|54|58|68,10894|110|118|12908|45,116.0,True,regular_season
1397_009,1397,2,1123.0,1136.0,5,2,12|16|54|62|68,118|123|12668|12908|45,13.0,True,regular_season
1397_010,1397,2,1136.0,1182.0,5,2,16|54|57|62|68,118|123|12668|12908|45,46.0,True,regular_season
1397_011,1397,2,1182.0,1225.0,5,2,10860|54|57|62|68,118|123|12668|12908|45,43.0,True,regular_season
1397_012,1397,2,1225.0,1298.0,5,2,10860|54|57|62|68,108|118|123|12668|12908,73.0,True,regular_season
1397_013,1397,2,1298.0,1310.0,5,2,16|54|57|62|68,108|118|123|12668|12908,12.0,True,regular_season
1397_014,1397,2,1310.0,1429.0,5,2,16|54|58|62|68,108|118|123|12668|12908,119.0,True,regular_season
1397_015,1397,2,1429.0,1440.0,5,2,16|3129|54|58|62,108|118|123|12668|12908,11.0,True,regular_season
1397_016,1397,3,1440.0,1669.0,5,2,16|54|58|62|68,10894|110|118|12908|45,229.0,True,regular_season
1397_017,1397,3,1669.0,1828.0,5,2,12|16|54|58|68,10894|110|118|12908|45,159.0,True,regular_season
1397_018,1397,3,1828.0,1939.0,5,2,10860|12|16|54|58,118|122|123|12668|12908,111.0,True,regular_season
1397_019,1397,3,1939.0,2021.0,5,2,10860|12|16|57|58,118|122|123|12668|12908,82.0,True,regular_season
1397_020,1397,3,2021.0,2080.0,5,2,10860|12|16|57|58,118|121|122|123|12668,59.0,True,regular_season
1397_021,1397,3,2080.0,2122.0,5,2,10860|12|57|58|68,118|121|122|123|12668,42.0,True,regular_season
1397_022,1397,3,2122.0,2143.0,5,2,10860|12|57|58|68,119|121|122|123|12668,21.0,True,regular_season
1397_023,1397,3,2143.0,2160.0,5,2,10860|12|57|58|68,110|119|121|122|12908,17.0,True,regular_season
1397_024,1397,4,2160.0,2256.0,5,2,10860|12|57|58|68,10894|110|118|12908|45,96.0,True,regular_season
1397_025,1397,4,2256.0,2294.0,5,2,12|16|57|58|68,10894|110|118|12908|45,38.0,True,regular_season
1397_026,1397,4,2294.0,2314.0,5,2,12|16|54|58|68,10894|110|118|12908|45,20.0,True,regular_season
1397_027,1397,4,2314.0,2438.0,5,2,10884|12|16|54|68,10894|110|118|12908|45,124.0,True,regular_season
1397_028,1397,4,2438.0,2527.0,5,2,10884|16|54|58|68,10894|110|118|12908|45,89.0,True,regular_season
1397_029,1397,4,2527.0,2617.0,5,2,10860|10884|54|58|68,118|123|12668|12908|45,90.0,True,regular_season
1397_030,1397,4,2617.0,2645.0,5,2,10860|10884|54|58|68,108|118|123|12668|12908,28.0,True,regular_season
1397_031,1397,4,2645.0,2654.0,5,2,10860|10884|12|3129|56,108|118|123|12668|12908,9.0,True,regular_season
1397_032,1397,4,2654.0,2732.0,5,2,10860|10884|12|3129|56,108|116|118|12668|12908,78.0,True,regular_season
1397_033,1397,4,2732.0,2747.0,5,2,10884|12|3129|56|64,108|10891|116|118|12668,15.0,True,regular_season
1397_034,1397,4,2747.0,2880.0,5,2,10884|12|3129|56|64,108|10891|116|122|12668,133.0,True,regular_season
1398_001,1398,1,0.0,232.0,3,4,103|10889|10890|89|99,10862|10887|75|76|90,232.0,True,regular_season
1398_002,1398,1,232.0,252.0,3,4,103|107|10889|77|89,10862|10887|75|76|90,20.0,True,regular_season
1398_003,1398,1,252.0,327.0,3,4,103|107|10889|77|89,10862|5948|75|76|82,75.0,True,regular_season
1398_004,1398,1,327.0,400.0,3,4,103|107|10890|77|89,10862|5948|75|76|82,73.0,True,regular_season
1398_005,1398,1,400.0,481.0,3,4,107|10890|73|77|86,10862|5948|76|82|88,81.0,True,regular_season
1398_006,1398,1,481.0,603.0,3,4,107|10890|73|77|86,10862|10885|5948|82|88,122.0,True,regular_season
1398_007,1398,1,603.0,630.0,3,4,107|10890|73|77|86,10885|10887|5948|82|88,27.0,True,regular_season
1398_008,1398,1,630.0,720.0,3,4,103|107|10890|73|86,10885|10887|5948|82|88,90.0,True,regular_season
1398_009,1398,2,720.0,812.0,3,4,103|10889|10890|86|99,10885|10887|5948|82|88,92.0,True,regular_season
1398_010,1398,2,812.0,943.0,3,4,103|10889|10890|89|99,10885|10887|5948|82|88,131.0,True,regular_season
1398_011,1398,2,943.0,1032.0,3,4,107|10889|77|89|99,10862|10885|10887|75|88,89.0,True,regular_season
1398_012,1398,2,1032.0,1078.0,3,4,107|10889|73|77|89,10862|10887|75|76|88,46.0,True,regular_season
1398_013,1398,2,1078.0,1166.0,3,4,107|10889|73|77|89,10862|10887|75|76|90,88.0,True,regular_season
1398_014,1398,2,1166.0,1201.0,3,4,107|10890|73|77|89,10862|5948|75|76|90,35.0,True,regular_season
1398_015,1398,2,1201.0,1267.0,3,4,107|10890|77|89|99,10862|5948|75|76|90,66.0,True,regular_season
1398_016,1398,2,1267.0,1330.0,3,4,103|107|10890|86|99,10862|5948|75|76|90,63.0,True,regular_season
1398_017,1398,2,1330.0,1414.0,3,4,103|10889|10890|86|99,10862|5948|75|76|90,84.0,True,regular_season
1398_018,1398,2,1414.0,1425.0,3,4,103|10889|10890|86|99,10862|10887|75|82|90,11.0,True,regular_season
1398_019,1398,2,1425.0,1440.0,3,4,103|10889|10890|89|99,10887|5948|75|76|90,15.0,True,regular_season
1398_020,1398,3,1440.0,1632.0,3,4,103|10889|10890|89|99,10862|10887|75|76|90,192.0,True,regular_season
1398_021,1398,3,1632.0,1760.0,3,4,10889|10890|73|77|89,10862|10885|10887|75|76,128.0,True,regular_season
1398_022,1398,3,1760.0,1801.0,3,4,107|10890|73|77|86,10862|10885|5948|71|76,41.0,True,regular_season
1398_023,1398,3,1801.0,1993.0,3,4,107|10890|73|77|86,10862|10885|5948|71|82,192.0,True,regular_season
1398_024,1398,3,1993.0,2075.0,3,4,107|10889|73|77|86,10885|10887|5948|71|82,82.0,True,regular_season
1398_025,1398,3,2075.0,2160.0,3,4,107|10889|77|86|99,10885|10887|5948|71|82,85.0,True,regular_season
1398_026,1398,4,2160.0,2233.0,3,4,103|107|10889|89|99,10885|10887|5948|71|82,73.0,True,regular_season
1398_027,1398,4,2233.0,2438.0,3,4,103|107|10889|89|99,10885|10887|5948|71|75,205.0,True,regular_season
1398_028,1398,4,2438.0,2439.0,3,4,10889|10890|77|89|99,10885|10887|5948|71|75,1.0,True,regular_season
1398_029,1398,4,2439.0,2554.0,3,4,10889|10890|77|89|99,10862|10885|10887|71|75,115.0,True,regular_season
1398_030,1398,4,2554.0,2622.0,3,4,107|10890|73|77|86,10862|10885|10887|71|75,68.0,True,regular_season
1398_031,1398,4,2622.0,2677.0,3,4,107|10890|73|77|86,10862|10885|10887|75|76,55.0,True,regular_season
1398_032,1398,4,2677.0,2797.0,3,4,107|10890|73|77|86,10862|10885|5948|75|76,120.0,True,regular_season
1398_033,1398,4,2797.0,2880.0,3,4,107|10890|77|86|89,10862|10885|5948|75|88,83.0,True,regular_season
1399_001,1399,1,0.0,357.0,5,7,16|54|57|62|68,10872|10875|21|25|867,357.0,True,regular_season
1399_002,1399,1,357.0,417.0,5,7,10861|16|54|57|58,10872|10874|10875|21|867,60.0,True,regular_season
1399_003,1399,1,417.0,419.0,5,7,10861|12|16|57|58,10872|10874|10875|22|32,2.0,True,regular_season
1399_004,1399,1,419.0,499.0,5,7,10861|12|16|57|58,10872|10874|22|32|867,80.0,True,regular_season
1399_005,1399,1,499.0,530.0,5,7,10861|12|16|57|58,10874|21|22|32|867,31.0,True,regular_season
1399_006,1399,1,530.0,637.0,5,7,10861|10884|12|16|58,10874|21|22|32|867,107.0,True,regular_season
1399_007,1399,1,637.0,678.0,5,7,10861|10884|12|16|58,10874|10875|21|24|32,41.0,True,regular_season
1399_008,1399,1,678.0,688.0,5,7,10861|10884|12|58|68,10874|19|21|24|32,10.0,True,regular_season
1399_009,1399,1,688.0,696.0,5,7,10861|12|54|58|68,10872|10874|19|25|32,8.0,True,regular_season
1399_010,1399,1,696.0,710.0,5,7,10861|10884|12|16|58,10872|10874|10875|21|867,14.0,True,regular_season
1399_011,1399,1,710.0,720.0,5,7,10861|12|54|58|68,10872|10875|21|25|867,10.0,True,regular_season
1399_012,1399,2,720.0,788.0,5,7,10861|12|54|58|68,10872|10874|10875|28|867,68.0,True,regular_season
1399_013,1399,2,788.0,820.0,5,7,10861|12|54|58|68,10872|10875|22|28|32,32.0,True,regular_season
1399_014,1399,2,820.0,866.0,5,7,10861|12|54|58|68,10872|10875|22|28|867,46.0,True,regular_season
1399_015,1399,2,866.0,873.0,5,7,10861|3129|54|58|68,10872|10875|22|28|867,7.0,True,regular_season
1399_016,1399,2,873.0,911.0,5,7,10861|3129|54|58|68,10872|22|25|32|867,38.0,True,regular_season
1399_017,1399,2,911.0,961.0,5,7,10861|3129|54|58|68,21|22|25|32|867,50.0,True,regular_season
1399_018,1399,2,961.0,1056.0,5,7,10861|3129|54|58|68,10872|21|22|32|867,95.0,True,regular_season
1399_019,1399,2,1056.0,1156.0,5,7,16|3129|54|57|68,10872|21|22|32|867,100.0,True,regular_season
1399_020,1399,2,1156.0,1259.0,5,7,16|54|57|62|68,10872|21|25|32|867,103.0,True,regular_season
1399_021,1399,2,1259.0,1298.0,5,7,10861|12|16|57|58,10872|10875|23|25|28,39.0,True,regular_season
1399_022,1399,2,1298.0,1431.0,5,7,12|16|57|58|68,10872|10875|24|25|28,133.0,True,regular_season
1399_023,1399,2,1431.0,1440.0,5,7,10861|12|16|57|58,21|22|28|32|867,9.0,True,regular_season
1399_024,1399,3,1440.0,1540.0,5,7,16|54|57|58|68,10872|10875|21|25|867,100.0,True,regular_season
1399_025,1399,3,1540.0,1580.0,5,7,16|54|57|58|68,10875|21|22|25|867,40.0,True,regular_season
1399_026,1399,3,1580.0,1714.0,5,7,16|54|57|58|68,21|22|25|32|867,134.0,True,regular_season
1399_027,1399,3,1714.0,1738.0,5,7,12|16|57|58|68,21|22|25|32|867,24.0,True,regular_season
1399_028,1399,3,1738.0,1784.0,5,7,12|16|57|58|68,10872|21|25|32|867,46.0,True,regular_season
1399_029,1399,3,1784.0,1806.0,5,7,12|16|3129|58|68,10872|21|25|32|867,22.0,True,regular_season
1399_030,1399,3,1806.0,1868.0,5,7,10861|12|3129|58|68,10872|10875|21|24|32,62.0,True,regular_season
1399_031,1399,3,1868.0,1906.0,5,7,10861|12|3129|58|68,10872|10875|21|23|32,38.0,True,regular_season
1399_032,1399,3,1906.0,2013.0,5,7,10861|12|3129|62|68,10875|21|23|28|32,107.0,True,regular_season
1399_033,1399,3,2013.0,2039.0,5,7,10861|12|3129|58|68,10872|10874|10875|28|32,26.0,True,regular_season
1399_034,1399,3,2039.0,2105.0,5,7,10861|12|16|3129|58,10872|21|28|32|867,66.0,True,regular_season
1399_035,1399,3,2105.0,2160.0,5,7,10861|12|16|57|58,10872|10874|21|32|867,55.0,True,regular_season
1399_036,1399,4,2160.0,2251.0,5,7,10861|12|16|57|58,10872|10874|21|32|867,91.0,True,regular_season
1399_037,1399,4,2251.0,2341.0,5,7,10861|12|16|57|58,10872|10874|10875|21|867,90.0,True,regular_season
1399_038,1399,4,2341.0,2391.0,5,7,16|54|57|58|68,10872|10874|10875|21|867,50.0,True,regular_season
1399_039,1399,4,2391.0,2427.0,5,7,16|54|57|58|68,10872|10875|21|25|867,36.0,True,regular_season
1399_040,1399,4,2427.0,2511.0,5,7,16|54|57|58|68,10875|21|22|25|867,84.0,True,regular_season
1399_041,1399,4,2511.0,2573.0,5,7,16|54|57|58|68,21|22|25|32|867,62.0,True,regular_season
1399_042,1399,4,2573.0,2760.0,5,7,16|54|57|58|68,10872|10874|21|32|867,187.0,True,regular_season
1399_043,1399,4,2760.0,2805.0,5,7,16|54|57|58|68,10872|21|28|32|867,45.0,True,regular_season
1399_044,1399,4,2805.0,2810.0,5,7,16|54|57|58|68,10875|21|25|28|867,5.0,True,regular_season
1399_045,1399,4,2810.0,2874.0,5,7,16|54|57|58|68,10872|10875|21|28|867,64.0,True,regular_season
1399_046,1399,4,2874.0,2880.0,5,7,16|54|57|58|68,10872|21|28|32|867,6.0,True,regular_season
1400_001,1400,1,0.0,258.0,3,8,10889|10890|77|89|99,10867|10870|13|14|5,258.0,True,regular_season
1400_002,1400,1,258.0,358.0,3,8,107|10889|77|89|99,10867|10870|13|14|5,100.0,True,regular_season
1400_003,1400,1,358.0,416.0,3,8,103|107|10889|73|86,10867|10870|14|4|5,58.0,True,regular_season
1400_004,1400,1,416.0,479.0,3,8,103|107|10890|73|86,10865|10867|10870|14|4,63.0,True,regular_season
1400_005,1400,1,479.0,559.0,3,8,103|107|10890|73|86,10865|10868|10870|14|4,80.0,True,regular_season
1400_006,1400,1,559.0,720.0,3,8,103|107|10890|77|86,10865|10868|10870|14|4,161.0,True,regular_season
1400_007,1400,2,720.0,847.0,3,8,103|10889|10890|77|89,1|10865|10867|10868|2,127.0,True,regular_season
1400_008,1400,2,847.0,891.0,3,8,103|10889|10890|89|99,1|10865|10867|10868|2,44.0,True,regular_season
1400_009,1400,2,891.0,986.0,3,8,103|107|10890|89|99,1|10865|10867|10868|2,95.0,True,regular_season
1400_010,1400,2,986.0,991.0,3,8,101|107|77|89|99,1|10867|10870|4|5,5.0,True,regular_season
1400_011,1400,2,991.0,1096.0,3,8,101|107|77|89|99,1|10865|10867|10870|4,105.0,True,regular_season
1400_012,1400,2,1096.0,1191.0,3,8,107|10890|77|89|99,1|10868|10870|14|4,95.0,True,regular_season
1400_013,1400,2,1191.0,1308.0,3,8,107|10890|73|77|89,1|10868|10870|14|4,117.0,True,regular_season
1400_014,1400,2,1308.0,1382.0,3,8,10889|73|77|89|95,10865|10867|10870|14|4,74.0,True,regular_season
1400_015,1400,2,1382.0,1384.0,3,8,107|10889|73|77|89,10865|10867|10870|13|14,2.0,True,regular_season
1400_016,1400,2,1384.0,1422.0,3,8,107|10889|73|77|89,10865|10867|10870|14|4,38.0,True,regular_season
1400_017,1400,2,1422.0,1440.0,3,8,107|10890|73|77|89,1|10865|10867|10870|14,18.0,True,regular_season
1400_018,1400,3,1440.0,1619.0,3,8,107|10890|77|86|99,10865|10867|10870|14|4,179.0,True,regular_season
1400_019,1400,3,1619.0,1815.0,3,8,107|10890|77|86|99,10867|10870|14|4|5,196.0,True,regular_season
1400_020,1400,3,1815.0,1873.0,3,8,103|10889|10890|73|89,10865|10867|10870|2|4,58.0,True,regular_season
1400_021,1400,3,1873.0,1921.0,3,8,103|10889|10890|73|89,10865|10867|10870|14|2,48.0,True,regular_season
1400_022,1400,3,1921.0,1969.0,3,8,103|107|10889|73|89,10865|10867|10870|14|2,48.0,True,regular_season
1400_023,1400,3,1969.0,2007.0,3,8,103|107|10889|73|89,1|10868|10870|14|2,38.0,True,regular_season
1400_024,1400,3,2007.0,2126.0,3,8,103|107|10889|73|89,1|10867|10868|14|2,119.0,True,regular_season
1400_025,1400,3,2126.0,2160.0,3,8,103|107|10890|73|89,1|10867|10868|14|3,34.0,True,regular_season
1400_026,1400,4,2160.0,2185.0,3,8,107|10890|77|86|99,1|10867|10868|14|3,25.0,True,regular_season
1400_027,1400,4,2185.0,2346.0,3,8,107|10890|77|86|99,1|10868|10870|14|3,161.0,True,regular_season
1400_028,1400,4,2346.0,2421.0,3,8,10889|10890|77|86|99,1|10865|10868|10870|3,75.0,True,regular_season
1400_029,1400,4,2421.0,2472.0,3,8,10889|10890|77|86|99,10865|10868|10870|14|3,51.0,True,regular_season
1400_030,1400,4,2472.0,2473.0,3,8,107|10889|77|86|99,10865|10868|10870|14|3,1.0,True,regular_season
1400_031,1400,4,2473.0,2517.0,3,8,107|10889|77|86|99,10865|10867|10870|14|3,44.0,True,regular_season
1400_032,1400,4,2517.0,2582.0,3,8,107|10889|73|77|86,10867|10870|14|3|4,65.0,True,regular_season
1400_033,1400,4,2582.0,2626.0,3,8,107|10889|73|77|86,10865|10867|10870|3|4,44.0,True,regular_season
1400_034,1400,4,2626.0,2700.0,3,8,107|10889|73|77|86,10865|10868|10870|3|4,74.0,True,regular_season
1400_035,1400,4,2700.0,2777.0,3,8,107|10889|89|91|97,10865|10868|10870|11|3,77.0,True,regular_season
1400_036,1400,4,2777.0,2846.0,3,8,107|10889|89|91|97,10868|10870|11|14|3,69.0,True,regular_season
1400_037,1400,4,2846.0,2880.0,3,8,107|10889|89|91|97,10863|10868|11|14|3,34.0,True,regular_season
1401_001,1401,1,0.0,221.0,5,6,10860|16|54|57|58,10880|10881|40|43|44,221.0,True,regular_season
1401_002,1401,1,221.0,348.0,5,6,10860|12|16|54|58,10880|10881|40|43|44,127.0,True,regular_season
1401_003,1401,1,348.0,443.0,5,6,10860|10861|12|3129|54,10881|10882|40|43|47,95.0,True,regular_season
1401_004,1401,1,443.0,464.0,5,6,10860|10861|12|3129|54,10879|10881|10882|40|47,21.0,True,regular_season
1401_005,1401,1,464.0,536.0,5,6,10860|10861|10884|12|3129,10879|10881|10882|40|47,72.0,True,regular_season
1401_006,1401,1,536.0,553.0,5,6,10860|10861|10884|12|3129,10879|10880|10882|40|47,17.0,True,regular_season
1401_007,1401,1,553.0,601.0,5,6,10861|10884|12|16|3129,10879|10880|10882|40|47,48.0,True,regular_season
1401_008,1401,1,601.0,620.0,5,6,10861|10884|12|16|58,10879|10880|10882|40|47,19.0,True,regular_season
1401_009,1401,1,620.0,708.0,5,6,10861|10884|12|16|58,10879|10880|10882|113|47,88.0,True,regular_season
1401_010,1401,1,708.0,720.0,5,6,10861|10884|12|16|58,10879|10880|10882|113|44,12.0,True,regular_season
1401_011,1401,2,720.0,752.0,5,6,10861|12|16|54|58,10879|10880|10882|113|40,32.0,True,regular_season
1401_012,1401,2,752.0,873.0,5,6,10860|10861|12|54|58,10879|10880|10882|113|40,121.0,True,regular_season
1401_013,1401,2,873.0,933.0,5,6,10860|10861|54|57|58,10880|10881|113|40|43,60.0,True,regular_season
1401_014,1401,2,933.0,972.0,5,6,10860|16|54|57|58,10880|10881|38|40|43,39.0,True,regular_season
1401_015,1401,2,972.0,1089.0,5,6,10860|12|16|57|58,10880|10881|38|40|43,117.0,True,regular_season
1401_016,1401,2,1089.0,1092.0,5,6,10860|12|16|57|58,10881|10882|40|43|44,3.0,True,regular_season
1401_017,1401,2,1092.0,1199.0,5,6,10861|12|16|57|58,10881|10882|40|43|47,107.0,True,regular_season
1401_018,1401,2,1199.0,1232.0,5,6,10861|12|16|3129|54,10881|10882|40|43|47,33.0,True,regular_season
1401_019,1401,2,1232.0,1336.0,5,6,10861|16|3129|54|62,10880|10882|40|43|47,104.0,True,regular_season
1401_020,1401,2,1336.0,1359.0,5,6,10861|16|3129|54|62,10878|10880|10882|40|43,23.0,True,regular_season
1401_021,1401,2,1359.0,1433.0,5,6,10861|16|3129|54|62,10878|10881|10882|40|43,74.0,True,regular_season
1401_022,1401,2,1433.0,1435.0,5,6,10861|16|3129|57|58,10879|10881|10882|40|43,2.0,True,regular_season
1401_023,1401,2,1435.0,1440.0,5,6,10861|16|54|57|58,10881|10882|113|35|44,5.0,True,regular_season
1401_024,1401,3,1440.0,1815.0,5,6,10860|16|54|57|58,10880|10881|39|40|43,375.0,True,regular_season
1401_025,1401,3,1815.0,1853.0,5,6,10860|16|54|57|58,10879|10880|10882|39|44,38.0,True,regular_season
1401_026,1401,3,1853.0,1906.0,5,6,10860|10861|54|57|58,10879|10880|10882|39|44,53.0,True,regular_season
1401_027,1401,3,1906.0,1967.0,5,6,10860|10861|54|57|58,10879|10880|10882|40|47,61.0,True,regular_season
1401_028,1401,3,1967.0,2002.0,5,6,10860|10861|12|54|58,10879|10880|10882|40|47,35.0,True,regular_season
1401_029,1401,3,2002.0,2076.0,5,6,10861|12|16|3129|54,10879|10880|10882|40|47,74.0,True,regular_season
1401_030,1401,3,2076.0,2132.0,5,6,10861|12|16|54|62,10881|10882|40|43|47,56.0,True,regular_season
1401_031,1401,3,2132.0,2160.0,5,6,10861|12|16|57|62,10881|10882|40|43|47,28.0,True,regular_season
1401_032,1401,4,2160.0,2202.0,5,6,10861|12|16|57|62,10881|10882|40|43|47,42.0,True,regular_season
1401_033,1401,4,2202.0,2253.0,5,6,10861|12|16|57|62,10880|10881|40|43|47,51.0,True,regular_season
1401_034,1401,4,2253.0,2293.0,5,6,10860|10861|12|57|62,10880|10881|40|43|47,40.0,True,regular_season
1401_035,1401,4,2293.0,2329.0,5,6,10860|10861|12|57|62,10880|10882|39|40|47,36.0,True,regular_season
1401_036,1401,4,2329.0,2413.0,5,6,10860|10861|12|57|58,10880|10882|39|40|47,84.0,True,regular_season
1401_037,1401,4,2413.0,2446.0,5,6,10860|12|16|57|58,10878|10880|10882|39|40,33.0,True,regular_season
1401_038,1401,4,2446.0,2515.0,5,6,10860|12|16|57|58,10878|10880|10882|40|43,69.0,True,regular_season
1401_039,1401,4,2515.0,2533.0,5,6,10860|12|16|54|58,10878|10880|10882|40|43,18.0,True,regular_season
1401_040,1401,4,2533.0,2670.0,5,6,10860|12|16|54|58,10880|10881|113|40|43,137.0,True,regular_season
1401_041,1401,4,2670.0,2700.0,5,6,10861|12|16|54|58,10879|10881|113|35|43,30.0,True,regular_season
1401_042,1401,4,2700.0,2775.0,5,6,10861|12|16|54|58,10879|10881|113|35|38,75.0,True,regular_season
1401_043,1401,4,2775.0,2792.0,5,6,10884|55|56|60|64,10881|10883|113|35|38,17.0,True,regular_season
1401_044,1401,4,2792.0,2880.0,5,6,10884|55|56|60|64,10878|10883|113|35|38,88.0,True,regular_season
1402_001,1402,1,0.0,308.0,8,4,10867|10870|14|3|4,10862|10885|10887|76|90,308.0,True,regular_season
1402_002,1402,1,308.0,401.0,8,4,10|10865|10867|10870|14,10862|10887|76|88|90,93.0,True,regular_season
1402_003,1402,1,401.0,515.0,8,4,1|10|10865|10867|10869,10862|10887|76|88|90,114.0,True,regular_season
1402_004,1402,1,515.0,535.0,8,4,1|10|10865|10867|10869,10862|5948|76|87|88,20.0,True,regular_season
1402_005,1402,1,535.0,581.0,8,4,1|10|10865|10869|10870,10862|5948|76|87|88,46.0,True,regular_season
1402_006,1402,1,581.0,633.0,8,4,1|10|10865|10869|10870,10862|5948|71|87|88,52.0,True,regular_season
1402_007,1402,1,633.0,654.0,8,4,1|10|10865|10869|10870,10887|5948|71|87|88,21.0,True,regular_season
1402_008,1402,1,654.0,720.0,8,4,1|10|10869|10870|14,10887|5948|71|87|88,66.0,True,regular_season
1402_009,1402,2,720.0,871.0,8,4,1|10|10869|10870|14,10887|5948|71|87|88,151.0,True,regular_season
1402_010,1402,2,871.0,920.0,8,4,10865|10867|10870|14|4,10887|5948|71|87|88,49.0,True,regular_season
1402_011,1402,2,920.0,1020.0,8,4,10865|10867|10870|14|4,10887|5948|76|87|88,100.0,True,regular_season
1402_012,1402,2,1020.0,1030.0,8,4,10865|10867|10870|14|4,10885|10887|5948|76|87,10.0,True,regular_season
1402_013,1402,2,1030.0,1127.0,8,4,10865|10867|10870|14|4,10862|10885|10887|76|90,97.0,True,regular_season
1402_014,1402,2,1127.0,1136.0,8,4,10|10865|10867|10870|14,10862|10885|10887|76|90,9.0,True,regular_season
1402_015,1402,2,1136.0,1218.0,8,4,10|10865|10867|10870|14,10862|10885|10887|80|90,82.0,True,regular_season
1402_016,1402,2,1218.0,1260.0,8,4,1|10|10867|10870|14,10862|10885|10887|80|90,42.0,True,regular_season
1402_017,1402,2,1260.0,1390.0,8,4,1|10|10867|10869|3,10862|10885|10887|80|90,130.0,True,regular_season
1402_018,1402,2,1390.0,1428.0,8,4,1|10|10869|10870|3,10862|10885|10887|80|90,38.0,True,regular_season
1402_019,1402,2,1428.0,1440.0,8,4,1|10869|10870|3|4,10862|10887|71|87|90,12.0,True,regular_season
1402_020,1402,3,1440.0,1746.0,8,4,10867|10870|14|3|4,10862|10885|10887|76|90,306.0,True,regular_season
1402_021,1402,3,1746.0,1747.0,8,4,10|10867|10870|3|4,10862|10885|5948|76|87,1.0,True,regular_season
1402_022,1402,3,1747.0,1778.0,8,4,10|10867|10870|11|3,10862|10885|5948|76|87,31.0,True,regular_season
1402_023,1402,3,1778.0,1932.0,8,4,10|10869|10870|11|3,10862|10885|5948|76|87,154.0,True,regular_season
1402_024,1402,3,1932.0,2069.0,8,4,10|10869|10870|11|3,10885|10887|5948|76|87,137.0,True,regular_season
1402_025,1402,3,2069.0,2090.0,8,4,1|10865|10867|10869|11,10885|10887|5948|76|87,21.0,True,regular_season
1402_026,1402,3,2090.0,2160.0,8,4,1|10865|10867|10869|11,10885|10887|76|87|88,70.0,True,regular_season
1402_027,1402,4,2160.0,2236.0,8,4,1|10865|10867|10869|11,10885|10887|76|87|88,76.0,True,regular_season
1402_028,1402,4,2236.0,2336.0,8,4,1|10865|10867|10869|11,10887|5948|76|87|88,100.0,True,regular_season
1402_029,1402,4,2336.0,2351.0,8,4,1|10865|10867|10869|14,10887|5948|76|87|88,15.0,True,regular_season
1402_030,1402,4,2351.0,2367.0,8,4,1|10865|10867|10869|14,10887|5948|76|88|90,16.0,True,regular_season
1402_031,1402,4,2367.0,2392.0,8,4,1|10865|10867|10869|14,10862|10887|76|88|90,25.0,True,regular_season
1402_032,1402,4,2392.0,2499.0,8,4,1|10865|10867|10869|14,10885|10887|76|88|90,107.0,True,regular_season
1402_033,1402,4,2499.0,2553.0,8,4,1|10865|10867|10870|14,10885|10887|76|88|90,54.0,True,regular_season
1402_034,1402,4,2553.0,2736.0,8,4,1|10867|10870|14|3,10885|10887|76|88|90,183.0,True,regular_season
1402_035,1402,4,2736.0,2859.0,8,4,1|10867|10870|14|3,10887|5948|76|88|90,123.0,True,regular_season
1402_036,1402,4,2859.0,2880.0,8,4,10865|10867|10870|14|3,10887|5948|76|88|90,21.0,True,regular_season
1403_001,1403,1,0.0,228.0,5,4,10861|54|57|62|68,10885|10887|10888|76|82,228.0,True,regular_season
1403_002,1403,1,228.0,312.0,5,4,10861|54|57|62|68,10862|10885|10887|76|82,84.0,True,regular_season
1403_003,1403,1,312.0,335.0,5,4,16|54|57|62|68,10862|10885|10887|76|82,23.0,True,regular_season
1403_004,1403,1,335.0,370.0,5,4,12|16|54|58|68,10862|10885|10887|76|82,35.0,True,regular_season
1403_005,1403,1,370.0,480.0,5,4,12|16|54|58|68,10862|10885|10887|80|82,110.0,True,regular_season
1403_006,1403,1,480.0,593.0,5,4,10884|12|16|58|68,10862|10885|10887|80|90,113.0,True,regular_season
1403_007,1403,1,593.0,720.0,5,4,10861|10884|12|16|58,10862|10885|80|87|90,127.0,True,regular_season
1403_008,1403,2,720.0,863.0,5,4,10861|10884|12|16|58,10862|76|87|88|90,143.0,True,regular_season
1403_009,1403,2,863.0,1002.0,5,4,10861|12|16|3129|58,10862|10888|76|88|90,139.0,True,regular_season
1403_010,1403,2,1002.0,1087.0,5,4,12|16|3129|58|68,10862|10888|76|88|90,85.0,True,regular_season
1403_011,1403,2,1087.0,1119.0,5,4,16|3129|54|58|68,10887|10888|76|82|88,32.0,True,regular_season
1403_012,1403,2,1119.0,1144.0,5,4,16|54|58|62|68,10887|10888|76|82|88,25.0,True,regular_season
1403_013,1403,2,1144.0,1199.0,5,4,16|54|58|62|68,10862|10887|76|82|88,55.0,True,regular_season
1403_014,1403,2,1199.0,1223.0,5,4,12|16|54|62|68,10862|10885|10887|76|82,24.0,True,regular_season
1403_015,1403,2,1223.0,1244.0,5,4,12|16|54|62|68,10862|10885|10887|80|82,21.0,True,regular_season
1403_016,1403,2,1244.0,1310.0,5,4,12|16|54|62|68,10862|10885|10888|80|82,66.0,True,regular_season
1403_017,1403,2,1310.0,1404.0,5,4,12|16|54|62|68,10862|10885|10887|80|82,94.0,True,regular_season
1403_018,1403,2,1404.0,1440.0,5,4,10861|12|16|54|57,10862|10885|10887|82|88,36.0,True,regular_season
1403_019,1403,3,1440.0,1675.0,5,4,10861|54|57|62|68,10885|10887|10888|76|82,235.0,True,regular_season
1403_020,1403,3,1675.0,1692.0,5,4,10861|54|57|62|68,10885|10887|10888|80|82,17.0,True,regular_season
1403_021,1403,3,1692.0,1733.0,5,4,10861|54|58|62|68,10885|10887|10888|80|82,41.0,True,regular_season
1403_022,1403,3,1733.0,1758.0,5,4,10861|54|58|62|68,10862|10885|10887|80|82,25.0,True,regular_season
1403_023,1403,3,1758.0,1825.0,5,4,10861|54|58|62|68,10862|10887|80|82|88,67.0,True,regular_season
1403_024,1403,3,1825.0,1864.0,5,4,12|16|54|58|68,10862|10887|80|82|88,39.0,True,regular_season
1403_025,1403,3,1864.0,1950.0,5,4,12|16|54|58|68,10862|10887|76|87|88,86.0,True,regular_season
1403_026,1403,3,1950.0,2096.0,5,4,10861|12|16|3129|58,10862|10887|76|87|88,146.0,True,regular_season
1403_027,1403,3,2096.0,2160.0,5,4,10861|12|16|55|58,10862|10887|76|87|88,64.0,True,regular_season
1403_028,1403,4,2160.0,2250.0,5,4,10861|12|16|55|58,10862|10885|10887|87|88,90.0,True,regular_season
1403_029,1403,4,2250.0,2353.0,5,4,16|54|57|58|68,10862|10885|10887|87|88,103.0,True,regular_season
1403_030,1403,4,2353.0,2534.0,5,4,16|54|57|62|68,10862|10885|10887|87|88,181.0,True,regular_season
1403_031,1403,4,2534.0,2558.0,5,4,10861|54|57|62|68,10862|10885|10887|87|88,24.0,True,regular_season
1403_032,1403,4,2558.0,2744.0,5,4,10861|54|57|62|68,10885|10887|10888|87|88,186.0,True,regular_season
1403_033,1403,4,2744.0,2830.0,5,4,16|54|57|58|68,10885|10887|10888|87|88,86.0,True,regular_season
1403_034,1403,4,2830.0,2843.0,5,4,16|54|57|58|68,10862|10885|10887|87|88,13.0,True,regular_season
1403_035,1403,4,2843.0,2854.0,5,4,16|54|57|58|68,10862|10885|10887|82|87,11.0,True,regular_season
1403_036,1403,4,2854.0,2877.0,5,4,16|54|57|58|68,10862|10885|10887|87|88,23.0,True,regular_season
1404_001,1404,1,0.0,377.0,8,6,1|10|10867|10868|14,10877|10880|39|40|8889,377.0,True,regular_season
1404_002,1404,1,377.0,455.0,8,6,1|10|10867|10868|14,10877|10879|10880|10881|40,78.0,True,regular_season
1404_003,1404,1,455.0,493.0,8,6,1|10|10865|10868|10869,10877|10879|10880|10881|40,38.0,True,regular_season
1404_004,1404,1,493.0,534.0,8,6,1|10|10865|10868|10869,10880|10881|40|43|44,41.0,True,regular_season
1404_005,1404,1,534.0,535.0,8,6,1|10865|10868|10869|3,10880|10881|40|43|44,1.0,True,regular_season
1404_006,1404,1,535.0,564.0,8,6,1|10865|10867|10869|3,10880|10881|40|43|44,29.0,True,regular_season
1404_007,1404,1,564.0,598.0,8,6,1|10865|10867|10869|3,10881|40|43|44|8889,34.0,True,regular_season
1404_008,1404,1,598.0,645.0,8,6,10865|10867|10869|14|3,10881|40|43|44|8889,47.0,True,regular_season
1404_009,1404,1,645.0,720.0,8,6,10867|10869|14|3|5,10881|10883|43|44|8889,75.0,True,regular_season
1404_010,1404,2,720.0,819.0,8,6,10867|10869|14|3|5,10877|10881|43|44|8889,99.0,True,regular_season
1404_011,1404,2,819.0,831.0,8,6,10868|10869|14|3|5,10877|10881|43|44|8889,12.0,True,regular_season
1404_012,1404,2,831.0,922.0,8,6,10|10868|10869|14|5,10877|10879|10881|43|8889,91.0,True,regular_season
1404_013,1404,2,922.0,950.0,8,6,1|10|10868|10869|5,10877|10879|10881|39|8889,28.0,True,regular_season
1404_014,1404,2,950.0,1066.0,8,6,1|10|10868|10869|5,10877|10879|10880|39|8889,116.0,True,regular_season
1404_015,1404,2,1066.0,1115.0,8,6,1|10|10865|10868|10869,10877|10879|10880|39|8889,49.0,True,regular_season
1404_016,1404,2,1115.0,1228.0,8,6,1|10|10865|10867|10868,10877|10879|10880|39|8889,113.0,True,regular_season
1404_017,1404,2,1228.0,1277.0,8,6,1|10|10865|10867|10868,10877|10880|39|40|8889,49.0,True,regular_season
1404_018,1404,2,1277.0,1418.0,8,6,1|10865|10867|10869|11,10877|10880|10881|40|47,141.0,True,regular_season
1404_019,1404,2,1418.0,1440.0,8,6,1|10865|10867|10869|14,10877|10880|40|43|8889,22.0,True,regular_season
1404_020,1404,3,1440.0,1543.0,8,6,1|10|10867|10869|14,10877|10881|39|40|8889,103.0,True,regular_season
1404_021,1404,3,1543.0,1747.0,8,6,1|10|10867|10869|14,10877|10881|40|43|8889,204.0,True,regular_season
1404_022,1404,3,1747.0,1762.0,8,6,1|10|10865|10867|10869,10877|10880|40|43|8889,15.0,True,regular_season
1404_023,1404,3,1762.0,1868.0,8,6,1|10|10865|10867|10869,10877|10879|10880|43|8889,106.0,True,regular_season
1404_024,1404,3,1868.0,1926.0,8,6,1|10|10865|10867|10869,10877|10879|10880|10881|43,58.0,True,regular_season
1404_025,1404,3,1926.0,2032.0,8,6,1|10|10867|10869|5,10877|10879|10880|10881|43,106.0,True,regular_season
1404_026,1404,3,2032.0,2082.0,8,6,1|10|10867|10868|5,10877|10879|10880|10881|40,50.0,True,regular_season
1404_027,1404,3,2082.0,2094.0,8,6,1|10867|10868|14|5,10879|10881|40|44|8889,12.0,True,regular_season
1404_028,1404,3,2094.0,2142.0,8,6,10867|10868|10869|14|5,10881|39|40|44|8889,48.0,True,regular_season
1404_029,1404,3,2142.0,2160.0,8,6,1|10865|10868|10869|5,10881|113|40|44|8889,18.0,True,regular_season
1404_030,1404,4,2160.0,2229.0,8,6,1|10|10865|10869|5,10881|39|40|44|8889,69.0,True,regular_season
1404_031,1404,4,2229.0,2278.0,8,6,1|10|10868|10869|5,10881|39|40|44|8889,49.0,True,regular_season
1404_032,1404,4,2278.0,2322.0,8,6,1|10|10868|10869|3,10881|39|40|44|8889,44.0,True,regular_season
1404_033,1404,4,2322.0,2462.0,8,6,1|10|10867|10868|3,10881|39|40|44|8889,140.0,True,regular_season
1404_034,1404,4,2462.0,2609.0,8,6,1|10|10867|10869|14,10877|10880|10881|39|40,147.0,True,regular_season
1404_035,1404,4,2609.0,2824.0,8,6,1|10|10867|10869|14,10877|10880|39|40|8889,215.0,True,regular_season
1404_036,1404,4,2824.0,2839.0,8,6,1|10|10867|10869|14,10877|10880|39|44|8889,15.0,True,regular_season
1404_037,1404,4,2839.0,2854.0,8,6,1|10|10867|10869|11,10877|10880|39|44|8889,15.0,True,regular_season
1404_038,1404,4,2854.0,2870.0,8,6,10|10865|10867|10869|14,10877|10880|39|40|8889,16.0,True,regular_season
1404_039,1404,4,2870.0,2872.0,8,6,1|10|10865|10867|10869,10877|10880|113|44|8889,2.0,True,regular_season
1404_040,1404,4,2872.0,2873.0,8,6,10|10865|10867|10869|14,10877|10880|40|43|8889,1.0,True,regular_season
1404_041,1404,4,2873.0,2880.0,8,6,1|10|10865|10867|10869,10877|10880|40|44|8889,7.0,True,regular_season
1405_001,1405,1,0.0,277.0,5,3,16|54|57|62|68,10889|10890|77|89|99,277.0,True,regular_season
1405_002,1405,1,277.0,324.0,5,3,10860|16|54|57|58,107|10889|77|89|99,47.0,True,regular_season
1405_003,1405,1,324.0,402.0,5,3,10860|12|16|54|58,107|10889|73|77|89,78.0,True,regular_season
1405_004,1405,1,402.0,450.0,5,3,10860|12|16|54|58,103|107|10890|73|86,48.0,True,regular_season
1405_005,1405,1,450.0,495.0,5,3,10860|10884|12|16|58,103|107|10890|73|86,45.0,True,regular_season
1405_006,1405,1,495.0,705.0,5,3,10860|10884|12|58|68,103|107|10890|73|86,210.0,True,regular_season
1405_007,1405,1,705.0,720.0,5,3,10860|10884|3129|58|68,103|107|10890|73|86,15.0,True,regular_season
1405_008,1405,2,720.0,847.0,5,3,10860|10884|12|58|68,107|10889|77|89|99,127.0,True,regular_season
1405_009,1405,2,847.0,895.0,5,3,10860|12|3129|58|68,107|10889|77|89|99,48.0,True,regular_season
1405_010,1405,2,895.0,922.0,5,3,10860|12|3129|58|68,10889|10890|77|89|99,27.0,True,regular_season
1405_011,1405,2,922.0,977.0,5,3,10860|12|3129|58|68,103|10889|10890|89|99,55.0,True,regular_season
1405_012,1405,2,977.0,1156.0,5,3,10860|12|3129|54|68,103|10889|10890|89|99,179.0,True,regular_season
1405_013,1405,2,1156.0,1208.0,5,3,16|3129|54|57|68,103|107|10890|73|89,52.0,True,regular_season
1405_014,1405,2,1208.0,1245.0,5,3,16|3129|54|57|68,103|107|10890|73|86,37.0,True,regular_season
1405_015,1405,2,1245.0,1328.0,5,3,16|3129|54|57|68,107|10890|73|77|86,83.0,True,regular_season
1405_016,1405,2,1328.0,1440.0,5,3,10860|16|54|57|58,107|10890|73|77|86,112.0,True,regular_season
1405_017,1405,3,1440.0,1587.0,5,3,16|3129|54|57|68,10889|10890|77|89|99,147.0,True,regular_season
1405_018,1405,3,1587.0,1702.0,5,3,16|3129|54|58|68,10889|10890|77|89|99,115.0,True,regular_season
1405_019,1405,3,1702.0,1779.0,5,3,16|3129|54|58|68,107|10890|73|77|89,77.0,True,regular_season
1405_020,1405,3,1779.0,1810.0,5,3,10860|12|16|3129|58,103|107|10890|73|89,31.0,True,regular_season
1405_021,1405,3,1810.0,1868.0,5,3,10860|12|16|3129|58,103|107|10890|73|86,58.0,True,regular_season
1405_022,1405,3,1868.0,1918.0,5,3,10860|12|16|3129|58,103|107|10889|73|86,50.0,True,regular_season
1405_023,1405,3,1918.0,2070.0,5,3,10860|12|3129|58|68,103|107|10889|73|86,152.0,True,regular_season
1405_024,1405,3,2070.0,2160.0,5,3,10860|12|54|58|68,107|10889|73|77|86,90.0,True,regular_season
1405_025,1405,4,2160.0,2230.0,5,3,10860|12|54|58|68,107|10890|77|89|99,70.0,True,regular_season
1405_026,1405,4,2230.0,2354.0,5,3,10860|54|58|62|68,107|10890|77|89|99,124.0,True,regular_season
1405_027,1405,4,2354.0,2429.0,5,3,16|54|57|62|68,107|10890|77|89|99,75.0,True,regular_season
1405_028,1405,4,2429.0,2513.0,5,3,16|54|57|62|68,10889|10890|77|89|99,84.0,True,regular_season
1405_029,1405,4,2513.0,2573.0,5,3,16|54|57|62|68,10889|10890|73|77|89,60.0,True,regular_season
1405_030,1405,4,2573.0,2635.0,5,3,16|54|57|62|68,107|10889|73|77|86,62.0,True,regular_season
1405_031,1405,4,2635.0,2727.0,5,3,16|54|57|62|68,103|107|10889|73|86,92.0,True,regular_season
1405_032,1405,4,2727.0,2798.0,5,3,16|54|57|62|68,103|107|10890|73|86,71.0,True,regular_season
1405_033,1405,4,2798.0,2880.0,5,3,16|54|57|62|68,103|107|10890|73|83,82.0,True,regular_season
1406_001,1406,1,0.0,241.0,8,2,1|10|10867|10868|14,10894|110|118|12908|45,241.0,True,regular_season
1406_002,1406,1,241.0,298.0,8,2,1|10|10867|10868|14,10894|110|121|12908|45,57.0,True,regular_season
1406_003,1406,1,298.0,384.0,8,2,1|10867|10869|11|14,10894|110|121|12908|45,86.0,True,regular_season
1406_004,1406,1,384.0,436.0,8,2,1|10868|10869|11|14,110|121|12908|45|51,52.0,True,regular_season
1406_005,1406,1,436.0,501.0,8,2,1|10868|10869|11|14,110|121|122|12908|51,65.0,True,regular_season
1406_006,1406,1,501.0,577.0,8,2,1|10|10868|10869|11,116|121|122|12908|51,76.0,True,regular_season
1406_007,1406,1,577.0,677.0,8,2,10|10863|10868|10869|11,116|121|122|12908|51,100.0,True,regular_season
1406_008,1406,1,677.0,682.0,8,2,10|10863|10868|10869|14,116|121|122|12908|51,5.0,True,regular_season
1406_009,1406,1,682.0,720.0,8,2,10|10863|10867|10869|14,116|121|122|12908|51,38.0,True,regular_season
1406_010,1406,2,720.0,778.0,8,2,10|10863|10867|10869|14,10891|10894|118|45|51,58.0,True,regular_season
1406_011,1406,2,778.0,794.0,8,2,10863|10865|10867|10869|14,10891|10894|118|45|51,16.0,True,regular_season
1406_012,1406,2,794.0,860.0,8,2,10863|10865|10867|10869|14,10891|10894|121|45|51,66.0,True,regular_season
1406_013,1406,2,860.0,901.0,8,2,10863|10865|10867|10869|14,10894|110|121|12908|45,41.0,True,regular_season
1406_014,1406,2,901.0,937.0,8,2,10863|10865|10867|10868|14,10894|110|121|12908|45,36.0,True,regular_season
1406_015,1406,2,937.0,960.0,8,2,1|10865|10867|10868|14,10894|110|121|12908|45,23.0,True,regular_season
1406_016,1406,2,960.0,986.0,8,2,1|10865|10867|10868|14,10894|110|122|12908|45,26.0,True,regular_season
1406_017,1406,2,986.0,1102.0,8,2,1|10865|10867|10868|14,110|122|12908|45|51,116.0,True,regular_season
1406_018,1406,2,1102.0,1137.0,8,2,1|10|10865|10867|10869,110|122|12908|45|51,35.0,True,regular_season
1406_019,1406,2,1137.0,1239.0,8,2,1|10|10865|10867|10869,110|121|122|12908|51,102.0,True,regular_season
1406_020,1406,2,1239.0,1254.0,8,2,1|10|10867|10869|14,110|121|122|12908|51,15.0,True,regular_season
1406_021,1406,2,1254.0,1334.0,8,2,1|10|10865|10867|10869,110|121|122|12908|51,80.0,True,regular_season
1406_022,1406,2,1334.0,1433.0,8,2,1|10|10865|10867|10869,110|121|12908|45|51,99.0,True,regular_season
1406_023,1406,2,1433.0,1440.0,8,2,1|10|10865|10867|10868,110|121|12908|45|51,7.0,True,regular_season
1406_024,1406,3,1440.0,1537.0,8,2,1|10|10867|10868|14,10894|110|118|12908|45,97.0,True,regular_season
1406_025,1406,3,1537.0,1765.0,8,2,1|10867|10869|11|14,10894|110|118|12908|45,228.0,True,regular_season
1406_026,1406,3,1765.0,1911.0,8,2,1|10865|10867|10869|11,110|118|12908|45|51,146.0,True,regular_season
1406_027,1406,3,1911.0,1957.0,8,2,1|10|10865|10867|10869,110|118|12908|45|51,46.0,True,regular_season
1406_028,1406,3,1957.0,1977.0,8,2,1|10|10865|10867|10869,116|118|122|12908|51,20.0,True,regular_season
1406_029,1406,3,1977.0,2094.0,8,2,1|10|10865|10867|10868,116|118|122|12908|51,117.0,True,regular_season
1406_030,1406,3,2094.0,2140.0,8,2,1|10|10865|10868|14,10894|116|118|122|51,46.0,True,regular_season
1406_031,1406,3,2140.0,2160.0,8,2,1|10|10865|11|14,116|118|122|123|51,20.0,True,regular_season
1406_032,1406,4,2160.0,2323.0,8,2,1|10865|10868|10869|14,110|121|122|12908|51,163.0,True,regular_season
1406_033,1406,4,2323.0,2417.0,8,2,1|10865|10867|10869|14,110|121|122|12908|51,94.0,True,regular_season
1406_034,1406,4,2417.0,2435.0,8,2,1|10867|10869|11|14,110|121|122|12908|51,18.0,True,regular_season
1406_035,1406,4,2435.0,2476.0,8,2,1|10867|10869|11|14,110|118|122|12908|51,41.0,True,regular_season
1406_036,1406,4,2476.0,2600.0,8,2,1|10867|10869|11|14,110|118|12908|45|51,124.0,True,regular_season
1406_037,1406,4,2600.0,2665.0,8,2,1|10865|10867|10869|14,110|118|12908|45|51,65.0,True,regular_season
1406_038,1406,4,2665.0,2807.0,8,2,1|10865|10867|10869|14,10894|110|118|12908|45,142.0,True,regular_season
1406_039,1406,4,2807.0,2833.0,8,2,1|10865|10867|10869|14,110|118|12908|45|51,26.0,True,regular_season
1406_040,1406,4,2833.0,2856.0,8,2,10|10865|10867|10869|14,110|118|12908|45|51,23.0,True,regular_season
1406_041,1406,4,2856.0,2876.0,8,2,1|10865|10867|10869|14,110|118|12908|45|51,20.0,True,regular_season
1406_042,1406,4,2876.0,2880.0,8,2,10|10865|10867|10869|14,110|118|12908|45|51,4.0,True,regular_season
1406_043,1406,5,2880.0,2953.0,8,2,1|10865|10867|10869|14,110|118|12908|45|51,73.0,True,regular_season
1406_044,1406,5,2953.0,2955.0,8,2,1|10|10867|10869|14,110|118|12908|45|51,2.0,True,regular_season
1406_045,1406,5,2955.0,3138.0,8,2,1|10|10867|10869|14,118|121|12908|45|51,183.0,True,regular_season
1406_046,1406,5,3138.0,3142.0,8,2,10|10867|10869|14|3,118|121|122|12908|51,4.0,True,regular_season
1406_047,1406,5,3142.0,3143.0,8,2,1|10|10867|10869|14,118|121|122|12908|51,1.0,True,regular_season
1406_048,1406,5,3143.0,3172.0,8,2,1|10|10867|10869|14,118|121|12908|45|51,29.0,True,regular_season
1406_049,1406,5,3172.0,3180.0,8,2,10|10867|10869|14|3,118|121|12908|45|51,8.0,True,regular_season
1407_001,1407,1,0.0,268.0,2,4,110|118|12908|13275|51,10885|10887|10888|76|90,268.0,True,regular_season
1407_002,1407,1,268.0,403.0,2,4,118|123|12668|12908|13275,10885|10887|10888|76|90,135.0,True,regular_season
1407_003,1407,1,403.0,521.0,2,4,108|118|123|12668|12908,10862|10887|76|82|87,118.0,True,regular_season
1407_004,1407,1,521.0,543.0,2,4,108|118|123|12668|12908,10862|10887|80|82|87,22.0,True,regular_season
1407_005,1407,1,543.0,594.0,2,4,108|118|121|12668|51,10862|10887|80|82|87,51.0,True,regular_season
1407_006,1407,1,594.0,608.0,2,4,108|121|122|12668|51,10862|10887|80|82|87,14.0,True,regular_season
1407_007,1407,1,608.0,671.0,2,4,108|121|122|12668|51,10862|10887|80|87|88,63.0,True,regular_season
1407_008,1407,1,671.0,720.0,2,4,108|121|122|12668|51,10862|10888|80|87|88,49.0,True,regular_season
1407_009,1407,2,720.0,841.0,2,4,110|118|12908|13275|51,10862|10888|80|87|88,121.0,True,regular_season
1407_010,1407,2,841.0,885.0,2,4,110|118|12908|13275|51,10862|10888|76|87|88,44.0,True,regular_season
1407_011,1407,2,885.0,1004.0,2,4,110|118|12908|13275|51,10862|10888|76|82|88,119.0,True,regular_season
1407_012,1407,2,1004.0,1035.0,2,4,118|123|12668|12908|13275,10862|10888|76|82|88,31.0,True,regular_season
1407_013,1407,2,1035.0,1218.0,2,4,108|118|123|12668|12908,10862|10888|76|82|88,183.0,True,regular_season
1407_014,1407,2,1218.0,1250.0,2,4,108|121|123|12668|12908,10885|10887|10888|82|88,32.0,True,regular_season
1407_015,1407,2,1250.0,1273.0,2,4,108|121|122|12668|51,10885|10887|10888|82|88,23.0,True,regular_season
1407_016,1407,2,1273.0,1327.0,2,4,121|122|12668|13275|51,10885|10887|10888|82|88,54.0,True,regular_season
1407_017,1407,2,1327.0,1367.0,2,4,118|121|12908|13275|51,10885|10887|10888|82|88,40.0,True,regular_season
1407_018,1407,2,1367.0,1395.0,2,4,110|118|12908|13275|51,10885|10887|10888|76|88,28.0,True,regular_season
1407_019,1407,2,1395.0,1440.0,2,4,110|118|12908|13275|51,10862|10885|10887|76|88,45.0,True,regular_season
1407_020,1407,3,1440.0,1816.0,2,4,110|118|12908|13275|51,10885|10887|10888|76|82,376.0,True,regular_season
1407_021,1407,3,1816.0,1909.0,2,4,118|123|12668|12908|13275,10862|10887|76|82|88,93.0,True,regular_season
1407_022,1407,3,1909.0,1947.0,2,4,118|123|12668|12908|13275,10862|10887|76|87|88,38.0,True,regular_season
1407_023,1407,3,1947.0,2037.0,2,4,118|122|123|12668|12908,10862|10885|10887|87|88,90.0,True,regular_season
1407_024,1407,3,2037.0,2136.0,2,4,118|122|123|12668|12908,10862|10885|10887|76|88,99.0,True,regular_season
1407_025,1407,3,2136.0,2160.0,2,4,118|122|123|12668|12908,10862|10885|10888|76|88,24.0,True,regular_season
1407_026,1407,4,2160.0,2260.0,2,4,118|122|12668|13275|51,10862|10885|10888|76|88,100.0,True,regular_season
1407_027,1407,4,2260.0,2397.0,2,4,118|122|12668|13275|51,10862|10888|76|82|88,137.0,True,regular_season
1407_028,1407,4,2397.0,2501.0,2,4,110|118|12908|13275|51,10862|10887|76|82|88,104.0,True,regular_season
1407_029,1407,4,2501.0,2509.0,2,4,110|121|12908|13275|51,10862|10887|76|82|88,8.0,True,regular_season
1407_030,1407,4,2509.0,2520.0,2,4,110|121|12908|13275|51,10862|10885|10887|82|88,11.0,True,regular_season
1407_031,1407,4,2520.0,2587.0,2,4,110|121|12908|13275|51,10862|10885|10887|76|82,67.0,True,regular_season
1407_032,1407,4,2587.0,2625.0,2,4,110|118|12908|13275|51,10887|10888|76|82|88,38.0,True,regular_season
1407_033,1407,4,2625.0,2708.0,2,4,110|118|122|12908|51,10885|10887|10888|76|88,83.0,True,regular_season
1407_034,1407,4,2708.0,2748.0,2,4,110|118|12908|13275|51,10885|10887|10888|76|88,40.0,True,regular_season
1407_035,1407,4,2748.0,2880.0,2,4,110|118|12908|13275|51,10887|10888|76|87|88,132.0,True,regular_season
1408_001,1408,1,0.0,360.0,6,5,10877|10881|40|44|8889,16|54|57|62|68,360.0,True,regular_season
1408_002,1408,1,360.0,418.0,6,5,10877|10881|40|44|8889,10860|54|57|58|68,58.0,True,regular_season
1408_003,1408,1,418.0,438.0,6,5,10877|10881|40|44|8889,10860|3129|54|58|68,20.0,True,regular_season
1408_004,1408,1,438.0,505.0,6,5,10877|10880|39|40|8889,10860|3129|54|58|68,67.0,True,regular_season
1408_005,1408,1,505.0,566.0,6,5,10877|10880|39|40|8889,10860|12|3129|58|68,61.0,True,regular_season
1408_006,1408,1,566.0,608.0,6,5,10877|10879|10880|39|8889,10860|12|16|3129|58,42.0,True,regular_season
1408_007,1408,1,608.0,626.0,6,5,10879|10880|113|39|8889,10860|12|16|3129|58,18.0,True,regular_season
1408_008,1408,1,626.0,720.0,6,5,10879|10880|113|39|44,10860|12|16|3129|58,94.0,True,regular_season
1408_009,1408,2,720.0,868.0,6,5,10879|10880|10881|113|39,10860|12|16|3129|58,148.0,True,regular_season
1408_010,1408,2,868.0,926.0,6,5,10879|10880|10881|113|39,10860|12|16|54|58,58.0,True,regular_season
1408_011,1408,2,926.0,960.0,6,5,10879|10880|10881|113|39,12|16|54|58|68,34.0,True,regular_season
1408_012,1408,2,960.0,1015.0,6,5,10877|10880|10881|113|40,12|16|54|62|68,55.0,True,regular_season
1408_013,1408,2,1015.0,1073.0,6,5,10877|10881|113|40|8889,12|16|54|62|68,58.0,True,regular_season
1408_014,1408,2,1073.0,1081.0,6,5,10877|10881|113|40|8889,16|54|57|62|68,8.0,True,regular_season
1408_015,1408,2,1081.0,1102.0,6,5,10877|10881|40|44|8889,16|54|57|62|68,21.0,True,regular_season
1408_016,1408,2,1102.0,1117.0,6,5,10877|10881|40|44|8889,10860|54|57|62|68,15.0,True,regular_season
1408_017,1408,2,1117.0,1160.0,6,5,10877|10880|40|43|8889,10860|54|57|62|68,43.0,True,regular_season
1408_018,1408,2,1160.0,1288.0,6,5,10877|10880|40|43|8889,10860|54|58|62|68,128.0,True,regular_season
1408_019,1408,2,1288.0,1402.0,6,5,10877|10880|40|43|8889,10860|3129|54|58|68,114.0,True,regular_season
1408_020,1408,2,1402.0,1439.0,6,5,10877|10880|40|43|8889,10860|12|16|3129|57,37.0,True,regular_season
1408_021,1408,2,1439.0,1440.0,6,5,10877|10880|44|47|8889,10860|3129|54|57|68,1.0,True,regular_season
1408_022,1408,3,1440.0,1553.0,6,5,10877|10881|40|44|8889,16|54|57|62|68,113.0,True,regular_season
1408_023,1408,3,1553.0,1622.0,6,5,10877|10881|40|44|8889,16|54|57|58|68,69.0,True,regular_season
1408_024,1408,3,1622.0,1806.0,6,5,10877|10881|40|44|8889,12|16|54|58|68,184.0,True,regular_season
1408_025,1408,3,1806.0,1831.0,6,5,10877|10880|10881|40|44,10860|12|3129|54|68,25.0,True,regular_season
1408_026,1408,3,1831.0,1986.0,6,5,10877|10880|10881|43|44,10860|12|3129|54|68,155.0,True,regular_season
1408_027,1408,3,1986.0,2111.0,6,5,10877|10880|113|43|8889,10860|12|3129|54|68,125.0,True,regular_season
1408_028,1408,3,2111.0,2155.0,6,5,10880|113|40|43|8889,10860|12|16|3129|58,44.0,True,regular_season
1408_029,1408,3,2155.0,2160.0,6,5,10877|10880|40|43|8889,10860|12|16|3129|58,5.0,True,regular_season
1408_030,1408,4,2160.0,2293.0,6,5,10877|10880|40|43|8889,10860|12|16|3129|58,133.0,True,regular_season
1408_031,1408,4,2293.0,2359.0,6,5,10877|10880|40|43|8889,10860|16|54|57|58,66.0,True,regular_season
1408_032,1408,4,2359.0,2457.0,6,5,10877|10880|40|43|8889,10860|54|57|62|68,98.0,True,regular_season
1408_033,1408,4,2457.0,2525.0,6,5,10877|10880|40|43|8889,10860|54|57|58|68,68.0,True,regular_season
1408_034,1408,4,2525.0,2551.0,6,5,10877|10880|40|43|8889,16|54|57|58|68,26.0,True,regular_season
1408_035,1408,4,2551.0,2812.0,6,5,10877|10880|40|43|8889,16|3129|54|58|68,261.0,True,regular_season
1408_036,1408,4,2812.0,2880.0,6,5,10877|10880|10881|43|44,16|3129|54|58|68,68.0,True,regular_season
1409_001,1409,1,0.0,260.0,2,3,110|118|12908|13275|51,103|106|10890|89|99,260.0,True,regular_season
1409_002,1409,1,260.0,401.0,2,3,118|123|12668|12908|13275,106|107|79|89|99,141.0,True,regular_season
1409_003,1409,1,401.0,520.0,2,3,108|121|123|12668|12908,107|10890|79|89|91,119.0,True,regular_season
1409_004,1409,1,520.0,662.0,2,3,108|121|122|12668|51,107|10890|79|83|91,142.0,True,regular_season
1409_005,1409,1,662.0,720.0,2,3,118|121|122|12668|51,103|106|10890|83|91,58.0,True,regular_season
1409_006,1409,2,720.0,849.0,2,3,110|118|12908|13275|51,103|106|10890|83|99,129.0,True,regular_season
1409_007,1409,2,849.0,864.0,2,3,110|118|12908|13275|51,103|106|10890|89|99,15.0,True,regular_season
1409_008,1409,2,864.0,871.0,2,3,110|118|12908|13275|51,103|107|10890|89|99,7.0,True,regular_season
1409_009,1409,2,871.0,993.0,2,3,110|118|12908|13275|51,103|106|107|89|99,122.0,True,regular_season
1409_010,1409,2,993.0,1147.0,2,3,110|118|12908|13275|51,103|107|10890|89|99,154.0,True,regular_season
1409_011,1409,2,1147.0,1256.0,2,3,118|122|123|12668|12908,106|10890|79|89|91,109.0,True,regular_season
1409_012,1409,2,1256.0,1294.0,2,3,118|121|122|12668|51,106|10890|79|89|91,38.0,True,regular_season
1409_013,1409,2,1294.0,1359.0,2,3,118|121|12668|13275|51,106|10890|79|89|91,65.0,True,regular_season
1409_014,1409,2,1359.0,1440.0,2,3,110|118|12908|13275|51,106|10890|79|89|91,81.0,True,regular_season
1409_015,1409,3,1440.0,1631.0,2,3,110|118|12908|13275|51,103|106|107|89|99,191.0,True,regular_season
1409_016,1409,3,1631.0,1697.0,2,3,110|118|12908|13275|51,103|106|107|83|99,66.0,True,regular_season
1409_017,1409,3,1697.0,1700.0,2,3,110|118|12908|13275|51,103|106|10890|83|99,3.0,True,regular_season
1409_018,1409,3,1700.0,1797.0,2,3,110|118|12908|13275|51,106|10890|79|83|91,97.0,True,regular_season
1409_019,1409,3,1797.0,1876.0,2,3,116|118|122|12908|51,107|10890|79|83|91,79.0,True,regular_season
1409_020,1409,3,1876.0,1979.0,2,3,116|118|122|123|12908,107|10890|79|83|91,103.0,True,regular_season
1409_021,1409,3,1979.0,2085.0,2,3,10891|118|122|123|12668,103|106|107|89|91,106.0,True,regular_season
1409_022,1409,3,2085.0,2119.0,2,3,10891|111|122|123|12668,103|106|107|89|91,34.0,True,regular_season
1409_023,1409,3,2119.0,2160.0,2,3,10891|111|122|123|12668,103|107|89|91|95,41.0,True,regular_season
1409_024,1409,4,2160.0,2244.0,2,3,108|10891|111|12668|51,103|106|107|89|99,84.0,True,regular_season
1409_025,1409,4,2244.0,2359.0,2,3,108|10891|111|12668|51,103|106|10890|89|99,115.0,True,regular_season
1409_026,1409,4,2359.0,2431.0,2,3,111|121|12668|13275|51,106|10890|79|83|99,72.0,True,regular_season
1409_027,1409,4,2431.0,2489.0,2,3,111|121|12668|13275|51,107|10890|79|83|91,58.0,True,regular_season
1409_028,1409,4,2489.0,2595.0,2,3,110|118|12908|13275|51,107|10890|79|83|91,106.0,True,regular_season
1409_029,1409,4,2595.0,2632.0,2,3,110|118|123|12908|13275,103|107|10890|89|91,37.0,True,regular_season
1409_030,1409,4,2632.0,2670.0,2,3,110|118|123|12908|13275,103|106|10890|89|91,38.0,True,regular_season
1409_031,1409,4,2670.0,2736.0,2,3,110|118|123|12908|13275,101|106|89|91|97,66.0,True,regular_season
1409_032,1409,4,2736.0,2780.0,2,3,108|10891|111|116|123,101|89|91|95|97,44.0,True,regular_season
1409_033,1409,4,2780.0,2880.0,2,3,108|10891|111|116|123,101|83|91|95|97,100.0,True,regular_season
1410_001,1410,1,0.0,231.0,6,7,10877|10881|39|40|8889,10874|13029|24|29|34,231.0,True,regular_season
1410_007,1410,1,641.0,708.0,6,7,10879|10880|39|44|8889,10872|10874|10875|13029|23,67.0,True,regular_season
1410_008,1410,1,708.0,720.0,6,7,10879|10880|39|44|8889,10872|10874|10875|13029|29,12.0,True,regular_season
1410_009,1410,2,720.0,903.0,6,7,10879|10880|43|44|8889,10872|10874|10875|13029|23,183.0,True,regular_season
1410_010,1410,2,903.0,950.0,6,7,10879|10880|43|44|8889,10875|13029|23|28|29,47.0,True,regular_season
1410_011,1410,2,950.0,1023.0,6,7,10879|10880|43|44|8889,13029|24|28|29|34,73.0,True,regular_season
1410_012,1410,2,1023.0,1210.0,6,7,10877|10880|43|44|8889,13029|24|28|29|34,187.0,True,regular_season
1410_013,1410,2,1210.0,1292.0,6,7,10877|10881|39|40|8889,10874|10875|13029|24|29,82.0,True,regular_season
1410_014,1410,2,1292.0,1330.0,6,7,10877|10881|39|40|8889,10872|10874|10875|29|34,38.0,True,regular_season
1410_015,1410,2,1330.0,1409.0,6,7,10877|10881|39|40|8889,10872|10874|13029|29|34,79.0,True,regular_season
1410_016,1410,2,1409.0,1440.0,6,7,10877|10881|39|40|8889,10874|13029|24|29|34,31.0,True,regular_season
1410_021,1410,3,1922.0,2040.0,6,7,10877|10880|10881|39|40,10872|10875|13029|23|28,118.0,True,regular_season
1410_024,1410,4,2160.0,2277.0,6,7,10877|10881|39|40|8889,10872|10874|10875|29|34,117.0,True,regular_season
1410_025,1410,4,2277.0,2389.0,6,7,10877|10881|39|40|8889,10872|13029|24|29|34,112.0,True,regular_season
1410_026,1410,4,2389.0,2462.0,6,7,10877|10881|39|40|8889,10872|10875|13029|23|29,73.0,True,regular_season
1410_027,1410,4,2462.0,2567.0,6,7,10877|10881|39|40|8889,10872|13029|24|29|34,105.0,True,regular_season
1410_028,1410,4,2567.0,2608.0,6,7,10877|10880|10881|39|40,10872|13029|24|29|34,41.0,True,regular_season
1410_029,1410,4,2608.0,2678.0,6,7,10877|10880|39|40|8889,10872|13029|24|29|34,70.0,True,regular_season
1410_030,1410,4,2678.0,2737.0,6,7,10877|10880|39|40|8889,10872|10875|13029|23|29,59.0,True,regular_season
1410_031,1410,4,2737.0,2778.0,6,7,10877|10880|40|43|8889,10874|13029|24|29|34,41.0,True,regular_season
1410_032,1410,4,2778.0,2795.0,6,7,10877|10880|40|43|8889,10872|10874|10875|29|34,17.0,True,regular_season
1410_033,1410,4,2795.0,2809.0,6,7,10877|10880|40|43|8889,10874|13029|24|29|34,14.0,True,regular_season
1410_034,1410,4,2809.0,2833.0,6,7,10877|10880|40|43|8889,10872|13029|24|29|34,24.0,True,regular_season
1410_035,1410,4,2833.0,2858.0,6,7,10877|10880|40|43|8889,10872|13029|23|29|34,25.0,True,regular_season
1410_036,1410,4,2858.0,2861.0,6,7,10877|10880|10881|113|44,10872|10874|13029|29|34,3.0,True,regular_season
1410_037,1410,4,2861.0,2880.0,6,7,10877|10880|40|43|8889,10872|13029|24|29|34,19.0,True,regular_season
1411_001,1411,1,0.0,291.0,7,5,13029|21|24|29|34,10860|54|57|62|68,291.0,True,regular_season
1411_002,1411,1,291.0,338.0,7,5,13029|21|24|29|34,10860|3129|54|57|68,47.0,True,regular_season
1411_003,1411,1,338.0,389.0,7,5,10872|13029|28|29|34,16|3129|54|57|68,51.0,True,regular_season
1411_004,1411,1,389.0,423.0,7,5,10872|13029|28|29|34,16|3129|54|58|68,34.0,True,regular_season
1411_005,1411,1,423.0,479.0,7,5,10872|10875|13029|25|28,16|3129|54|58|68,56.0,True,regular_season
1411_006,1411,1,479.0,559.0,7,5,10872|10875|25|28|34,16|3129|54|58|68,80.0,True,regular_season
1411_007,1411,1,559.0,583.0,7,5,10875|13029|21|24|29,16|3129|54|58|68,24.0,True,regular_season
1411_008,1411,1,583.0,617.0,7,5,10875|13029|21|24|29,10860|12|16|3129|58,34.0,True,regular_season
1411_009,1411,1,617.0,679.0,7,5,13029|21|24|29|34,10860|12|16|3129|58,62.0,True,regular_season
1411_010,1411,1,679.0,720.0,7,5,13029|21|24|29|34,10860|10884|12|16|58,41.0,True,regular_season
1411_011,1411,2,720.0,928.0,7,5,13029|21|24|29|34,10860|10884|12|16|58,208.0,True,regular_season
1411_012,1411,2,928.0,1070.0,7,5,10872|10875|28|29|34,10860|10884|12|16|58,142.0,True,regular_season
1411_013,1411,2,1070.0,1129.0,7,5,10872|10875|21|28|34,10860|3129|54|57|68,59.0,True,regular_season
1411_014,1411,2,1129.0,1233.0,7,5,10872|10875|13029|21|28,10860|3129|54|57|68,104.0,True,regular_season
1411_015,1411,2,1233.0,1440.0,7,5,10872|10875|13029|21|24,16|3129|54|57|68,207.0,True,regular_season
1411_016,1411,3,1440.0,1716.0,7,5,10875|21|28|29|34,16|3129|54|57|68,276.0,True,regular_season
1411_017,1411,3,1716.0,1762.0,7,5,10875|21|25|29|34,16|54|57|62|68,46.0,True,regular_season
1411_018,1411,3,1762.0,1777.0,7,5,10875|21|25|29|34,10860|54|58|62|68,15.0,True,regular_season
1411_019,1411,3,1777.0,1916.0,7,5,13029|24|25|29|34,10860|54|58|62|68,139.0,True,regular_season
1411_020,1411,3,1916.0,2022.0,7,5,10872|10875|13029|21|24,10860|12|58|62|68,106.0,True,regular_season
1411_021,1411,3,2022.0,2123.0,7,5,10872|10875|13029|21|24,10860|12|16|58|62,101.0,True,regular_season
1411_022,1411,3,2123.0,2160.0,7,5,10872|13029|21|28|34,10860|12|16|58|62,37.0,True,regular_season
1411_023,1411,4,2160.0,2316.0,7,5,10872|13029|21|24|34,10860|12|16|58|62,156.0,True,regular_season
1411_024,1411,4,2316.0,2333.0,7,5,10875|21|28|29|34,10860|16|54|58|62,17.0,True,regular_season
1411_025,1411,4,2333.0,2432.0,7,5,10875|21|28|29|34,16|54|58|62|68,99.0,True,regular_season
1411_026,1411,4,2432.0,2524.0,7,5,10872|10875|28|29|34,16|54|58|62|68,92.0,True,regular_season
1411_027,1411,4,2524.0,2570.0,7,5,10872|10875|28|29|34,16|54|57|58|68,46.0,True,regular_season
1411_028,1411,4,2570.0,2710.0,7,5,10875|13029|24|28|29,16|54|57|58|68,140.0,True,regular_season
1411_029,1411,4,2710.0,2725.0,7,5,10872|10873|10875|19|23,12|55|57|64|68,15.0,True,regular_season
1411_030,1411,4,2725.0,2727.0,7,5,10871|10872|10873|19|23,12|55|57|64|68,2.0,True,regular_season
1411_031,1411,4,2727.0,2880.0,7,5,10871|10872|10873|19|23,12|3129|55|57|64,153.0,True,regular_season
1412_001,1412,1,0.0,277.0,4,3,10887|10888|75|76|90,103|106|10890|89|99,277.0,True,regular_season
1412_002,1412,1,277.0,363.0,4,3,10887|10888|75|76|90,106|107|79|89|99,86.0,True,regular_season
1412_003,1412,1,363.0,433.0,4,3,10862|10888|75|76|90,106|107|79|89|91,70.0,True,regular_season
1412_004,1412,1,433.0,478.0,4,3,10862|10887|75|76|90,107|10890|79|89|91,45.0,True,regular_season
1412_005,1412,1,478.0,551.0,4,3,10862|10887|75|88|90,107|10890|79|83|91,73.0,True,regular_season
1412_006,1412,1,551.0,579.0,4,3,10862|10887|75|87|88,107|10890|79|83|91,28.0,True,regular_season
1412_007,1412,1,579.0,720.0,4,3,10862|10885|10887|87|88,107|10890|79|83|91,141.0,True,regular_season
1412_008,1412,2,720.0,881.0,4,3,10862|10885|10887|87|88,103|106|10890|89|99,161.0,True,regular_season
1412_009,1412,2,881.0,937.0,4,3,10862|10885|10888|87|88,103|106|107|89|99,56.0,True,regular_season
1412_010,1412,2,937.0,988.0,4,3,10862|10885|10888|87|88,103|106|107|79|89,51.0,True,regular_season
1412_011,1412,2,988.0,1036.0,4,3,10862|10888|75|76|87,106|107|79|89|91,48.0,True,regular_season
1412_012,1412,2,1036.0,1107.0,4,3,10862|10888|75|76|87,106|107|79|83|91,71.0,True,regular_season
1412_013,1412,2,1107.0,1206.0,4,3,10862|10888|75|76|87,107|10890|79|83|91,99.0,True,regular_season
1412_014,1412,2,1206.0,1209.0,4,3,10862|10888|75|76|78,107|10890|79|83|91,3.0,True,regular_season
1412_015,1412,2,1209.0,1315.0,4,3,10862|10888|75|76|78,103|107|10890|79|83,106.0,True,regular_season
1412_016,1412,2,1315.0,1396.0,4,3,10862|10888|75|76|78,103|106|10890|83|99,81.0,True,regular_season
1412_017,1412,2,1396.0,1440.0,4,3,10862|10888|76|78|88,103|106|10890|83|99,44.0,True,regular_season
1412_018,1412,3,1440.0,1634.0,4,3,10887|10888|75|76|90,106|10890|79|89|99,194.0,True,regular_season
1412_019,1412,3,1634.0,1806.0,4,3,10887|10888|75|76|90,103|107|10890|79|89,172.0,True,regular_season
1412_020,1412,3,1806.0,1847.0,4,3,10887|10888|75|76|90,103|106|107|79|89,41.0,True,regular_season
1412_021,1412,3,1847.0,1890.0,4,3,10887|10888|75|88|90,103|106|107|79|89,43.0,True,regular_season
1412_022,1412,3,1890.0,1948.0,4,3,10862|10887|75|88|90,103|106|107|79|89,58.0,True,regular_season
1412_023,1412,3,1948.0,2018.0,4,3,10862|10885|10887|88|90,103|106|10890|83|91,70.0,True,regular_season
1412_024,1412,3,2018.0,2078.0,4,3,10862|10885|10888|88|90,103|106|10890|83|91,60.0,True,regular_season
1412_025,1412,3,2078.0,2160.0,4,3,10862|10885|10888|87|88,103|107|10890|83|91,82.0,True,regular_season
1412_026,1412,4,2160.0,2316.0,4,3,10862|10885|10888|87|88,103|107|10890|89|99,156.0,True,regular_season
1412_027,1412,4,2316.0,2374.0,4,3,10862|10885|10888|87|88,106|107|79|89|99,58.0,True,regular_season
1412_028,1412,4,2374.0,2458.0,4,3,10862|10885|10888|76|87,106|107|79|89|99,84.0,True,regular_season
1412_029,1412,4,2458.0,2510.0,4,3,10862|10888|75|76|87,106|10890|79|89|99,52.0,True,regular_season
1412_030,1412,4,2510.0,2530.0,4,3,10862|10888|75|76|88,106|10890|79|89|99,20.0,True,regular_season
1412_031,1412,4,2530.0,2634.0,4,3,10862|10888|75|76|88,103|106|10890|79|89,104.0,True,regular_season
1412_032,1412,4,2634.0,2809.0,4,3,10862|10885|10888|75|76,103|107|10890|79|89,175.0,True,regular_season
1412_033,1412,4,2809.0,2860.0,4,3,10862|10888|75|76|88,103|107|10890|79|89,51.0,True,regular_season
1412_034,1412,4,2860.0,2880.0,4,3,10862|10885|10888|75|76,103|107|10890|79|89,20.0,True,regular_season
1413_001,1413,1,0.0,333.0,7,6,10875|21|28|29|34,10877|10881|39|40|8889,333.0,True,regular_season
1413_002,1413,1,333.0,387.0,7,6,10875|21|25|29|32,10877|10881|39|40|8889,54.0,True,regular_season
1413_003,1413,1,387.0,446.0,7,6,10875|21|25|29|32,10877|10880|10881|39|40,59.0,True,regular_season
1413_004,1413,1,446.0,460.0,7,6,10872|25|29|32|34,10877|10880|10881|39|40,14.0,True,regular_season
1413_005,1413,1,460.0,539.0,7,6,10872|28|29|32|34,10880|10881|39|40|44,79.0,True,regular_season
1413_006,1413,1,539.0,564.0,7,6,10872|21|28|32|34,10880|39|40|44|8889,25.0,True,regular_season
1413_007,1413,1,564.0,720.0,7,6,10872|21|28|32|34,10880|40|43|44|8889,156.0,True,regular_season
1413_008,1413,2,720.0,806.0,7,6,10872|21|28|32|34,10877|10880|43|44|8889,86.0,True,regular_season
1413_009,1413,2,806.0,867.0,7,6,10875|21|23|29|32,10877|10880|43|44|8889,61.0,True,regular_season
1413_010,1413,2,867.0,927.0,7,6,10872|10875|28|29|34,10877|10880|43|44|8889,60.0,True,regular_season
1413_011,1413,2,927.0,935.0,7,6,10872|10875|21|29|34,10877|10880|43|44|8889,8.0,True,regular_season
1413_012,1413,2,935.0,1079.0,7,6,10872|10875|21|29|34,10877|10880|40|43|8889,144.0,True,regular_season
1413_013,1413,2,1079.0,1149.0,7,6,10872|10875|21|29|34,10877|10881|40|43|8889,70.0,True,regular_season
1413_014,1413,2,1149.0,1163.0,7,6,10872|21|24|29|34,10877|10881|40|43|8889,14.0,True,regular_season
1413_015,1413,2,1163.0,1209.0,7,6,10872|24|28|29|34,10877|10881|40|43|8889,46.0,True,regular_season
1413_016,1413,2,1209.0,1291.0,7,6,10872|10875|24|29|32,10877|10881|39|40|8889,82.0,True,regular_season
1413_017,1413,2,1291.0,1344.0,7,6,21|28|29|32|34,10877|10880|10881|39|40,53.0,True,regular_season
1413_018,1413,2,1344.0,1398.0,7,6,21|28|29|32|34,10880|10881|39|40|44,54.0,True,regular_season
1413_019,1413,2,1398.0,1400.0,7,6,21|28|29|32|34,10877|10879|10880|39|8889,2.0,True,regular_season
1413_020,1413,2,1400.0,1438.0,7,6,21|25|29|32|34,10877|10879|10880|43|8889,38.0,True,regular_season
1413_021,1413,2,1438.0,1439.0,7,6,10875|21|28|29|32,10877|10879|10880|10881|39,1.0,True,regular_season
1413_022,1413,2,1439.0,1440.0,7,6,21|28|29|32|34,10877|10880|10881|39|47,1.0,True,regular_season
1413_023,1413,3,1440.0,1584.0,7,6,10875|21|28|29|34,10877|10881|39|40|8889,144.0,True,regular_season
1413_024,1413,3,1584.0,1728.0,7,6,10875|21|28|29|34,10877|10881|40|43|8889,144.0,True,regular_season
1413_025,1413,3,1728.0,1759.0,7,6,21|28|29|32|34,10877|10881|40|43|8889,31.0,True,regular_season
1413_026,1413,3,1759.0,1951.0,7,6,21|28|29|32|34,10877|10880|40|43|8889,192.0,True,regular_season
1413_027,1413,3,1951.0,2030.0,7,6,10872|10875|21|29|34,10877|10879|10880|43|8889,79.0,True,regular_season
1413_028,1413,3,2030.0,2058.0,7,6,10872|10875|21|29|34,10877|10879|10880|10881|43,28.0,True,regular_season
1413_029,1413,3,2058.0,2127.0,7,6,10872|10875|25|29|32,10879|10880|10881|113|43,69.0,True,regular_season
1413_030,1413,3,2127.0,2158.0,7,6,10872|10875|21|29|32,10879|10880|10881|113|43,31.0,True,regular_season
1413_031,1413,3,2158.0,2159.0,7,6,10872|10875|21|25|34,10879|10880|10881|113|43,1.0,True,regular_season
1413_033,1413,4,2160.0,2204.0,7,6,10872|10875|21|28|34,10879|10880|10881|113|40,44.0,True,regular_season
1413_034,1413,4,2204.0,2269.0,7,6,10872|21|28|32|34,10877|10879|10880|40|8889,65.0,True,regular_season
1413_035,1413,4,2269.0,2451.0,7,6,10872|28|29|32|34,10877|10879|10880|40|8889,182.0,True,regular_season
1413_036,1413,4,2451.0,2524.0,7,6,10872|10875|21|29|32,10877|10880|39|40|8889,73.0,True,regular_season
1413_037,1413,4,2524.0,2608.0,7,6,10872|10875|21|28|34,10877|10880|39|40|8889,84.0,True,regular_season
1413_038,1413,4,2608.0,2712.0,7,6,10872|10875|21|28|34,10877|10880|40|43|8889,104.0,True,regular_season
1413_039,1413,4,2712.0,2742.0,7,6,10875|21|28|29|34,10877|10881|40|43|8889,30.0,True,regular_season
1413_040,1413,4,2742.0,2772.0,7,6,10872|10875|21|29|34,10877|10881|40|43|8889,30.0,True,regular_season
1413_041,1413,4,2772.0,2803.0,7,6,10872|10875|28|29|34,10877|10881|40|43|8889,31.0,True,regular_season
1413_042,1413,4,2803.0,2853.0,7,6,10872|10875|21|29|34,10877|10881|40|43|8889,50.0,True,regular_season
1413_043,1413,4,2853.0,2854.0,7,6,10872|21|29|32|34,10877|10881|40|43|8889,1.0,True,regular_season
1413_044,1413,4,2854.0,2880.0,7,6,10872|10875|21|29|34,10877|10880|40|43|8889,26.0,True,regular_season
1414_001,1414,1,0.0,163.0,4,8,10862|10887|75|76|90,10|10867|10870|11|14,163.0,True,regular_season
1414_002,1414,1,163.0,229.0,4,8,10862|10887|75|76|90,10|10865|10867|10870|11,66.0,True,regular_season
1414_003,1414,1,229.0,345.0,4,8,10862|10887|75|76|90,10|10865|10867|10870|4,116.0,True,regular_season
1414_004,1414,1,345.0,488.0,4,8,10862|10885|10887|76|87,10|10865|10867|10870|4,143.0,True,regular_season
1414_005,1414,1,488.0,582.0,4,8,10862|10885|5948|87|88,1|10865|10867|10869|4,94.0,True,regular_season
1414_006,1414,1,582.0,654.0,4,8,10862|10885|5948|87|88,1|10865|10867|10869|3,72.0,True,regular_season
1414_007,1414,1,654.0,669.0,4,8,10885|10887|5948|87|88,1|10|10867|10869|3,15.0,True,regular_season
1414_008,1414,1,669.0,720.0,4,8,10885|10887|5948|87|88,1|10|10869|10870|3,51.0,True,regular_season
1414_009,1414,2,720.0,892.0,4,8,10885|10887|5948|87|88,1|10|10869|10870|3,172.0,True,regular_season
1414_010,1414,2,892.0,961.0,4,8,10887|5948|75|82|88,1|10|10869|10870|14,69.0,True,regular_season
1414_011,1414,2,961.0,1039.0,4,8,10887|5948|75|82|88,1|10|10867|10870|14,78.0,True,regular_season
1414_012,1414,2,1039.0,1051.0,4,8,10887|5948|75|76|82,1|10865|10867|10870|14,12.0,True,regular_season
1414_013,1414,2,1051.0,1097.0,4,8,10862|10887|75|76|82,1|10865|10867|10869|11,46.0,True,regular_season
1414_014,1414,2,1097.0,1266.0,4,8,10862|10887|75|76|90,1|10865|10867|10869|11,169.0,True,regular_season
1414_015,1414,2,1266.0,1430.0,4,8,10862|10885|10887|75|90,1|10|10865|10867|10869,164.0,True,regular_season
1414_016,1414,2,1430.0,1440.0,4,8,10862|10885|10887|75|90,1|10|10865|10867|3,10.0,True,regular_season
1414_017,1414,3,1440.0,1701.0,4,8,10862|10887|75|76|90,1|10|10867|10869|14,261.0,True,regular_season
1414_018,1414,3,1701.0,1792.0,4,8,10862|10885|10887|75|76,1|10|10867|10869|14,91.0,True,regular_season
1414_019,1414,3,1792.0,1833.0,4,8,10862|10885|5948|76|88,1|10|10867|10869|14,41.0,True,regular_season
1414_020,1414,3,1833.0,1840.0,4,8,10862|10885|5948|76|88,1|10|10865|10867|10869,7.0,True,regular_season
1414_021,1414,3,1840.0,1902.0,4,8,10862|10885|5948|87|88,1|10|10865|10867|10869,62.0,True,regular_season
1414_022,1414,3,1902.0,1919.0,4,8,10862|10885|5948|87|88,1|10865|10867|10869|3,17.0,True,regular_season
1414_023,1414,3,1919.0,2071.0,4,8,10862|10885|5948|87|88,10863|10865|10867|10869|3,152.0,True,regular_season
1414_024,1414,3,2071.0,2078.0,4,8,10885|10887|5948|87|88,10|10863|10865|10867|10869,7.0,True,regular_season
1414_025,1414,3,2078.0,2083.0,4,8,10885|10887|5948|87|88,1|10|10865|10867|10869,5.0,True,regular_season
1414_026,1414,3,2083.0,2120.0,4,8,10885|10887|5948|87|88,1|10|10867|10869|14,37.0,True,regular_season
1414_027,1414,3,2120.0,2160.0,4,8,10862|10885|10887|87|88,10|10863|10869|11|14,40.0,True,regular_season
1414_028,1414,4,2160.0,2226.0,4,8,10862|10885|10887|87|88,10|10863|10867|10869|14,66.0,True,regular_season
1414_029,1414,4,2226.0,2240.0,4,8,10862|10885|10887|87|88,1|10|10867|10869|14,14.0,True,regular_season
1414_030,1414,4,2240.0,2344.0,4,8,10862|10885|10887|87|88,1|10|10867|11|14,104.0,True,regular_season
1414_031,1414,4,2344.0,2407.0,4,8,10862|10885|5948|87|88,1|10|10867|11|14,63.0,True,regular_season
1414_032,1414,4,2407.0,2450.0,4,8,10862|5948|75|76|87,1|10|10867|11|14,43.0,True,regular_season
1414_033,1414,4,2450.0,2476.0,4,8,10862|5948|75|76|87,1|10|10869|11|14,26.0,True,regular_season
1414_034,1414,4,2476.0,2505.0,4,8,10862|10885|10887|75|76,1|10865|10869|11|14,29.0,True,regular_season
1414_035,1414,4,2505.0,2622.0,4,8,10862|10885|10887|75|76,1|10|10865|10869|14,117.0,True,regular_season
1414_036,1414,4,2622.0,2664.0,4,8,10862|10885|10887|75|76,1|10|10867|10869|14,42.0,True,regular_season
1414_037,1414,4,2664.0,2754.0,4,8,10862|10885|10887|75|82,1|10|10867|10869|14,90.0,True,regular_season
1414_038,1414,4,2754.0,2880.0,4,8,10887|5948|75|82|90,1|10|10867|10869|14,126.0,True,regular_season
1415_001,1415,1,0.0,242.0,4,5,10885|10887|10888|75|76,10861|16|54|57|58,242.0,True,regular_season
1415_002,1415,1,242.0,310.0,4,5,10887|10888|75|76|90,10861|16|54|57|58,68.0,True,regular_season
1415_003,1415,1,310.0,349.0,4,5,10862|10887|75|76|90,10861|16|54|57|58,39.0,True,regular_season
1415_004,1415,1,349.0,370.0,4,5,10862|10887|75|88|90,10860|10861|54|57|58,21.0,True,regular_season
1415_005,1415,1,370.0,507.0,4,5,10862|10887|75|88|90,10860|10861|12|54|58,137.0,True,regular_season
1415_006,1415,1,507.0,620.0,4,5,10862|10888|76|88|90,10860|10861|12|3129|62,113.0,True,regular_season
1415_007,1415,1,620.0,664.0,4,5,10862|10888|76|87|88,10860|12|16|3129|62,44.0,True,regular_season
1415_008,1415,1,664.0,720.0,4,5,10862|10888|76|78|87,10860|12|16|3129|62,56.0,True,regular_season
1415_009,1415,2,720.0,784.0,4,5,10862|10888|76|78|87,10860|12|16|3129|62,64.0,True,regular_season
1415_010,1415,2,784.0,823.0,4,5,10862|10885|10888|76|87,10860|10861|12|3129|62,39.0,True,regular_season
1415_011,1415,2,823.0,863.0,4,5,10885|10887|10888|76|87,10860|10861|12|3129|58,40.0,True,regular_season
1415_012,1415,2,863.0,893.0,4,5,10885|10887|10888|76|87,10860|10861|12|57|58,30.0,True,regular_season
1415_013,1415,2,893.0,1116.0,4,5,10885|10887|10888|76|87,10860|10861|54|57|58,223.0,True,regular_season
1415_014,1415,2,1116.0,1154.0,4,5,10885|10887|10888|75|76,10860|10861|54|57|58,38.0,True,regular_season
1415_015,1415,2,1154.0,1321.0,4,5,10862|10885|10888|75|88,10860|54|57|58|62,167.0,True,regular_season
1415_016,1415,2,1321.0,1376.0,4,5,10862|10885|10887|75|88,10861|12|54|58|62,55.0,True,regular_season
1415_017,1415,2,1376.0,1377.0,4,5,10862|10885|10887|75|88,10860|10861|12|57|58,1.0,True,regular_season
1415_018,1415,2,1377.0,1440.0,4,5,10862|10885|10887|75|88,10860|10861|54|57|58,63.0,True,regular_season
1415_019,1415,3,1440.0,1690.0,4,5,10885|10887|10888|75|76,10861|16|54|57|58,250.0,True,regular_season
1415_020,1415,3,1690.0,1725.0,4,5,10885|10887|10888|75|76,10861|12|16|3129|54,35.0,True,regular_season
1415_021,1415,3,1725.0,1746.0,4,5,10862|10885|10887|75|76,10861|12|16|3129|54,21.0,True,regular_season
1415_022,1415,3,1746.0,1885.0,4,5,10862|10885|10887|75|76,10860|12|16|3129|54,139.0,True,regular_season
1415_023,1415,3,1885.0,2022.0,4,5,10862|10885|10887|75|88,10860|12|16|3129|57,137.0,True,regular_season
1415_024,1415,3,2022.0,2078.0,4,5,10862|10887|75|76|88,10860|12|16|3129|57,56.0,True,regular_season
1415_025,1415,3,2078.0,2160.0,4,5,10862|10887|75|76|88,10860|16|3129|54|57,82.0,True,regular_season
1415_026,1415,4,2160.0,2191.0,4,5,10862|10888|75|76|88,10860|16|3129|54|57,31.0,True,regular_season
1415_027,1415,4,2191.0,2234.0,4,5,10862|10888|75|76|88,10860|16|54|57|58,43.0,True,regular_season
1415_028,1415,4,2234.0,2461.0,4,5,10862|10887|75|76|88,10860|16|54|57|58,227.0,True,regular_season
1415_029,1415,4,2461.0,2486.0,4,5,10862|10885|10887|75|88,10860|16|54|57|58,25.0,True,regular_season
1415_030,1415,4,2486.0,2555.0,4,5,10862|10885|10887|75|88,10861|16|54|57|58,69.0,True,regular_season
1415_031,1415,4,2555.0,2617.0,4,5,10862|10885|10887|75|88,10860|10861|54|57|58,62.0,True,regular_season
1415_032,1415,4,2617.0,2696.0,4,5,10862|10887|75|76|88,10860|10861|54|57|58,79.0,True,regular_season
1415_033,1415,4,2696.0,2801.0,4,5,10862|10887|75|76|88,10860|16|54|57|58,105.0,True,regular_season
1415_034,1415,4,2801.0,2828.0,4,5,10862|75|76|84|88,10860|16|54|55|57,27.0,True,regular_season
1415_035,1415,4,2828.0,2880.0,4,5,10862|76|80|84|88,10860|16|54|55|57,52.0,True,regular_season
1416_001,1416,1,0.0,168.0,3,8,103|106|107|79|89,1|10|10867|13400|14,168.0,True,regular_season
1416_002,1416,1,168.0,191.0,3,8,103|107|13777|79|89,1|10|10867|13400|14,23.0,True,regular_season
1416_003,1416,1,191.0,455.0,3,8,107|13777|77|79|89,1|10|10867|13400|14,264.0,True,regular_season
1416_004,1416,1,455.0,528.0,3,8,106|13777|77|89|99,1|10|10865|10867|10869,73.0,True,regular_season
1416_005,1416,1,528.0,603.0,3,8,106|13777|77|89|99,1|10865|10867|10869|11,75.0,True,regular_season
1416_006,1416,1,603.0,645.0,3,8,106|107|77|83|99,10863|10865|10867|10869|11,42.0,True,regular_season
1416_007,1416,1,645.0,720.0,3,8,106|107|73|83|99,10863|10865|10867|10869|3,75.0,True,regular_season
1416_008,1416,2,720.0,813.0,3,8,106|107|73|83|99,10863|10865|10869|13400|3,93.0,True,regular_season
1416_009,1416,2,813.0,856.0,3,8,106|107|73|83|99,10863|10869|13400|14|3,43.0,True,regular_season
1416_010,1416,2,856.0,972.0,3,8,106|107|77|79|89,1|10867|13400|14|3,116.0,True,regular_season
1416_011,1416,2,972.0,1051.0,3,8,106|13777|77|79|89,1|10|10867|13400|14,79.0,True,regular_season
1416_012,1416,2,1051.0,1195.0,3,8,107|13777|77|79|89,1|10|10867|10869|14,144.0,True,regular_season
1416_013,1416,2,1195.0,1259.0,3,8,106|13777|77|79|89,1|10|10867|10869|14,64.0,True,regular_season
1416_014,1416,2,1259.0,1364.0,3,8,103|106|13777|89|99,1|10867|10869|11|14,105.0,True,regular_season
1416_015,1416,2,1364.0,1439.0,3,8,106|107|77|89|99,1|10|10867|10869|11,75.0,True,regular_season
1416_016,1416,2,1439.0,1440.0,3,8,106|107|77|89|99,1|10|10867|11|13400,1.0,True,regular_season
1416_017,1416,3,1440.0,1635.0,3,8,106|107|77|79|89,1|10|10867|13400|14,195.0,True,regular_season
1416_018,1416,3,1635.0,1725.0,3,8,103|106|107|79|83,1|10|10867|13400|14,90.0,True,regular_season
1416_019,1416,3,1725.0,1791.0,3,8,103|106|13777|83|99,1|10865|10867|13400|14,66.0,True,regular_season
1416_020,1416,3,1791.0,1808.0,3,8,103|106|13777|89|99,1|10865|10867|13400|14,17.0,True,regular_season
1416_021,1416,3,1808.0,1858.0,3,8,103|106|107|89|99,1|10865|10867|10869|14,50.0,True,regular_season
1416_022,1416,3,1858.0,1926.0,3,8,106|107|77|89|99,1|10865|10867|10869|14,68.0,True,regular_season
1416_023,1416,3,1926.0,1961.0,3,8,106|107|77|89|99,1|10|10867|10869|14,35.0,True,regular_season
1416_024,1416,3,1961.0,2060.0,3,8,106|107|73|77|89,1|10|10867|10869|11,99.0,True,regular_season
1416_025,1416,3,2060.0,2120.0,3,8,106|107|73|77|89,1|10|10867|10869|3,60.0,True,regular_season
1416_026,1416,3,2120.0,2153.0,3,8,107|13777|73|79|89,1|10|10867|10869|3,33.0,True,regular_season
1416_027,1416,3,2153.0,2160.0,3,8,107|13777|73|79|89,10|10863|10867|10869|3,7.0,True,regular_season
1416_028,1416,4,2160.0,2244.0,3,8,103|107|13777|79|89,10|10863|10869|13400|3,84.0,True,regular_season
1416_029,1416,4,2244.0,2274.0,3,8,103|107|13777|79|89,1|10|10869|13400|3,30.0,True,regular_season
1416_030,1416,4,2274.0,2331.0,3,8,103|107|13777|79|89,1|10|10867|10869|3,57.0,True,regular_season
1416_031,1416,4,2331.0,2371.0,3,8,106|13777|77|79|89,1|10|10867|10869|3,40.0,True,regular_season
1416_032,1416,4,2371.0,2397.0,3,8,106|13777|77|79|89,1|10|10867|10869|14,26.0,True,regular_season
1416_033,1416,4,2397.0,2474.0,3,8,106|13777|77|79|89,1|10|10867|13400|14,77.0,True,regular_season
1416_034,1416,4,2474.0,2619.0,3,8,106|107|77|79|89,1|10|10867|13400|14,145.0,True,regular_season
1416_035,1416,4,2619.0,2661.0,3,8,106|107|77|79|89,1|10|10867|13400|3,42.0,True,regular_season
1416_036,1416,4,2661.0,2761.0,3,8,107|13777|77|79|89,10|10863|10867|13400|3,100.0,True,regular_season
1416_037,1416,4,2761.0,2790.0,3,8,107|13777|77|79|89,1|10|10867|13400|14,29.0,True,regular_season
1416_038,1416,4,2790.0,2843.0,3,8,107|13777|77|79|89,1|10|10867|10869|14,53.0,True,regular_season
1416_039,1416,4,2843.0,2850.0,3,8,107|13777|77|79|89,1|10|10865|10867|10869,7.0,True,regular_season
1416_040,1416,4,2850.0,2861.0,3,8,106|107|77|79|89,1|10|10865|10867|10869,11.0,True,regular_season
1416_041,1416,4,2861.0,2880.0,3,8,101|77|89|95|97,10863|10865|13|2|4,19.0,True,regular_season
1417_001,1417,1,0.0,424.0,7,4,13029|21|24|29|34,10885|10887|10888|75|76,424.0,True,regular_season
1417_002,1417,1,424.0,521.0,7,4,10872|10875|28|29|34,10862|10887|75|76|87,97.0,True,regular_season
1417_003,1417,1,521.0,610.0,7,4,10872|10875|21|28|34,10862|10887|75|76|87,89.0,True,regular_season
1417_004,1417,1,610.0,695.0,7,4,10872|10875|13029|24|28,10862|10888|75|87|88,85.0,True,regular_season
1417_005,1417,1,695.0,720.0,7,4,13029|24|28|29|34,10862|10885|10888|87|88,25.0,True,regular_season
1417_006,1417,2,720.0,850.0,7,4,10872|10875|21|29|34,10862|10885|10888|87|88,130.0,True,regular_season
1417_007,1417,2,850.0,977.0,7,4,13029|21|24|29|34,10862|10885|10888|87|88,127.0,True,regular_season
1417_008,1417,2,977.0,1013.0,7,4,13029|21|24|29|34,10862|10885|10888|75|76,36.0,True,regular_season
1417_009,1417,2,1013.0,1022.0,7,4,10875|13029|21|24|29,10862|10885|10887|75|76,9.0,True,regular_season
1417_010,1417,2,1022.0,1056.0,7,4,10872|10875|13029|24|29,10862|10885|10887|75|76,34.0,True,regular_season
1417_011,1417,2,1056.0,1111.0,7,4,10872|10875|13029|21|29,10862|10885|10887|75|76,55.0,True,regular_season
1417_012,1417,2,1111.0,1177.0,7,4,10872|10875|21|28|34,10862|10885|10887|75|76,66.0,True,regular_season
1417_013,1417,2,1177.0,1218.0,7,4,10875|21|28|29|34,10862|10885|10887|75|76,41.0,True,regular_season
1417_014,1417,2,1218.0,1251.0,7,4,10875|21|28|29|34,10885|10887|10888|75|76,33.0,True,regular_season
1417_015,1417,2,1251.0,1317.0,7,4,13029|21|24|29|34,10885|10887|10888|75|76,66.0,True,regular_season
1417_016,1417,2,1317.0,1333.0,7,4,13029|21|24|29|34,10862|10885|10887|75|76,16.0,True,regular_season
1417_017,1417,2,1333.0,1416.0,7,4,13029|21|22|29|34,10862|10885|10887|75|76,83.0,True,regular_season
1417_018,1417,2,1416.0,1440.0,7,4,10875|21|25|29|34,10862|10885|10887|75|76,24.0,True,regular_season
1417_019,1417,3,1440.0,1745.0,7,4,10874|13029|21|29|34,10885|10887|10888|75|76,305.0,True,regular_season
1417_020,1417,3,1745.0,1839.0,7,4,10874|10875|21|29|34,10885|10887|10888|76|88,94.0,True,regular_season
1417_021,1417,3,1839.0,1857.0,7,4,10872|10874|10875|21|34,10885|10887|10888|75|88,18.0,True,regular_season
1417_022,1417,3,1857.0,1906.0,7,4,10872|10874|10875|21|34,10862|10885|10887|75|88,49.0,True,regular_season
1417_023,1417,3,1906.0,1927.0,7,4,10872|10874|10875|13029|21,10862|10885|10887|75|88,21.0,True,regular_season
1417_024,1417,3,1927.0,1985.0,7,4,10872|10874|10875|21|34,10862|10887|75|76|88,58.0,True,regular_season
1417_025,1417,3,1985.0,2055.0,7,4,10872|10875|21|29|34,10862|10887|75|76|88,70.0,True,regular_season
1417_026,1417,3,2055.0,2160.0,7,4,10872|10875|21|29|34,10862|10888|75|76|88,105.0,True,regular_season
1417_027,1417,4,2160.0,2204.0,7,4,10872|10874|10875|29|34,10862|10888|75|76|88,44.0,True,regular_season
1417_028,1417,4,2204.0,2266.0,7,4,10872|10875|13029|23|29,10862|10885|10888|75|76,62.0,True,regular_season
1417_029,1417,4,2266.0,2278.0,7,4,10872|10875|13029|23|29,10862|10885|10887|75|76,12.0,True,regular_season
1417_030,1417,4,2278.0,2292.0,7,4,10872|10875|13029|24|29,10862|10885|10887|75|76,14.0,True,regular_season
1417_031,1417,4,2292.0,2407.0,7,4,10872|13029|24|29|34,10862|10885|10888|75|76,115.0,True,regular_season
1417_032,1417,4,2407.0,2498.0,7,4,13029|21|24|29|34,10862|10885|10888|75|76,91.0,True,regular_season
1417_033,1417,4,2498.0,2677.0,7,4,10874|10875|21|29|34,10885|10887|10888|75|76,179.0,True,regular_season
1417_034,1417,4,2677.0,2855.0,7,4,10872|10874|13029|21|34,10885|10887|10888|75|76,178.0,True,regular_season
1417_036,1417,4,2872.0,2880.0,7,4,10872|10874|10875|28|29,10862|10885|10887|75|90,8.0,True,regular_season
1418_001,1418,1,0.0,267.0,3,6,103|106|107|79|89,10877|10879|10881|39|8889,267.0,True,regular_season
1418_002,1418,1,267.0,295.0,3,6,107|13777|77|79|89,10877|10879|10881|39|8889,28.0,True,regular_season
1418_003,1418,1,295.0,367.0,3,6,107|13777|77|89|99,10877|10881|40|43|8889,72.0,True,regular_season
1418_004,1418,1,367.0,521.0,3,6,106|13777|77|89|99,104|10877|40|43|8889,154.0,True,regular_season
1418_005,1418,1,521.0,593.0,3,6,106|13777|77|83|99,104|10877|40|43|8889,72.0,True,regular_season
1418_006,1418,1,593.0,614.0,3,6,106|13777|77|83|91,104|10877|40|43|8889,21.0,True,regular_season
1418_007,1418,1,614.0,720.0,3,6,106|107|77|83|91,104|10881|40|43|47,106.0,True,regular_season
1418_008,1418,2,720.0,863.0,3,6,103|107|13777|79|83,104|10881|40|43|47,143.0,True,regular_season
1418_009,1418,2,863.0,896.0,3,6,103|107|13777|79|89,104|10879|10881|40|47,33.0,True,regular_season
1418_010,1418,2,896.0,897.0,3,6,103|106|13777|79|89,104|10879|10881|40|47,1.0,True,regular_season
1418_011,1418,2,897.0,1037.0,3,6,103|106|13777|79|89,104|10877|10879|40|8889,140.0,True,regular_season
1418_012,1418,2,1037.0,1165.0,3,6,106|107|77|79|89,104|10877|10879|40|8889,128.0,True,regular_season
1418_013,1418,2,1165.0,1194.0,3,6,106|107|77|89|99,104|10877|10879|40|8889,29.0,True,regular_season
1418_014,1418,2,1194.0,1350.0,3,6,103|106|107|77|89,104|10877|10879|44|8889,156.0,True,regular_season
1418_015,1418,2,1350.0,1440.0,3,6,103|106|107|77|89,10877|10881|40|44|8889,90.0,True,regular_season
1418_016,1418,3,1440.0,1644.0,3,6,103|106|107|79|89,104|10877|40|43|8889,204.0,True,regular_season
1418_017,1418,3,1644.0,1700.0,3,6,107|13777|77|89|99,104|10877|40|43|8889,56.0,True,regular_season
1418_018,1418,3,1700.0,1753.0,3,6,107|13777|77|83|99,104|10877|40|43|8889,53.0,True,regular_season
1418_019,1418,3,1753.0,1806.0,3,6,106|13777|77|83|99,104|10877|40|43|8889,53.0,True,regular_season
1418_020,1418,3,1806.0,1834.0,3,6,106|13777|73|77|83,104|10877|40|43|8889,28.0,True,regular_season
1418_021,1418,3,1834.0,1883.0,3,6,106|13777|73|77|89,104|10877|40|43|8889,49.0,True,regular_season
1418_022,1418,3,1883.0,1933.0,3,6,106|107|73|77|89,104|10877|10879|40|8889,50.0,True,regular_season
1418_023,1418,3,1933.0,2021.0,3,6,103|106|107|73|89,104|10877|10879|40|8889,88.0,True,regular_season
1418_024,1418,3,2021.0,2045.0,3,6,103|106|107|79|89,104|10877|10879|40|8889,24.0,True,regular_season
1418_025,1418,3,2045.0,2072.0,3,6,103|107|13777|79|89,104|10877|10879|40|8889,27.0,True,regular_season
1418_026,1418,3,2072.0,2132.0,3,6,103|107|13777|79|89,104|10877|10879|43|8889,60.0,True,regular_season
1418_027,1418,3,2132.0,2150.0,3,6,103|107|13777|79|89,10877|10881|113|39|44,18.0,True,regular_season
1418_028,1418,3,2150.0,2160.0,3,6,103|106|13777|79|89,104|10877|40|43|8889,10.0,True,regular_season
1418_029,1418,4,2160.0,2226.0,3,6,103|106|13777|79|89,104|10877|40|43|8889,66.0,True,regular_season
1418_030,1418,4,2226.0,2281.0,3,6,103|107|13777|79|89,104|10877|40|43|8889,55.0,True,regular_season
1418_031,1418,4,2281.0,2392.0,3,6,107|13777|77|79|89,104|10877|40|43|8889,111.0,True,regular_season
1418_032,1418,4,2392.0,2418.0,3,6,107|13777|77|79|89,104|10877|10879|43|8889,26.0,True,regular_season
1418_033,1418,4,2418.0,2522.0,3,6,103|107|13777|77|89,104|10877|10879|43|8889,104.0,True,regular_season
1418_034,1418,4,2522.0,2565.0,3,6,103|106|107|77|83,104|10877|10879|43|8889,43.0,True,regular_season
1418_035,1418,4,2565.0,2668.0,3,6,103|106|107|77|83,104|10877|40|43|8889,103.0,True,regular_season
1418_036,1418,4,2668.0,2689.0,3,6,103|106|107|77|89,104|10877|40|43|8889,21.0,True,regular_season
1418_037,1418,4,2689.0,2725.0,3,6,103|106|107|77|89,104|10879|40|44|8889,36.0,True,regular_season
1418_038,1418,4,2725.0,2736.0,3,6,103|106|107|77|89,10879|10881|40|44|8889,11.0,True,regular_season
1418_039,1418,4,2736.0,2755.0,3,6,103|106|107|77|89,104|10877|10881|40|8889,19.0,True,regular_season
1418_040,1418,4,2755.0,2880.0,3,6,103|106|107|77|89,104|10877|40|43|8889,125.0,True,regular_season
1419_001,1419,1,0.0,221.0,7,2,13029|21|24|29|34,110|118|12908|13275|51,221.0,True,regular_season
1419_002,1419,1,221.0,382.0,7,2,10872|13029|24|29|34,116|118|12908|13275|51,161.0,True,regular_season
1419_003,1419,1,382.0,435.0,7,2,10872|13029|24|29|34,10894|116|118|12908|13275,53.0,True,regular_season
1419_004,1419,1,435.0,487.0,7,2,10872|10874|29|32|34,10894|116|118|12908|13275,52.0,True,regular_season
1419_005,1419,1,487.0,612.0,7,2,10872|10874|21|32|34,10894|110|118|122|12908,125.0,True,regular_season
1419_006,1419,1,612.0,714.0,7,2,10872|13029|21|24|32,10894|110|118|122|45,102.0,True,regular_season
1419_007,1419,1,714.0,720.0,7,2,10872|13029|21|29|32,10894|110|118|122|45,6.0,True,regular_season
1419_008,1419,2,720.0,863.0,7,2,13029|21|24|29|32,10894|110|121|122|45,143.0,True,regular_season
1419_009,1419,2,863.0,946.0,7,2,13029|21|24|29|32,110|122|12908|45|51,83.0,True,regular_season
1419_010,1419,2,946.0,971.0,7,2,13029|21|24|29|34,110|122|12908|45|51,25.0,True,regular_season
1419_011,1419,2,971.0,1032.0,7,2,13029|21|24|29|34,110|118|12908|13275|51,61.0,True,regular_season
1419_016,1419,3,1440.0,1601.0,7,2,13029|21|24|29|34,110|118|12908|45|51,161.0,True,regular_season
1419_017,1419,3,1601.0,1748.0,7,2,10872|13029|21|24|34,110|118|12908|45|51,147.0,True,regular_season
1419_018,1419,3,1748.0,1831.0,7,2,10872|10874|21|32|34,10894|110|118|12908|13275,83.0,True,regular_season
1419_019,1419,3,1831.0,1917.0,7,2,10872|10874|21|32|34,10894|116|118|12908|13275,86.0,True,regular_season
1419_020,1419,3,1917.0,2011.0,7,2,10872|10874|29|32|34,10894|116|118|12908|13275,94.0,True,regular_season
1419_021,1419,3,2011.0,2104.0,7,2,10874|13029|24|29|32,10894|116|118|12908|13275,93.0,True,regular_season
1419_022,1419,3,2104.0,2160.0,7,2,10874|13029|24|29|32,10894|116|119|13275|45,56.0,True,regular_season
1419_023,1419,4,2160.0,2377.0,7,2,13029|21|24|29|34,10894|110|119|122|45,217.0,True,regular_season
1419_024,1419,4,2377.0,2390.0,7,2,10872|13029|21|24|34,110|122|12908|45|51,13.0,True,regular_season
1419_025,1419,4,2390.0,2503.0,7,2,10872|13029|21|24|34,110|118|12908|45|51,113.0,True,regular_season
1419_026,1419,4,2503.0,2560.0,7,2,10872|13029|21|24|34,110|118|12908|13275|51,57.0,True,regular_season
1419_027,1419,4,2560.0,2572.0,7,2,10872|13029|21|24|34,116|118|12908|13275|51,12.0,True,regular_season
1419_028,1419,4,2572.0,2617.0,7,2,10872|10874|13029|21|34,116|118|12908|45|51,45.0,True,regular_season
1419_029,1419,4,2617.0,2656.0,7,2,10872|13029|21|24|34,116|118|12908|45|51,39.0,True,regular_season
1419_030,1419,4,2656.0,2663.0,7,2,10872|13029|21|24|32,110|118|12908|45|51,7.0,True,regular_season
1419_031,1419,4,2663.0,2684.0,7,2,10872|13029|24|25|32,110|118|12908|45|51,21.0,True,regular_season
1419_032,1419,4,2684.0,2703.0,7,2,13029|21|24|29|32,110|118|12908|45|51,19.0,True,regular_season
1419_033,1419,4,2703.0,2748.0,7,2,13029|21|24|29|34,110|118|12908|45|51,45.0,True,regular_season
1419_034,1419,4,2748.0,2878.0,7,2,10872|21|25|32|34,110|118|12908|45|51,130.0,True,regular_season
1419_035,1419,4,2878.0,2880.0,7,2,10872|13029|21|25|34,110|118|12908|45|51,2.0,True,regular_season
1420_001,1420,1,0.0,526.0,6,7,10877|10879|10881|39|8889,13029|21|24|29|34,526.0,True,regular_season
1420_002,1420,1,526.0,625.0,6,7,104|10877|39|40|8889,10872|10875|22|29|34,99.0,True,regular_season
1420_003,1420,1,625.0,637.0,6,7,104|10877|40|43|8889,10872|10875|13029|22|29,12.0,True,regular_season
1420_004,1420,1,637.0,668.0,6,7,104|10877|40|43|8889,10872|10875|13029|22|25,31.0,True,regular_season
1420_005,1420,1,668.0,720.0,6,7,104|10881|40|43|44,10872|10875|13029|22|24,52.0,True,regular_season
1420_006,1420,2,720.0,846.0,6,7,104|10881|40|43|44,10872|10875|13029|24|29,126.0,True,regular_season
1420_007,1420,2,846.0,881.0,6,7,104|40|43|44|8889,10874|13029|24|29|34,35.0,True,regular_season
1420_008,1420,2,881.0,962.0,6,7,104|10877|40|43|8889,10874|13029|24|29|34,81.0,True,regular_season
1420_009,1420,2,962.0,1026.0,6,7,10877|10881|40|43|8889,10874|10875|21|29|34,64.0,True,regular_season
1420_010,1420,2,1026.0,1230.0,6,7,10877|10881|40|43|8889,13029|24|28|29|34,204.0,True,regular_season
1420_011,1420,2,1230.0,1373.0,6,7,10877|10879|10881|40|8889,10872|10875|21|28|34,143.0,True,regular_season
1420_012,1420,2,1373.0,1429.0,6,7,10877|10881|40|43|8889,10872|10875|21|28|34,56.0,True,regular_season
1420_013,1420,2,1429.0,1440.0,6,7,10877|10881|40|43|8889,10872|10875|21|25|34,11.0,True,regular_season
1420_014,1420,3,1440.0,1599.0,6,7,10877|10881|39|40|8889,13029|21|24|29|34,159.0,True,regular_season
1420_015,1420,3,1599.0,1731.0,6,7,10877|10881|39|40|8889,13029|21|28|29|34,132.0,True,regular_season
1420_016,1420,3,1731.0,1824.0,6,7,10877|10881|40|43|8889,10872|10875|28|29|34,93.0,True,regular_season
1420_017,1420,3,1824.0,1915.0,6,7,10877|10881|40|43|8889,10874|10875|13029|23|28,91.0,True,regular_season
1420_018,1420,3,1915.0,1946.0,6,7,10877|10881|40|43|8889,10872|10875|13029|23|28,31.0,True,regular_season
1420_019,1420,3,1946.0,2037.0,6,7,104|10877|40|43|8889,10872|10875|13029|23|28,91.0,True,regular_season
1420_020,1420,3,2037.0,2088.0,6,7,104|10877|40|43|8889,10872|10875|28|29|34,51.0,True,regular_season
1420_021,1420,3,2088.0,2153.0,6,7,104|10881|40|43|47,10872|10875|28|29|34,65.0,True,regular_season
1420_022,1420,3,2153.0,2160.0,6,7,104|10877|40|43|8889,10872|10875|25|29|34,7.0,True,regular_season
1420_023,1420,4,2160.0,2236.0,6,7,10877|10881|39|40|8889,10875|21|22|29|34,76.0,True,regular_season
1420_024,1420,4,2236.0,2478.0,6,7,10877|10881|40|43|8889,10875|21|22|29|34,242.0,True,regular_season
1420_025,1420,4,2478.0,2679.0,6,7,10877|10881|40|43|8889,10872|10874|10875|13029|24,201.0,True,regular_season
1420_026,1420,4,2679.0,2739.0,6,7,10877|10881|40|43|8889,10872|13029|21|24|34,60.0,True,regular_season
1420_027,1420,4,2739.0,2847.0,6,7,10877|10881|40|43|8889,10872|10874|13029|21|34,108.0,True,regular_season
1420_028,1420,4,2847.0,2880.0,6,7,10883|113|38|44|47,10873|10874|10875|19|23,33.0,True,regular_season
1421_001,1421,1,0.0,142.0,2,5,110|121|12908|13275|51,16|3129|54|57|68,142.0,True,regular_season
1421_002,1421,1,142.0,159.0,2,5,110|121|12908|45|51,16|3129|54|57|68,17.0,True,regular_season
1421_003,1421,1,159.0,218.0,2,5,110|121|12908|45|51,16|54|57|62|68,59.0,True,regular_season
1421_004,1421,1,218.0,268.0,2,5,109|110|12908|45|51,16|54|57|62|68,50.0,True,regular_season
1421_005,1421,1,268.0,372.0,2,5,109|110|12908|13399|45,16|54|57|62|68,104.0,True,regular_season
1421_006,1421,1,372.0,436.0,2,5,109|110|12908|13399|45,10861|54|57|62|68,64.0,True,regular_season
1421_007,1421,1,436.0,459.0,2,5,109|123|12908|13399|45,10861|54|57|62|68,23.0,True,regular_season
1421_008,1421,1,459.0,497.0,2,5,109|123|12908|13399|45,10861|54|55|62|68,38.0,True,regular_season
1421_009,1421,1,497.0,571.0,2,5,109|116|13399|45|51,10861|54|55|62|68,74.0,True,regular_season
1421_010,1421,1,571.0,601.0,2,5,109|116|13399|45|51,10861|12|16|55|62,30.0,True,regular_season
1421_011,1421,1,601.0,667.0,2,5,109|116|122|13399|51,10861|12|16|55|62,66.0,True,regular_season
1421_012,1421,1,667.0,680.0,2,5,109|116|119|122|12908,10861|12|16|55|62,13.0,True,regular_season
1421_013,1421,1,680.0,710.0,2,5,116|119|122|12908|51,10861|12|16|55|62,30.0,True,regular_season
1421_014,1421,1,710.0,720.0,2,5,116|119|122|12908|51,10861|10884|12|16|55,10.0,True,regular_season
1421_015,1421,2,720.0,772.0,2,5,110|122|12908|45|51,10861|10884|12|16|55,52.0,True,regular_season
1421_016,1421,2,772.0,835.0,2,5,110|122|12908|45|51,10861|10884|12|16|3129,63.0,True,regular_season
1421_017,1421,2,835.0,937.0,2,5,110|12908|13275|45|51,10861|10884|12|16|3129,102.0,True,regular_season
1421_018,1421,2,937.0,1009.0,2,5,109|110|12908|13275|13399,12|16|3129|54|68,72.0,True,regular_season
1421_019,1421,2,1009.0,1075.0,2,5,109|116|12908|13275|13399,12|16|3129|54|68,66.0,True,regular_season
1421_020,1421,2,1075.0,1102.0,2,5,109|116|12908|13275|13399,10861|12|3129|54|68,27.0,True,regular_season
1421_021,1421,2,1102.0,1137.0,2,5,109|116|12908|13275|13399,10861|12|54|62|68,35.0,True,regular_season
1421_022,1421,2,1137.0,1214.0,2,5,109|116|13275|13399|51,10861|12|54|62|68,77.0,True,regular_season
1421_023,1421,2,1214.0,1285.0,2,5,109|116|13399|45|51,10861|54|57|62|68,71.0,True,regular_season
1421_024,1421,2,1285.0,1330.0,2,5,109|116|13399|45|51,10861|12|54|57|68,45.0,True,regular_season
1421_025,1421,2,1330.0,1440.0,2,5,109|116|12908|13399|45,10861|12|54|57|68,110.0,True,regular_season
1421_026,1421,3,1440.0,1634.0,2,5,110|121|12908|45|51,16|3129|54|57|68,194.0,True,regular_season
1421_027,1421,3,1634.0,1761.0,2,5,116|121|12908|13399|45,16|3129|54|57|68,127.0,True,regular_season
1421_028,1421,3,1761.0,1905.0,2,5,109|116|12908|13275|13399,16|54|57|62|68,144.0,True,regular_season
1421_029,1421,3,1905.0,1946.0,2,5,109|116|13275|13399|51,10861|54|57|62|68,41.0,True,regular_season
1421_030,1421,3,1946.0,1992.0,2,5,109|116|122|13399|51,10861|54|57|62|68,46.0,True,regular_season
1421_031,1421,3,1992.0,2069.0,2,5,109|121|122|13399|51,10861|12|57|62|68,77.0,True,regular_season
1421_032,1421,3,2069.0,2098.0,2,5,109|121|122|13399|51,10861|12|16|3129|57,29.0,True,regular_season
1421_033,1421,3,2098.0,2151.0,2,5,109|121|122|123|51,10861|12|16|3129|57,53.0,True,regular_season
1421_034,1421,3,2151.0,2160.0,2,5,111|119|121|123|51,10861|54|57|62|68,9.0,True,regular_season
1421_035,1421,4,2160.0,2247.0,2,5,110|121|12908|45|51,10861|12|16|54|57,87.0,True,regular_season
1421_036,1421,4,2247.0,2249.0,2,5,110|121|12908|45|51,10861|12|16|54|62,2.0,True,regular_season
1421_041,1421,4,2386.0,2444.0,2,5,109|116|12908|13399|45,10861|16|54|57|62,58.0,True,regular_season
1421_042,1421,4,2444.0,2515.0,2,5,109|116|12908|13399|45,16|54|57|62|68,71.0,True,regular_season
1421_043,1421,4,2515.0,2585.0,2,5,109|110|12908|13399|45,12|16|54|57|68,70.0,True,regular_season
1421_044,1421,4,2585.0,2849.0,2,5,109|110|12908|13399|45,10861|54|57|62|68,264.0,True,regular_season
1421_045,1421,4,2849.0,2867.0,2,5,109|110|122|12908|13399,10861|54|57|62|68,18.0,True,regular_season
1421_046,1421,4,2867.0,2880.0,2,5,109|110|122|12908|13399,10861|12|54|57|68,13.0,True,regular_season
1422_001,1422,1,0.0,261.0,6,4,10877|10879|10881|39|8889,10885|10887|10888|75|76,261.0,True,regular_season
1422_002,1422,1,261.0,438.0,6,4,10877|10879|10881|39|8889,10885|10887|10888|76|78,177.0,True,regular_season
1422_003,1422,1,438.0,474.0,6,4,10877|10881|43|48|8889,10862|10885|10887|76|78,36.0,True,regular_season
1422_004,1422,1,474.0,515.0,6,4,104|10877|43|48|8889,10862|10885|10887|76|78,41.0,True,regular_season
1422_005,1422,1,515.0,529.0,6,4,104|10877|43|48|8889,10862|10885|10887|78|88,14.0,True,regular_season
1422_006,1422,1,529.0,583.0,6,4,104|10881|43|47|48,10862|10885|10887|78|88,54.0,True,regular_season
1422_007,1422,1,583.0,720.0,6,4,104|10881|43|47|48,10862|10885|10888|78|88,137.0,True,regular_season
1422_014,1422,3,1440.0,1636.0,6,4,10877|10881|38|43|8889,10885|10887|10888|75|76,196.0,True,regular_season
1422_015,1422,3,1636.0,1779.0,6,4,10877|10881|38|43|8889,10887|10888|75|76|78,143.0,True,regular_season
1422_016,1422,3,1779.0,1784.0,6,4,104|10877|38|43|8889,10887|10888|75|76|78,5.0,True,regular_season
1422_017,1422,3,1784.0,1879.0,6,4,104|10877|38|43|8889,10862|10888|75|76|78,95.0,True,regular_season
1422_018,1422,3,1879.0,1919.0,6,4,104|10877|38|43|8889,10862|10887|75|78|88,40.0,True,regular_season
1422_019,1422,3,1919.0,2016.0,6,4,104|10877|10879|43|8889,10862|10887|75|78|88,97.0,True,regular_season
1422_020,1422,3,2016.0,2075.0,6,4,104|10877|10879|43|8889,10862|10887|76|78|88,59.0,True,regular_season
1422_021,1422,3,2075.0,2146.0,6,4,104|10877|10879|43|8889,10862|10888|76|78|88,71.0,True,regular_season
1422_022,1422,3,2146.0,2160.0,6,4,104|10881|113|39|47,10862|10888|76|78|88,14.0,True,regular_season
1422_023,1422,4,2160.0,2229.0,6,4,104|10877|10879|43|8889,10862|10888|76|78|88,69.0,True,regular_season
1422_024,1422,4,2229.0,2297.0,6,4,104|10877|10881|43|47,10862|10885|10888|76|88,68.0,True,regular_season
1422_025,1422,4,2297.0,2312.0,6,4,104|10877|10881|43|47,10885|10887|10888|76|88,15.0,True,regular_season
1422_026,1422,4,2312.0,2410.0,6,4,104|10877|10881|43|47,10885|10887|10888|76|78,98.0,True,regular_season
1422_027,1422,4,2410.0,2538.0,6,4,10877|10879|10881|43|8889,10885|10887|10888|75|76,128.0,True,regular_season
1422_028,1422,4,2538.0,2611.0,6,4,10877|10879|10881|39|8889,10885|10887|10888|75|76,73.0,True,regular_season
1422_029,1422,4,2611.0,2670.0,6,4,104|10877|10879|43|8889,10885|10887|10888|75|76,59.0,True,regular_season
1422_030,1422,4,2670.0,2836.0,6,4,104|10877|43|48|8889,10885|10887|10888|75|76,166.0,True,regular_season
1422_031,1422,4,2836.0,2850.0,6,4,104|10877|43|48|8889,10862|10885|10887|75|78,14.0,True,regular_season
1422_032,1422,4,2850.0,2866.0,6,4,10877|10881|43|48|8889,10862|10885|10887|75|76,16.0,True,regular_season
1422_033,1422,4,2866.0,2880.0,6,4,104|10877|43|48|8889,10862|10885|10887|75|78,14.0,True,regular_season
1423_001,1423,1,0.0,274.0,2,7,10894|110|121|12908|13275,13029|21|24|29|34,274.0,True,regular_season
1423_002,1423,1,274.0,413.0,2,7,109|110|12908|13275|13399,13029|21|24|29|32,139.0,True,regular_season
1423_003,1423,1,413.0,496.0,2,7,109|110|12908|13399|45,10872|13029|21|24|32,83.0,True,regular_season
1423_004,1423,1,496.0,501.0,2,7,109|116|12908|13399|45,10872|10874|21|32|34,5.0,True,regular_season
1423_005,1423,1,501.0,510.0,2,7,10891|116|12908|13399|45,10872|10874|21|32|34,9.0,True,regular_season
1423_006,1423,1,510.0,544.0,2,7,10891|10894|116|13399|45,10872|10874|21|32|34,34.0,True,regular_season
1423_007,1423,1,544.0,602.0,2,7,10891|10894|116|13399|45,10872|10874|29|32|34,58.0,True,regular_season
1423_008,1423,1,602.0,640.0,2,7,10891|10894|116|13399|45,10872|10874|13029|29|34,38.0,True,regular_season
1423_009,1423,1,640.0,673.0,2,7,10891|10894|116|12908|13275,10872|10874|13029|29|34,33.0,True,regular_season
1423_010,1423,1,673.0,720.0,2,7,10891|10894|116|12908|13275,10874|13029|22|29|34,47.0,True,regular_season
1423_011,1423,2,720.0,743.0,2,7,109|110|12908|13275|13399,10874|13029|22|29|34,23.0,True,regular_season
1423_012,1423,2,743.0,876.0,2,7,109|110|12908|13275|13399,10874|13029|28|29|34,133.0,True,regular_season
1423_013,1423,2,876.0,976.0,2,7,109|110|12908|13275|13399,13029|21|28|29|34,100.0,True,regular_season
1423_014,1423,2,976.0,1054.0,2,7,109|110|12908|13275|13399,13029|21|28|29|32,78.0,True,regular_season
1423_015,1423,2,1054.0,1232.0,2,7,10894|116|121|12908|13275,21|28|29|32|34,178.0,True,regular_season
1423_016,1423,2,1232.0,1284.0,2,7,10894|116|121|12908|45,21|25|29|32|34,52.0,True,regular_season
1423_018,1423,2,1340.0,1351.0,2,7,109|110|121|13399|45,21|28|29|32|34,11.0,True,regular_season
1423_019,1423,2,1351.0,1385.0,2,7,109|110|121|13399|45,13029|21|28|29|32,34.0,True,regular_season
1423_020,1423,2,1385.0,1440.0,2,7,109|110|121|12908|45,13029|21|28|29|32,55.0,True,regular_season
1423_021,1423,3,1440.0,1711.0,2,7,10894|110|121|12908|13275,13029|21|24|29|34,271.0,True,regular_season
1423_022,1423,3,1711.0,1899.0,2,7,109|110|123|12908|13275,13029|21|24|29|34,188.0,True,regular_season
1423_023,1423,3,1899.0,1942.0,2,7,10891|110|116|12908|45,10872|13029|28|29|32,43.0,True,regular_season
1423_024,1423,3,1942.0,2004.0,2,7,10891|111|116|12908|45,10872|13029|25|28|32,62.0,True,regular_season
1423_025,1423,3,2004.0,2041.0,2,7,10891|111|116|12908|45,10872|13029|25|28|34,37.0,True,regular_season
1423_026,1423,3,2041.0,2068.0,2,7,10891|111|116|12908|45,13029|25|28|29|34,27.0,True,regular_season
1423_027,1423,3,2068.0,2093.0,2,7,111|116|119|12908|45,13029|25|28|29|34,25.0,True,regular_season
1423_028,1423,3,2093.0,2160.0,2,7,111|116|119|12908|45,21|28|29|32|34,67.0,True,regular_season
1423_029,1423,4,2160.0,2290.0,2,7,10891|111|116|119|12908,21|28|29|32|34,130.0,True,regular_season
1423_030,1423,4,2290.0,2403.0,2,7,10891|110|116|119|12908,10874|13029|21|29|34,113.0,True,regular_season
1423_031,1423,4,2403.0,2480.0,2,7,10891|10894|110|111|121,13029|21|24|29|34,77.0,True,regular_season
1423_032,1423,4,2480.0,2535.0,2,7,10891|111|116|121|12908,13029|21|24|29|32,55.0,True,regular_season
1423_033,1423,4,2535.0,2594.0,2,7,10891|111|116|121|12908,10874|13029|21|29|32,59.0,True,regular_season
1423_034,1423,4,2594.0,2623.0,2,7,10891|111|116|121|12908,10874|13029|21|29|34,29.0,True,regular_season
1423_035,1423,4,2623.0,2658.0,2,7,10891|111|116|121|12908,10872|10874|13029|24|34,35.0,True,regular_season
1423_036,1423,4,2658.0,2715.0,2,7,10891|111|116|121|12908,10872|10874|13029|24|32,57.0,True,regular_season
1423_037,1423,4,2715.0,2752.0,2,7,10891|111|116|121|12908,10874|13029|24|29|32,37.0,True,regular_season
1423_038,1423,4,2752.0,2880.0,2,7,10891|111|116|121|123,10872|10874|29|32|34,128.0,True,regular_season
1424_001,1424,1,0.0,150.0,6,3,104|10877|10881|38|47,103|106|107|79|89,150.0,True,regular_season
1424_002,1424,1,150.0,223.0,6,3,104|10877|10881|43|47,103|107|10890|79|89,73.0,True,regular_season
1424_003,1424,1,223.0,313.0,6,3,104|10877|10881|43|47,103|107|10890|77|89,90.0,True,regular_season
1424_004,1424,1,313.0,414.0,6,3,104|10877|10881|43|47,103|106|10890|77|89,101.0,True,regular_season
1424_005,1424,1,414.0,487.0,6,3,104|10877|10881|43|47,106|10890|77|79|86,73.0,True,regular_season
1424_006,1424,1,487.0,533.0,6,3,10877|10880|10881|113|43,106|10890|77|79|86,46.0,True,regular_season
1424_007,1424,1,533.0,720.0,6,3,10877|10880|10881|113|43,106|107|77|79|86,187.0,True,regular_season
1424_008,1424,2,720.0,844.0,6,3,104|10880|113|43|48,103|106|107|79|86,124.0,True,regular_season
1424_009,1424,2,844.0,909.0,6,3,104|10880|113|43|48,103|107|10890|79|89,65.0,True,regular_season
1424_010,1424,2,909.0,932.0,6,3,104|10877|10880|43|48,103|107|10890|79|89,23.0,True,regular_season
1424_011,1424,2,932.0,1007.0,6,3,104|10877|10880|39|48,106|10890|77|79|89,75.0,True,regular_season
1424_012,1424,2,1007.0,1120.0,6,3,10877|10880|10881|39|47,106|10890|77|79|89,113.0,True,regular_season
1424_013,1424,2,1120.0,1154.0,6,3,10877|10880|10881|39|47,106|107|77|79|89,34.0,True,regular_season
1424_014,1424,2,1154.0,1186.0,6,3,104|10877|10881|43|47,106|107|77|79|89,32.0,True,regular_season
1424_015,1424,2,1186.0,1236.0,6,3,104|10877|10881|43|47,107|10890|77|79|89,50.0,True,regular_season
1424_016,1424,2,1236.0,1310.0,6,3,10877|10879|10880|10881|43,103|107|10890|77|86,74.0,True,regular_season
1424_017,1424,2,1310.0,1322.0,6,3,10879|10880|10881|43|47,103|107|10890|77|86,12.0,True,regular_season
1424_018,1424,2,1322.0,1430.0,6,3,10879|10880|10881|43|47,107|10890|77|79|86,108.0,True,regular_season
1424_019,1424,2,1430.0,1440.0,6,3,10880|10881|113|39|47,107|10890|77|79|86,10.0,True,regular_season
1424_020,1424,3,1440.0,1541.0,6,3,10877|10880|10881|39|44,103|106|107|79|89,101.0,True,regular_season
1424_021,1424,3,1541.0,1687.0,6,3,10877|10880|10881|39|44,106|107|77|79|89,146.0,True,regular_season
1424_022,1424,3,1687.0,1730.0,6,3,10877|10880|10881|43|44,107|10890|77|79|89,43.0,True,regular_season
1424_023,1424,3,1730.0,1803.0,6,3,10877|10880|10881|43|48,107|10890|73|79|89,73.0,True,regular_season
1424_024,1424,3,1803.0,1889.0,6,3,10877|10880|10881|43|48,106|10890|73|79|86,86.0,True,regular_season
1424_025,1424,3,1889.0,1967.0,6,3,10877|10880|10881|43|48,106|10890|73|77|86,78.0,True,regular_season
1424_026,1424,3,1967.0,2007.0,6,3,104|10877|10880|43|47,106|10890|73|77|86,40.0,True,regular_season
1424_027,1424,3,2007.0,2118.0,6,3,104|10879|10880|43|47,106|10890|73|77|86,111.0,True,regular_season
1424_028,1424,3,2118.0,2160.0,6,3,104|10879|10881|38|47,107|10890|73|77|86,42.0,True,regular_season
1424_029,1424,4,2160.0,2314.0,6,3,10877|10880|10881|38|48,103|107|10890|79|89,154.0,True,regular_season
1424_030,1424,4,2314.0,2389.0,6,3,10877|10880|10881|43|48,103|106|107|79|89,75.0,True,regular_season
1424_031,1424,4,2389.0,2484.0,6,3,10877|10880|10881|43|48,103|106|10890|79|89,95.0,True,regular_season
1424_032,1424,4,2484.0,2675.0,6,3,104|10877|10881|43|47,103|106|10890|79|89,191.0,True,regular_season
1424_033,1424,4,2675.0,2718.0,6,3,104|10877|10880|43|47,101|103|106|77|86,43.0,True,regular_season
1424_034,1424,4,2718.0,2746.0,6,3,104|10877|10880|38|47,101|103|106|77|86,28.0,True,regular_season
1424_035,1424,4,2746.0,2782.0,6,3,104|10877|10880|38|47,101|106|77|86|99,36.0,True,regular_season
1424_036,1424,4,2782.0,2880.0,6,3,104|10880|38|44|48,101|77|86|95|99,98.0,True,regular_season
1425_001,1425,1,0.0,221.0,2,8,110|119|12908|13275|51,1|10|10867|13400|14,221.0,True,regular_season
1425_002,1425,1,221.0,254.0,2,8,110|119|12908|45|51,10|10865|10867|13400|14,33.0,True,regular_season
1425_003,1425,1,254.0,295.0,2,8,109|116|12908|45|51,10|10865|10867|10869|14,41.0,True,regular_season
1425_004,1425,1,295.0,386.0,2,8,109|111|116|12908|45,10|10865|10867|10869|14,91.0,True,regular_season
1425_005,1425,1,386.0,440.0,2,8,109|111|116|12908|45,10|10865|10867|10869|3,54.0,True,regular_season
1425_007,1425,1,473.0,488.0,2,8,109|111|116|12908|45,10863|10865|10867|10869|3,15.0,True,regular_season
1425_008,1425,1,488.0,509.0,2,8,109|111|12908|13275|51,10863|10865|10867|10869|3,21.0,True,regular_season
1425_009,1425,1,509.0,600.0,2,8,111|121|12908|13275|51,10863|10865|10867|10869|3,91.0,True,regular_season
1425_010,1425,1,600.0,680.0,2,8,111|119|121|13275|51,10865|10867|10869|14|3,80.0,True,regular_season
1425_011,1425,1,680.0,710.0,2,8,111|119|121|13275|51,10865|10869|13400|14|3,30.0,True,regular_season
1425_012,1425,1,710.0,720.0,2,8,111|119|121|13275|51,10|10865|10869|13400|14,10.0,True,regular_season
1425_013,1425,2,720.0,830.0,2,8,109|110|12908|45|51,10|10865|10869|13400|14,110.0,True,regular_season
1425_014,1425,2,830.0,875.0,2,8,109|110|12908|45|51,1|10|10867|13400|14,45.0,True,regular_season
1425_015,1425,2,875.0,954.0,2,8,109|116|12908|45|51,1|10|10867|13400|14,79.0,True,regular_season
1425_016,1425,2,954.0,968.0,2,8,109|116|12908|45|51,1|10867|13400|14|2,14.0,True,regular_season
1425_017,1425,2,968.0,1035.0,2,8,111|116|12908|45|51,1|10867|13400|14|2,67.0,True,regular_season
1425_018,1425,2,1035.0,1078.0,2,8,111|116|123|12908|45,1|10867|13400|14|2,43.0,True,regular_season
1425_019,1425,2,1078.0,1114.0,2,8,116|119|123|12908|13275,1|10867|13400|14|2,36.0,True,regular_season
1425_020,1425,2,1114.0,1153.0,2,8,116|119|123|12908|13275,1|10867|10869|14|2,39.0,True,regular_season
1425_021,1425,2,1153.0,1242.0,2,8,111|116|119|13275|51,1|10|10867|10869|14,89.0,True,regular_season
1425_022,1425,2,1242.0,1289.0,2,8,111|116|119|45|51,1|10|10865|10867|10869,47.0,True,regular_season
1425_023,1425,2,1289.0,1299.0,2,8,109|116|12908|45|51,1|10|10865|10867|10869,10.0,True,regular_season
1425_024,1425,2,1299.0,1440.0,2,8,109|116|12908|45|51,10|10865|10867|10869|14,141.0,True,regular_season
1425_025,1425,3,1440.0,1579.0,2,8,109|110|12908|45|51,1|10|10867|13400|14,139.0,True,regular_season
1425_026,1425,3,1579.0,1614.0,2,8,109|116|12908|45|51,1|10|10867|13400|14,35.0,True,regular_season
1425_027,1425,3,1614.0,1703.0,2,8,109|116|12908|45|51,1|10|10867|10869|14,89.0,True,regular_season
1425_028,1425,3,1703.0,1748.0,2,8,116|119|12908|13275|51,1|10|10867|10869|14,45.0,True,regular_season
1425_029,1425,3,1748.0,1834.0,2,8,116|119|12908|13275|51,1|10|10869|13400|14,86.0,True,regular_season
1425_030,1425,3,1834.0,1854.0,2,8,116|119|12908|13275|51,10|10865|10869|13400|14,20.0,True,regular_season
1425_031,1425,3,1854.0,1881.0,2,8,111|116|119|13275|51,10|10865|10869|13400|14,27.0,True,regular_season
1425_032,1425,3,1881.0,1954.0,2,8,109|111|116|13275|51,10|10865|10869|13400|14,73.0,True,regular_season
1425_033,1425,3,1954.0,2084.0,2,8,109|110|116|12908|45,1|10|10865|10869|13400,130.0,True,regular_season
1425_034,1425,3,2084.0,2086.0,2,8,109|110|116|12908|45,1|10865|10869|13400|14,2.0,True,regular_season
1425_035,1425,3,2086.0,2125.0,2,8,109|116|12908|45|51,1|10865|10869|13400|14,39.0,True,regular_season
1425_036,1425,3,2125.0,2160.0,2,8,109|116|12908|45|51,10|10865|10869|13400|14,35.0,True,regular_season
1425_037,1425,4,2160.0,2210.0,2,8,109|110|12908|13275|51,10|10865|10867|10869|14,50.0,True,regular_season
1425_038,1425,4,2210.0,2245.0,2,8,109|110|12908|45|51,10|10865|10867|10869|14,35.0,True,regular_season
1425_039,1425,4,2245.0,2271.0,2,8,109|110|12908|45|51,1|10|10867|10869|14,26.0,True,regular_season
1425_040,1425,4,2271.0,2393.0,2,8,109|110|12908|45|51,1|10|10867|13400|14,122.0,True,regular_season
1425_041,1425,4,2393.0,2503.0,2,8,110|111|12908|45|51,1|10|10867|13400|14,110.0,True,regular_season
1425_042,1425,4,2503.0,2611.0,2,8,111|116|12908|45|51,1|10|10867|10869|14,108.0,True,regular_season
1425_043,1425,4,2611.0,2652.0,2,8,109|111|116|12908|51,1|10|10865|10867|10869,41.0,True,regular_season
1425_044,1425,4,2652.0,2698.0,2,8,109|116|121|12908|51,1|10|10865|10867|10869,46.0,True,regular_season
1425_045,1425,4,2698.0,2773.0,2,8,109|116|121|12908|51,1|10|10867|10869|14,75.0,True,regular_season
1425_046,1425,4,2773.0,2838.0,2,8,109|116|121|12908|51,10|10865|10867|10869|14,65.0,True,regular_season
1425_047,1425,4,2838.0,2850.0,2,8,109|116|12908|45|51,1|10|10867|10869|14,12.0,True,regular_season
1425_048,1425,4,2850.0,2863.0,2,8,109|116|12908|45|51,10|10865|10867|10869|14,13.0,True,regular_season
1425_049,1425,4,2863.0,2880.0,2,8,110|111|116|12908|45,1|10|10867|10869|14,17.0,True,regular_season
1426_001,1426,1,0.0,226.0,5,7,10861|54|57|62|68,13029|21|24|29|34,226.0,True,regular_season
1426_002,1426,1,226.0,353.0,5,7,10861|54|57|62|68,10872|13029|21|24|34,127.0,True,regular_season
1426_003,1426,1,353.0,409.0,5,7,10861|54|57|62|68,10872|10874|10875|21|34,56.0,True,regular_season
1426_005,1426,1,425.0,532.0,5,7,10860|12|54|58|68,10872|10874|10875|21|34,107.0,True,regular_season
1426_006,1426,1,532.0,630.0,5,7,10860|10861|10884|12|58,10874|10875|13029|24|29,98.0,True,regular_season
1426_007,1426,1,630.0,710.0,5,7,10860|10861|10884|12|58,10874|10875|13029|23|29,80.0,True,regular_season
1426_008,1426,1,710.0,716.0,5,7,10860|10861|10884|12|58,10874|10875|21|29|34,6.0,True,regular_season
1426_009,1426,1,716.0,720.0,5,7,10860|10861|10884|12|58,10874|13029|21|29|34,4.0,True,regular_season
1426_010,1426,2,720.0,889.0,5,7,10860|10861|10884|12|58,10872|13029|24|29|34,169.0,True,regular_season
1426_020,1426,3,1440.0,1497.0,5,7,10861|54|57|62|68,10874|13029|21|29|34,57.0,True,regular_season
1426_021,1426,3,1497.0,1587.0,5,7,10861|54|57|62|68,10872|10874|13029|29|34,90.0,True,regular_season
1426_022,1426,3,1587.0,1793.0,5,7,10861|54|57|62|68,10872|10875|13029|24|29,206.0,True,regular_season
1426_023,1426,3,1793.0,1882.0,5,7,10861|54|57|62|68,10872|10874|10875|13029|23,89.0,True,regular_season
1426_024,1426,3,1882.0,1892.0,5,7,10860|12|58|62|68,10872|10874|10875|13029|24,10.0,True,regular_season
1426_025,1426,3,1892.0,1954.0,5,7,10860|12|58|62|68,10874|10875|21|24|29,62.0,True,regular_season
1426_026,1426,3,1954.0,1996.0,5,7,10860|10861|10884|12|58,10875|21|24|28|29,42.0,True,regular_season
1426_027,1426,3,1996.0,2048.0,5,7,10860|10861|10884|12|58,10875|22|24|28|29,52.0,True,regular_season
1426_028,1426,3,2048.0,2089.0,5,7,10860|10861|10884|12|58,10875|22|23|28|29,41.0,True,regular_season
1426_029,1426,3,2089.0,2160.0,5,7,10860|10861|12|55|58,10875|22|24|28|29,71.0,True,regular_season
1426_030,1426,4,2160.0,2244.0,5,7,10860|10861|12|55|58,10875|13029|21|24|29,84.0,True,regular_season
1426_031,1426,4,2244.0,2289.0,5,7,10860|12|55|58|68,10875|13029|21|24|29,45.0,True,regular_season
1426_032,1426,4,2289.0,2318.0,5,7,10860|12|57|58|68,10875|13029|21|24|29,29.0,True,regular_season
1426_033,1426,4,2318.0,2432.0,5,7,10860|12|57|58|68,10872|10875|13029|21|24,114.0,True,regular_season
1426_034,1426,4,2432.0,2480.0,5,7,10860|12|54|57|68,10872|10874|10875|13029|21,48.0,True,regular_season
1426_035,1426,4,2480.0,2585.0,5,7,10860|12|54|57|68,10873|10874|10875|13029|21,105.0,True,regular_season
1426_036,1426,4,2585.0,2617.0,5,7,10861|12|54|57|68,10873|10875|13029|21|22,32.0,True,regular_season
1426_037,1426,4,2617.0,2649.0,5,7,10861|12|54|57|68,10873|10875|13029|22|29,32.0,True,regular_season
1427_001,1427,1,0.0,192.0,2,6,110|121|12908|13275|51,10877|10881|40|44|8889,192.0,True,regular_season
1427_002,1427,1,192.0,293.0,2,6,110|121|12908|45|51,10877|10881|40|44|8889,101.0,True,regular_season
1427_003,1427,1,293.0,453.0,2,6,109|110|12908|45|51,10877|10881|40|44|8889,160.0,True,regular_season
1427_004,1427,1,453.0,515.0,2,6,109|110|12668|12908|45,10877|10880|40|44|8889,62.0,True,regular_season
1427_005,1427,1,515.0,617.0,2,6,109|116|12668|12908|45,10880|40|43|44|8889,102.0,True,regular_season
1427_006,1427,1,617.0,632.0,2,6,111|116|121|12668|51,10880|10881|40|43|44,15.0,True,regular_season
1427_007,1427,1,632.0,720.0,2,6,111|116|121|12668|51,10877|10879|10880|10881|43,88.0,True,regular_season
1427_008,1427,2,720.0,880.0,2,6,110|121|12908|13275|51,10877|10880|10881|43|47,160.0,True,regular_season
1427_009,1427,2,880.0,942.0,2,6,110|111|12908|13275|51,10877|10880|10881|43|47,62.0,True,regular_season
1427_010,1427,2,942.0,1024.0,2,6,110|111|12668|45|51,10877|10880|10881|43|47,82.0,True,regular_season
1427_011,1427,2,1024.0,1070.0,2,6,110|111|12668|45|51,10877|10880|40|43|8889,46.0,True,regular_season
1427_012,1427,2,1070.0,1173.0,2,6,109|111|12668|45|51,10877|10880|40|43|8889,103.0,True,regular_season
1427_013,1427,2,1173.0,1208.0,2,6,109|111|12668|12908|45,10877|10879|10880|40|8889,35.0,True,regular_season
1427_014,1427,2,1208.0,1247.0,2,6,109|110|12668|12908|45,10877|10879|10880|40|8889,39.0,True,regular_season
1427_015,1427,2,1247.0,1259.0,2,6,109|110|12668|12908|13275,10877|10879|10880|40|8889,12.0,True,regular_season
1427_016,1427,2,1259.0,1278.0,2,6,109|110|12668|12908|13275,10877|10879|10881|40|8889,19.0,True,regular_season
1427_017,1427,2,1278.0,1354.0,2,6,109|110|12908|13275|51,10877|10879|10881|40|8889,76.0,True,regular_season
1427_018,1427,2,1354.0,1361.0,2,6,109|110|12908|13275|51,10877|10879|10881|43|8889,7.0,True,regular_season
1427_019,1427,2,1361.0,1389.0,2,6,109|110|12908|13275|51,10877|10881|43|44|8889,28.0,True,regular_season
1427_020,1427,2,1389.0,1434.0,2,6,109|110|12908|13275|51,10877|10880|43|44|8889,45.0,True,regular_season
1427_021,1427,2,1434.0,1440.0,2,6,109|110|12908|13275|51,10877|10881|40|43|8889,6.0,True,regular_season
1427_022,1427,3,1440.0,1585.0,2,6,110|121|12908|13275|51,10877|10881|40|43|8889,145.0,True,regular_season
1427_023,1427,3,1585.0,1607.0,2,6,110|111|121|12908|51,10877|10881|40|43|8889,22.0,True,regular_season
1427_024,1427,3,1607.0,1704.0,2,6,110|111|121|12908|51,10877|10880|40|43|8889,97.0,True,regular_season
1427_025,1427,3,1704.0,1810.0,2,6,109|116|121|12908|51,10877|10880|40|43|8889,106.0,True,regular_season
1427_026,1427,3,1810.0,1855.0,2,6,109|116|121|12908|51,10877|10880|39|40|8889,45.0,True,regular_season
1427_027,1427,3,1855.0,1867.0,2,6,109|116|121|12668|12908,10877|10880|39|40|8889,12.0,True,regular_season
1427_028,1427,3,1867.0,1911.0,2,6,109|116|121|12668|12908,10877|10880|10881|39|40,44.0,True,regular_season
1427_029,1427,3,1911.0,1924.0,2,6,109|116|121|12668|51,10880|10881|113|40|43,13.0,True,regular_season
1427_030,1427,3,1924.0,1993.0,2,6,109|116|121|12668|51,10880|113|40|43|8889,69.0,True,regular_season
1427_031,1427,3,1993.0,2089.0,2,6,109|110|12668|13275|51,10880|113|40|43|8889,96.0,True,regular_season
1427_032,1427,3,2089.0,2140.0,2,6,109|110|12668|13275|51,10877|10880|43|48|8889,51.0,True,regular_season
1427_033,1427,3,2140.0,2160.0,2,6,110|111|12668|13275|51,10877|10880|43|48|8889,20.0,True,regular_season
1427_034,1427,4,2160.0,2275.0,2,6,109|110|111|12908|51,10877|10880|43|48|8889,115.0,True,regular_season
1427_035,1427,4,2275.0,2328.0,2,6,109|110|121|12908|51,10877|10880|43|48|8889,53.0,True,regular_season
1427_036,1427,4,2328.0,2384.0,2,6,109|110|121|12908|51,10877|10880|40|43|8889,56.0,True,regular_season
1427_037,1427,4,2384.0,2402.0,2,6,109|110|121|12668|12908,10880|10881|40|43|48,18.0,True,regular_season
1427_038,1427,4,2402.0,2457.0,2,6,109|110|121|12668|12908,10880|10881|40|43|47,55.0,True,regular_season
1427_039,1427,4,2457.0,2514.0,2,6,109|116|12668|12908|13275,10880|10881|40|43|47,57.0,True,regular_season
1427_040,1427,4,2514.0,2523.0,2,6,109|116|12908|13275|51,10880|10881|40|43|47,9.0,True,regular_season
1427_041,1427,4,2523.0,2618.0,2,6,109|116|12908|45|51,10880|10881|40|43|47,95.0,True,regular_season
1427_042,1427,4,2618.0,2699.0,2,6,109|116|12908|45|51,10881|40|43|47|8889,81.0,True,regular_season
1427_043,1427,4,2699.0,2767.0,2,6,109|116|12908|13275|51,10881|40|43|47|8889,68.0,True,regular_season
1427_044,1427,4,2767.0,2780.0,2,6,109|116|12908|13275|51,10877|10880|40|43|8889,13.0,True,regular_season
1427_045,1427,4,2780.0,2854.0,2,6,109|110|12908|13275|51,10877|10880|40|43|8889,74.0,True,regular_season
1427_046,1427,4,2854.0,2870.0,2,6,110|116|121|12908|51,10877|10880|40|43|8889,16.0,True,regular_season
1427_047,1427,4,2870.0,2872.0,2,6,109|110|12908|13275|51,10877|10880|40|43|8889,2.0,True,regular_season
1427_048,1427,4,2872.0,2880.0,2,6,109|110|12908|45|51,10877|10880|40|43|8889,8.0,True,regular_season
1428_001,1428,1,0.0,199.0,8,3,1|10|10867|10869|14,103|106|10890|79|89,199.0,True,regular_season
1428_002,1428,1,199.0,239.0,8,3,1|10|10865|10867|10869,103|106|10890|79|89,40.0,True,regular_season
1428_003,1428,1,239.0,298.0,8,3,1|10|10865|10867|10869,103|10890|13777|77|89,59.0,True,regular_season
1428_004,1428,1,298.0,369.0,8,3,1|10865|10867|10869|5,103|10890|13777|77|89,71.0,True,regular_season
1428_005,1428,1,369.0,435.0,8,3,1|10865|10867|10869|5,10890|13777|77|79|86,66.0,True,regular_season
1428_006,1428,1,435.0,498.0,8,3,1|10867|10869|14|5,10890|13777|77|79|86,63.0,True,regular_season
1428_007,1428,1,498.0,600.0,8,3,10863|10867|10869|14|5,106|13777|77|79|86,102.0,True,regular_season
1428_008,1428,1,600.0,657.0,8,3,1|10869|13400|14|5,106|10890|77|79|86,57.0,True,regular_season
1428_009,1428,1,657.0,720.0,8,3,10|10863|13400|14|5,106|10890|77|79|86,63.0,True,regular_season
1428_010,1428,2,720.0,767.0,8,3,10|10863|10869|13400|14,103|106|10890|77|89,47.0,True,regular_season
1428_011,1428,2,767.0,830.0,8,3,1|10|10869|13400|14,103|106|10890|77|89,63.0,True,regular_season
1428_012,1428,2,830.0,979.0,8,3,1|10|10869|13400|14,103|10890|13777|77|89,149.0,True,regular_season
1428_013,1428,2,979.0,1101.0,8,3,1|10|13400|14|5,10890|13777|77|79|89,122.0,True,regular_season
1428_014,1428,2,1101.0,1148.0,8,3,1|13400|14|4|5,10890|13777|77|79|89,47.0,True,regular_season
1428_015,1428,2,1148.0,1218.0,8,3,1|10865|13400|4|5,10890|13777|79|86|89,70.0,True,regular_season
1428_016,1428,2,1218.0,1258.0,8,3,1|10865|10869|13400|5,103|10890|13777|86|89,40.0,True,regular_season
1428_017,1428,2,1258.0,1310.0,8,3,1|10|10865|10869|13400,103|10890|13777|86|89,52.0,True,regular_season
1428_018,1428,2,1310.0,1377.0,8,3,10|10863|10865|10869|13400,10890|13777|77|86|89,67.0,True,regular_season
1428_019,1428,2,1377.0,1437.0,8,3,10|10863|10865|13400|4,10890|13777|77|86|89,60.0,True,regular_season
1428_020,1428,2,1437.0,1440.0,8,3,10|10865|10869|4|7,101|10890|77|79|89,3.0,True,regular_season
1428_021,1428,3,1440.0,1662.0,8,3,1|10|10869|13400|14,103|106|10890|79|89,222.0,True,regular_season
1428_022,1428,3,1662.0,1693.0,8,3,1|10|10865|10869|13400,103|10890|13777|79|89,31.0,True,regular_season
1428_023,1428,3,1693.0,1766.0,8,3,1|10|10865|10869|13400,10890|13777|77|79|89,73.0,True,regular_season
1428_024,1428,3,1766.0,1855.0,8,3,1|10|10865|10869|13400,10890|13777|77|89|99,89.0,True,regular_season
1428_025,1428,3,1855.0,1925.0,8,3,1|10|10865|10869|13400,10890|13777|77|86|99,70.0,True,regular_season
1428_026,1428,3,1925.0,2013.0,8,3,1|10|10865|10869|13400,106|10890|77|86|99,88.0,True,regular_season
1428_027,1428,3,2013.0,2095.0,8,3,1|10865|10869|13400|5,106|10890|77|86|99,82.0,True,regular_season
1428_028,1428,3,2095.0,2152.0,8,3,1|10869|14|5|7,106|13777|77|86|99,57.0,True,regular_season
1428_029,1428,3,2152.0,2160.0,8,3,10|10863|14|5|7,106|13777|77|86|99,8.0,True,regular_season
1428_030,1428,4,2160.0,2249.0,8,3,10|10863|10869|5|7,106|13777|77|86|99,89.0,True,regular_season
1428_031,1428,4,2249.0,2309.0,8,3,10863|10869|13400|3|5,106|13777|77|86|99,60.0,True,regular_season
1428_032,1428,4,2309.0,2359.0,8,3,10863|13400|3|4|5,106|13777|77|86|99,50.0,True,regular_season
1428_033,1428,4,2359.0,2424.0,8,3,1|13400|3|4|5,106|13777|77|86|99,65.0,True,regular_season
1428_034,1428,4,2424.0,2462.0,8,3,1|13400|3|4|5,10890|13777|77|79|89,38.0,True,regular_season
1428_035,1428,4,2462.0,2499.0,8,3,1|13400|3|4|5,103|10890|77|79|89,37.0,True,regular_season
1428_036,1428,4,2499.0,2641.0,8,3,1|10869|13400|3|5,103|106|10890|79|89,142.0,True,regular_season
1428_037,1428,4,2641.0,2665.0,8,3,1|10|10865|10869|7,103|106|13777|77|89,24.0,True,regular_season
1428_038,1428,4,2665.0,2705.0,8,3,1|10|10865|10869|13400,103|106|13777|77|89,40.0,True,regular_season
1428_039,1428,4,2705.0,2735.0,8,3,10|10863|10865|13400|4,103|106|13777|77|89,30.0,True,regular_season
1428_040,1428,4,2735.0,2794.0,8,3,10|10863|10865|13400|4,106|13777|77|83|91,59.0,True,regular_season
1428_041,1428,4,2794.0,2816.0,8,3,10|10863|10865|4|7,101|106|77|83|91,22.0,True,regular_season
1428_042,1428,4,2816.0,2880.0,8,3,10|10863|10865|4|7,101|77|83|91|97,64.0,True,regular_season
1429_001,1429,1,0.0,254.0,2,4,116|121|12908|13275|51,10885|10887|10888|75|76,254.0,True,regular_season
1429_002,1429,1,254.0,276.0,2,4,109|116|12908|13275|51,10862|10885|10887|75|76,22.0,True,regular_season
1429_003,1429,1,276.0,344.0,2,4,109|110|12668|12908|13275,10862|10885|10887|75|76,68.0,True,regular_season
1429_004,1429,1,344.0,357.0,2,4,109|110|12668|12908|13275,10862|10885|10887|75|88,13.0,True,regular_season
1429_005,1429,1,357.0,459.0,2,4,109|110|12668|12908|45,10862|10885|10887|75|88,102.0,True,regular_season
1429_006,1429,1,459.0,498.0,2,4,109|110|12668|12908|45,10862|10885|10887|87|88,39.0,True,regular_season
1429_007,1429,1,498.0,622.0,2,4,109|110|111|12668|51,10862|10887|76|87|88,124.0,True,regular_season
1429_008,1429,1,622.0,720.0,2,4,109|111|116|12668|51,10862|10888|76|87|88,98.0,True,regular_season
1429_009,1429,2,720.0,903.0,2,4,110|121|12908|13275|51,10862|10888|76|87|88,183.0,True,regular_season
1429_010,1429,2,903.0,947.0,2,4,109|110|121|12908|51,10862|10885|10888|76|88,44.0,True,regular_season
1429_011,1429,2,947.0,1015.0,2,4,109|110|121|12668|12908,10862|10885|10888|75|76,68.0,True,regular_season
1429_012,1429,2,1015.0,1175.0,2,4,109|116|121|12668|12908,10862|10885|10887|75|76,160.0,True,regular_season
1429_013,1429,2,1175.0,1206.0,2,4,10891|109|116|12668|51,10862|10885|10887|75|76,31.0,True,regular_season
1429_014,1429,2,1206.0,1259.0,2,4,10891|109|116|12668|51,10885|10887|10888|75|76,53.0,True,regular_season
1429_015,1429,2,1259.0,1385.0,2,4,109|111|116|12908|51,10885|10887|10888|75|76,126.0,True,regular_season
1429_016,1429,2,1385.0,1440.0,2,4,109|110|121|12908|51,10885|10887|10888|75|88,55.0,True,regular_season
1429_017,1429,3,1440.0,1622.0,2,4,109|110|12908|13275|51,10885|10887|10888|75|88,182.0,True,regular_season
1429_018,1429,3,1622.0,1791.0,2,4,109|110|12908|13275|51,10885|10887|10888|75|76,169.0,True,regular_season
1429_019,1429,3,1791.0,1884.0,2,4,109|110|121|12668|12908,10862|10885|10887|75|76,93.0,True,regular_season
1429_020,1429,3,1884.0,1918.0,2,4,110|111|121|12668|12908,10862|10887|75|76|78,34.0,True,regular_season
1429_021,1429,3,1918.0,2086.0,2,4,111|116|121|12668|12908,10862|10887|75|76|78,168.0,True,regular_season
1429_022,1429,3,2086.0,2160.0,2,4,116|121|12668|13275|51,10862|10888|76|78|88,74.0,True,regular_season
1429_023,1429,4,2160.0,2286.0,2,4,109|110|12908|13275|51,10862|10888|76|78|88,126.0,True,regular_season
1429_024,1429,4,2286.0,2311.0,2,4,109|110|12668|13275|51,10862|10888|76|78|88,25.0,True,regular_season
1429_025,1429,4,2311.0,2358.0,2,4,109|110|121|12668|51,10862|10888|76|78|88,47.0,True,regular_season
1429_026,1429,4,2358.0,2458.0,2,4,109|110|121|12668|51,10862|10885|10888|76|88,100.0,True,regular_season
1429_027,1429,4,2458.0,2504.0,2,4,110|111|121|12668|51,10862|10885|10888|76|88,46.0,True,regular_season
1429_028,1429,4,2504.0,2626.0,2,4,111|116|121|12668|51,10862|10885|10888|76|88,122.0,True,regular_season
1429_029,1429,4,2626.0,2656.0,2,4,116|121|12668|13275|51,10862|10885|10888|76|88,30.0,True,regular_season
1429_030,1429,4,2656.0,2769.0,2,4,110|116|121|12668|13275,10862|10885|10888|76|88,113.0,True,regular_season
1429_031,1429,4,2769.0,2823.0,2,4,110|116|121|12668|13275,10862|10885|10887|75|76,54.0,True,regular_season
1429_032,1429,4,2823.0,2880.0,2,4,10891|110|111|116|12668,10862|10886|75|80|84,57.0,True,regular_season
1430_001,1430,1,0.0,339.0,8,5,1|10|10869|13400|14,10861|54|57|62|68,339.0,True,regular_season
1430_002,1430,1,339.0,367.0,8,5,1|10|10869|13400|14,10860|54|57|58|68,28.0,True,regular_season
1430_003,1430,1,367.0,440.0,8,5,1|10|10869|13400|14,10860|12|57|58|68,73.0,True,regular_season
1430_004,1430,1,440.0,480.0,8,5,1|10|10865|10869|13400,10860|12|57|58|68,40.0,True,regular_season
1430_005,1430,1,480.0,571.0,8,5,1|10|10865|10869|5,10860|12|57|58|68,91.0,True,regular_season
1430_006,1430,1,571.0,686.0,8,5,10|10865|10869|14|5,10860|10861|10884|12|58,115.0,True,regular_season
1430_007,1430,1,686.0,720.0,8,5,10865|11|13400|14|5,10860|10861|10884|12|58,34.0,True,regular_season
1430_008,1430,2,720.0,759.0,8,5,10865|11|13400|14|5,10860|10861|12|54|58,39.0,True,regular_season
1430_009,1430,2,759.0,807.0,8,5,1|10869|13400|14|5,10860|12|54|58|68,48.0,True,regular_season
1430_010,1430,2,807.0,859.0,8,5,1|10|10869|14|5,10860|12|54|58|68,52.0,True,regular_season
1430_011,1430,2,859.0,920.0,8,5,1|10|10869|14|4,10860|12|54|58|68,61.0,True,regular_season
1430_012,1430,2,920.0,951.0,8,5,1|10|10869|14|4,10860|54|57|58|68,31.0,True,regular_season
1430_013,1430,2,951.0,1013.0,8,5,1|10|10865|10869|14,10860|12|54|57|68,62.0,True,regular_season
1430_014,1430,2,1013.0,1114.0,8,5,1|10|10865|10869|14,10861|12|54|57|68,101.0,True,regular_season
1430_015,1430,2,1114.0,1140.0,8,5,1|10|10865|10869|14,10861|54|57|58|68,26.0,True,regular_season
1430_016,1430,2,1140.0,1259.0,8,5,1|10|10865|10869|5,10861|54|57|58|68,119.0,True,regular_season
1430_017,1430,2,1259.0,1291.0,8,5,1|10|10865|13400|5,10861|54|57|58|68,32.0,True,regular_season
1430_018,1430,2,1291.0,1355.0,8,5,1|10865|10869|13400|5,10861|54|57|58|68,64.0,True,regular_season
1430_019,1430,2,1355.0,1403.0,8,5,1|10|10865|10869|13400,10860|54|57|58|68,48.0,True,regular_season
1430_020,1430,2,1403.0,1440.0,8,5,1|10|10869|5|7,10860|54|57|58|68,37.0,True,regular_season
1430_021,1430,3,1440.0,1619.0,8,5,1|10|10869|13400|14,10861|54|57|58|68,179.0,True,regular_season
1430_022,1430,3,1619.0,1809.0,8,5,1|10869|13400|14|5,10861|54|57|58|68,190.0,True,regular_season
1430_023,1430,3,1809.0,1971.0,8,5,1|10|10865|10869|5,10860|12|54|58|68,162.0,True,regular_season
1430_024,1430,3,1971.0,2001.0,8,5,1|10|10865|10869|5,10860|12|57|58|68,30.0,True,regular_season
1430_025,1430,3,2001.0,2039.0,8,5,1|10|10865|10869|14,10860|12|57|58|68,38.0,True,regular_season
1430_026,1430,3,2039.0,2044.0,8,5,10|10865|10869|13400|14,10860|12|57|58|68,5.0,True,regular_season
1430_027,1430,3,2044.0,2074.0,8,5,1|10865|10869|13400|14,10860|12|57|58|68,30.0,True,regular_season
1430_028,1430,3,2074.0,2133.0,8,5,1|10|10869|13400|14,10860|12|54|57|68,59.0,True,regular_season
1430_029,1430,3,2133.0,2157.0,8,5,10|10865|13400|14|5,10860|10861|12|54|57,24.0,True,regular_season
1430_030,1430,3,2157.0,2160.0,8,5,1|10869|13400|14|5,10860|10861|12|54|57,3.0,True,regular_season
1430_031,1430,4,2160.0,2237.0,8,5,10865|10869|13400|14|5,10861|12|54|57|68,77.0,True,regular_season
1430_032,1430,4,2237.0,2299.0,8,5,10865|10869|13400|14|5,10861|54|57|62|68,62.0,True,regular_season
1430_033,1430,4,2299.0,2431.0,8,5,1|10865|10869|13400|5,10861|54|57|62|68,132.0,True,regular_season
1430_034,1430,4,2431.0,2463.0,8,5,1|10|10869|13400|5,10861|54|58|62|68,32.0,True,regular_season
1430_035,1430,4,2463.0,2520.0,8,5,1|10|10865|13400|5,10860|54|58|62|68,57.0,True,regular_season
1430_036,1430,4,2520.0,2696.0,8,5,1|10865|10869|13400|5,10860|54|58|62|68,176.0,True,regular_season
1430_037,1430,4,2696.0,2710.0,8,5,1|10|10869|14|5,10860|54|57|58|68,14.0,True,regular_season
1430_038,1430,4,2710.0,2805.0,8,5,10|10869|13400|14|5,10860|54|57|58|68,95.0,True,regular_season
1430_039,1430,4,2805.0,2849.0,8,5,1|10|10869|13400|5,10860|54|57|58|68,44.0,True,regular_season
1430_040,1430,4,2849.0,2866.0,8,5,10|10869|13400|14|5,10860|54|57|58|68,17.0,True,regular_season
1430_041,1430,4,2866.0,2868.0,8,5,1|10|10869|13400|14,10860|54|57|58|68,2.0,True,regular_season
1430_042,1430,4,2868.0,2880.0,8,5,10|10869|13400|14|5,10860|54|57|58|68,12.0,True,regular_season
1431_001,1431,1,0.0,264.0,3,7,103|106|13906|79|89,10872|10874|10875|29|32,264.0,True,regular_season
1431_002,1431,1,264.0,332.0,3,7,103|13777|13906|77|89,10872|13029|24|29|32,68.0,True,regular_season
1431_003,1431,1,332.0,450.0,3,7,13777|13906|77|79|89,10872|13029|24|29|32,118.0,True,regular_season
1431_004,1431,1,450.0,576.0,3,7,106|13777|77|79|86,10872|10875|13029|24|28,126.0,True,regular_season
1431_005,1431,1,576.0,605.0,3,7,106|13777|77|79|86,10875|13029|24|28|29,29.0,True,regular_season
1431_006,1431,1,605.0,720.0,3,7,106|13906|77|79|86,10875|13029|24|28|29,115.0,True,regular_season
1431_007,1431,2,720.0,852.0,3,7,103|106|13906|86|99,10875|13029|23|28|29,132.0,True,regular_season
1431_008,1431,2,852.0,911.0,3,7,103|106|13906|86|89,10872|13029|24|29|32,59.0,True,regular_season
1431_009,1431,2,911.0,1022.0,3,7,103|13777|13906|86|89,10872|13029|24|29|32,111.0,True,regular_season
1431_010,1431,2,1022.0,1139.0,3,7,13777|13906|77|79|89,10872|13029|22|24|32,117.0,True,regular_season
1431_011,1431,2,1139.0,1190.0,3,7,106|13777|77|79|89,10872|10875|22|29|32,51.0,True,regular_season
1431_012,1431,2,1190.0,1277.0,3,7,106|13906|77|79|89,10872|10873|10875|29|32,87.0,True,regular_season
1431_013,1431,2,1277.0,1290.0,3,7,106|13906|77|79|89,10874|13029|23|29|32,13.0,True,regular_season
1431_014,1431,2,1290.0,1419.0,3,7,106|13906|77|79|89,10874|10875|13029|23|29,129.0,True,regular_season
1431_015,1431,2,1419.0,1440.0,3,7,106|13906|77|79|89,10874|13029|24|29|32,21.0,True,regular_season
1431_016,1431,3,1440.0,1574.0,3,7,103|106|13906|79|89,10872|10874|10875|29|32,134.0,True,regular_season
1431_017,1431,3,1574.0,1642.0,3,7,103|106|13906|79|89,10874|10875|22|29|32,68.0,True,regular_season
1431_018,1431,3,1642.0,1821.0,3,7,13777|13906|77|79|86,10875|13029|22|24|29,179.0,True,regular_season
1431_019,1431,3,1821.0,1859.0,3,7,103|106|13777|77|86,10875|13029|22|24|29,38.0,True,regular_season
1431_020,1431,3,1859.0,1893.0,3,7,103|106|13777|77|86,13029|22|24|29|32,34.0,True,regular_season
1431_021,1431,3,1893.0,1947.0,3,7,103|106|13777|77|86,10872|13029|22|24|32,54.0,True,regular_season
1431_022,1431,3,1947.0,2020.0,3,7,106|13777|77|79|86,10872|13029|22|24|32,73.0,True,regular_season
1431_023,1431,3,2020.0,2114.0,3,7,106|13906|77|79|89,10875|13029|24|28|29,94.0,True,regular_season
1431_024,1431,3,2114.0,2115.0,3,7,106|13906|77|79|89,10874|10875|28|29|32,1.0,True,regular_season
1431_025,1431,3,2115.0,2123.0,3,7,106|13906|79|89|99,10874|10875|28|29|32,8.0,True,regular_season
1431_026,1431,3,2123.0,2144.0,3,7,106|13906|79|89|99,10872|10874|10875|29|32,21.0,True,regular_season
1431_027,1431,3,2144.0,2160.0,3,7,106|13906|79|89|99,10874|10875|28|29|32,16.0,True,regular_season
1431_028,1431,4,2160.0,2345.0,3,7,13777|13906|79|89|99,10875|13029|24|28|29,185.0,True,regular_season
1431_029,1431,4,2345.0,2364.0,3,7,106|13906|79|89|99,10875|13029|24|28|29,19.0,True,regular_season
1431_030,1431,4,2364.0,2474.0,3,7,103|106|13906|79|89,10875|13029|24|28|29,110.0,True,regular_season
1431_031,1431,4,2474.0,2550.0,3,7,103|106|13906|79|89,10872|13029|23|28|32,76.0,True,regular_season
1431_032,1431,4,2550.0,2571.0,3,7,103|13777|13906|79|89,13029|23|28|29|32,21.0,True,regular_season
1431_033,1431,4,2571.0,2664.0,3,7,103|13777|13906|79|89,13029|24|28|29|32,93.0,True,regular_season
1431_034,1431,4,2664.0,2677.0,3,7,13777|13906|77|86|89,10872|10875|28|29|32,13.0,True,regular_season
1431_035,1431,4,2677.0,2704.0,3,7,13777|13906|77|86|89,10872|10874|10875|29|32,27.0,True,regular_season
1431_036,1431,4,2704.0,2769.0,3,7,106|13906|77|86|89,10872|10874|10875|29|32,65.0,True,regular_season
1431_037,1431,4,2769.0,2791.0,3,7,13906|77|86|89|95,10872|10874|10875|23|29,22.0,True,regular_season
1431_038,1431,4,2791.0,2851.0,3,7,101|77|86|89|95,10871|10872|10873|10874|23,60.0,True,regular_season
1431_039,1431,4,2851.0,2866.0,3,7,101|89|91|95|97,10871|10872|10873|10874|23,15.0,True,regular_season
1431_040,1431,4,2866.0,2880.0,3,7,101|83|91|95|97,10871|10872|10873|10874|23,14.0,True,regular_season
1432_001,1432,1,0.0,331.0,8,6,1|10|10869|13400|14,104|10877|39|40|8889,331.0,True,regular_season
1432_002,1432,1,331.0,373.0,8,6,1|10865|10869|13400|14,104|10877|39|40|8889,42.0,True,regular_season
1432_003,1432,1,373.0,460.0,8,6,1|10865|10869|13400|14,104|10877|40|43|8889,87.0,True,regular_season
1432_004,1432,1,460.0,482.0,8,6,1|10865|10869|13400|14,10877|10880|40|43|8889,22.0,True,regular_season
1432_005,1432,1,482.0,501.0,8,6,1|10|10869|13400|5,10877|10880|40|43|8889,19.0,True,regular_season
1432_006,1432,1,501.0,576.0,8,6,1|10|10869|13400|5,10877|10879|10880|43|8889,75.0,True,regular_season
1432_007,1432,1,576.0,605.0,8,6,1|13400|14|4|5,10877|10879|10880|43|8889,29.0,True,regular_season
1432_008,1432,1,605.0,611.0,8,6,10863|13400|14|4|5,10877|10879|10880|43|8889,6.0,True,regular_season
1432_009,1432,1,611.0,669.0,8,6,10863|13400|14|4|5,104|10877|10879|10880|43,58.0,True,regular_season
1432_010,1432,1,669.0,716.0,8,6,10|10863|10869|4|5,104|10879|10880|43|47,47.0,True,regular_season
1432_011,1432,1,716.0,720.0,8,6,1|10|10869|4|5,104|10879|113|43|47,4.0,True,regular_season
1432_012,1432,2,720.0,809.0,8,6,10|10863|10869|4|5,104|10879|10880|43|47,89.0,True,regular_season
1432_013,1432,2,809.0,868.0,8,6,10|10863|10869|13400|5,104|10879|10880|43|47,59.0,True,regular_season
1432_014,1432,2,868.0,902.0,8,6,10|10863|13400|4|5,104|10879|10880|43|47,34.0,True,regular_season
1432_015,1432,2,902.0,961.0,8,6,1|10|13400|4|5,104|10879|10880|43|47,59.0,True,regular_season
1432_016,1432,2,961.0,1075.0,8,6,1|10|10869|13400|5,10877|10879|10880|40|8889,114.0,True,regular_season
1432_017,1432,2,1075.0,1114.0,8,6,1|10865|10869|13400|14,10877|10879|10880|40|8889,39.0,True,regular_season
1432_018,1432,2,1114.0,1355.0,8,6,1|10865|10869|13400|14,10877|10880|40|43|8889,241.0,True,regular_season
1432_019,1432,2,1355.0,1440.0,8,6,1|10|13400|14|5,10877|10880|40|43|8889,85.0,True,regular_season
1432_020,1432,3,1440.0,1645.0,8,6,1|10|10869|13400|14,10877|10880|40|43|8889,205.0,True,regular_season
1432_021,1432,3,1645.0,1810.0,8,6,1|10865|10869|13400|14,10877|10880|40|43|8889,165.0,True,regular_season
1432_022,1432,3,1810.0,1898.0,8,6,10863|10865|13400|14|4,10877|10880|40|43|8889,88.0,True,regular_season
1432_023,1432,3,1898.0,1941.0,8,6,10|10863|10865|10869|4,10877|10880|40|43|8889,43.0,True,regular_season
1432_024,1432,3,1941.0,1998.0,8,6,10|10863|10864|10865|10869,10877|10879|10880|43|8889,57.0,True,regular_season
1432_025,1432,3,1998.0,2024.0,8,6,10|10863|10864|10865|10869,10877|10879|10880|48|8889,26.0,True,regular_season
1432_026,1432,3,2024.0,2042.0,8,6,10|10863|10864|10869|5,104|10877|10879|48|8889,18.0,True,regular_season
1432_027,1432,3,2042.0,2159.0,8,6,1|10|10864|10869|5,104|10877|10879|48|8889,117.0,True,regular_season
1432_028,1432,3,2159.0,2160.0,8,6,1|10|10864|10869|5,104|10879|10880|47|48,1.0,True,regular_season
1432_029,1432,4,2160.0,2221.0,8,6,1|10|10864|10869|5,104|10880|40|43|47,61.0,True,regular_season
1432_030,1432,4,2221.0,2290.0,8,6,1|10|10869|4|5,104|10880|40|43|47,69.0,True,regular_season
1432_031,1432,4,2290.0,2384.0,8,6,1|10864|14|4|5,104|10880|40|43|47,94.0,True,regular_season
1432_032,1432,4,2384.0,2417.0,8,6,1|10869|13400|14|5,104|10877|40|43|8889,33.0,True,regular_season
1432_033,1432,4,2417.0,2512.0,8,6,1|10|13400|14|5,104|10877|40|43|8889,95.0,True,regular_season
1432_034,1432,4,2512.0,2554.0,8,6,1|10869|14|4|5,104|10877|40|43|8889,42.0,True,regular_season
1432_035,1432,4,2554.0,2559.0,8,6,1|10865|10869|14|5,104|10877|40|43|8889,5.0,True,regular_season
1432_036,1432,4,2559.0,2566.0,8,6,10865|10869|14|4|5,104|10877|40|43|8889,7.0,True,regular_season
1432_037,1432,4,2566.0,2609.0,8,6,1|10865|10869|14|5,104|10877|40|43|8889,43.0,True,regular_season
1432_038,1432,4,2609.0,2656.0,8,6,1|10865|10869|14|5,10877|10880|40|43|8889,47.0,True,regular_season
1432_039,1432,4,2656.0,2713.0,8,6,1|10869|14|4|5,10877|10880|40|43|8889,57.0,True,regular_season
1432_040,1432,4,2713.0,2762.0,8,6,1|10865|10869|14|5,10877|10880|40|43|8889,49.0,True,regular_season
1432_041,1432,4,2762.0,2797.0,8,6,10|10863|10864|10865|14,10877|10880|40|43|8889,35.0,True,regular_season
1432_042,1432,4,2797.0,2800.0,8,6,10|10863|10864|10865|14,104|10880|40|43|48,3.0,True,regular_season
1432_043,1432,4,2800.0,2822.0,8,6,10863|10864|10865|2|4,104|10880|40|43|48,22.0,True,regular_season
1432_044,1432,4,2822.0,2880.0,8,6,10863|10864|10865|2|4,104|10879|10880|39|48,58.0,True,regular_season
1433_001,1433,1,0.0,100.0,3,5,103|106|13906|79|89,16|54|57|62|68,100.0,True,regular_season
1433_002,1433,1,100.0,347.0,3,5,103|106|13777|79|89,16|54|57|62|68,247.0,True,regular_season
1433_003,1433,1,347.0,401.0,3,5,103|106|13777|77|86,16|54|57|58|68,54.0,True,regular_season
1433_004,1433,1,401.0,413.0,3,5,13777|13906|77|86|99,16|54|57|58|68,12.0,True,regular_season
1433_005,1433,1,413.0,438.0,3,5,13777|13906|77|86|99,10860|54|57|58|68,25.0,True,regular_season
1433_006,1433,1,438.0,623.0,3,5,13777|13906|77|86|99,10860|12|54|58|68,185.0,True,regular_season
1433_007,1433,1,623.0,720.0,3,5,106|13906|77|86|99,10860|10884|12|16|58,97.0,True,regular_season
1433_008,1433,2,720.0,798.0,3,5,103|106|13906|79|89,10860|10884|12|16|58,78.0,True,regular_season
1433_009,1433,2,798.0,863.0,3,5,103|106|13906|79|89,10860|12|16|58|62,65.0,True,regular_season
1433_010,1433,2,863.0,916.0,3,5,103|106|13777|79|89,10860|12|16|58|62,53.0,True,regular_season
1433_011,1433,2,916.0,1025.0,3,5,103|106|13777|79|89,12|16|58|62|68,109.0,True,regular_season
1433_012,1433,2,1025.0,1163.0,3,5,13777|13906|77|79|89,16|54|58|62|68,138.0,True,regular_season
1433_013,1433,2,1163.0,1250.0,3,5,103|13777|13906|77|86,16|54|57|58|68,87.0,True,regular_season
1433_014,1433,2,1250.0,1349.0,3,5,103|106|13777|77|86,16|54|57|58|68,99.0,True,regular_season
1433_015,1433,2,1349.0,1440.0,3,5,103|106|13777|79|86,16|54|57|58|68,91.0,True,regular_season
1433_016,1433,3,1440.0,1730.0,3,5,103|106|13906|79|89,16|54|57|58|68,290.0,True,regular_season
1433_017,1433,3,1730.0,1794.0,3,5,13777|13906|77|79|89,16|54|57|58|68,64.0,True,regular_season
1433_018,1433,3,1794.0,2010.0,3,5,106|13777|77|86|89,16|54|57|58|68,216.0,True,regular_season
1433_019,1433,3,2010.0,2047.0,3,5,103|106|13906|79|86,10860|12|57|58|68,37.0,True,regular_season
1433_020,1433,3,2047.0,2092.0,3,5,103|13777|13906|79|86,10860|12|57|58|68,45.0,True,regular_season
1433_021,1433,3,2092.0,2160.0,3,5,103|13777|13906|79|86,10860|12|54|58|68,68.0,True,regular_season
1433_022,1433,4,2160.0,2300.0,3,5,103|13777|13906|79|89,10860|12|16|54|57,140.0,True,regular_season
1433_023,1433,4,2300.0,2310.0,3,5,103|106|13777|77|89,10860|12|16|54|57,10.0,True,regular_season
1433_024,1433,4,2310.0,2391.0,3,5,103|106|13777|77|89,10860|12|54|57|68,81.0,True,regular_season
1433_025,1433,4,2391.0,2409.0,3,5,103|106|13906|77|89,10860|12|54|57|68,18.0,True,regular_season
1433_026,1433,4,2409.0,2503.0,3,5,103|106|13906|77|89,10860|12|54|58|68,94.0,True,regular_season
1433_027,1433,4,2503.0,2570.0,3,5,103|106|13906|77|89,16|54|57|58|68,67.0,True,regular_season
1433_028,1433,4,2570.0,2806.0,3,5,106|13906|77|86|89,16|54|57|58|68,236.0,True,regular_season
1433_029,1433,4,2806.0,2880.0,3,5,103|106|13906|79|89,16|54|57|58|68,74.0,True,regular_season
1434_011,1434,2,720.0,761.0,8,4,1|10|10869|13400|14,10862|10888|75|87|88,41.0,True,regular_season
1434_012,1434,2,761.0,819.0,8,4,1|10869|13400|14|3,10862|10888|76|87|88,58.0,True,regular_season
1434_013,1434,2,819.0,912.0,8,4,10863|10869|13400|14|3,10862|10888|76|87|88,93.0,True,regular_season
1434_014,1434,2,912.0,975.0,8,4,10863|10869|13907|14|3,10862|10888|76|87|88,63.0,True,regular_season
1434_015,1434,2,975.0,1075.0,8,4,10863|10869|13907|14|3,10862|10888|75|76|88,100.0,True,regular_season
1434_016,1434,2,1075.0,1165.0,8,4,1|10869|13400|14|3,10885|10887|10888|75|76,90.0,True,regular_season
1434_017,1434,2,1165.0,1220.0,8,4,1|10|13400|13907|3,10885|10887|10888|75|76,55.0,True,regular_season
1434_018,1434,2,1220.0,1228.0,8,4,1|10|10865|13400|13907,10885|10887|10888|75|76,8.0,True,regular_season
1434_019,1434,2,1228.0,1437.0,8,4,1|10|10865|13400|13907,10862|10885|10887|75|76,209.0,True,regular_season
1434_020,1434,2,1437.0,1439.0,8,4,1|10865|10869|13907|3,10862|10885|10887|75|76,2.0,True,regular_season
1434_021,1434,2,1439.0,1440.0,8,4,10|10865|13907|14|3,10862|10885|10887|75|76,1.0,True,regular_season
1434_022,1434,3,1440.0,1718.0,8,4,1|10|10869|13400|14,10885|10887|10888|75|76,278.0,True,regular_season
1434_023,1434,3,1718.0,1758.0,8,4,1|10865|10869|13400|14,10885|10887|10888|75|76,40.0,True,regular_season
1434_024,1434,3,1758.0,1795.0,8,4,1|10|13400|13907|14,10885|10887|10888|75|76,37.0,True,regular_season
1434_025,1434,3,1795.0,1873.0,8,4,1|10|13400|13907|14,10862|10885|10887|75|76,78.0,True,regular_season
1434_026,1434,3,1873.0,1882.0,8,4,1|10|13400|13907|14,10862|10887|75|76|78,9.0,True,regular_season
1434_027,1434,3,1882.0,1921.0,8,4,1|13400|13907|14|5,10862|10887|75|76|78,39.0,True,regular_season
1434_028,1434,3,1921.0,1977.0,8,4,1|10869|13907|14|5,10862|10887|75|76|78,56.0,True,regular_season
1434_029,1434,3,1977.0,2039.0,8,4,1|10865|10869|13907|5,10862|10887|75|76|78,62.0,True,regular_season
1434_030,1434,3,2039.0,2059.0,8,4,10863|10865|10869|13907|5,10862|10887|75|78|88,20.0,True,regular_season
1434_031,1434,3,2059.0,2160.0,8,4,10863|10865|10869|13907|5,10862|10888|75|78|88,101.0,True,regular_season
1434_032,1434,4,2160.0,2246.0,8,4,10863|10869|13907|14|5,10862|10888|75|78|88,86.0,True,regular_season
1434_033,1434,4,2246.0,2325.0,8,4,10865|10869|13907|14|5,10862|10888|75|78|88,79.0,True,regular_season
1434_034,1434,4,2325.0,2446.0,8,4,10|10865|10869|13907|5,10862|10887|75|76|78,121.0,True,regular_season
1434_035,1434,4,2446.0,2569.0,8,4,10|10865|10869|13907|5,10862|10885|10887|76|78,123.0,True,regular_season
1434_036,1434,4,2569.0,2880.0,8,4,10|10865|10869|13907|5,10862|10887|75|76|78,311.0,True,regular_season
1435_001,1435,1,0.0,332.0,6,2,10877|10880|39|40|8889,109|111|122|14037|51,332.0,True,regular_season
1435_002,1435,1,332.0,360.0,6,2,10877|10880|40|43|8889,121|122|12668|14037|45,28.0,True,regular_season
1435_003,1435,1,360.0,424.0,6,2,10877|10880|40|43|8889,110|121|122|12668|45,64.0,True,regular_season
1435_004,1435,1,424.0,437.0,6,2,10877|10880|40|43|8889,110|121|12668|13275|45,13.0,True,regular_season
1435_005,1435,1,437.0,452.0,6,2,10877|10880|40|43|8889,110|111|121|12668|13275,15.0,True,regular_season
1435_006,1435,1,452.0,496.0,6,2,104|10877|40|43|8889,110|111|121|12668|13275,44.0,True,regular_season
1435_007,1435,1,496.0,563.0,6,2,104|10877|10879|43|8889,109|110|111|121|12668,67.0,True,regular_season
1435_008,1435,1,563.0,589.0,6,2,104|10877|10879|43|8889,109|110|111|12668|51,26.0,True,regular_season
1435_009,1435,1,589.0,641.0,6,2,104|10879|43|47|8889,109|110|111|12668|51,52.0,True,regular_season
1435_010,1435,1,641.0,720.0,6,2,104|10879|43|44|47,109|110|111|12668|51,79.0,True,regular_season
1435_011,1435,2,720.0,833.0,6,2,104|10879|10880|43|47,109|111|122|14037|51,113.0,True,regular_season
1435_012,1435,2,833.0,972.0,6,2,104|10879|10880|40|47,109|111|122|14037|51,139.0,True,regular_season
1435_013,1435,2,972.0,1019.0,6,2,104|10879|10880|40|47,109|111|122|12668|14037,47.0,True,regular_season
1435_014,1435,2,1019.0,1148.0,6,2,104|10877|40|43|8889,109|121|12668|13275|14037,129.0,True,regular_season
1435_015,1435,2,1148.0,1188.0,6,2,104|10877|40|43|8889,109|121|122|12668|51,40.0,True,regular_season
1435_016,1435,2,1188.0,1226.0,6,2,104|10877|40|43|8889,109|110|122|12668|51,38.0,True,regular_season
1435_017,1435,2,1226.0,1313.0,6,2,104|10877|40|43|8889,110|111|122|12668|51,87.0,True,regular_season
1435_018,1435,2,1313.0,1440.0,6,2,104|10877|40|43|8889,110|122|12668|14037|45,127.0,True,regular_season
1435_019,1435,3,1440.0,1586.0,6,2,104|10877|40|43|8889,110|111|122|12668|14037,146.0,True,regular_season
1435_020,1435,3,1586.0,1632.0,6,2,104|10877|40|43|8889,110|122|12668|14037|45,46.0,True,regular_season
1435_021,1435,3,1632.0,1750.0,6,2,104|10877|43|48|8889,110|122|12668|14037|45,118.0,True,regular_season
1435_022,1435,3,1750.0,1851.0,6,2,10877|10880|43|48|8889,109|122|14037|45|51,101.0,True,regular_season
1435_023,1435,3,1851.0,2014.0,6,2,10877|10880|39|48|8889,109|122|12668|45|51,163.0,True,regular_season
1435_024,1435,3,2014.0,2160.0,6,2,104|10880|39|40|48,108|111|12668|13275|51,146.0,True,regular_season
1435_025,1435,4,2160.0,2183.0,6,2,104|10880|39|40|48,108|111|116|12668|14037,23.0,True,regular_season
1435_026,1435,4,2183.0,2358.0,6,2,104|10880|39|40|47,108|111|116|12668|14037,175.0,True,regular_season
1435_027,1435,4,2358.0,2422.0,6,2,104|10880|39|40|47,111|116|12668|14037|45,64.0,True,regular_season
1435_028,1435,4,2422.0,2424.0,6,2,104|10879|10880|39|47,111|116|12668|14037|45,2.0,True,regular_season
1435_029,1435,4,2424.0,2495.0,6,2,104|10879|10880|39|47,111|116|14037|45|51,71.0,True,regular_season
1435_030,1435,4,2495.0,2585.0,6,2,104|10879|10880|39|47,10891|116|121|14037|51,90.0,True,regular_season
1435_031,1435,4,2585.0,2649.0,6,2,10879|113|38|44|47,10891|116|121|13275|14037,64.0,True,regular_season
1435_032,1435,4,2649.0,2880.0,6,2,10879|113|35|38|44,108|10891|116|13275|14037,231.0,True,regular_season
1436_001,1436,1,0.0,102.0,4,3,10885|10887|10888|75|76,103|13777|13906|77|89,102.0,True,regular_season
1436_002,1436,1,102.0,123.0,4,3,10862|10885|10887|75|76,103|13777|13906|77|89,21.0,True,regular_season
1436_003,1436,1,123.0,204.0,4,3,10862|10885|10887|75|76,103|106|13906|77|89,81.0,True,regular_season
1436_004,1436,1,204.0,238.0,4,3,10862|10885|10887|75|76,103|106|13777|77|89,34.0,True,regular_season
1436_005,1436,1,238.0,292.0,4,3,10862|10885|10888|75|76,103|106|13777|77|86,54.0,True,regular_season
1436_006,1436,1,292.0,364.0,4,3,10862|10885|10888|75|76,106|13777|77|86|99,72.0,True,regular_season
1436_007,1436,1,364.0,421.0,4,3,10862|10885|10888|76|78,103|106|13777|86|99,57.0,True,regular_season
1436_008,1436,1,421.0,449.0,4,3,10885|10887|10888|76|78,103|106|13777|86|99,28.0,True,regular_season
1436_009,1436,1,449.0,522.0,4,3,10885|10887|10888|76|78,103|13777|13906|86|99,73.0,True,regular_season
1436_010,1436,1,522.0,551.0,4,3,10887|10888|75|78|88,103|13777|13906|77|86,29.0,True,regular_season
1436_011,1436,1,551.0,607.0,4,3,10887|10888|75|78|88,103|13777|13906|77|89,56.0,True,regular_season
1436_012,1436,1,607.0,720.0,4,3,10887|10888|75|87|88,103|13777|13906|77|89,113.0,True,regular_season
1436_013,1436,2,720.0,894.0,4,3,10887|10888|75|87|88,106|13906|77|89|99,174.0,True,regular_season
1436_014,1436,2,894.0,954.0,4,3,10862|10887|75|87|88,103|106|13906|77|89,60.0,True,regular_season
1436_015,1436,2,954.0,1002.0,4,3,10862|10887|75|87|88,103|13777|13906|77|89,48.0,True,regular_season
1436_016,1436,2,1002.0,1078.0,4,3,10862|10887|75|87|88,103|13777|13906|83|86,76.0,True,regular_season
1436_017,1436,2,1078.0,1099.0,4,3,10862|10885|10887|76|87,103|13777|13906|83|86,21.0,True,regular_season
1436_018,1436,2,1099.0,1156.0,4,3,10862|10885|10888|76|87,103|13777|13906|83|86,57.0,True,regular_season
1436_019,1436,2,1156.0,1239.0,4,3,10862|10885|10888|76|87,13777|13906|77|83|86,83.0,True,regular_season
1436_020,1436,2,1239.0,1284.0,4,3,10885|10887|10888|76|87,13777|13906|77|83|86,45.0,True,regular_season
1436_021,1436,2,1284.0,1334.0,4,3,10885|10887|10888|75|76,13777|13906|77|83|86,50.0,True,regular_season
1436_022,1436,2,1334.0,1433.0,4,3,10885|10887|10888|75|76,103|13777|13906|77|89,99.0,True,regular_season
1436_023,1436,2,1433.0,1440.0,4,3,10885|10887|10888|75|87,103|13777|13906|77|89,7.0,True,regular_season
1436_024,1436,3,1440.0,1643.0,4,3,10885|10887|10888|75|76,103|13777|13906|77|89,203.0,True,regular_season
1436_025,1436,3,1643.0,1755.0,4,3,10885|10887|10888|75|76,103|106|13777|77|89,112.0,True,regular_season
1436_026,1436,3,1755.0,1794.0,4,3,10885|10887|10888|75|76,103|106|13777|77|86,39.0,True,regular_season
1436_027,1436,3,1794.0,1867.0,4,3,10862|10885|10888|75|76,103|106|13906|77|86,73.0,True,regular_season
1436_028,1436,3,1867.0,1899.0,4,3,10862|10885|10888|75|76,106|13906|77|83|86,32.0,True,regular_season
1436_029,1436,3,1899.0,1938.0,4,3,10862|10885|10888|76|87,106|13906|77|83|86,39.0,True,regular_season
1436_030,1436,3,1938.0,2085.0,4,3,10862|10885|10888|87|88,106|13906|77|83|86,147.0,True,regular_season
1436_031,1436,3,2085.0,2150.0,4,3,10862|10887|75|87|88,103|13777|13906|83|86,65.0,True,regular_season
1436_032,1436,3,2150.0,2160.0,4,3,10862|10885|10887|75|87,103|13777|13906|83|86,10.0,True,regular_season
1436_033,1436,4,2160.0,2291.0,4,3,10862|10887|75|87|88,103|106|13777|77|86,131.0,True,regular_season
1436_034,1436,4,2291.0,2352.0,4,3,10862|10887|75|87|88,103|106|13777|77|89,61.0,True,regular_season
1436_035,1436,4,2352.0,2360.0,4,3,10862|10885|10887|75|76,103|106|13777|77|89,8.0,True,regular_season
1436_036,1436,4,2360.0,2524.0,4,3,10885|10887|10888|75|76,103|106|13777|77|89,164.0,True,regular_season
1436_037,1436,4,2524.0,2609.0,4,3,10862|10885|10888|75|76,103|106|13906|83|89,85.0,True,regular_season
1436_038,1436,4,2609.0,2619.0,4,3,10862|10885|10888|75|76,103|106|13906|86|89,10.0,True,regular_season
1436_039,1436,4,2619.0,2693.0,4,3,10862|10885|10888|75|76,103|13777|13906|86|89,74.0,True,regular_season
1436_040,1436,4,2693.0,2725.0,4,3,10862|10885|10887|75|76,13777|13906|77|86|89,32.0,True,regular_season
1436_041,1436,4,2725.0,2742.0,4,3,10862|10885|10887|75|76,106|13777|13906|77|86,17.0,True,regular_season
1436_042,1436,4,2742.0,2816.0,4,3,10862|10885|10887|75|76,103|106|13906|77|86,74.0,True,regular_season
1436_043,1436,4,2816.0,2836.0,4,3,10885|10887|10888|75|76,103|106|13906|77|86,20.0,True,regular_season
1436_044,1436,4,2836.0,2837.0,4,3,10862|10885|10887|75|76,103|106|13906|77|86,1.0,True,regular_season
1436_045,1436,4,2837.0,2871.0,4,3,10862|10885|10887|75|76,103|13777|13906|77|86,34.0,True,regular_season
1436_046,1436,4,2871.0,2872.0,4,3,10862|10885|10887|75|76,103|13777|13906|77|89,1.0,True,regular_season
1436_047,1436,4,2872.0,2880.0,4,3,10862|10885|10887|75|76,103|13777|13906|77|86,8.0,True,regular_season
1437_001,1437,1,0.0,361.0,6,8,10877|10881|38|40|8889,1|10|10869|13907|14,361.0,True,regular_season
1437_002,1437,1,361.0,446.0,6,8,10877|10881|38|40|8889,1|10|13400|13907|14,85.0,True,regular_season
1437_003,1437,1,446.0,564.0,6,8,10877|10881|40|43|8889,1|10|10865|10869|13400,118.0,True,regular_season
1437_004,1437,1,564.0,577.0,6,8,10877|10881|43|48|8889,1|10865|10869|13907|5,13.0,True,regular_season
1437_005,1437,1,577.0,578.0,6,8,10877|10881|43|48|8889,10863|10865|10869|13907|5,1.0,True,regular_season
1437_006,1437,1,578.0,622.0,6,8,104|10877|43|48|8889,10863|10865|10869|13907|5,44.0,True,regular_season
1437_007,1437,1,622.0,720.0,6,8,104|40|43|48|8889,10863|10865|10869|13400|5,98.0,True,regular_season
1437_008,1437,2,720.0,871.0,6,8,104|10881|40|43|47,1|10869|13907|14|5,151.0,True,regular_season
1437_009,1437,2,871.0,1064.0,6,8,104|10881|40|43|47,1|10|10869|13907|5,193.0,True,regular_season
1437_010,1437,2,1064.0,1161.0,6,8,10877|10881|40|43|8889,1|10|10869|13907|5,97.0,True,regular_season
1437_011,1437,2,1161.0,1196.0,6,8,10877|10881|40|43|8889,1|10|10869|13907|14,35.0,True,regular_season
1437_012,1437,2,1196.0,1259.0,6,8,10877|10879|10881|40|8889,1|10|13400|13907|14,63.0,True,regular_season
1437_013,1437,2,1259.0,1264.0,6,8,104|10877|10879|40|8889,1|10|13400|13907|14,5.0,True,regular_season
1437_014,1437,2,1264.0,1334.0,6,8,104|10877|10879|40|8889,1|10|10869|13400|14,70.0,True,regular_season
1437_015,1437,2,1334.0,1432.0,6,8,104|10877|10879|43|8889,1|10|10865|10869|13400,98.0,True,regular_season
1437_016,1437,2,1432.0,1440.0,6,8,104|10877|10879|43|8889,10|10865|10869|13400|14,8.0,True,regular_season
1437_017,1437,3,1440.0,1672.0,6,8,104|10877|40|43|8889,1|10|10869|13907|14,232.0,True,regular_season
1437_018,1437,3,1672.0,1734.0,6,8,10877|10881|40|43|8889,1|10|10869|13907|14,62.0,True,regular_season
1437_019,1437,3,1734.0,1819.0,6,8,10877|10881|40|43|8889,1|10869|13907|14|5,85.0,True,regular_season
1437_020,1437,3,1819.0,1828.0,6,8,104|10881|40|43|47,1|10869|13907|14|5,9.0,True,regular_season
1437_021,1437,3,1828.0,1942.0,6,8,104|10881|40|43|47,1|10|10869|13907|5,114.0,True,regular_season
1437_022,1437,3,1942.0,2007.0,6,8,104|10877|10881|40|47,1|10|10869|13907|5,65.0,True,regular_season
1437_023,1437,3,2007.0,2085.0,6,8,104|10877|10881|40|47,10|10869|13907|14|5,78.0,True,regular_season
1437_024,1437,3,2085.0,2156.0,6,8,104|10877|10881|40|47,1|10|10869|13907|14,71.0,True,regular_season
1437_025,1437,3,2156.0,2160.0,6,8,104|10877|10881|40|47,10|10865|10869|14|5,4.0,True,regular_season
1437_026,1437,4,2160.0,2288.0,6,8,10877|10881|40|43|8889,1|10|10869|13907|5,128.0,True,regular_season
1437_027,1437,4,2288.0,2393.0,6,8,10877|10881|40|43|8889,1|10|13907|14|5,105.0,True,regular_season
1437_028,1437,4,2393.0,2550.0,6,8,10877|10881|40|43|8889,1|10|10869|13907|5,157.0,True,regular_season
1437_029,1437,4,2550.0,2608.0,6,8,104|10877|40|48|8889,10|10865|10869|13907|5,58.0,True,regular_season
1437_030,1437,4,2608.0,2717.0,6,8,104|10877|40|48|8889,1|10|10869|13907|5,109.0,True,regular_season
1437_031,1437,4,2717.0,2719.0,6,8,104|10877|43|48|8889,1|10|10869|13907|5,2.0,True,regular_season
1437_032,1437,4,2719.0,2783.0,6,8,104|10877|43|48|8889,1|10869|13907|14|5,64.0,True,regular_season
1437_033,1437,4,2783.0,2811.0,6,8,104|10877|10881|43|48,1|10869|13907|14|5,28.0,True,regular_season
1437_034,1437,4,2811.0,2817.0,6,8,104|10877|10881|43|48,10|10865|13907|14|5,6.0,True,regular_season
1437_035,1437,4,2817.0,2826.0,6,8,104|10877|10881|43|48,1|10869|13907|14|5,9.0,True,regular_season
1437_036,1437,4,2826.0,2836.0,6,8,10877|40|43|48|8889,1|10869|13907|14|5,10.0,True,regular_season
1437_037,1437,4,2836.0,2880.0,6,8,10877|10881|40|43|48,1|10|10869|13907|5,44.0,True,regular_season
1438_001,1438,1,0.0,324.0,4,7,10885|10887|10888|75|76,10875|14038|22|28|29,324.0,True,regular_season
1438_002,1438,1,324.0,375.0,4,7,10862|10885|10888|75|76,10875|14038|22|28|29,51.0,True,regular_season
1438_003,1438,1,375.0,499.0,4,7,10862|10885|10888|75|88,10872|14038|22|29|32,124.0,True,regular_season
1438_004,1438,1,499.0,622.0,4,7,10862|10887|75|87|88,10872|10874|10875|29|32,123.0,True,regular_season
1438_005,1438,1,622.0,703.0,4,7,10862|10887|75|87|88,10872|10874|10875|22|32,81.0,True,regular_season
1438_006,1438,1,703.0,720.0,4,7,10862|10887|75|87|88,10872|10875|22|29|32,17.0,True,regular_season
1438_007,1438,2,720.0,758.0,4,7,10862|10887|76|87|88,10872|10875|22|29|32,38.0,True,regular_season
1438_008,1438,2,758.0,901.0,4,7,10862|10887|76|87|88,10872|10875|14038|22|29,143.0,True,regular_season
1438_009,1438,2,901.0,968.0,4,7,10887|10888|76|87|88,10872|14038|28|29|32,67.0,True,regular_season
1438_010,1438,2,968.0,996.0,4,7,10885|10887|10888|76|87,10872|14038|28|29|32,28.0,True,regular_season
1438_011,1438,2,996.0,1089.0,4,7,10885|10887|10888|75|76,10872|14038|28|29|32,93.0,True,regular_season
1438_012,1438,2,1089.0,1244.0,4,7,10885|10887|10888|75|76,10872|10875|14038|28|29,155.0,True,regular_season
1438_013,1438,2,1244.0,1307.0,4,7,10885|10887|10888|75|76,10875|14038|22|28|29,63.0,True,regular_season
1438_014,1438,2,1307.0,1395.0,4,7,10885|10887|10888|75|80,10875|22|28|29|32,88.0,True,regular_season
1438_015,1438,2,1395.0,1405.0,4,7,10885|10887|10888|75|80,10872|10875|22|29|32,10.0,True,regular_season
1438_016,1438,2,1405.0,1440.0,4,7,10862|10885|10887|75|78,10872|14038|22|29|32,35.0,True,regular_season
1438_017,1438,3,1440.0,1632.0,4,7,10885|10887|10888|75|76,10875|14038|22|28|29,192.0,True,regular_season
1438_018,1438,3,1632.0,1648.0,4,7,10885|10887|10888|75|76,10872|10875|14038|22|29,16.0,True,regular_season
1438_019,1438,3,1648.0,1754.0,4,7,10885|10887|10888|75|76,10872|14038|22|29|32,106.0,True,regular_season
1438_020,1438,3,1754.0,1927.0,4,7,10862|10887|75|76|78,10872|10874|14038|29|32,173.0,True,regular_season
1438_021,1438,3,1927.0,1961.0,4,7,10862|10888|75|78|88,10872|10874|14038|29|32,34.0,True,regular_season
1438_022,1438,3,1961.0,1981.0,4,7,10862|10888|75|78|88,10872|10874|10875|29|32,20.0,True,regular_season
1438_023,1438,3,1981.0,2042.0,4,7,10862|10888|75|78|88,10874|10875|22|29|32,61.0,True,regular_season
1438_024,1438,3,2042.0,2067.0,4,7,10862|10888|75|78|88,10874|10875|14038|22|29,25.0,True,regular_season
1438_025,1438,3,2067.0,2160.0,4,7,10862|10888|76|78|88,10872|10874|10875|14038|22,93.0,True,regular_season
1438_026,1438,4,2160.0,2259.0,4,7,10862|10888|76|78|88,10872|10874|10875|14038|22,99.0,True,regular_season
1438_027,1438,4,2259.0,2320.0,4,7,10862|10888|76|78|88,10872|10874|14038|22|32,61.0,True,regular_season
1438_028,1438,4,2320.0,2389.0,4,7,10862|10887|75|76|88,10872|10874|14038|29|32,69.0,True,regular_season
1438_029,1438,4,2389.0,2437.0,4,7,10862|10887|75|76|88,10872|10874|10875|14038|29,48.0,True,regular_season
1438_030,1438,4,2437.0,2616.0,4,7,10862|10885|10887|75|76,10872|10874|14038|29|32,179.0,True,regular_season
1438_031,1438,4,2616.0,2624.0,4,7,10862|10885|10887|75|76,10872|10874|10875|14038|22,8.0,True,regular_season
1438_032,1438,4,2624.0,2748.0,4,7,10862|10885|10887|75|76,10872|10875|14038|22|29,124.0,True,regular_season
1438_033,1438,4,2748.0,2767.0,4,7,10862|10885|10887|75|76,10874|10875|14038|22|29,19.0,True,regular_season
1438_034,1438,4,2767.0,2880.0,4,7,10862|10885|10887|75|76,10872|10874|14038|29|32,113.0,True,regular_season
1439_001,1439,1,0.0,203.0,3,7,103|106|13906|79|89,14038|14303|22|28|29,203.0,True,regular_season
1439_002,1439,1,203.0,325.0,3,7,103|106|13906|79|89,10872|14038|14303|28|29,122.0,True,regular_season
1439_003,1439,1,325.0,406.0,3,7,13777|13906|77|79|89,10872|14038|14303|28|29,81.0,True,regular_season
1439_004,1439,1,406.0,432.0,3,7,13777|13906|77|89|99,10872|10874|14038|14303|29,26.0,True,regular_season
1439_005,1439,1,432.0,433.0,3,7,106|13777|77|89|99,10872|10874|14038|14303|29,1.0,True,regular_season
1439_006,1439,1,433.0,468.0,3,7,106|13777|77|89|99,10872|10874|14038|29|32,35.0,True,regular_season
1439_007,1439,1,468.0,578.0,3,7,106|13777|77|83|99,10872|10874|14038|29|32,110.0,True,regular_season
1439_008,1439,1,578.0,654.0,3,7,106|13777|77|83|99,10872|10874|14303|22|32,76.0,True,regular_season
1439_009,1439,1,654.0,685.0,3,7,13777|13906|77|83|99,10872|10874|14303|22|32,31.0,True,regular_season
1439_010,1439,1,685.0,720.0,3,7,13777|13906|77|83|99,10872|10874|14038|14303|22,35.0,True,regular_season
1439_011,1439,2,720.0,793.0,3,7,103|106|13906|79|89,10872|10874|14038|14303|22,73.0,True,regular_season
1439_012,1439,2,793.0,947.0,3,7,103|106|13906|79|89,10874|14038|14303|22|29,154.0,True,regular_season
1439_013,1439,2,947.0,1060.0,3,7,103|13777|13906|77|89,10872|14303|22|29|32,113.0,True,regular_season
1439_014,1439,2,1060.0,1227.0,3,7,103|106|13777|77|89,10872|14303|22|29|32,167.0,True,regular_season
1439_015,1439,2,1227.0,1341.0,3,7,103|106|13777|79|83,10872|10873|14038|14303|29,114.0,True,regular_season
1439_016,1439,2,1341.0,1440.0,3,7,103|13777|13906|79|83,10872|10873|14038|14303|29,99.0,True,regular_season
1439_017,1439,3,1440.0,1626.0,3,7,103|106|13906|79|89,14038|14303|22|28|29,186.0,True,regular_season
1439_018,1439,3,1626.0,1753.0,3,7,103|106|13906|77|89,14038|14303|22|28|29,127.0,True,regular_season
1439_019,1439,3,1753.0,1869.0,3,7,103|13777|13906|77|89,10872|14038|14303|28|29,116.0,True,regular_season
1439_020,1439,3,1869.0,1903.0,3,7,103|13777|13906|77|83,10872|10874|14303|29|32,34.0,True,regular_season
1439_021,1439,3,1903.0,1967.0,3,7,103|13777|13906|77|83,10872|10874|14038|29|32,64.0,True,regular_season
1439_022,1439,3,1967.0,2053.0,3,7,103|13777|13906|77|83,10872|10873|10874|14038|14303,86.0,True,regular_season
1439_023,1439,3,2053.0,2054.0,3,7,103|106|13777|79|83,10872|10873|10874|14038|14303,1.0,True,regular_season
1439_024,1439,3,2054.0,2160.0,3,7,103|106|13777|79|89,10872|10873|10874|14038|14303,106.0,True,regular_season
1439_025,1439,4,2160.0,2320.0,3,7,106|13906|77|79|89,10872|10874|14038|14303|29,160.0,True,regular_season
1439_026,1439,4,2320.0,2467.0,3,7,103|13777|13906|79|89,10874|14038|14303|22|29,147.0,True,regular_season
1439_027,1439,4,2467.0,2557.0,3,7,103|13777|13906|79|89,10872|10873|14303|29|32,90.0,True,regular_season
1439_028,1439,4,2557.0,2617.0,3,7,106|13777|77|83|89,10872|10873|14303|29|32,60.0,True,regular_season
1439_029,1439,4,2617.0,2710.0,3,7,106|13777|77|83|89,10872|10874|14303|29|32,93.0,True,regular_season
1439_030,1439,4,2710.0,2834.0,3,7,106|13906|77|83|89,10872|10874|14038|14303|29,124.0,True,regular_season
1439_031,1439,4,2834.0,2863.0,3,7,101|77|83|95|97,10872|10874|14038|14303|29,29.0,True,regular_season
1439_032,1439,4,2863.0,2880.0,3,7,101|77|83|95|97,10873|10874|14303|22|28,17.0,True,regular_season
1440_001,1440,1,0.0,117.0,5,4,16|3129|54|57|68,10885|10887|10888|75|76,117.0,True,regular_season
1440_002,1440,1,117.0,311.0,5,4,16|3129|54|57|68,10862|10885|10887|75|76,194.0,True,regular_season
1440_003,1440,1,311.0,406.0,5,4,16|3129|54|57|68,10862|10887|75|76|87,95.0,True,regular_season
1440_004,1440,1,406.0,527.0,5,4,10861|54|57|58|68,10862|10887|75|76|87,121.0,True,regular_season
1440_005,1440,1,527.0,611.0,5,4,10861|12|58|62|68,10862|10888|75|87|88,84.0,True,regular_season
1440_006,1440,1,611.0,720.0,5,4,10861|12|16|58|62,10862|10888|75|87|88,109.0,True,regular_season
1440_007,1440,2,720.0,791.0,5,4,10861|12|16|58|62,10862|10888|75|87|88,71.0,True,regular_season
1440_008,1440,2,791.0,859.0,5,4,10861|12|16|58|62,10862|10888|75|88|90,68.0,True,regular_season
1440_009,1440,2,859.0,922.0,5,4,10861|12|16|57|58,10862|10888|75|88|90,63.0,True,regular_season
1440_010,1440,2,922.0,963.0,5,4,10861|12|16|57|58,10862|10888|80|88|90,41.0,True,regular_season
1440_011,1440,2,963.0,1026.0,5,4,12|16|57|58|68,10887|10888|80|88|90,63.0,True,regular_season
1440_012,1440,2,1026.0,1054.0,5,4,12|16|57|58|68,10885|10887|10888|80|90,28.0,True,regular_season
1440_013,1440,2,1054.0,1102.0,5,4,16|54|57|58|68,10885|10887|10888|80|90,48.0,True,regular_season
1440_014,1440,2,1102.0,1208.0,5,4,10861|54|57|58|68,10885|10887|10888|80|90,106.0,True,regular_season
1440_015,1440,2,1208.0,1223.0,5,4,10861|54|57|62|68,10885|10887|10888|80|90,15.0,True,regular_season
1440_016,1440,2,1223.0,1247.0,5,4,10861|54|57|62|68,10885|10887|10888|76|90,24.0,True,regular_season
1440_017,1440,2,1247.0,1308.0,5,4,10861|54|57|62|68,10862|10885|10887|76|90,61.0,True,regular_season
1440_018,1440,2,1308.0,1369.0,5,4,10861|54|57|62|68,10862|10885|10887|75|76,61.0,True,regular_season
1440_019,1440,2,1369.0,1440.0,5,4,10861|3129|54|57|68,10862|10885|10887|75|76,71.0,True,regular_season
1440_020,1440,3,1440.0,1615.0,5,4,16|3129|54|57|68,10885|10887|10888|75|76,175.0,True,regular_season
1440_021,1440,3,1615.0,1762.0,5,4,16|54|57|62|68,10885|10887|10888|75|76,147.0,True,regular_season
1440_028,1440,4,2160.0,2352.0,5,4,10861|12|57|58|68,10862|10888|75|88|90,192.0,True,regular_season
1440_029,1440,4,2352.0,2380.0,5,4,10861|12|57|58|68,10885|10887|10888|88|90,28.0,True,regular_season
1440_030,1440,4,2380.0,2426.0,5,4,10861|12|57|58|68,10885|10887|10888|76|90,46.0,True,regular_season
1440_031,1440,4,2426.0,2596.0,5,4,16|54|57|58|68,10885|10887|10888|76|90,170.0,True,regular_season
1440_032,1440,4,2596.0,2686.0,5,4,16|54|57|58|68,10885|10887|10888|75|76,90.0,True,regular_season
1440_033,1440,4,2686.0,2880.0,5,4,16|54|57|58|68,10862|10885|10887|75|76,194.0,True,regular_season
1441_001,1441,1,0.0,241.0,3,2,103|106|13906|79|89,109|119|121|14037|51,241.0,True,regular_season
1441_002,1441,1,241.0,306.0,3,2,103|13777|13906|79|89,109|119|121|14037|51,65.0,True,regular_season
1441_003,1441,1,306.0,434.0,3,2,103|13777|13906|77|89,109|110|111|121|51,128.0,True,regular_season
1441_004,1441,1,434.0,442.0,3,2,103|13777|13906|77|89,109|110|111|14037|45,8.0,True,regular_season
1441_005,1441,1,442.0,569.0,3,2,103|106|13777|77|89,109|110|111|14037|45,127.0,True,regular_season
1441_006,1441,1,569.0,570.0,3,2,103|106|13777|77|89,110|116|119|14037|45,1.0,True,regular_season
1441_007,1441,1,570.0,580.0,3,2,106|13777|79|89|91,110|116|119|14037|45,10.0,True,regular_season
1441_008,1441,1,580.0,643.0,3,2,106|13777|79|89|91,110|116|13275|14037|45,63.0,True,regular_season
1441_009,1441,1,643.0,720.0,3,2,106|13777|79|89|91,110|116|121|14037|45,77.0,True,regular_season
1441_010,1441,2,720.0,941.0,3,2,106|13906|79|83|91,109|110|121|45|51,221.0,True,regular_season
1441_011,1441,2,941.0,984.0,3,2,103|13777|13906|77|83,109|116|121|45|51,43.0,True,regular_season
1441_012,1441,2,984.0,1051.0,3,2,103|13777|13906|77|83,109|111|116|121|51,67.0,True,regular_season
1441_013,1441,2,1051.0,1109.0,3,2,103|13777|13906|77|89,109|111|116|121|14037,58.0,True,regular_season
1441_014,1441,2,1109.0,1149.0,3,2,103|13777|13906|77|89,109|111|116|119|14037,40.0,True,regular_season
1441_015,1441,2,1149.0,1251.0,3,2,103|106|13777|77|89,109|111|116|119|14037,102.0,True,regular_season
1441_016,1441,2,1251.0,1324.0,3,2,103|106|13777|79|89,109|111|116|119|14037,73.0,True,regular_season
1441_017,1441,2,1324.0,1354.0,3,2,103|106|13906|79|89,109|111|116|119|14037,30.0,True,regular_season
1441_018,1441,2,1354.0,1440.0,3,2,103|106|13906|79|89,109|110|119|121|51,86.0,True,regular_season
1441_019,1441,3,1440.0,1682.0,3,2,103|106|13906|79|89,109|111|116|121|51,242.0,True,regular_season
1441_020,1441,3,1682.0,1698.0,3,2,103|13777|13906|79|89,109|111|116|121|51,16.0,True,regular_season
1441_021,1441,3,1698.0,1797.0,3,2,103|13777|13906|77|89,109|111|116|121|51,99.0,True,regular_season
1441_022,1441,3,1797.0,1882.0,3,2,13777|13906|77|83|91,109|110|111|121|14037,85.0,True,regular_season
1441_023,1441,3,1882.0,1927.0,3,2,13777|13906|77|83|91,109|110|119|121|14037,45.0,True,regular_season
1441_024,1441,3,1927.0,1948.0,3,2,106|13777|77|83|91,109|110|119|121|14037,21.0,True,regular_season
1441_025,1441,3,1948.0,2044.0,3,2,13777|13906|77|83|91,109|116|119|121|14037,96.0,True,regular_season
1441_026,1441,3,2044.0,2094.0,3,2,103|13777|13906|89|91,109|116|119|121|14037,50.0,True,regular_season
1441_027,1441,3,2094.0,2160.0,3,2,103|106|13777|89|91,109|116|119|121|14037,66.0,True,regular_season
1441_028,1441,4,2160.0,2304.0,3,2,103|106|13777|79|89,111|116|119|14037|45,144.0,True,regular_season
1441_029,1441,4,2304.0,2374.0,3,2,103|106|13906|79|89,109|111|116|119|51,70.0,True,regular_season
1441_030,1441,4,2374.0,2468.0,3,2,103|106|13906|79|89,109|111|116|121|51,94.0,True,regular_season
1441_031,1441,4,2468.0,2515.0,3,2,103|106|13906|79|89,109|110|111|121|51,47.0,True,regular_season
1441_032,1441,4,2515.0,2543.0,3,2,13777|13906|77|79|89,109|110|111|121|51,28.0,True,regular_season
1441_033,1441,4,2543.0,2637.0,3,2,13777|13906|77|89|91,109|110|111|121|51,94.0,True,regular_season
1441_034,1441,4,2637.0,2658.0,3,2,13777|13906|77|89|91,109|111|116|121|51,21.0,True,regular_season
1441_035,1441,4,2658.0,2844.0,3,2,13777|13906|77|89|91,109|111|116|121|14037,186.0,True,regular_season
1441_036,1441,4,2844.0,2859.0,3,2,13777|13906|77|79|89,109|111|116|121|14037,15.0,True,regular_season
1441_037,1441,4,2859.0,2873.0,3,2,13777|13906|77|89|91,109|111|116|121|14037,14.0,True,regular_season
1441_038,1441,4,2873.0,2876.0,3,2,13777|13906|77|79|89,109|110|119|121|14037,3.0,True,regular_season
1441_039,1441,4,2876.0,2880.0,3,2,13777|13906|77|79|89,109|110|116|121|14037,4.0,True,regular_season
1442_001,1442,1,0.0,406.0,5,8,10860|54|57|58|68,1|10|10869|13907|14,406.0,True,regular_season
1442_002,1442,1,406.0,556.0,5,8,16|54|57|62|68,1|10|10869|13907|14,150.0,True,regular_season
1442_003,1442,1,556.0,584.0,5,8,10860|12|16|54|62,1|10|10865|10869|13907,28.0,True,regular_season
1442_004,1442,1,584.0,612.0,5,8,10860|12|16|55|62,1|10|10865|10869|13907,28.0,True,regular_season
1442_005,1442,1,612.0,648.0,5,8,10860|12|16|55|62,1|10|10865|13400|13907,36.0,True,regular_season
1442_006,1442,1,648.0,655.0,5,8,10860|12|16|55|62,10|10863|10865|13400|13907,7.0,True,regular_season
1442_007,1442,1,655.0,720.0,5,8,10860|12|16|55|62,10863|10865|13400|13907|5,65.0,True,regular_season
1442_008,1442,2,720.0,774.0,5,8,10860|12|16|55|62,10863|10865|10869|13400|5,54.0,True,regular_season
1442_009,1442,2,774.0,863.0,5,8,10860|12|16|55|62,1|10865|10869|13907|5,89.0,True,regular_season
1442_010,1442,2,863.0,931.0,5,8,10860|12|16|55|62,1|10|10869|13907|14,68.0,True,regular_season
1442_011,1442,2,931.0,983.0,5,8,10860|16|54|55|62,1|10|10869|13907|14,52.0,True,regular_season
1442_012,1442,2,983.0,1119.0,5,8,10860|16|54|58|62,1|10|10869|13907|14,136.0,True,regular_season
1442_013,1442,2,1119.0,1129.0,5,8,10860|54|57|58|68,1|10|10869|13907|3,10.0,True,regular_season
1442_014,1442,2,1129.0,1313.0,5,8,10860|54|57|58|68,1|10869|13907|3|5,184.0,True,regular_season
1442_015,1442,2,1313.0,1335.0,5,8,16|54|57|58|68,1|13400|13907|3|5,22.0,True,regular_season
1442_016,1442,2,1335.0,1428.0,5,8,16|54|57|58|68,1|10869|13400|3|5,93.0,True,regular_season
1442_017,1442,2,1428.0,1440.0,5,8,10860|12|57|58|68,1|10869|13907|3|5,12.0,True,regular_season
1442_018,1442,3,1440.0,1788.0,5,8,10860|54|57|58|68,1|10|10869|13907|14,348.0,True,regular_season
1442_019,1442,3,1788.0,1794.0,5,8,10860|16|54|57|58,1|10869|13907|14|3,6.0,True,regular_season
1442_020,1442,3,1794.0,1840.0,5,8,10860|16|54|57|62,1|10869|13907|14|3,46.0,True,regular_season
1442_021,1442,3,1840.0,1847.0,5,8,10860|12|16|54|62,1|10869|13907|14|3,7.0,True,regular_season
1442_022,1442,3,1847.0,1876.0,5,8,10860|12|16|54|62,1|10869|13400|14|3,29.0,True,regular_season
1442_023,1442,3,1876.0,2010.0,5,8,10860|12|16|54|62,1|10869|13400|3|5,134.0,True,regular_season
1442_024,1442,3,2010.0,2012.0,5,8,10860|12|16|55|62,1|10869|13400|3|5,2.0,True,regular_season
1442_025,1442,3,2012.0,2130.0,5,8,10860|12|16|55|62,10865|13400|13907|3|5,118.0,True,regular_season
1442_026,1442,3,2130.0,2160.0,5,8,10860|12|55|62|68,10|10865|13400|13907|5,30.0,True,regular_season
1442_027,1442,4,2160.0,2276.0,5,8,10860|12|55|62|68,10|10865|13400|13907|5,116.0,True,regular_season
1442_028,1442,4,2276.0,2313.0,5,8,12|16|55|62|68,10|10865|13400|13907|5,37.0,True,regular_season
1442_029,1442,4,2313.0,2433.0,5,8,12|16|54|58|68,10|10865|13400|13907|5,120.0,True,regular_season
1442_030,1442,4,2433.0,2491.0,5,8,12|16|54|58|68,10|10865|10869|13907|5,58.0,True,regular_season
1442_031,1442,4,2491.0,2558.0,5,8,10860|54|57|58|68,1|10|10865|10869|13907,67.0,True,regular_season
1442_032,1442,4,2558.0,2698.0,5,8,10860|54|57|58|68,1|10|10869|13400|14,140.0,True,regular_season
1442_033,1442,4,2698.0,2739.0,5,8,10860|54|57|58|68,1|10869|13400|14|5,41.0,True,regular_season
1442_034,1442,4,2739.0,2755.0,5,8,10860|54|57|58|68,1|13400|13907|14|5,16.0,True,regular_season
1442_035,1442,4,2755.0,2796.0,5,8,10860|54|57|58|68,1|10|13400|13907|14,41.0,True,regular_season
1442_036,1442,4,2796.0,2832.0,5,8,10860|54|57|58|68,1|10|10869|13907|14,36.0,True,regular_season
1442_037,1442,4,2832.0,2835.0,5,8,10860|54|57|58|68,1|10|13400|13907|5,3.0,True,regular_season
1442_038,1442,4,2835.0,2848.0,5,8,10860|54|57|58|68,1|10|13400|13907|14,13.0,True,regular_season
1442_039,1442,4,2848.0,2880.0,5,8,10860|54|57|58|68,1|10|13400|13907|5,32.0,True,regular_season
1443_001,1443,1,0.0,228.0,2,5,110|119|121|45|51,10861|54|57|62|68,228.0,True,regular_season
1443_002,1443,1,228.0,287.0,2,5,109|110|111|121|51,10861|54|57|62|68,59.0,True,regular_season
1443_003,1443,1,287.0,359.0,2,5,109|111|121|13399|14037,10861|54|57|62|68,72.0,True,regular_season
1443_004,1443,1,359.0,557.0,2,5,109|111|121|13399|14037,10860|54|57|58|68,198.0,True,regular_season
1443_005,1443,1,557.0,569.0,2,5,109|111|119|13399|14037,10860|10861|12|55|58,12.0,True,regular_season
1443_006,1443,1,569.0,720.0,2,5,109|111|119|14037|51,10860|10861|12|55|58,151.0,True,regular_season
1443_007,1443,2,720.0,767.0,2,5,119|121|13399|45|51,10860|10861|12|55|58,47.0,True,regular_season
1443_008,1443,2,767.0,860.0,2,5,108|119|121|13399|51,10860|10861|12|55|58,93.0,True,regular_season
1443_009,1443,2,860.0,873.0,2,5,108|110|121|13399|51,10860|10861|10884|12|58,13.0,True,regular_season
1443_010,1443,2,873.0,954.0,2,5,108|110|121|13399|51,10861|10884|12|58|68,81.0,True,regular_season
1443_011,1443,2,954.0,1011.0,2,5,108|110|121|13399|51,10861|10884|12|62|68,57.0,True,regular_season
1443_012,1443,2,1011.0,1158.0,2,5,109|110|111|121|14037,10861|10884|54|62|68,147.0,True,regular_season
1443_013,1443,2,1158.0,1394.0,2,5,109|110|119|121|14037,10861|54|57|62|68,236.0,True,regular_season
1443_014,1443,2,1394.0,1440.0,2,5,110|119|121|13399|51,10861|54|57|62|68,46.0,True,regular_season
1443_015,1443,3,1440.0,1616.0,2,5,108|111|121|13399|51,10861|54|57|62|68,176.0,True,regular_season
1443_016,1443,3,1616.0,1710.0,2,5,108|119|121|13399|51,10861|54|57|62|68,94.0,True,regular_season
1443_017,1443,3,1710.0,1768.0,2,5,108|110|119|121|14037,10860|54|57|62|68,58.0,True,regular_season
1443_018,1443,3,1768.0,1786.0,2,5,108|110|119|121|14037,10860|54|57|58|68,18.0,True,regular_season
1443_019,1443,3,1786.0,1873.0,2,5,108|110|111|121|14037,10860|54|57|58|68,87.0,True,regular_season
1443_020,1443,3,1873.0,1964.0,2,5,108|10891|110|111|14037,10860|54|57|58|68,91.0,True,regular_season
1443_021,1443,3,1964.0,2160.0,2,5,108|10891|111|116|14037,10860|10861|12|55|58,196.0,True,regular_season
1443_022,1443,4,2160.0,2300.0,2,5,108|119|121|13399|51,10860|10861|12|55|58,140.0,True,regular_season
1443_023,1443,4,2300.0,2353.0,2,5,108|119|121|13399|51,10860|10861|10884|12|58,53.0,True,regular_season
1443_024,1443,4,2353.0,2425.0,2,5,108|10891|110|121|14037,10860|10884|12|58|64,72.0,True,regular_season
1443_025,1443,4,2425.0,2499.0,2,5,108|10891|110|13275|14037,10860|10884|12|58|64,74.0,True,regular_season
1443_026,1443,4,2499.0,2573.0,2,5,108|10891|116|13275|14037,10860|10884|12|58|64,74.0,True,regular_season
1443_027,1443,4,2573.0,2618.0,2,5,108|10891|116|13275|14037,10884|55|56|58|64,45.0,True,regular_season
1443_028,1443,4,2618.0,2660.0,2,5,108|10891|116|123|13275,10884|55|56|58|64,42.0,True,regular_season
1443_029,1443,4,2660.0,2805.0,2,5,108|10891|116|123|13275,10884|55|56|60|64,145.0,True,regular_season
1443_030,1443,4,2805.0,2880.0,2,5,108|10891|116|123|13275,10884|55|57|60|64,75.0,True,regular_season
1444_001,1444,1,0.0,160.0,8,7,1|10|11|13907|14,14038|14303|22|28|29,160.0,True,regular_season
1444_002,1444,1,160.0,210.0,8,7,1|10|10865|11|13907,14038|14303|22|28|29,50.0,True,regular_season
1444_003,1444,1,210.0,239.0,8,7,1|10|10865|11|13907,10872|14038|14303|28|29,29.0,True,regular_season
1444_004,1444,1,239.0,319.0,8,7,1|10|10865|13907|5,10872|14038|14303|28|29,80.0,True,regular_season
1444_005,1444,1,319.0,390.0,8,7,1|10865|13907|3|5,10872|14038|14303|28|29,71.0,True,regular_season
1444_006,1444,1,390.0,429.0,8,7,1|10865|13907|3|5,10872|10874|14038|29|32,39.0,True,regular_season
1444_007,1444,1,429.0,518.0,8,7,1|10|13907|3|5,10872|10874|14038|29|32,89.0,True,regular_season
1444_008,1444,1,518.0,613.0,8,7,10|13907|14|3|5,10872|10874|14038|29|32,95.0,True,regular_season
1444_009,1444,1,613.0,720.0,8,7,1|11|13907|14|5,10872|10873|10874|14303|32,107.0,True,regular_season
1444_010,1444,2,720.0,745.0,8,7,1|11|13907|14|5,10872|10873|10874|14303|32,25.0,True,regular_season
1444_011,1444,2,745.0,766.0,8,7,1|11|13907|14|5,10873|14038|14303|25|29,21.0,True,regular_season
1444_012,1444,2,766.0,846.0,8,7,1|13907|14|3|5,10873|14038|14303|25|29,80.0,True,regular_season
1444_013,1444,2,846.0,864.0,8,7,1|10|13907|14|5,10873|14303|25|29|32,18.0,True,regular_season
1444_014,1444,2,864.0,969.0,8,7,1|10|13|14|5,10872|14303|28|29|32,105.0,True,regular_season
1444_015,1444,2,969.0,1041.0,8,7,1|10|13907|14|5,10872|14038|28|29|32,72.0,True,regular_season
1444_016,1444,2,1041.0,1106.0,8,7,1|11|13907|14|5,10872|14038|28|29|32,65.0,True,regular_season
1444_017,1444,2,1106.0,1121.0,8,7,10865|11|13907|14|3,10872|14038|28|29|32,15.0,True,regular_season
1444_018,1444,2,1121.0,1227.0,8,7,1|10865|11|13907|3,10872|14038|24|29|32,106.0,True,regular_season
1444_019,1444,2,1227.0,1407.0,8,7,1|10865|11|13907|3,10872|10874|14038|14303|29,180.0,True,regular_season
1444_020,1444,2,1407.0,1440.0,8,7,1|11|13907|3|5,10872|10874|14038|14303|29,33.0,True,regular_season
1444_021,1444,3,1440.0,1661.0,8,7,1|10|11|13907|14,10874|14038|14303|22|29,221.0,True,regular_season
1444_022,1444,3,1661.0,1772.0,8,7,1|10|11|13907|14,10872|10874|14038|29|32,111.0,True,regular_season
1444_023,1444,3,1772.0,1802.0,8,7,1|10|11|13907|5,10872|10874|14038|29|32,30.0,True,regular_season
1444_024,1444,3,1802.0,1994.0,8,7,1|10|13907|3|5,10872|10874|14038|29|32,192.0,True,regular_season
1444_025,1444,3,1994.0,2025.0,8,7,1|10|13907|3|5,10872|14303|22|28|32,31.0,True,regular_season
1444_026,1444,3,2025.0,2115.0,8,7,1|13|13907|3|5,10872|14303|22|28|32,90.0,True,regular_season
1444_027,1444,3,2115.0,2126.0,8,7,1|11|13907|3|5,10872|10873|14303|22|32,11.0,True,regular_season
1444_028,1444,3,2126.0,2140.0,8,7,10865|11|13907|3|5,10872|14303|22|28|32,14.0,True,regular_season
1444_029,1444,3,2140.0,2160.0,8,7,1|11|13907|3|5,10872|10873|14303|22|32,20.0,True,regular_season
1444_030,1444,4,2160.0,2284.0,8,7,1|11|13907|3|5,10872|14303|22|29|32,124.0,True,regular_season
1444_031,1444,4,2284.0,2321.0,8,7,1|11|13907|3|5,10872|10874|14038|14303|29,37.0,True,regular_season
1444_032,1444,4,2321.0,2384.0,8,7,10865|11|13907|14|3,10872|10874|14038|14303|29,63.0,True,regular_season
1444_033,1444,4,2384.0,2483.0,8,7,10865|13907|14|3|5,10872|10874|14038|14303|29,99.0,True,regular_season
1444_034,1444,4,2483.0,2558.0,8,7,1|13907|14|3|5,10872|10874|14038|14303|29,75.0,True,regular_season
1444_035,1444,4,2558.0,2606.0,8,7,1|10|13907|14|5,10872|10874|14038|14303|29,48.0,True,regular_season
1444_036,1444,4,2606.0,2732.0,8,7,1|10|11|13907|5,10872|10874|14038|14303|29,126.0,True,regular_season
1444_037,1444,4,2732.0,2848.0,8,7,1|10|11|13907|5,10872|10874|14038|29|32,116.0,True,regular_season
1444_038,1444,4,2848.0,2853.0,8,7,1|10|11|13907|5,10872|10874|14303|29|32,5.0,True,regular_season
1444_039,1444,4,2853.0,2868.0,8,7,1|10|13907|3|5,10872|10874|14038|29|32,15.0,True,regular_season
1444_040,1444,4,2868.0,2869.0,8,7,1|10|13907|3|5,10872|10874|14038|25|29,1.0,True,regular_season
1444_041,1444,4,2869.0,2872.0,8,7,1|10|13907|3|5,10872|10874|14038|29|32,3.0,True,regular_season
1444_042,1444,4,2872.0,2876.0,8,7,1|10|13907|3|5,10872|14038|25|29|32,4.0,True,regular_season
1444_043,1444,4,2876.0,2880.0,8,7,1|10|13907|3|5,10872|10874|14038|29|32,4.0,True,regular_season
1445_001,1445,1,0.0,139.0,2,6,111|116|121|122|51,104|10877|38|40|8889,139.0,True,regular_season
1445_002,1445,1,139.0,225.0,2,6,111|116|121|122|51,10877|10880|38|40|8889,86.0,True,regular_season
1445_003,1445,1,225.0,289.0,2,6,116|119|121|122|51,10877|10880|38|40|8889,64.0,True,regular_season
1445_004,1445,1,289.0,322.0,2,6,110|119|121|122|51,10877|10880|38|40|8889,33.0,True,regular_season
1445_005,1445,1,322.0,367.0,2,6,110|119|121|122|14037,10877|10880|38|40|8889,45.0,True,regular_season
1445_006,1445,1,367.0,412.0,2,6,110|119|121|122|14037,10877|10880|40|43|8889,45.0,True,regular_season
1445_007,1445,1,412.0,531.0,2,6,108|110|119|121|14037,10877|10880|40|43|8889,119.0,True,regular_season
1445_008,1445,1,531.0,550.0,2,6,108|10891|110|121|14037,10877|10880|43|47|48,19.0,True,regular_season
1445_009,1445,1,550.0,605.0,2,6,108|10891|110|111|14037,10877|10880|43|47|48,55.0,True,regular_season
1445_010,1445,1,605.0,660.0,2,6,108|10891|110|111|14037,10880|43|44|47|48,55.0,True,regular_season
1445_011,1445,1,660.0,720.0,2,6,10891|110|119|122|51,10880|43|44|47|48,60.0,True,regular_season
1445_012,1445,2,720.0,783.0,2,6,10891|116|119|122|51,10880|43|44|47|48,63.0,True,regular_season
1445_013,1445,2,783.0,851.0,2,6,116|119|121|122|51,10880|43|44|47|48,68.0,True,regular_season
1445_014,1445,2,851.0,952.0,2,6,116|119|121|122|51,104|43|44|48|8889,101.0,True,regular_season
1445_015,1445,2,952.0,984.0,2,6,116|119|121|122|14037,104|40|43|44|8889,32.0,True,regular_season
1445_016,1445,2,984.0,1011.0,2,6,110|119|121|122|14037,104|40|43|44|8889,27.0,True,regular_season
1445_017,1445,2,1011.0,1125.0,2,6,110|119|121|122|14037,104|10877|39|40|8889,114.0,True,regular_season
1445_018,1445,2,1125.0,1179.0,2,6,10891|110|121|122|14037,104|10877|39|40|8889,54.0,True,regular_season
1445_019,1445,2,1179.0,1281.0,2,6,10891|110|121|122|51,10877|10880|39|40|8889,102.0,True,regular_season
1445_020,1445,2,1281.0,1342.0,2,6,108|10891|110|121|51,10877|10880|39|40|8889,61.0,True,regular_season
1445_021,1445,2,1342.0,1440.0,2,6,108|10891|110|121|51,10877|10880|40|43|8889,98.0,True,regular_season
1445_022,1445,3,1440.0,1519.0,2,6,10891|110|121|122|51,10877|10880|40|43|8889,79.0,True,regular_season
1445_023,1445,3,1519.0,1567.0,2,6,108|10891|110|121|51,10877|10880|40|43|8889,48.0,True,regular_season
1445_024,1445,3,1567.0,1657.0,2,6,108|116|119|121|51,10877|10880|40|43|8889,90.0,True,regular_season
1445_025,1445,3,1657.0,1703.0,2,6,116|119|121|122|51,10877|10880|40|43|8889,46.0,True,regular_season
1445_026,1445,3,1703.0,1778.0,2,6,111|116|119|122|14037,10877|10880|40|43|8889,75.0,True,regular_season
1445_027,1445,3,1778.0,1807.0,2,6,111|116|119|122|14037,104|10880|40|43|47,29.0,True,regular_season
1445_028,1445,3,1807.0,1920.0,2,6,111|116|119|122|14037,104|10880|38|40|47,113.0,True,regular_season
1445_029,1445,3,1920.0,1968.0,2,6,111|116|119|122|14037,104|10879|10880|38|47,48.0,True,regular_season
1445_030,1445,3,1968.0,2038.0,2,6,10891|116|119|122|51,104|10879|38|44|47,70.0,True,regular_season
1445_031,1445,3,2038.0,2139.0,2,6,10891|116|121|122|51,10879|10880|38|44|47,101.0,True,regular_season
1445_032,1445,3,2139.0,2160.0,2,6,108|10891|116|121|51,10879|10880|38|44|47,21.0,True,regular_season
1445_033,1445,4,2160.0,2294.0,2,6,108|10891|116|121|51,10879|10880|38|44|8889,134.0,True,regular_season
1445_034,1445,4,2294.0,2329.0,2,6,108|10891|116|121|14037,10879|10880|38|44|8889,35.0,True,regular_season
1445_035,1445,4,2329.0,2375.0,2,6,108|10891|110|121|14037,10879|10880|38|44|8889,46.0,True,regular_season
1445_036,1445,4,2375.0,2523.0,2,6,10891|110|121|13275|14037,10879|10880|39|44|8889,148.0,True,regular_season
1445_037,1445,4,2523.0,2717.0,2,6,10891|110|119|122|14037,10878|10879|113|39|47,194.0,True,regular_season
1445_038,1445,4,2717.0,2781.0,2,6,10891|110|119|122|14037,10878|10879|113|39|48,64.0,True,regular_season
1445_039,1445,4,2781.0,2880.0,2,6,10891|110|119|122|123,10878|10879|113|39|48,99.0,True,regular_season
1446_001,1446,1,0.0,221.0,8,3,1|10|10865|11|13907,103|106|13906|79|89,221.0,True,regular_season
1446_002,1446,1,221.0,307.0,8,3,1|10|10865|13|13907,103|106|13906|77|89,86.0,True,regular_season
1446_003,1446,1,307.0,309.0,8,3,1|10|10865|13|13907,103|106|107|77|89,2.0,True,regular_season
1446_004,1446,1,309.0,371.0,8,3,1|10865|13|13907|5,103|106|107|77|89,62.0,True,regular_season
1446_005,1446,1,371.0,590.0,8,3,1|10865|13|13907|5,107|13906|77|89|91,219.0,True,regular_season
1446_006,1446,1,590.0,628.0,8,3,1|10|11|13907|5,103|106|13906|83|91,38.0,True,regular_season
1446_007,1446,1,628.0,668.0,8,3,1|10|10864|13907|5,103|106|13906|83|91,40.0,True,regular_season
1446_008,1446,1,668.0,720.0,8,3,1|10864|13907|3|5,106|13906|79|83|91,52.0,True,regular_season
1446_009,1446,2,720.0,844.0,8,3,1|10864|13907|3|5,106|107|79|83|91,124.0,True,regular_season
1446_010,1446,2,844.0,1052.0,8,3,1|10864|13907|3|5,106|107|77|89|91,208.0,True,regular_season
1446_011,1446,2,1052.0,1141.0,8,3,10864|10865|13|3|5,103|106|13906|77|89,89.0,True,regular_season
1446_012,1446,2,1141.0,1149.0,8,3,10865|13|13907|3|5,103|106|13906|77|89,8.0,True,regular_season
1446_013,1446,2,1149.0,1218.0,8,3,1|10865|13|13907|3,103|106|13906|77|89,69.0,True,regular_season
1446_014,1446,2,1218.0,1330.0,8,3,1|10|10865|13|13907,103|106|13906|79|89,112.0,True,regular_season
1446_015,1446,2,1330.0,1338.0,8,3,1|10|10865|13|13907,103|107|13906|79|89,8.0,True,regular_season
1446_016,1446,2,1338.0,1433.0,8,3,1|10|10864|10865|13907,103|107|13906|79|89,95.0,True,regular_season
1446_017,1446,2,1433.0,1438.0,8,3,10|10864|10865|11|5,103|107|13906|79|89,5.0,True,regular_season
1446_018,1446,2,1438.0,1440.0,8,3,1|10865|11|13907|5,103|107|13906|79|89,2.0,True,regular_season
1446_019,1446,3,1440.0,1694.0,8,3,1|10|10865|11|13907,103|106|13906|77|89,254.0,True,regular_season
1446_020,1446,3,1694.0,1733.0,8,3,1|10|10865|11|13907,103|107|13906|77|89,39.0,True,regular_season
1446_021,1446,3,1733.0,1799.0,8,3,1|10865|11|13907|5,103|107|13906|89|91,66.0,True,regular_season
1446_022,1446,3,1799.0,1822.0,8,3,1|11|13907|3|5,103|107|13906|89|91,23.0,True,regular_season
1446_023,1446,3,1822.0,1931.0,8,3,1|11|13907|3|5,107|13906|79|89|91,109.0,True,regular_season
1446_024,1446,3,1931.0,2033.0,8,3,1|13|13907|3|5,106|107|79|89|91,102.0,True,regular_season
1446_025,1446,3,2033.0,2115.0,8,3,1|13|13907|3|5,106|13906|79|89|91,82.0,True,regular_season
1446_026,1446,3,2115.0,2160.0,8,3,10865|13|13907|3|5,106|13906|79|89|91,45.0,True,regular_season
1446_027,1446,4,2160.0,2314.0,8,3,10865|13|13907|3|5,103|106|13906|77|83,154.0,True,regular_season
1446_028,1446,4,2314.0,2353.0,8,3,1|13|13907|3|5,103|106|13906|77|83,39.0,True,regular_season
1446_029,1446,4,2353.0,2389.0,8,3,1|10864|13907|3|5,103|107|13906|77|83,36.0,True,regular_season
1446_030,1446,4,2389.0,2471.0,8,3,1|10|10864|13907|5,103|107|13906|77|89,82.0,True,regular_season
1446_031,1446,4,2471.0,2497.0,8,3,1|10|11|13907|5,103|107|13906|77|89,26.0,True,regular_season
1446_032,1446,4,2497.0,2593.0,8,3,1|10|11|13907|3,103|107|13906|77|89,96.0,True,regular_season
1446_033,1446,4,2593.0,2612.0,8,3,1|10|10864|13907|3,106|13906|77|79|89,19.0,True,regular_season
1446_034,1446,4,2612.0,2633.0,8,3,1|10|13|13907|3,106|13906|77|79|89,21.0,True,regular_season
1446_035,1446,4,2633.0,2662.0,8,3,1|10|10864|13907|3,106|13906|77|79|89,29.0,True,regular_season
1446_036,1446,4,2662.0,2785.0,8,3,1|10|13|13907|3,106|13906|77|79|89,123.0,True,regular_season
1446_037,1446,4,2785.0,2796.0,8,3,1|10864|13907|3|5,106|13906|77|79|89,11.0,True,regular_season
1446_038,1446,4,2796.0,2798.0,8,3,1|10|10864|3|5,106|13906|77|79|89,2.0,True,regular_season
1446_039,1446,4,2798.0,2801.0,8,3,1|10864|13907|3|5,106|13906|77|79|89,3.0,True,regular_season
1446_040,1446,4,2801.0,2802.0,8,3,1|10|10864|3|5,107|13906|77|79|89,1.0,True,regular_season
1446_041,1446,4,2802.0,2856.0,8,3,1|10864|13907|3|5,106|13906|77|79|89,54.0,True,regular_season
1446_042,1446,4,2856.0,2880.0,8,3,10863|10864|2|3|5,101|83|95|97|99,24.0,True,regular_season
1447_001,1447,1,0.0,293.0,8,2,1|10|11|13|14,119|121|122|13399|51,293.0,True,regular_season
1447_002,1447,1,293.0,299.0,8,2,1|10|10864|11|14,119|121|122|13399|51,6.0,True,regular_season
1447_003,1447,1,299.0,387.0,8,2,1|10|10864|11|14,10891|121|122|13399|51,88.0,True,regular_season
1447_004,1447,1,387.0,463.0,8,2,1|10|10864|14|3,10891|110|121|122|14037,76.0,True,regular_season
1447_005,1447,1,463.0,474.0,8,2,1|10|10864|3|5,10891|110|122|14037|45,11.0,True,regular_season
1447_006,1447,1,474.0,517.0,8,2,1|10|10864|3|5,108|10891|110|14037|45,43.0,True,regular_season
1447_007,1447,1,517.0,602.0,8,2,10863|10864|11|2|3,108|10891|110|14037|45,85.0,True,regular_season
1447_008,1447,1,602.0,720.0,8,2,10863|11|3|4|5,108|10891|110|45|51,118.0,True,regular_season
1447_009,1447,2,720.0,792.0,8,2,10863|11|3|4|5,110|121|122|13399|51,72.0,True,regular_season
1447_010,1447,2,792.0,944.0,8,2,1|10|13|4|5,110|121|122|13399|51,152.0,True,regular_season
1447_011,1447,2,944.0,947.0,8,2,1|10|10864|13|5,110|121|122|13399|51,3.0,True,regular_season
1447_012,1447,2,947.0,963.0,8,2,1|10|10864|13|5,116|121|122|13399|51,16.0,True,regular_season
1447_013,1447,2,963.0,992.0,8,2,1|10|10864|13|5,10891|116|122|13399|51,29.0,True,regular_season
1447_014,1447,2,992.0,1098.0,8,2,1|10|10864|13|2,108|10891|116|13399|51,106.0,True,regular_season
1447_015,1447,2,1098.0,1185.0,8,2,10|10864|10865|11|2,108|10891|116|14037|45,87.0,True,regular_season
1447_016,1447,2,1185.0,1238.0,8,2,10|10864|10865|11|2,10891|116|13275|14037|45,53.0,True,regular_season
1447_017,1447,2,1238.0,1295.0,8,2,1|10864|10865|11|2,10891|116|13275|14037|45,57.0,True,regular_season
1447_018,1447,2,1295.0,1307.0,8,2,1|10864|10865|11|2,10891|13275|13399|14037|45,12.0,True,regular_season
1447_019,1447,2,1307.0,1346.0,8,2,10|10864|10865|11|5,119|121|122|13399|51,39.0,True,regular_season
1447_020,1447,2,1346.0,1388.0,8,2,1|10|10864|11|5,119|121|122|13399|51,42.0,True,regular_season
1447_021,1447,2,1388.0,1422.0,8,2,10|10864|11|2|5,119|121|122|13399|51,34.0,True,regular_season
1447_022,1447,2,1422.0,1440.0,8,2,1|10|10864|11|5,119|121|122|13399|51,18.0,True,regular_season
1447_023,1447,3,1440.0,1565.0,8,2,1|10|11|13|14,110|121|122|13399|51,125.0,True,regular_season
1447_024,1447,3,1565.0,1617.0,8,2,1|10|11|13|14,10891|110|122|13399|51,52.0,True,regular_season
1447_025,1447,3,1617.0,1642.0,8,2,1|10|10864|11|14,10891|110|122|13399|51,25.0,True,regular_season
1447_026,1447,3,1642.0,1729.0,8,2,1|10|10864|11|5,10891|116|122|13399|51,87.0,True,regular_season
1447_027,1447,3,1729.0,1784.0,8,2,1|10|10864|4|5,10891|116|122|13399|51,55.0,True,regular_season
1447_028,1447,3,1784.0,1785.0,8,2,1|10|10864|4|5,108|10891|116|13399|51,1.0,True,regular_season
1447_029,1447,3,1785.0,1786.0,8,2,1|10864|2|4|5,108|10891|116|13399|51,1.0,True,regular_season
1447_030,1447,3,1786.0,1855.0,8,2,1|10864|2|4|5,108|10891|116|119|51,69.0,True,regular_season
1447_031,1447,3,1855.0,1983.0,8,2,1|10864|2|4|5,108|116|119|121|51,128.0,True,regular_season
1447_032,1447,3,1983.0,2026.0,8,2,1|10|10864|4|5,108|116|119|14037|45,43.0,True,regular_season
1447_033,1447,3,2026.0,2061.0,8,2,1|10|10864|10865|4,108|119|13399|14037|45,35.0,True,regular_season
1447_034,1447,3,2061.0,2099.0,8,2,1|10|10864|10865|5,108|119|13399|14037|45,38.0,True,regular_season
1447_035,1447,3,2099.0,2125.0,8,2,1|10|10865|11|5,108|119|13399|14037|45,26.0,True,regular_season
1447_036,1447,3,2125.0,2132.0,8,2,10|10863|10865|11|5,119|122|13399|14037|45,7.0,True,regular_season
1447_037,1447,3,2132.0,2159.0,8,2,1|10|10865|11|5,119|122|13399|14037|45,27.0,True,regular_season
1447_038,1447,3,2159.0,2160.0,8,2,1|10|10864|10865|5,119|122|13399|14037|45,1.0,True,regular_season
1447_039,1447,4,2160.0,2224.0,8,2,10|10864|10865|11|5,10891|110|122|13399|51,64.0,True,regular_season
1447_040,1447,4,2224.0,2245.0,8,2,10|10865|11|13|5,10891|110|122|13399|51,21.0,True,regular_season
1447_041,1447,4,2245.0,2316.0,8,2,1|10|11|13|5,10891|110|122|13399|51,71.0,True,regular_season
1447_042,1447,4,2316.0,2368.0,8,2,1|10|11|13|5,110|119|121|13399|51,52.0,True,regular_season
1447_043,1447,4,2368.0,2521.0,8,2,10|10865|11|13|5,110|119|121|13399|51,153.0,True,regular_season
1447_044,1447,4,2521.0,2576.0,8,2,1|10|10864|4|5,110|119|121|13399|51,55.0,True,regular_season
1447_045,1447,4,2576.0,2697.0,8,2,1|10864|10865|4|5,110|121|13399|45|51,121.0,True,regular_season
1447_046,1447,4,2697.0,2704.0,8,2,1|10864|10865|4|5,110|119|13399|45|51,7.0,True,regular_season
1447_047,1447,4,2704.0,2788.0,8,2,10|10863|10864|10865|4,110|119|13399|45|51,84.0,True,regular_season
1447_048,1447,4,2788.0,2819.0,8,2,1|10|10864|10865|4,110|119|13399|45|51,31.0,True,regular_season
1447_049,1447,4,2819.0,2839.0,8,2,1|10|10863|10864|4,110|119|13399|45|51,20.0,True,regular_season
1447_050,1447,4,2839.0,2880.0,8,2,10|10863|10864|10865|4,110|119|13399|45|51,41.0,True,regular_season
1448_001,1448,1,0.0,220.0,7,8,14038|14303|22|28|29,10|10863|11|13|5,220.0,True,regular_season
1448_002,1448,1,220.0,255.0,7,8,14038|14303|22|28|29,10|10863|13|3|5,35.0,True,regular_season
1448_003,1448,1,255.0,307.0,7,8,14038|14303|22|28|29,10|10865|13|3|5,52.0,True,regular_season
1448_004,1448,1,307.0,337.0,7,8,14038|14303|22|28|29,10|10864|10865|3|5,30.0,True,regular_season
1448_005,1448,1,337.0,391.0,7,8,10872|10874|14038|14303|29,10864|10865|2|3|5,54.0,True,regular_season
1448_006,1448,1,391.0,419.0,7,8,10872|10874|14038|14303|29,10863|10864|10865|2|3,28.0,True,regular_season
1448_007,1448,1,419.0,478.0,7,8,10872|10873|10874|14038|32,10863|10864|10865|2|3,59.0,True,regular_season
1448_008,1448,1,478.0,507.0,7,8,10872|10873|10874|14038|32,10|10864|10865|2|3,29.0,True,regular_season
1448_009,1448,1,507.0,580.0,7,8,10872|10873|10874|14303|32,10|10864|10865|2|3,73.0,True,regular_season
1448_010,1448,1,580.0,608.0,7,8,10872|10873|10874|14303|32,10|10865|13|2|3,28.0,True,regular_season
1448_011,1448,1,608.0,648.0,7,8,10872|10873|10874|14303|32,10|10865|13|2|5,40.0,True,regular_season
1448_012,1448,1,648.0,669.0,7,8,10872|10873|10874|14303|32,10|10865|13|4|5,21.0,True,regular_season
1448_013,1448,1,669.0,720.0,7,8,10872|10873|10874|14303|24,10|10865|13|4|5,51.0,True,regular_season
1448_014,1448,2,720.0,762.0,7,8,10872|10873|10874|14303|24,10|10865|13|4|5,42.0,True,regular_season
1448_015,1448,2,762.0,861.0,7,8,10872|10873|14303|19|24,10|10863|13|4|5,99.0,True,regular_season
1448_016,1448,2,861.0,979.0,7,8,10873|14038|19|24|29,10|10863|10864|4|5,118.0,True,regular_season
1448_017,1448,2,979.0,997.0,7,8,14038|19|23|28|29,10|10863|10864|2|4,18.0,True,regular_season
1448_018,1448,2,997.0,1116.0,7,8,14038|19|23|28|29,10|10864|10865|2|4,119.0,True,regular_season
1448_019,1448,2,1116.0,1220.0,7,8,19|23|28|29|32,10864|10865|2|3|4,104.0,True,regular_season
1448_020,1448,2,1220.0,1229.0,7,8,19|23|28|29|32,10863|10864|2|3|4,9.0,True,regular_season
1448_021,1448,2,1229.0,1267.0,7,8,14303|19|24|28|29,10863|10864|2|3|4,38.0,True,regular_season
1448_022,1448,2,1267.0,1283.0,7,8,14303|19|24|28|29,10|10863|10864|2|3,16.0,True,regular_season
1448_023,1448,2,1283.0,1428.0,7,8,10871|14303|22|24|29,10|10863|10864|2|3,145.0,True,regular_season
1448_024,1448,2,1428.0,1439.0,7,8,10871|14303|22|24|29,10|10864|10865|2|3,11.0,True,regular_season
1448_025,1448,2,1439.0,1440.0,7,8,10871|10873|14303|22|24,10|10864|10865|2|3,1.0,True,regular_season
1448_026,1448,3,1440.0,1635.0,7,8,14038|14303|22|28|29,10|10863|11|13|5,195.0,True,regular_season
1448_027,1448,3,1635.0,1736.0,7,8,10872|10873|10874|23|32,10|10863|10864|11|5,101.0,True,regular_season
1448_028,1448,3,1736.0,1838.0,7,8,10872|10873|10874|23|32,10|10864|10865|11|5,102.0,True,regular_season
1448_029,1448,3,1838.0,1909.0,7,8,10872|10873|10874|14303|24,10|10864|10865|11|5,71.0,True,regular_season
1448_030,1448,3,1909.0,1941.0,7,8,10872|10873|14303|24|29,10|10864|10865|11|5,32.0,True,regular_season
1448_031,1448,3,1941.0,2001.0,7,8,10872|10873|14303|24|29,10|10864|10865|4|5,60.0,True,regular_season
1448_032,1448,3,2001.0,2008.0,7,8,10872|10873|14038|14303|29,10|10864|10865|3|4,7.0,True,regular_season
1448_033,1448,3,2008.0,2048.0,7,8,10872|10873|14038|14303|29,10864|10865|2|3|4,40.0,True,regular_season
1448_034,1448,3,2048.0,2073.0,7,8,14038|14303|19|28|29,10864|10865|2|3|4,25.0,True,regular_season
1448_035,1448,3,2073.0,2160.0,7,8,14038|14303|19|28|29,10863|13|2|3|4,87.0,True,regular_season
1448_036,1448,4,2160.0,2197.0,7,8,10872|14038|22|29|32,10863|13|2|3|4,37.0,True,regular_season
1448_037,1448,4,2197.0,2268.0,7,8,10872|14038|22|29|32,10|10863|13|2|3,71.0,True,regular_season
1448_038,1448,4,2268.0,2367.0,7,8,10872|22|23|29|32,10|10863|13|2|3,99.0,True,regular_season
1448_039,1448,4,2367.0,2377.0,7,8,10872|22|23|29|32,10|10863|10864|2|5,10.0,True,regular_season
1448_040,1448,4,2377.0,2454.0,7,8,10872|19|22|23|32,10|10863|10864|2|5,77.0,True,regular_season
1448_041,1448,4,2454.0,2509.0,7,8,10874|14303|19|22|24,10|10864|10865|4|5,55.0,True,regular_season
1448_042,1448,4,2509.0,2666.0,7,8,10873|10874|14303|19|24,10|10864|10865|4|5,157.0,True,regular_season
1448_043,1448,4,2666.0,2781.0,7,8,10871|10873|19|23|24,10863|11|13|2|5,115.0,True,regular_season
1448_044,1448,4,2781.0,2880.0,7,8,10871|10873|19|23|24,10863|10864|2|3|4,99.0,True,regular_season
1449_001,1449,1,0.0,278.0,5,3,10861|3129|54|57|68,103|13777|13906|79|89,278.0,True,regular_season
1449_002,1449,1,278.0,289.0,5,3,10861|54|57|62|68,103|107|13906|77|89,11.0,True,regular_season
1449_003,1449,1,289.0,356.0,5,3,10861|54|58|62|68,103|107|13906|77|89,67.0,True,regular_season
1449_004,1449,1,356.0,437.0,5,3,10861|54|58|62|68,107|13906|77|89|91,81.0,True,regular_season
1449_005,1449,1,437.0,490.0,5,3,16|54|58|62|68,107|13906|77|86|91,53.0,True,regular_season
1449_006,1449,1,490.0,514.0,5,3,16|54|58|62|68,107|13777|77|86|91,24.0,True,regular_season
1449_007,1449,1,514.0,578.0,5,3,12|16|58|62|68,107|13777|77|86|91,64.0,True,regular_season
1449_008,1449,1,578.0,596.0,5,3,10861|12|16|58|62,107|13777|77|86|91,18.0,True,regular_season
1449_009,1449,1,596.0,692.0,5,3,10861|12|16|58|62,13777|13906|77|86|91,96.0,True,regular_season
1449_010,1449,1,692.0,720.0,5,3,10861|12|16|55|58,13777|13906|77|86|91,28.0,True,regular_season
1449_011,1449,2,720.0,823.0,5,3,10861|12|16|55|58,103|13777|13906|77|86,103.0,True,regular_season
1449_012,1449,2,823.0,895.0,5,3,10861|12|16|55|58,103|107|13906|79|89,72.0,True,regular_season
1449_013,1449,2,895.0,946.0,5,3,10861|12|16|3129|58,103|107|13906|79|89,51.0,True,regular_season
1449_014,1449,2,946.0,992.0,5,3,10861|12|3129|58|68,103|107|13906|79|89,46.0,True,regular_season
1449_015,1449,2,992.0,1053.0,5,3,10861|3129|54|58|68,103|13777|13906|79|89,61.0,True,regular_season
1449_016,1449,2,1053.0,1122.0,5,3,16|3129|54|57|68,13777|13906|77|79|89,69.0,True,regular_season
1449_017,1449,2,1122.0,1208.0,5,3,16|3129|54|57|68,107|13906|77|79|89,86.0,True,regular_season
1449_018,1449,2,1208.0,1256.0,5,3,16|54|57|58|68,107|13906|77|79|89,48.0,True,regular_season
1449_019,1449,2,1256.0,1369.0,5,3,16|54|57|58|68,107|13906|77|86|89,113.0,True,regular_season
1449_020,1449,2,1369.0,1440.0,5,3,16|54|57|58|68,13777|13906|77|86|89,71.0,True,regular_season
1449_021,1449,3,1440.0,1476.0,5,3,10861|3129|54|57|68,103|13777|13906|79|89,36.0,True,regular_season
1449_022,1449,3,1476.0,1661.0,5,3,10861|3129|54|57|68,103|107|13777|79|89,185.0,True,regular_season
1449_023,1449,3,1661.0,1711.0,5,3,10861|3129|54|57|68,103|13777|13906|77|89,50.0,True,regular_season
1449_024,1449,3,1711.0,1755.0,5,3,10861|12|54|57|68,13777|13906|77|86|89,44.0,True,regular_season
1449_025,1449,3,1755.0,1873.0,5,3,12|16|54|57|68,13777|13906|77|86|89,118.0,True,regular_season
1449_026,1449,3,1873.0,1921.0,5,3,10861|12|16|54|58,103|107|13906|77|86,48.0,True,regular_season
1449_027,1449,3,1921.0,2016.0,5,3,10861|12|16|54|58,103|107|13906|79|86,95.0,True,regular_season
1449_028,1449,3,2016.0,2082.0,5,3,10861|12|54|58|68,103|107|13777|79|86,66.0,True,regular_season
1449_029,1449,3,2082.0,2160.0,5,3,10861|12|58|62|68,103|107|13777|79|86,78.0,True,regular_season
1449_030,1449,4,2160.0,2240.0,5,3,10861|12|58|62|68,103|107|13906|79|86,80.0,True,regular_season
1449_031,1449,4,2240.0,2257.0,5,3,10861|12|54|62|68,103|107|13906|79|86,17.0,True,regular_season
1449_032,1449,4,2257.0,2280.0,5,3,10861|54|57|62|68,107|13906|77|79|86,23.0,True,regular_season
1449_033,1449,4,2280.0,2363.0,5,3,10861|54|57|62|68,13777|13906|77|79|86,83.0,True,regular_season
1449_034,1449,4,2363.0,2397.0,5,3,16|54|57|62|68,13777|13906|77|79|86,34.0,True,regular_season
1449_035,1449,4,2397.0,2499.0,5,3,16|54|57|62|68,107|13906|77|79|89,102.0,True,regular_season
1449_036,1449,4,2499.0,2743.0,5,3,12|16|54|57|68,107|13906|77|79|89,244.0,True,regular_season
1449_037,1449,4,2743.0,2787.0,5,3,12|16|54|57|68,13777|13906|77|79|89,44.0,True,regular_season
1449_038,1449,4,2787.0,2819.0,5,3,12|16|54|57|68,107|13906|77|79|89,32.0,True,regular_season
1450_001,1450,1,0.0,320.0,7,4,14038|22|28|29|34,10885|10887|10888|75|76,320.0,True,regular_season
1450_002,1450,1,320.0,343.0,7,4,10874|14038|22|29|34,10885|10887|10888|75|76,23.0,True,regular_season
1450_003,1450,1,343.0,475.0,7,4,10872|10874|14038|29|34,10862|10885|10887|75|76,132.0,True,regular_season
1450_004,1450,1,475.0,505.0,7,4,10872|10873|10874|14038|32,10862|10887|75|76|78,30.0,True,regular_season
1450_005,1450,1,505.0,551.0,7,4,10872|10873|10874|14038|32,10862|10887|75|78|80,46.0,True,regular_season
1450_006,1450,1,551.0,565.0,7,4,10872|10873|10874|32|34,10862|10887|75|78|80,14.0,True,regular_season
1450_007,1450,1,565.0,569.0,7,4,10872|10873|10874|32|34,10862|10888|78|80|88,4.0,True,regular_season
1450_008,1450,1,569.0,644.0,7,4,10872|10874|22|32|34,10862|10888|78|80|88,75.0,True,regular_season
1450_009,1450,1,644.0,676.0,7,4,10872|10874|14038|29|32,10862|10888|78|80|88,32.0,True,regular_season
1450_010,1450,1,676.0,720.0,7,4,10872|14038|28|29|32,10862|10887|78|80|88,44.0,True,regular_season
1450_011,1450,2,720.0,848.0,7,4,10872|14038|28|29|34,10862|10887|78|80|88,128.0,True,regular_season
1450_012,1450,2,848.0,934.0,7,4,14038|22|28|29|34,10862|10887|78|80|88,86.0,True,regular_season
1450_013,1450,2,934.0,1035.0,7,4,14038|22|28|29|32,10862|10887|78|80|88,101.0,True,regular_season
1450_014,1450,2,1035.0,1045.0,7,4,10872|28|29|32|34,10862|10887|78|80|88,10.0,True,regular_season
1450_015,1450,2,1045.0,1070.0,7,4,10872|28|29|32|34,10862|10887|76|78|88,25.0,True,regular_season
1450_016,1450,2,1070.0,1175.0,7,4,10872|14038|28|29|34,10862|10887|75|76|78,105.0,True,regular_season
1450_017,1450,2,1175.0,1296.0,7,4,10872|14038|28|29|34,10862|10885|10887|75|76,121.0,True,regular_season
1450_018,1450,2,1296.0,1310.0,7,4,10872|10874|14038|29|34,10862|10885|75|76|87,14.0,True,regular_season
1450_019,1450,2,1310.0,1440.0,7,4,10872|10874|14038|29|32,10862|10885|75|76|87,130.0,True,regular_season
1450_020,1450,3,1440.0,1576.0,7,4,14038|22|28|29|34,10862|10885|10887|75|76,136.0,True,regular_season
1450_021,1450,3,1576.0,1674.0,7,4,10872|14038|28|29|34,10862|10885|10887|76|78,98.0,True,regular_season
1450_022,1450,3,1674.0,1702.0,7,4,10872|14038|28|29|34,10862|10887|76|78|88,28.0,True,regular_season
1450_023,1450,3,1702.0,1956.0,7,4,10872|14038|28|29|34,10862|10887|78|80|88,254.0,True,regular_season
1450_024,1450,3,1956.0,2007.0,7,4,10872|10873|10874|14038|32,10862|10887|80|87|88,51.0,True,regular_season
1450_025,1450,3,2007.0,2098.0,7,4,10872|10873|10874|14038|32,10862|78|80|87|88,91.0,True,regular_season
1450_026,1450,3,2098.0,2160.0,7,4,10872|10873|10874|14038|32,10862|75|78|87|88,62.0,True,regular_season
1450_027,1450,4,2160.0,2195.0,7,4,10872|10873|10874|14038|32,10862|75|78|87|88,35.0,True,regular_season
1450_028,1450,4,2195.0,2262.0,7,4,10872|10874|29|32|34,10887|75|78|87|88,67.0,True,regular_season
1450_029,1450,4,2262.0,2382.0,7,4,10872|10874|29|32|34,10862|10887|75|87|88,120.0,True,regular_season
1450_030,1450,4,2382.0,2477.0,7,4,10873|10874|14038|29|34,10862|10887|75|76|87,95.0,True,regular_season
1450_031,1450,4,2477.0,2634.0,7,4,10873|10874|14038|29|32,10862|10887|75|76|90,157.0,True,regular_season
1450_032,1450,4,2634.0,2789.0,7,4,10872|10873|14038|29|32,10862|10885|10887|75|90,155.0,True,regular_season
1450_033,1450,4,2789.0,2850.0,7,4,10872|10873|14038|29|34,10862|10885|10887|75|90,61.0,True,regular_season
1450_034,1450,4,2850.0,2880.0,7,4,10872|10873|10874|14038|34,10862|10885|10887|75|90,30.0,True,regular_season
1451_001,1451,1,0.0,270.0,5,6,10860|16|54|57|58,14707|39|40|44|8889,270.0,True,regular_season
1451_002,1451,1,270.0,330.0,5,6,10860|10861|3129|54|57,14707|40|43|47|8889,60.0,True,regular_season
1451_003,1451,1,330.0,379.0,5,6,10860|10861|10884|3129|54,14707|40|43|47|8889,49.0,True,regular_season
1451_004,1451,1,379.0,458.0,5,6,10860|10861|10884|3129|54,14707|43|47|48|8889,79.0,True,regular_season
1451_005,1451,1,458.0,512.0,5,6,10860|10861|10884|12|3129,14707|43|47|48|8889,54.0,True,regular_season
1451_006,1451,1,512.0,592.0,5,6,10860|10861|12|3129|55,10880|14707|43|47|48,80.0,True,regular_season
1451_007,1451,1,592.0,661.0,5,6,10861|12|16|3129|55,10880|14707|43|47|48,69.0,True,regular_season
1451_008,1451,1,661.0,720.0,5,6,10861|12|16|55|58,10879|10880|43|48|8889,59.0,True,regular_season
1451_009,1451,2,720.0,774.0,5,6,10861|12|16|55|58,10879|10880|43|48|8889,54.0,True,regular_season
1451_010,1451,2,774.0,837.0,5,6,10861|12|16|3129|54,10879|10880|43|48|8889,63.0,True,regular_season
1451_011,1451,2,837.0,894.0,5,6,10860|12|16|3129|54,10879|10880|43|48|8889,57.0,True,regular_season
1451_012,1451,2,894.0,1082.0,5,6,10860|10861|3129|54|57,10879|10880|113|40|8889,188.0,True,regular_season
1451_013,1451,2,1082.0,1087.0,5,6,10860|10861|12|54|57,10879|10880|113|40|8889,5.0,True,regular_season
1451_014,1451,2,1087.0,1188.0,5,6,10860|10861|12|54|57,10879|10880|14707|40|47,101.0,True,regular_season
1451_015,1451,2,1188.0,1219.0,5,6,10860|10861|12|54|57,10880|14707|40|43|47,31.0,True,regular_season
1451_016,1451,2,1219.0,1440.0,5,6,10860|12|16|54|57,10880|14707|40|43|47,221.0,True,regular_season
1451_017,1451,3,1440.0,1793.0,5,6,10860|16|54|57|58,14707|40|43|47|8889,353.0,True,regular_season
1451_018,1451,3,1793.0,1883.0,5,6,10860|10861|3129|54|58,14707|40|43|47|8889,90.0,True,regular_season
1451_019,1451,3,1883.0,1948.0,5,6,10860|10861|3129|54|58,10880|40|43|44|8889,65.0,True,regular_season
1451_020,1451,3,1948.0,2048.0,5,6,10860|10861|12|54|58,10880|40|43|44|8889,100.0,True,regular_season
1451_021,1451,3,2048.0,2094.0,5,6,10861|12|16|57|58,10880|40|43|44|8889,46.0,True,regular_season
1451_022,1451,3,2094.0,2160.0,5,6,10861|12|16|55|57,10879|10880|14707|43|44,66.0,True,regular_season
1451_023,1451,4,2160.0,2330.0,5,6,10861|12|16|55|57,10879|10880|14707|40|47,170.0,True,regular_season
1451_024,1451,4,2330.0,2399.0,5,6,10861|12|16|57|58,14707|40|43|47|8889,69.0,True,regular_season
1451_025,1451,4,2399.0,2561.0,5,6,10861|16|54|57|58,14707|40|43|47|8889,162.0,True,regular_season
1451_026,1451,4,2561.0,2604.0,5,6,10861|16|54|57|58,10879|14707|43|44|8889,43.0,True,regular_season
1451_027,1451,4,2604.0,2686.0,5,6,10861|16|54|57|58,10879|10880|40|43|8889,82.0,True,regular_season
1451_028,1451,4,2686.0,2871.0,5,6,10861|16|54|57|58,10879|10880|43|48|8889,185.0,True,regular_season
1451_029,1451,4,2871.0,2880.0,5,6,10861|16|54|57|58,10880|14707|43|44|48,9.0,True,regular_season
1452_001,1452,1,0.0,334.0,7,5,10873|10875|14303|28|29,10861|3129|54|57|68,334.0,True,regular_season
1452_002,1452,1,334.0,382.0,7,5,10872|10875|14303|28|29,10861|12|3129|54|68,48.0,True,regular_season
1452_003,1452,1,382.0,388.0,7,5,10872|14038|14303|28|29,10860|12|54|58|68,6.0,True,regular_season
1452_004,1452,1,388.0,538.0,7,5,10872|10873|14038|14303|29,10860|12|54|58|68,150.0,True,regular_season
1452_005,1452,1,538.0,567.0,7,5,10872|10873|10874|14038|14303,10860|10861|12|58|62,29.0,True,regular_season
1452_006,1452,1,567.0,720.0,7,5,10872|10873|10874|10875|14038,10860|10861|12|58|62,153.0,True,regular_season
1452_007,1452,2,720.0,737.0,7,5,10872|10873|10874|10875|14038,10860|10861|12|58|62,17.0,True,regular_season
1452_008,1452,2,737.0,846.0,7,5,10872|10874|14038|14303|29,10860|10861|12|58|62,109.0,True,regular_season
1452_009,1452,2,846.0,956.0,7,5,10873|10874|14038|14303|29,10860|10861|12|58|62,110.0,True,regular_season
1452_010,1452,2,956.0,1037.0,7,5,10873|10875|14303|28|29,10860|12|58|62|68,81.0,True,regular_season
1452_011,1452,2,1037.0,1127.0,7,5,10872|10875|14303|28|29,10860|54|58|62|68,90.0,True,regular_season
1452_012,1452,2,1127.0,1135.0,7,5,10872|10875|14303|28|29,10860|54|57|58|68,8.0,True,regular_season
1452_013,1452,2,1135.0,1175.0,7,5,10872|14038|14303|25|29,10861|54|57|58|68,40.0,True,regular_season
1452_014,1452,2,1175.0,1281.0,7,5,10872|14038|14303|25|29,10861|3129|54|57|68,106.0,True,regular_season
1452_015,1452,2,1281.0,1316.0,7,5,10872|10875|14038|25|29,10861|3129|54|57|68,35.0,True,regular_season
1452_016,1452,2,1316.0,1406.0,7,5,10872|10875|14038|28|29,10861|3129|54|57|68,90.0,True,regular_season
1452_017,1452,2,1406.0,1440.0,7,5,10872|10873|10875|14303|29,10861|54|57|62|68,34.0,True,regular_season
1452_018,1452,3,1440.0,1556.0,7,5,10873|10875|14303|28|29,10860|3129|54|57|68,116.0,True,regular_season
1452_019,1452,3,1556.0,1656.0,7,5,10872|10873|14038|14303|29,10860|3129|54|57|68,100.0,True,regular_season
1452_020,1452,3,1656.0,1689.0,7,5,10872|10874|14038|14303|29,10860|3129|54|57|68,33.0,True,regular_season
1452_021,1452,3,1689.0,1712.0,7,5,10874|14038|14303|25|29,10860|3129|54|57|68,23.0,True,regular_season
1452_022,1452,3,1712.0,1749.0,7,5,10874|14038|14303|28|29,10860|3129|54|57|68,37.0,True,regular_season
1452_023,1452,3,1749.0,1809.0,7,5,10874|14038|14303|28|29,10860|54|57|62|68,60.0,True,regular_season
1452_024,1452,3,1809.0,1911.0,7,5,14038|14303|25|28|29,10861|54|57|62|68,102.0,True,regular_season
1452_025,1452,3,1911.0,2049.0,7,5,10872|10875|14303|24|29,10861|12|54|62|68,138.0,True,regular_season
1452_026,1452,3,2049.0,2103.0,7,5,10872|10875|14303|24|29,10860|10861|12|58|62,54.0,True,regular_season
1452_027,1452,3,2103.0,2160.0,7,5,10872|10873|10874|10875|14038,10860|10861|12|58|62,57.0,True,regular_season
1452_028,1452,4,2160.0,2244.0,7,5,10872|10873|10874|10875|14303,10860|10861|12|58|62,84.0,True,regular_season
1452_029,1452,4,2244.0,2320.0,7,5,10873|10874|10875|14303|29,10860|10861|12|58|62,76.0,True,regular_season
1452_030,1452,4,2320.0,2378.0,7,5,10873|10874|14038|14303|29,10860|12|57|62|68,58.0,True,regular_season
1452_031,1452,4,2378.0,2473.0,7,5,10872|10874|14038|14303|29,10860|12|57|62|68,95.0,True,regular_season
1452_032,1452,4,2473.0,2719.0,7,5,10872|10874|14038|14303|29,10860|54|57|62|68,246.0,True,regular_season
1452_033,1452,4,2719.0,2745.0,7,5,10872|10874|10875|14038|29,10860|3129|54|57|68,26.0,True,regular_season
1452_034,1452,4,2745.0,2829.0,7,5,10872|10873|10874|10875|14303,10860|3129|54|57|68,84.0,True,regular_season
1452_035,1452,4,2829.0,2854.0,7,5,10871|10873|10875|19|24,10884|12|3129|55|64,25.0,True,regular_season
1452_036,1452,4,2854.0,2880.0,7,5,10871|10873|10875|19|24,10884|55|56|60|64,26.0,True,regular_season
1453_001,1453,1,0.0,213.0,7,8,10872|14038|25|29|34,1|10864|10867|14|14437,213.0,True,regular_season
1453_002,1453,1,213.0,270.0,7,8,10872|10874|14038|29|34,1|10864|10867|14|14437,57.0,True,regular_season
1453_003,1453,1,270.0,341.0,7,8,10872|10873|10874|14038|34,1|10864|10867|14|14437,71.0,True,regular_season
1453_004,1453,1,341.0,373.0,7,8,10872|10873|10874|14038|14303,1|10867|11|14|14437,32.0,True,regular_season
1453_005,1453,1,373.0,467.0,7,8,10873|10874|14038|14303|29,1|10|10867|11|14437,94.0,True,regular_season
1453_006,1453,1,467.0,508.0,7,8,10872|10874|14303|29|34,1|10|10867|14|14845,41.0,True,regular_season
1453_007,1453,1,508.0,570.0,7,8,10872|10874|14303|29|34,10|10865|10867|14|14845,62.0,True,regular_season
1453_008,1453,1,570.0,593.0,7,8,10872|10874|14038|29|34,10|13|14|14437|14845,23.0,True,regular_season
1453_009,1453,1,593.0,631.0,7,8,10872|10874|14038|14303|29,10|10864|14|14437|14845,38.0,True,regular_season
1453_010,1453,1,631.0,720.0,7,8,10874|14038|14303|25|29,10|10864|14|14437|14845,89.0,True,regular_season
1453_011,1453,2,720.0,851.0,7,8,10874|14038|14303|25|29,1|10|10867|14845|5,131.0,True,regular_season
1453_012,1453,2,851.0,992.0,7,8,10874|14038|28|29|34,1|10867|11|14|14437,141.0,True,regular_season
1453_013,1453,2,992.0,1097.0,7,8,10874|14038|28|29|34,1|10867|14|14845|5,105.0,True,regular_season
1453_014,1453,2,1097.0,1173.0,7,8,10872|14303|28|29|34,1|10|10867|14845|5,76.0,True,regular_season
1453_015,1453,2,1173.0,1218.0,7,8,10872|10873|14303|28|34,1|10|10867|14845|5,45.0,True,regular_season
1453_016,1453,2,1218.0,1282.0,7,8,10872|10873|14303|28|34,1|10|13|14437|14845,64.0,True,regular_season
1453_017,1453,2,1282.0,1353.0,7,8,10872|10873|14303|28|34,1|10|11|14437|14845,71.0,True,regular_season
1453_018,1453,2,1353.0,1391.0,7,8,10873|14303|28|29|34,1|10|11|14437|14845,38.0,True,regular_season
1453_019,1453,2,1391.0,1434.0,7,8,10872|10874|14303|29|34,10|11|14|14437|14845,43.0,True,regular_season
1453_020,1453,2,1434.0,1439.0,7,8,10872|10874|14038|29|34,10|10865|10867|14|14845,5.0,True,regular_season
1453_021,1453,2,1439.0,1440.0,7,8,10873|10874|14303|25|34,1|10|10867|14|14845,1.0,True,regular_season
1453_022,1453,3,1440.0,1601.0,7,8,10872|10874|14038|29|34,1|10864|10867|14|14437,161.0,True,regular_season
1453_023,1453,3,1601.0,1615.0,7,8,10872|10874|14038|29|34,1|10867|11|14|14437,14.0,True,regular_season
1453_024,1453,3,1615.0,1651.0,7,8,10872|10874|14038|29|34,1|11|14|14437|14845,36.0,True,regular_season
1453_025,1453,3,1651.0,1726.0,7,8,10872|10874|14303|29|34,1|11|14|14437|14845,75.0,True,regular_season
1453_026,1453,3,1726.0,1761.0,7,8,10872|10874|14038|14303|29,1|11|14437|14845|5,35.0,True,regular_season
1453_027,1453,3,1761.0,1808.0,7,8,10874|14038|14303|25|29,1|11|14437|14845|5,47.0,True,regular_season
1453_028,1453,3,1808.0,1853.0,7,8,14038|14303|25|28|29,1|11|14437|14845|5,45.0,True,regular_season
1453_029,1453,3,1853.0,1907.0,7,8,14038|25|28|29|34,1|11|14437|14845|5,54.0,True,regular_season
1453_030,1453,3,1907.0,1971.0,7,8,10872|14038|25|28|34,1|11|14437|14845|5,64.0,True,regular_season
1453_031,1453,3,1971.0,2032.0,7,8,10872|10874|14038|28|34,1|10|11|14845|5,61.0,True,regular_season
1453_032,1453,3,2032.0,2160.0,7,8,10872|10874|14303|28|34,10|11|14437|14845|5,128.0,True,regular_season
1453_033,1453,4,2160.0,2263.0,7,8,10872|14038|14303|28|29,10|11|14437|14845|5,103.0,True,regular_season
1453_034,1453,4,2263.0,2391.0,7,8,10872|14038|14303|28|29,10|14|14437|14845|5,128.0,True,regular_season
1453_035,1453,4,2391.0,2481.0,7,8,10872|10874|14038|29|34,1|10867|14|14845|5,90.0,True,regular_season
1453_036,1453,4,2481.0,2497.0,7,8,10872|14038|28|29|34,1|10867|14|14845|5,16.0,True,regular_season
1453_037,1453,4,2497.0,2527.0,7,8,10872|14038|28|29|34,1|10|14437|14845|5,30.0,True,regular_season
1453_038,1453,4,2527.0,2571.0,7,8,10872|14038|28|29|34,10|14|14437|14845|5,44.0,True,regular_season
1453_039,1453,4,2571.0,2606.0,7,8,10872|14303|28|29|34,10|14|14437|14845|5,35.0,True,regular_season
1453_040,1453,4,2606.0,2624.0,7,8,10872|10874|14303|29|34,1|10|14437|14845|5,18.0,True,regular_season
1453_041,1453,4,2624.0,2671.0,7,8,10872|10874|14303|29|34,1|11|14437|14845|5,47.0,True,regular_season
1453_042,1453,4,2671.0,2703.0,7,8,10872|14038|25|29|34,1|11|14437|14845|5,32.0,True,regular_season
1453_043,1453,4,2703.0,2747.0,7,8,10872|14038|25|29|34,10|14|14437|14845|5,44.0,True,regular_season
1453_044,1453,4,2747.0,2770.0,7,8,10872|14038|25|29|34,1|10|14437|14845|5,23.0,True,regular_season
1453_045,1453,4,2770.0,2788.0,7,8,10872|14038|28|29|34,10|14|14437|14845|5,18.0,True,regular_season
1453_046,1453,4,2788.0,2798.0,7,8,10872|14038|25|29|34,10|14|14437|14845|5,10.0,True,regular_season
1453_047,1453,4,2798.0,2840.0,7,8,10872|14038|25|29|34,1|10|14437|14845|5,42.0,True,regular_season
1453_048,1453,4,2840.0,2870.0,7,8,10872|14303|25|29|34,1|11|14437|14845|5,30.0,True,regular_season
1453_049,1453,4,2870.0,2877.0,7,8,10872|10874|14303|29|34,1|10|11|14845|5,7.0,True,regular_season
1453_050,1453,4,2877.0,2878.0,7,8,10872|10874|14303|29|34,10|14|14437|14845|5,1.0,True,regular_season
1453_051,1453,4,2878.0,2880.0,7,8,10872|10874|14038|29|34,10|14|14437|14845|5,2.0,True,regular_season
1454_001,1454,1,0.0,228.0,2,3,109|110|118|14844|51,103|10890|13906|79|89,228.0,True,regular_season
1454_002,1454,1,228.0,248.0,2,3,109|110|118|14844|51,103|10890|13906|89|99,20.0,True,regular_season
1454_003,1454,1,248.0,273.0,2,3,109|110|118|14844|51,103|107|13906|89|99,25.0,True,regular_season
1454_004,1454,1,273.0,321.0,2,3,109|110|118|13399|14844,103|107|13906|89|99,48.0,True,regular_season
1454_005,1454,1,321.0,354.0,2,3,109|116|118|13399|14844,103|107|13906|89|99,33.0,True,regular_season
1454_006,1454,1,354.0,390.0,2,3,116|118|121|13399|14844,103|107|13906|89|99,36.0,True,regular_season
1454_007,1454,1,390.0,415.0,2,3,116|118|121|14844|51,103|107|13906|86|99,25.0,True,regular_season
1454_008,1454,1,415.0,428.0,2,3,116|118|121|14844|51,107|13906|86|91|99,13.0,True,regular_season
1454_009,1454,1,428.0,537.0,2,3,110|118|121|14844|51,107|10890|86|91|99,109.0,True,regular_season
1454_010,1454,1,537.0,720.0,2,3,109|110|121|14844|51,107|10890|86|91|99,183.0,True,regular_season
1454_011,1454,2,720.0,814.0,2,3,109|118|122|13399|51,103|10890|13906|86|91,94.0,True,regular_season
1454_012,1454,2,814.0,939.0,2,3,109|118|122|13399|51,103|10890|13906|79|89,125.0,True,regular_season
1454_013,1454,2,939.0,979.0,2,3,109|110|118|13399|14844,103|107|13906|79|89,40.0,True,regular_season
1454_014,1454,2,979.0,1017.0,2,3,109|110|118|13399|14844,107|13906|79|89|99,38.0,True,regular_season
1454_015,1454,2,1017.0,1041.0,2,3,110|118|121|13399|14844,107|13906|79|89|99,24.0,True,regular_season
1454_016,1454,2,1041.0,1117.0,2,3,110|118|121|13399|14844,103|107|13906|89|99,76.0,True,regular_season
1454_019,1454,2,1169.0,1252.0,2,3,110|121|122|14844|51,103|10890|13906|86|99,83.0,True,regular_season
1454_020,1454,2,1252.0,1279.0,2,3,109|110|121|14844|51,103|10890|13906|86|99,27.0,True,regular_season
1454_021,1454,2,1279.0,1308.0,2,3,109|110|121|14844|51,103|107|10890|86|99,29.0,True,regular_season
1454_022,1454,2,1308.0,1413.0,2,3,109|116|121|13399|14844,103|107|10890|86|91,105.0,True,regular_season
1454_023,1454,2,1413.0,1440.0,2,3,109|110|121|13399|14844,103|107|10890|86|91,27.0,True,regular_season
1454_024,1454,3,1440.0,1573.0,2,3,109|110|118|14844|51,103|10890|13906|79|89,133.0,True,regular_season
1454_025,1454,3,1573.0,1810.0,2,3,109|110|118|13399|14844,103|10890|13906|79|89,237.0,True,regular_season
1454_026,1454,3,1810.0,1861.0,2,3,109|116|118|13399|51,103|107|13906|86|99,51.0,True,regular_season
1454_027,1454,3,1861.0,1914.0,2,3,118|121|122|13399|51,107|13906|86|91|99,53.0,True,regular_season
1454_028,1454,3,1914.0,1981.0,2,3,119|121|122|13399|51,107|13906|86|91|99,67.0,True,regular_season
1454_029,1454,3,1981.0,1985.0,2,3,119|121|122|13399|51,107|10890|86|91|99,4.0,True,regular_season
1454_030,1454,3,1985.0,2160.0,2,3,110|119|121|14844|51,107|10890|86|91|99,175.0,True,regular_season
1454_031,1454,4,2160.0,2275.0,2,3,109|110|118|14844|51,103|10890|13906|86|91,115.0,True,regular_season
1454_032,1454,4,2275.0,2320.0,2,3,109|110|118|14844|51,103|10890|13906|79|89,45.0,True,regular_season
1454_033,1454,4,2320.0,2412.0,2,3,109|110|118|14844|51,103|107|13906|79|89,92.0,True,regular_season
1454_034,1454,4,2412.0,2447.0,2,3,109|116|118|13399|14844,103|107|13906|79|89,35.0,True,regular_season
1454_035,1454,4,2447.0,2580.0,2,3,109|116|121|13399|14844,103|107|13906|79|89,133.0,True,regular_season
1454_036,1454,4,2580.0,2687.0,2,3,110|118|121|13399|14844,103|107|10890|79|89,107.0,True,regular_season
1454_037,1454,4,2687.0,2748.0,2,3,110|118|121|13399|14844,103|107|10890|86|89,61.0,True,regular_season
1454_038,1454,4,2748.0,2880.0,2,3,109|110|118|13399|14844,103|10890|13906|86|89,132.0,True,regular_season
1455_001,1455,1,0.0,268.0,5,4,10861|3129|54|57|68,10885|10887|13778|75|76,268.0,True,regular_season
1455_002,1455,1,268.0,382.0,5,4,16|3129|54|57|68,10885|10887|13778|75|76,114.0,True,regular_season
1455_003,1455,1,382.0,499.0,5,4,16|54|57|58|68,10887|14843|75|76|90,117.0,True,regular_season
1455_004,1455,1,499.0,617.0,5,4,16|54|58|62|68,10887|14843|75|76|90,118.0,True,regular_season
1455_005,1455,1,617.0,661.0,5,4,10861|12|16|58|62,13778|14843|75|80|90,44.0,True,regular_season
1455_006,1455,1,661.0,689.0,5,4,10861|12|16|58|62,13778|14843|75|80|87,28.0,True,regular_season
1455_007,1455,1,689.0,720.0,5,4,10861|12|16|58|62,10885|13778|14843|80|87,31.0,True,regular_season
1455_008,1455,2,720.0,770.0,5,4,10861|12|16|58|62,10885|13778|14843|80|87,50.0,True,regular_season
1455_009,1455,2,770.0,950.0,5,4,10861|12|16|55|58,10885|13778|14843|80|87,180.0,True,regular_season
1455_010,1455,2,950.0,977.0,5,4,10861|12|54|58|68,10885|10887|14843|76|87,27.0,True,regular_season
1455_011,1455,2,977.0,1005.0,5,4,12|16|54|58|68,10885|10887|14843|76|87,28.0,True,regular_season
1455_012,1455,2,1005.0,1028.0,5,4,12|16|54|58|68,10885|10887|14843|75|76,23.0,True,regular_season
1455_013,1455,2,1028.0,1108.0,5,4,12|16|54|58|68,10885|10887|13778|75|76,80.0,True,regular_season
1455_014,1455,2,1108.0,1169.0,5,4,16|54|57|58|68,10885|10887|13778|75|76,61.0,True,regular_season
1455_015,1455,2,1169.0,1318.0,5,4,16|3129|54|57|68,10885|10887|13778|75|76,149.0,True,regular_season
1455_016,1455,2,1318.0,1391.0,5,4,16|54|57|62|68,10885|10887|13778|75|76,73.0,True,regular_season
1455_017,1455,2,1391.0,1429.0,5,4,16|54|57|62|68,10885|10887|75|76|87,38.0,True,regular_season
1455_018,1455,2,1429.0,1440.0,5,4,10884|16|3129|57|68,10887|14843|75|76|87,11.0,True,regular_season
1455_019,1455,3,1440.0,1652.0,5,4,16|3129|54|57|68,10885|10887|14843|75|76,212.0,True,regular_season
1455_020,1455,3,1652.0,1762.0,5,4,16|3129|54|57|68,10885|10887|13778|75|76,110.0,True,regular_season
1455_021,1455,3,1762.0,1802.0,5,4,16|3129|54|57|68,10887|13778|75|76|87,40.0,True,regular_season
1455_022,1455,3,1802.0,1852.0,5,4,16|3129|54|58|68,10887|14843|75|76|87,50.0,True,regular_season
1455_023,1455,3,1852.0,1889.0,5,4,12|16|54|58|68,10887|14843|75|76|87,37.0,True,regular_season
1455_024,1455,3,1889.0,1978.0,5,4,10861|12|54|58|68,10887|14843|75|76|87,89.0,True,regular_season
1455_025,1455,3,1978.0,2027.0,5,4,10861|12|54|58|68,10887|14843|14982|75|87,49.0,True,regular_season
1455_026,1455,3,2027.0,2160.0,5,4,10861|12|16|58|62,10887|14843|14982|87|88,133.0,True,regular_season
1455_027,1455,4,2160.0,2261.0,5,4,10861|12|16|58|62,10887|14843|14982|87|88,101.0,True,regular_season
1455_028,1455,4,2261.0,2385.0,5,4,16|54|58|62|68,10887|14843|14982|87|88,124.0,True,regular_season
1455_029,1455,4,2385.0,2515.0,5,4,10861|54|57|58|68,10887|13778|14982|75|88,130.0,True,regular_season
1455_030,1455,4,2515.0,2637.0,5,4,10861|54|57|58|68,13778|14982|75|87|88,122.0,True,regular_season
1455_031,1455,4,2637.0,2732.0,5,4,10861|54|57|58|68,13778|14843|14982|75|87,95.0,True,regular_season
1455_032,1455,4,2732.0,2863.0,5,4,16|54|57|58|68,13778|14843|14982|75|87,131.0,True,regular_season
1455_033,1455,4,2863.0,2880.0,5,4,16|3129|54|58|68,10887|14843|14982|75|87,17.0,True,regular_season
1456_001,1456,1,0.0,289.0,2,6,116|118|121|14844|4181,10877|10880|40|43|8889,289.0,True,regular_season
1456_002,1456,1,289.0,337.0,2,6,109|116|118|14844|51,10877|10880|40|43|8889,48.0,True,regular_season
1456_003,1456,1,337.0,451.0,2,6,109|110|118|14844|51,10877|10880|40|43|8889,114.0,True,regular_season
1456_004,1456,1,451.0,471.0,2,6,109|110|118|14844|51,10877|10879|14707|43|8889,20.0,True,regular_season
1456_005,1456,1,471.0,520.0,2,6,109|110|118|14844|4181,10877|10879|14707|43|8889,49.0,True,regular_season
1456_006,1456,1,520.0,521.0,2,6,109|110|118|14844|4181,10879|14707|39|47|8889,1.0,True,regular_season
1456_007,1456,1,521.0,604.0,2,6,109|110|121|4181|51,10879|14707|39|47|8889,83.0,True,regular_season
1456_008,1456,1,604.0,669.0,2,6,109|121|122|4181|51,10879|14707|39|47|8889,65.0,True,regular_season
1456_009,1456,1,669.0,720.0,2,6,109|121|122|4181|51,10879|10880|14707|39|47,51.0,True,regular_season
1456_010,1456,2,720.0,794.0,2,6,109|110|118|14844|51,10879|10880|14707|39|47,74.0,True,regular_season
1456_011,1456,2,794.0,889.0,2,6,109|110|118|14844|4181,10879|10880|14707|39|47,95.0,True,regular_season
1456_012,1456,2,889.0,990.0,2,6,110|118|121|14844|4181,10879|10880|14707|39|47,101.0,True,regular_season
1456_013,1456,2,990.0,1000.0,2,6,116|118|121|14844|4181,10877|14707|40|43|8889,10.0,True,regular_season
1456_014,1456,2,1000.0,1078.0,2,6,116|118|121|14844|51,10877|14707|40|43|8889,78.0,True,regular_season
1456_015,1456,2,1078.0,1121.0,2,6,116|118|122|14844|51,10877|14707|40|43|8889,43.0,True,regular_season
1456_016,1456,2,1121.0,1164.0,2,6,110|118|122|14844|51,10877|14707|40|43|8889,43.0,True,regular_season
1456_017,1456,2,1164.0,1186.0,2,6,109|110|118|14844|51,10877|14707|40|43|8889,22.0,True,regular_season
1456_018,1456,2,1186.0,1317.0,2,6,109|110|118|4181|51,10877|10880|40|43|8889,131.0,True,regular_season
1456_019,1456,2,1317.0,1396.0,2,6,109|110|118|14844|4181,10877|10880|40|43|8889,79.0,True,regular_season
1456_020,1456,2,1396.0,1440.0,2,6,109|110|118|14844|4181,10877|10880|14707|40|43,44.0,True,regular_season
1456_021,1456,3,1440.0,1602.0,2,6,116|118|121|14844|4181,10877|10880|40|43|8889,162.0,True,regular_season
1456_022,1456,3,1602.0,1673.0,2,6,109|110|118|14844|4181,10877|10880|40|43|8889,71.0,True,regular_season
1456_023,1456,3,1673.0,1740.0,2,6,109|110|118|4181|51,10877|10880|40|43|8889,67.0,True,regular_season
1456_024,1456,3,1740.0,1750.0,2,6,109|110|118|4181|51,10877|10880|14707|43|47,10.0,True,regular_season
1456_025,1456,3,1750.0,1837.0,2,6,109|110|121|4181|51,10877|10880|14707|43|47,87.0,True,regular_season
1456_026,1456,3,1837.0,1970.0,2,6,109|110|121|14844|51,14707|40|43|47|8889,133.0,True,regular_season
1456_027,1456,3,1970.0,2044.0,2,6,109|110|121|14844|51,10879|14707|40|44|8889,74.0,True,regular_season
1456_028,1456,3,2044.0,2107.0,2,6,110|118|121|14844|51,10879|14707|40|44|8889,63.0,True,regular_season
1456_029,1456,3,2107.0,2160.0,2,6,116|118|121|14844|51,10879|14707|40|44|8889,53.0,True,regular_season
1456_030,1456,4,2160.0,2384.0,2,6,109|110|118|4181|51,10877|10879|14707|40|8889,224.0,True,regular_season
1456_031,1456,4,2384.0,2535.0,2,6,109|110|118|14844|51,10877|10880|40|43|8889,151.0,True,regular_season
1456_032,1456,4,2535.0,2737.0,2,6,109|110|118|14844|4181,10877|10880|40|43|8889,202.0,True,regular_season
1456_033,1456,4,2737.0,2880.0,2,6,109|110|118|14844|51,10877|10880|40|43|8889,143.0,True,regular_season
1457_001,1457,1,0.0,286.0,5,7,10860|3129|54|57|68,10872|13029|24|29|34,286.0,True,regular_season
1457_002,1457,1,286.0,371.0,5,7,10860|3129|54|57|68,10872|13029|14038|24|28,85.0,True,regular_season
1457_003,1457,1,371.0,420.0,5,7,10860|12|16|54|58,10872|13029|14038|24|28,49.0,True,regular_season
1457_004,1457,1,420.0,529.0,5,7,10860|12|16|54|58,10872|14038|28|29|34,109.0,True,regular_season
1457_005,1457,1,529.0,571.0,5,7,10860|12|16|58|62,10873|14038|28|29|34,42.0,True,regular_season
1457_006,1457,1,571.0,619.0,5,7,10860|12|16|58|62,13029|25|28|29|34,48.0,True,regular_season
1457_007,1457,1,619.0,663.0,5,7,12|16|58|62|68,10872|13029|24|29|34,44.0,True,regular_season
1457_008,1457,1,663.0,720.0,5,7,12|16|58|62|68,10872|13029|28|29|34,57.0,True,regular_season
1457_009,1457,2,720.0,820.0,5,7,12|16|58|62|68,10874|13029|25|29|34,100.0,True,regular_season
1457_010,1457,2,820.0,938.0,5,7,12|16|58|62|68,10874|13029|14038|24|29,118.0,True,regular_season
1457_011,1457,2,938.0,1041.0,5,7,10860|54|57|62|68,10872|10874|13029|14038|24,103.0,True,regular_season
1457_012,1457,2,1041.0,1126.0,5,7,10860|16|3129|54|57,10872|13029|14038|28|29,85.0,True,regular_season
1457_013,1457,2,1126.0,1168.0,5,7,10860|16|54|57|58,10872|13029|14038|28|29,42.0,True,regular_season
1457_014,1457,2,1168.0,1182.0,5,7,10860|54|57|58|68,10872|13029|14038|28|29,14.0,True,regular_season
1457_015,1457,2,1182.0,1214.0,5,7,10860|12|54|58|68,10872|13029|14038|24|29,32.0,True,regular_season
1457_016,1457,2,1214.0,1336.0,5,7,10860|12|54|58|68,10872|10874|13029|29|34,122.0,True,regular_season
1457_017,1457,2,1336.0,1384.0,5,7,10860|12|54|58|68,10872|14038|25|29|34,48.0,True,regular_season
1457_018,1457,2,1384.0,1440.0,5,7,10860|54|57|58|68,10873|14038|25|29|34,56.0,True,regular_season
1457_019,1457,3,1440.0,1525.0,5,7,10860|12|54|57|68,10872|13029|24|29|34,85.0,True,regular_season
1457_020,1457,3,1525.0,1736.0,5,7,10860|12|54|57|68,10872|10874|13029|29|34,211.0,True,regular_season
1457_021,1457,3,1736.0,1846.0,5,7,12|16|54|57|68,10872|10874|13029|29|34,110.0,True,regular_season
1457_022,1457,3,1846.0,1933.0,5,7,12|16|57|58|68,10872|10874|13029|14038|25,87.0,True,regular_season
1457_023,1457,3,1933.0,2010.0,5,7,10860|12|16|57|58,10872|10874|13029|14038|24,77.0,True,regular_season
1457_024,1457,3,2010.0,2144.0,5,7,10860|16|54|57|58,10873|10874|14038|29|34,134.0,True,regular_season
1457_025,1457,3,2144.0,2155.0,5,7,10860|16|54|57|58,10874|13029|14038|28|29,11.0,True,regular_season
1457_026,1457,3,2155.0,2160.0,5,7,10860|16|54|57|58,10871|10873|14038|25|34,5.0,True,regular_season
1457_027,1457,4,2160.0,2276.0,5,7,10860|16|54|57|58,10872|10874|14038|29|34,116.0,True,regular_season
1457_028,1457,4,2276.0,2311.0,5,7,10860|16|54|57|58,10872|10874|13029|29|34,35.0,True,regular_season
1457_029,1457,4,2311.0,2342.0,5,7,10860|16|54|57|58,10872|13029|24|29|34,31.0,True,regular_season
1457_030,1457,4,2342.0,2393.0,5,7,10860|12|16|54|58,10872|13029|24|29|34,51.0,True,regular_season
1457_031,1457,4,2393.0,2511.0,5,7,10860|12|54|58|68,10872|13029|24|29|34,118.0,True,regular_season
1457_032,1457,4,2511.0,2610.0,5,7,10860|12|54|58|68,10872|10874|13029|28|34,99.0,True,regular_season
1457_033,1457,4,2610.0,2688.0,5,7,10860|12|3129|57|68,10874|13029|14038|28|29,78.0,True,regular_season
1457_034,1457,4,2688.0,2711.0,5,7,10860|12|3129|57|68,10874|13029|14038|25|29,23.0,True,regular_season
1457_035,1457,4,2711.0,2806.0,5,7,10860|12|3129|57|68,10872|10874|13029|29|34,95.0,True,regular_season
1457_036,1457,4,2806.0,2880.0,5,7,10884|55|56|60|64,10871|10873|19|23|24,74.0,True,regular_season
1458_001,1458,1,0.0,158.0,4,8,10885|10887|14843|75|76,1|10|10867|14|14845,158.0,True,regular_season
1458_002,1458,1,158.0,369.0,4,8,10885|10887|14843|75|76,1|10|10867|14845|5,211.0,True,regular_season
1458_003,1458,1,369.0,487.0,4,8,10862|10885|10887|75|76,1|10|10867|14845|5,118.0,True,regular_season
1458_004,1458,1,487.0,569.0,4,8,10862|10887|75|76|87,10867|11|14|14437|5,82.0,True,regular_season
1458_005,1458,1,569.0,681.0,4,8,10862|10887|14982|75|87,1|10864|10867|14|14437,112.0,True,regular_season
1458_006,1458,1,681.0,720.0,4,8,10862|14843|14982|87|88,10864|10865|14|14437|14845,39.0,True,regular_season
1458_007,1458,2,720.0,763.0,4,8,10862|14843|14982|87|88,10864|10865|14|14437|14845,43.0,True,regular_season
1458_008,1458,2,763.0,905.0,4,8,10862|14843|14982|87|88,10|10864|10865|14|14845,142.0,True,regular_season
1458_009,1458,2,905.0,1032.0,4,8,10862|14843|14982|87|88,1|10|10864|14|14845,127.0,True,regular_season
1458_010,1458,2,1032.0,1052.0,4,8,10862|10885|10887|76|88,1|10|10867|14|14845,20.0,True,regular_season
1458_011,1458,2,1052.0,1161.0,4,8,10862|10885|10887|76|88,1|10|10867|14|14437,109.0,True,regular_season
1458_012,1458,2,1161.0,1290.0,4,8,10862|10885|10887|75|76,1|10|10867|14437|5,129.0,True,regular_season
1458_013,1458,2,1290.0,1440.0,4,8,10885|10887|14843|75|76,1|10|10867|14845|5,150.0,True,regular_season
1458_014,1458,3,1440.0,1668.0,4,8,10885|10887|14843|75|76,1|10|10867|14|14845,228.0,True,regular_season
1458_015,1458,3,1668.0,1816.0,4,8,10885|10887|14843|75|76,1|10867|14|14845|5,148.0,True,regular_season
1458_016,1458,3,1816.0,1860.0,4,8,10887|14843|75|76|87,1|10867|14|14845|5,44.0,True,regular_season
1458_017,1458,3,1860.0,1950.0,4,8,10887|14843|75|76|87,1|10|10867|14845|5,90.0,True,regular_season
1458_018,1458,3,1950.0,2003.0,4,8,10887|14843|75|76|87,1|10|14437|14845|5,53.0,True,regular_season
1458_019,1458,3,2003.0,2022.0,4,8,10862|10887|75|76|87,1|10|14437|14845|5,19.0,True,regular_season
1458_020,1458,3,2022.0,2048.0,4,8,10862|10887|75|76|87,1|10|10867|14437|5,26.0,True,regular_season
1458_021,1458,3,2048.0,2064.0,4,8,10862|10887|76|87|88,1|10|10867|14437|5,16.0,True,regular_season
1458_022,1458,3,2064.0,2160.0,4,8,10862|10887|76|87|88,10|10865|10867|14437|5,96.0,True,regular_season
1458_023,1458,4,2160.0,2348.0,4,8,10862|14843|14982|87|88,1|10|10867|14845|5,188.0,True,regular_season
1458_024,1458,4,2348.0,2501.0,4,8,10887|14843|14982|87|88,1|10867|14|14845|3,153.0,True,regular_season
1458_025,1458,4,2501.0,2561.0,4,8,10885|10887|14843|75|76,1|10867|14|14845|3,60.0,True,regular_season
1458_026,1458,4,2561.0,2612.0,4,8,10885|10887|14843|75|76,1|10864|10867|14|3,51.0,True,regular_season
1458_027,1458,4,2612.0,2731.0,4,8,10885|10887|14843|75|76,1|10867|14|14845|5,119.0,True,regular_season
1458_028,1458,4,2731.0,2782.0,4,8,10885|10887|14843|75|87,10|10867|14|14845|5,51.0,True,regular_season
1458_029,1458,4,2782.0,2851.0,4,8,10885|10887|14843|75|87,1|10|10867|14845|5,69.0,True,regular_season
1458_030,1458,4,2851.0,2857.0,4,8,10885|10887|14843|75|87,10|10867|14|14845|5,6.0,True,regular_season
1458_031,1458,4,2857.0,2864.0,4,8,10885|10887|14843|75|87,1|10|10867|14845|5,7.0,True,regular_season
1458_032,1458,4,2864.0,2880.0,4,8,10885|10887|14843|75|87,10|10867|14|14845|5,16.0,True,regular_season
1459_001,1459,1,0.0,314.0,3,6,103|10890|13906|79|89,10877|10880|40|43|8889,314.0,True,regular_season
1459_002,1459,1,314.0,395.0,3,6,103|107|13906|89|99,10877|10880|40|43|8889,81.0,True,regular_season
1459_003,1459,1,395.0,437.0,3,6,107|13906|79|86|99,10877|10880|40|43|8889,42.0,True,regular_season
1459_004,1459,1,437.0,493.0,3,6,107|10890|79|86|99,104|10877|40|43|8889,56.0,True,regular_season
1459_005,1459,1,493.0,536.0,3,6,107|10890|79|86|99,104|10877|10879|39|8889,43.0,True,regular_season
1459_006,1459,1,536.0,563.0,3,6,107|10890|79|86|99,104|10877|10879|10880|39,27.0,True,regular_season
1459_007,1459,1,563.0,647.0,3,6,107|10890|79|86|91,104|10879|10880|39|44,84.0,True,regular_season
1459_008,1459,1,647.0,720.0,3,6,107|10890|79|86|91,104|10879|40|44|8889,73.0,True,regular_season
1459_009,1459,2,720.0,833.0,3,6,103|10890|13906|79|86,104|10879|40|44|8889,113.0,True,regular_season
1459_010,1459,2,833.0,848.0,3,6,103|10890|13906|79|89,104|10879|40|44|8889,15.0,True,regular_season
1459_011,1459,2,848.0,885.0,3,6,103|10890|13906|79|89,104|10877|40|43|8889,37.0,True,regular_season
1459_012,1459,2,885.0,964.0,3,6,103|107|13906|79|89,104|10877|40|43|8889,79.0,True,regular_season
1459_013,1459,2,964.0,1059.0,3,6,103|107|13906|89|99,104|10877|40|43|8889,95.0,True,regular_season
1459_014,1459,2,1059.0,1122.0,3,6,103|107|10890|89|99,104|10877|40|43|8889,63.0,True,regular_season
1459_015,1459,2,1122.0,1198.0,3,6,103|107|10890|89|99,10877|10879|10880|40|8889,76.0,True,regular_season
1459_016,1459,2,1198.0,1238.0,3,6,107|10890|79|86|99,104|10877|10879|10880|47,40.0,True,regular_season
1459_017,1459,2,1238.0,1316.0,3,6,10890|13906|79|86|99,104|10877|10879|10880|47,78.0,True,regular_season
1459_018,1459,2,1316.0,1346.0,3,6,107|13906|79|86|91,104|10877|10879|10880|47,30.0,True,regular_season
1459_019,1459,2,1346.0,1436.0,3,6,107|13906|79|86|91,104|10877|10879|47|8889,90.0,True,regular_season
1459_020,1459,2,1436.0,1440.0,3,6,107|13906|79|86|91,104|10877|10879|40|8889,4.0,True,regular_season
1459_021,1459,3,1440.0,1559.0,3,6,103|10890|13906|79|89,104|10877|43|44|8889,119.0,True,regular_season
1459_022,1459,3,1559.0,1618.0,3,6,103|10890|13906|79|89,104|10877|40|44|8889,59.0,True,regular_season
1459_023,1459,3,1618.0,1681.0,3,6,103|107|13906|79|89,104|10877|40|44|8889,63.0,True,regular_season
1459_024,1459,3,1681.0,1713.0,3,6,103|107|13906|79|86,104|10877|40|47|8889,32.0,True,regular_season
1459_025,1459,3,1713.0,1745.0,3,6,103|107|13906|79|86,10877|40|43|47|8889,32.0,True,regular_season
1459_026,1459,3,1745.0,1802.0,3,6,103|107|13906|79|86,10877|10880|40|43|8889,57.0,True,regular_season
1459_027,1459,3,1802.0,1897.0,3,6,103|107|13906|86|99,10877|10880|40|43|8889,95.0,True,regular_season
1459_028,1459,3,1897.0,1979.0,3,6,107|10890|79|86|99,10877|10880|40|43|8889,82.0,True,regular_season
1459_029,1459,3,1979.0,2023.0,3,6,107|10890|79|86|99,10877|10879|43|47|8889,44.0,True,regular_season
1459_030,1459,3,2023.0,2160.0,3,6,107|10890|79|86|99,104|10879|43|47|8889,137.0,True,regular_season
1459_031,1459,4,2160.0,2287.0,3,6,103|10890|13906|86|91,104|10877|10880|43|47,127.0,True,regular_season
1459_032,1459,4,2287.0,2313.0,3,6,103|10890|13906|86|91,10877|10879|10880|40|8889,26.0,True,regular_season
1459_033,1459,4,2313.0,2434.0,3,6,103|107|13906|89|91,10877|10879|10880|40|8889,121.0,True,regular_season
1459_034,1459,4,2434.0,2480.0,3,6,103|107|13906|89|91,10877|10880|40|43|8889,46.0,True,regular_season
1459_035,1459,4,2480.0,2538.0,3,6,103|107|13906|79|89,10877|10880|40|43|8889,58.0,True,regular_season
1459_036,1459,4,2538.0,2692.0,3,6,103|107|10890|86|89,10877|10880|40|43|8889,154.0,True,regular_season
1459_037,1459,4,2692.0,2711.0,3,6,103|107|10890|86|89,104|10877|40|43|8889,19.0,True,regular_season
1459_038,1459,4,2711.0,2843.0,3,6,103|10890|13906|86|89,104|10877|40|43|8889,132.0,True,regular_season
1460_001,1460,1,0.0,127.0,4,2,10885|10887|10888|75|76,116|118|121|14844|4181,127.0,True,regular_season
1460_002,1460,1,127.0,211.0,4,2,10885|10887|10888|75|76,109|118|121|14844|51,84.0,True,regular_season
1460_003,1460,1,211.0,344.0,4,2,10885|10887|10888|75|76,109|118|121|4181|51,133.0,True,regular_season
1460_004,1460,1,344.0,392.0,4,2,10885|10887|14843|75|76,109|118|121|4181|51,48.0,True,regular_season
1460_005,1460,1,392.0,411.0,4,2,10885|10887|14843|75|76,109|118|122|4181|51,19.0,True,regular_season
1460_006,1460,1,411.0,467.0,4,2,10887|14843|75|76|87,109|118|122|4181|51,56.0,True,regular_season
1460_007,1460,1,467.0,551.0,4,2,10887|14843|75|76|87,109|118|122|14844|51,84.0,True,regular_season
1460_008,1460,1,551.0,587.0,4,2,10888|14843|75|76|87,118|121|122|14844|51,36.0,True,regular_season
1460_009,1460,1,587.0,619.0,4,2,10888|14843|75|80|87,118|121|122|14844|51,32.0,True,regular_season
1460_010,1460,1,619.0,720.0,4,2,10888|14843|80|87|88,118|121|123|14844|4181,101.0,True,regular_season
1460_011,1460,2,720.0,773.0,4,2,10888|14843|80|87|88,118|121|123|14844|4181,53.0,True,regular_season
1460_012,1460,2,773.0,857.0,4,2,10887|10888|80|87|88,118|121|123|14844|4181,84.0,True,regular_season
1460_013,1460,2,857.0,888.0,4,2,10887|10888|76|87|88,118|121|123|14844|4181,31.0,True,regular_season
1460_014,1460,2,888.0,961.0,4,2,10887|10888|76|87|88,109|116|118|14844|51,73.0,True,regular_season
1460_015,1460,2,961.0,981.0,4,2,10887|10888|76|87|88,109|116|119|14844|51,20.0,True,regular_season
1460_016,1460,2,981.0,1011.0,4,2,10887|10888|75|76|88,109|116|119|14844|51,30.0,True,regular_season
1460_017,1460,2,1011.0,1159.0,4,2,10885|10887|14843|75|76,10891|109|119|14844|51,148.0,True,regular_season
1460_018,1460,2,1159.0,1190.0,4,2,10885|10887|14843|75|76,10891|109|121|14844|51,31.0,True,regular_season
1460_019,1460,2,1190.0,1378.0,4,2,10885|10887|14843|75|76,118|121|123|14844|4181,188.0,True,regular_season
1460_020,1460,2,1378.0,1402.0,4,2,10885|10887|10888|75|76,118|121|123|14844|4181,24.0,True,regular_season
1460_021,1460,2,1402.0,1440.0,4,2,10887|10888|75|76|87,118|121|123|14844|4181,38.0,True,regular_season
1460_022,1460,3,1440.0,1690.0,4,2,10885|10887|10888|75|76,116|118|121|14844|51,250.0,True,regular_season
1460_023,1460,3,1690.0,1827.0,4,2,10885|10888|14843|75|76,116|118|121|14844|51,137.0,True,regular_season
1460_024,1460,3,1827.0,1934.0,4,2,10888|14843|75|76|87,116|118|121|14844|4181,107.0,True,regular_season
1460_025,1460,3,1934.0,1965.0,4,2,10888|14843|75|76|87,109|116|118|14844|4181,31.0,True,regular_season
1460_026,1460,3,1965.0,2026.0,4,2,10887|14843|76|87|88,109|116|118|14844|4181,61.0,True,regular_season
1460_027,1460,3,2026.0,2160.0,4,2,10887|14843|76|87|88,109|116|118|4181|51,134.0,True,regular_season
1460_028,1460,4,2160.0,2297.0,4,2,10887|14843|75|87|88,109|118|121|4181|51,137.0,True,regular_season
1460_029,1460,4,2297.0,2392.0,4,2,10887|10888|75|87|88,109|118|121|4181|51,95.0,True,regular_season
1460_030,1460,4,2392.0,2507.0,4,2,10887|10888|75|76|87,109|118|121|4181|51,115.0,True,regular_season
1460_031,1460,4,2507.0,2728.0,4,2,10887|10888|75|76|87,116|118|121|14844|51,221.0,True,regular_season
1460_032,1460,4,2728.0,2788.0,4,2,10885|10887|10888|75|76,109|118|121|4181|51,60.0,True,regular_season
1460_033,1460,4,2788.0,2822.0,4,2,10887|10888|75|76|84,109|118|121|4181|51,34.0,True,regular_season
1460_034,1460,4,2822.0,2880.0,4,2,10885|10887|14843|14982|84,109|118|121|4181|51,58.0,True,regular_season
1461_001,1461,1,0.0,188.0,3,5,103|10890|13906|79|89,10861|3129|54|57|68,188.0,True,regular_season
1461_002,1461,1,188.0,219.0,3,5,103|107|13906|79|89,10861|3129|54|57|68,31.0,True,regular_season
1461_003,1461,1,219.0,317.0,3,5,107|13906|79|89|99,10861|3129|54|57|68,98.0,True,regular_season
1461_004,1461,1,317.0,376.0,3,5,107|13906|79|86|99,10860|54|57|58|68,59.0,True,regular_season
1461_005,1461,1,376.0,410.0,3,5,103|107|13906|86|99,10860|54|57|58|68,34.0,True,regular_season
1461_006,1461,1,410.0,503.0,3,5,103|107|10890|86|89,10860|54|57|58|68,93.0,True,regular_season
1461_007,1461,1,503.0,626.0,3,5,103|107|10890|86|89,10860|10861|12|57|58,123.0,True,regular_season
1461_008,1461,1,626.0,710.0,3,5,103|107|10890|86|89,10860|10861|12|58|62,84.0,True,regular_season
1461_009,1461,1,710.0,720.0,3,5,107|10890|79|86|89,10860|10861|12|58|62,10.0,True,regular_season
1461_010,1461,2,720.0,889.0,3,5,103|10890|13906|79|89,10860|10861|12|58|62,169.0,True,regular_season
1461_011,1461,2,889.0,928.0,3,5,103|10890|13906|89|91,10860|12|58|62|68,39.0,True,regular_season
1461_012,1461,2,928.0,951.0,3,5,103|10890|13906|89|91,10860|12|54|58|68,23.0,True,regular_season
1461_013,1461,2,951.0,971.0,3,5,107|13906|86|89|91,10860|12|54|58|68,20.0,True,regular_season
1461_014,1461,2,971.0,1026.0,3,5,107|13906|86|89|91,10860|12|54|57|68,55.0,True,regular_season
1461_015,1461,2,1026.0,1168.0,3,5,107|13906|79|86|89,10861|3129|54|57|68,142.0,True,regular_season
1461_016,1461,2,1168.0,1222.0,3,5,103|107|13906|79|86,10860|10861|3129|54|57,54.0,True,regular_season
1461_017,1461,2,1222.0,1342.0,3,5,103|107|10890|79|86,10860|10861|54|57|58,120.0,True,regular_season
1461_018,1461,2,1342.0,1362.0,3,5,103|107|10890|86|89,10860|10861|54|57|58,20.0,True,regular_season
1461_019,1461,2,1362.0,1440.0,3,5,103|10890|13906|86|89,10860|10861|54|57|58,78.0,True,regular_season
1461_020,1461,3,1440.0,1642.0,3,5,103|10890|13906|79|89,10861|3129|54|57|68,202.0,True,regular_season
1461_021,1461,3,1642.0,1690.0,3,5,103|107|13906|79|89,10861|3129|54|57|68,48.0,True,regular_season
1461_022,1461,3,1690.0,1712.0,3,5,103|107|13906|86|89,10861|3129|54|57|68,22.0,True,regular_season
1461_023,1461,3,1712.0,1782.0,3,5,103|107|13906|86|89,10861|3129|54|58|68,70.0,True,regular_season
1461_024,1461,3,1782.0,1854.0,3,5,103|10890|13906|86|89,10861|3129|54|58|68,72.0,True,regular_season
1461_025,1461,3,1854.0,1970.0,3,5,10890|13906|79|86|89,10860|3129|54|58|68,116.0,True,regular_season
1461_026,1461,3,1970.0,2016.0,3,5,107|10890|79|86|89,10860|10861|12|54|58,46.0,True,regular_season
1461_027,1461,3,2016.0,2160.0,3,5,103|107|10890|79|86,10860|10861|12|54|58,144.0,True,regular_season
1461_028,1461,4,2160.0,2246.0,3,5,103|10890|13906|79|89,10860|10861|12|54|58,86.0,True,regular_season
1461_029,1461,4,2246.0,2283.0,3,5,103|107|13906|79|86,10860|10861|12|54|58,37.0,True,regular_season
1461_030,1461,4,2283.0,2334.0,3,5,103|107|13906|79|86,10861|12|54|58|68,51.0,True,regular_season
1461_031,1461,4,2334.0,2366.0,3,5,103|107|13906|79|86,10861|12|57|58|68,32.0,True,regular_season
1461_032,1461,4,2366.0,2430.0,3,5,107|13906|79|86|89,10861|12|57|58|68,64.0,True,regular_season
1461_033,1461,4,2430.0,2474.0,3,5,107|13906|79|86|89,10861|54|57|58|68,44.0,True,regular_season
1461_034,1461,4,2474.0,2511.0,3,5,10890|13906|79|86|89,10860|54|57|58|68,37.0,True,regular_season
1461_035,1461,4,2511.0,2581.0,3,5,10890|13906|79|86|89,10860|3129|54|57|68,70.0,True,regular_season
1461_036,1461,4,2581.0,2691.0,3,5,103|10890|13906|79|89,10860|3129|54|57|68,110.0,True,regular_season
1461_037,1461,4,2691.0,2761.0,3,5,103|10890|13906|79|89,10860|10884|55|56|68,70.0,True,regular_season
1461_038,1461,4,2761.0,2880.0,3,5,101|83|86|95|97,10884|55|56|60|64,119.0,True,regular_season
1462_001,1462,1,0.0,441.0,4,7,10885|10887|14843|75|76,10872|14038|22|29|34,441.0,True,regular_season
1462_002,1462,1,441.0,531.0,4,7,10862|10885|10887|14982|75,10872|10874|14038|21|32,90.0,True,regular_season
1462_003,1462,1,531.0,653.0,4,7,10862|10887|14982|78|88,10874|21|29|32|34,122.0,True,regular_season
1462_004,1462,1,653.0,712.0,4,7,10862|14843|14982|78|88,10874|21|29|32|34,59.0,True,regular_season
1462_005,1462,1,712.0,720.0,4,7,10862|14843|14982|78|88,10872|10873|21|25|32,8.0,True,regular_season
1462_006,1462,2,720.0,844.0,4,7,10862|14843|14982|78|88,10872|10874|29|32|34,124.0,True,regular_season
1462_007,1462,2,844.0,971.0,4,7,10862|14843|14982|78|88,10872|10874|14038|29|32,127.0,True,regular_season
1462_008,1462,2,971.0,1022.0,4,7,10862|10887|14982|75|88,10872|10874|14038|29|34,51.0,True,regular_season
1462_009,1462,2,1022.0,1204.0,4,7,10862|10887|14982|75|88,10874|14038|21|22|34,182.0,True,regular_season
1462_010,1462,2,1204.0,1292.0,4,7,10885|10887|14843|75|76,21|22|28|32|34,88.0,True,regular_season
1462_011,1462,2,1292.0,1406.0,4,7,10885|10887|14843|75|76,10872|28|29|32|34,114.0,True,regular_season
1462_012,1462,2,1406.0,1440.0,4,7,10885|10887|14843|75|76,10872|10874|14038|21|32,34.0,True,regular_season
1462_013,1462,3,1440.0,1649.0,4,7,10885|10887|14843|75|76,10872|10874|14038|29|34,209.0,True,regular_season
1462_014,1462,3,1649.0,1755.0,4,7,10885|10887|14843|75|76,10872|10874|14038|21|34,106.0,True,regular_season
1462_015,1462,3,1755.0,1757.0,4,7,10885|10887|14843|75|76,10872|10874|14038|21|32,2.0,True,regular_season
1462_016,1462,3,1757.0,1916.0,4,7,10862|10885|10887|75|76,10872|10874|14038|21|32,159.0,True,regular_season
1462_017,1462,3,1916.0,1969.0,4,7,10862|10885|10887|14982|75,10872|21|29|32|34,53.0,True,regular_season
1462_018,1462,3,1969.0,2048.0,4,7,10862|10885|14843|14982|88,10872|21|29|32|34,79.0,True,regular_season
1462_019,1462,3,2048.0,2119.0,4,7,10862|10885|14843|14982|88,10872|14038|28|29|34,71.0,True,regular_season
1462_020,1462,3,2119.0,2160.0,4,7,10862|10885|14843|14982|88,14038|21|28|29|34,41.0,True,regular_season
1462_021,1462,4,2160.0,2217.0,4,7,10862|14843|14982|75|88,14038|21|28|29|34,57.0,True,regular_season
1462_022,1462,4,2217.0,2256.0,4,7,10862|14843|14982|75|88,10872|14038|21|29|34,39.0,True,regular_season
1462_023,1462,4,2256.0,2335.0,4,7,10862|14843|14982|75|88,10872|10874|14038|29|34,79.0,True,regular_season
1462_024,1462,4,2335.0,2409.0,4,7,10862|14843|14982|75|88,10872|10874|14038|29|32,74.0,True,regular_season
1462_025,1462,4,2409.0,2515.0,4,7,10862|14843|14982|75|88,10872|10873|14038|29|32,106.0,True,regular_season
1462_026,1462,4,2515.0,2539.0,4,7,10862|14843|14982|75|88,10872|10874|14038|22|32,24.0,True,regular_season
1462_027,1462,4,2539.0,2715.0,4,7,10862|14843|14982|75|88,10874|21|22|32|34,176.0,True,regular_season
1462_028,1462,4,2715.0,2751.0,4,7,10862|14843|14982|75|88,10873|19|23|32|34,36.0,True,regular_season
1462_029,1462,4,2751.0,2803.0,4,7,10862|14843|14982|75|88,10873|14038|19|23|32,52.0,True,regular_season
1462_030,1462,4,2803.0,2828.0,4,7,10862|14982|75|84|88,10873|14038|19|23|32,25.0,True,regular_season
1462_031,1462,4,2828.0,2880.0,4,7,10862|14982|80|84|88,10873|14038|19|23|32,52.0,True,regular_season
1463_001,1463,1,0.0,167.0,6,2,10877|10881|43|44|8889,108|110|118|13399|51,167.0,True,regular_season
1463_002,1463,1,167.0,252.0,6,2,10877|10881|43|44|8889,108|116|118|13399|51,85.0,True,regular_season
1463_003,1463,1,252.0,446.0,6,2,10877|10881|40|43|8889,108|116|118|13399|4181,194.0,True,regular_season
1463_004,1463,1,446.0,473.0,6,2,104|10877|40|43|8889,108|116|118|13399|4181,27.0,True,regular_season
1463_005,1463,1,473.0,577.0,6,2,104|10877|40|43|8889,108|116|118|123|4181,104.0,True,regular_season
1463_006,1463,1,577.0,622.0,6,2,104|10877|10879|40|8889,108|116|118|123|4181,45.0,True,regular_season
1463_007,1463,1,622.0,720.0,6,2,104|10879|10881|40|47,116|121|4181|45|51,98.0,True,regular_season
1463_008,1463,2,720.0,969.0,6,2,104|10879|10881|40|47,110|121|13399|45|51,249.0,True,regular_season
1463_009,1463,2,969.0,1078.0,6,2,104|10879|10881|40|47,116|118|13399|4181|45,109.0,True,regular_season
1463_010,1463,2,1078.0,1309.0,6,2,104|10877|10879|43|8889,108|116|118|13399|4181,231.0,True,regular_season
1463_011,1463,2,1309.0,1320.0,6,2,104|10877|40|43|8889,108|116|118|123|4181,11.0,True,regular_season
1463_012,1463,2,1320.0,1439.0,6,2,104|10877|40|43|8889,108|118|121|123|4181,119.0,True,regular_season
1463_013,1463,2,1439.0,1440.0,6,2,10877|10881|39|44|8889,108|118|121|123|4181,1.0,True,regular_season
1463_014,1463,3,1440.0,1735.0,6,2,10877|10881|43|44|8889,108|116|118|13399|4181,295.0,True,regular_season
1463_015,1463,3,1735.0,1798.0,6,2,10877|10879|10881|43|8889,108|116|118|13399|4181,63.0,True,regular_season
1463_016,1463,3,1798.0,1842.0,6,2,104|10877|10879|43|8889,108|116|118|13399|51,44.0,True,regular_season
1463_017,1463,3,1842.0,1858.0,6,2,104|10877|10879|43|8889,110|118|13399|45|51,16.0,True,regular_season
1463_018,1463,3,1858.0,1930.0,6,2,104|10877|10879|43|8889,110|118|121|45|51,72.0,True,regular_season
1463_019,1463,3,1930.0,1953.0,6,2,104|10877|10879|40|8889,110|118|121|45|51,23.0,True,regular_season
1463_020,1463,3,1953.0,2016.0,6,2,104|10877|10879|40|47,110|118|121|123|4181,63.0,True,regular_season
1463_021,1463,3,2016.0,2160.0,6,2,104|10879|113|40|47,10891|110|121|123|4181,144.0,True,regular_season
1463_022,1463,4,2160.0,2355.0,6,2,104|10881|113|39|48,108|116|118|13399|45,195.0,True,regular_season
1463_023,1463,4,2355.0,2432.0,6,2,104|10881|113|39|48,10891|110|121|123|4181,77.0,True,regular_season
1463_024,1463,4,2432.0,2629.0,6,2,104|10881|113|39|48,10891|110|123|4181|45,197.0,True,regular_season
1463_025,1463,4,2629.0,2785.0,6,2,104|113|39|47|48,108|116|118|121|51,156.0,True,regular_season
1463_026,1463,4,2785.0,2880.0,6,2,10883|35|39|47|48,108|116|118|121|123,95.0,True,regular_season
1464_001,1464,1,0.0,268.0,8,5,1|10|10867|14|14845,10861|3129|54|57|68,268.0,True,regular_season
1464_002,1464,1,268.0,330.0,8,5,1|10|10867|14|14845,10861|54|57|58|68,62.0,True,regular_season
1464_003,1464,1,330.0,493.0,8,5,1|10867|14|14845|5,10861|54|57|58|68,163.0,True,regular_season
1464_004,1464,1,493.0,513.0,8,5,1|10867|13907|14|5,12|16|54|58|68,20.0,True,regular_season
1464_005,1464,1,513.0,554.0,8,5,1|10867|13907|14|5,12|16|55|58|68,41.0,True,regular_season
1464_006,1464,1,554.0,599.0,8,5,1|10|10867|13907|5,12|16|55|58|68,45.0,True,regular_season
1464_007,1464,1,599.0,691.0,8,5,1|10|13907|14845|5,12|16|55|58|68,92.0,True,regular_season
1464_008,1464,1,691.0,720.0,8,5,10|10865|13907|14845|5,12|16|55|58|68,29.0,True,regular_season
1464_009,1464,2,720.0,882.0,8,5,10|10865|13907|14845|5,10861|12|16|55|58,162.0,True,regular_season
1464_010,1464,2,882.0,938.0,8,5,1|10|13907|14845|5,10861|12|16|55|58,56.0,True,regular_season
1464_011,1464,2,938.0,966.0,8,5,1|10|13907|14845|5,10861|16|54|55|58,28.0,True,regular_season
1464_012,1464,2,966.0,1005.0,8,5,1|10|13907|14845|5,10861|54|55|58|68,39.0,True,regular_season
1464_013,1464,2,1005.0,1081.0,8,5,1|10|10867|14|14845,10861|54|55|58|68,76.0,True,regular_season
1464_014,1464,2,1081.0,1185.0,8,5,1|10|10867|13907|14,16|54|55|58|68,104.0,True,regular_season
1464_015,1464,2,1185.0,1339.0,8,5,1|10|10867|13907|14,16|3129|54|57|68,154.0,True,regular_season
1464_016,1464,2,1339.0,1359.0,8,5,1|13907|14|14845|5,10861|3129|54|57|68,20.0,True,regular_season
1464_017,1464,2,1359.0,1440.0,8,5,1|10|13907|14845|5,10861|3129|54|57|68,81.0,True,regular_season
1464_018,1464,3,1440.0,1602.0,8,5,1|10|10867|14|14845,10861|3129|54|57|68,162.0,True,regular_season
1464_019,1464,3,1602.0,1828.0,8,5,1|10|10867|13907|5,10861|3129|54|57|68,226.0,True,regular_season
1464_020,1464,3,1828.0,1927.0,8,5,1|13907|14845|3|5,10861|54|57|58|68,99.0,True,regular_season
1464_021,1464,3,1927.0,1990.0,8,5,1|13907|14845|3|5,16|54|57|58|68,63.0,True,regular_season
1464_022,1464,3,1990.0,2022.0,8,5,1|13907|14845|3|5,16|54|55|58|68,32.0,True,regular_season
1464_023,1464,3,2022.0,2160.0,8,5,1|10867|14845|3|5,10861|16|54|55|58,138.0,True,regular_season
1464_024,1464,4,2160.0,2315.0,8,5,10863|10867|14845|3|5,10861|12|16|55|58,155.0,True,regular_season
1464_025,1464,4,2315.0,2378.0,8,5,10863|10867|14845|3|5,12|16|55|58|68,63.0,True,regular_season
1464_026,1464,4,2378.0,2379.0,8,5,10|10863|10867|14845|5,12|16|55|57|68,1.0,True,regular_season
1464_027,1464,4,2379.0,2513.0,8,5,10|10863|10867|13907|5,12|16|55|57|68,134.0,True,regular_season
1464_028,1464,4,2513.0,2602.0,8,5,1|10|10867|13907|5,16|3129|54|57|68,89.0,True,regular_season
1464_029,1464,4,2602.0,2636.0,8,5,1|10|13907|14845|5,16|3129|54|57|68,34.0,True,regular_season
1464_030,1464,4,2636.0,2656.0,8,5,10|10863|13907|14845|3,16|3129|54|57|68,20.0,True,regular_season
1464_031,1464,4,2656.0,2721.0,8,5,10|10863|10864|14845|3,10861|3129|54|57|68,65.0,True,regular_season
1464_032,1464,4,2721.0,2743.0,8,5,10863|10864|13|2|3,10861|12|3129|55|58,22.0,True,regular_season
1464_033,1464,4,2743.0,2756.0,8,5,10863|10864|13|2|3,10861|10884|12|55|58,13.0,True,regular_season
1464_034,1464,4,2756.0,2880.0,8,5,10863|10864|13|2|3,10884|55|56|60|64,124.0,True,regular_season
1465_001,1465,1,0.0,254.0,6,4,10877|10881|43|44|8889,10862|10885|10888|75|88,254.0,True,regular_season
1465_002,1465,1,254.0,431.0,6,4,10877|10881|43|44|8889,10862|10885|14843|75|88,177.0,True,regular_season
1465_003,1465,1,431.0,488.0,6,4,10877|10881|43|44|8889,10862|10885|14843|14982|75,57.0,True,regular_season
1465_004,1465,1,488.0,517.0,6,4,104|10877|40|43|8889,10862|10885|14843|14982|75,29.0,True,regular_season
1465_005,1465,1,517.0,520.0,6,4,104|10877|40|43|8889,10862|14843|14982|75|87,3.0,True,regular_season
1465_006,1465,1,520.0,575.0,6,4,104|10877|10879|40|8889,10862|14843|14982|75|87,55.0,True,regular_season
1465_007,1465,1,575.0,662.0,6,4,104|10879|10881|40|47,10862|14843|14982|75|87,87.0,True,regular_season
1465_008,1465,1,662.0,717.0,6,4,104|10879|10881|40|47,10862|14843|14982|78|87,55.0,True,regular_season
1465_009,1465,1,717.0,720.0,6,4,104|10877|40|43|8889,10862|14843|14982|78|87,3.0,True,regular_season
1465_010,1465,2,720.0,858.0,6,4,104|10879|10881|40|47,10862|14843|14982|78|87,138.0,True,regular_season
1465_011,1465,2,858.0,1020.0,6,4,104|10877|40|43|8889,10862|14843|14982|78|87,162.0,True,regular_season
1465_012,1465,2,1020.0,1094.0,6,4,104|10877|43|44|8889,10862|14843|14982|78|87,74.0,True,regular_season
1465_013,1465,2,1094.0,1326.0,6,4,104|10877|43|44|8889,10862|14843|14982|75|87,232.0,True,regular_season
1465_014,1465,2,1326.0,1408.0,6,4,104|10877|10879|44|8889,10862|10885|10888|75|88,82.0,True,regular_season
1465_015,1465,2,1408.0,1440.0,6,4,10877|10879|10881|44|8889,10862|10885|10888|75|88,32.0,True,regular_season
1465_016,1465,3,1440.0,1676.0,6,4,10877|10881|43|44|8889,10885|10888|14843|14982|75,236.0,True,regular_season
1465_017,1465,3,1676.0,1836.0,6,4,10877|10881|40|43|8889,10885|10888|14843|14982|75,160.0,True,regular_season
1465_018,1465,3,1836.0,1931.0,6,4,10877|10879|10881|40|8889,10888|14843|75|87|88,95.0,True,regular_season
1465_019,1465,3,1931.0,2018.0,6,4,104|10877|10879|47|8889,10862|10888|75|87|88,87.0,True,regular_season
1465_020,1465,3,2018.0,2044.0,6,4,104|10877|10879|47|8889,10862|14843|75|87|88,26.0,True,regular_season
1465_021,1465,3,2044.0,2159.0,6,4,104|10877|10879|47|8889,10862|14843|78|87|88,115.0,True,regular_season
1465_022,1465,3,2159.0,2160.0,6,4,104|10879|44|47|8889,10862|14843|78|87|88,1.0,True,regular_season
1465_023,1465,4,2160.0,2223.0,6,4,104|10881|40|43|47,10862|14843|78|87|88,63.0,True,regular_season
1465_024,1465,4,2223.0,2266.0,6,4,104|10881|40|43|47,10862|14843|80|87|90,43.0,True,regular_season
1465_025,1465,4,2266.0,2426.0,6,4,104|10881|40|43|47,10862|10888|80|87|90,160.0,True,regular_season
1465_026,1465,4,2426.0,2440.0,6,4,10877|10881|40|43|8889,10862|10888|80|87|90,14.0,True,regular_season
1465_027,1465,4,2440.0,2506.0,6,4,10877|10881|40|43|8889,10862|10888|80|82|90,66.0,True,regular_season
1465_028,1465,4,2506.0,2663.0,6,4,10877|10879|10881|44|8889,10862|10888|80|82|90,157.0,True,regular_season
1465_029,1465,4,2663.0,2674.0,6,4,10877|10879|10881|44|8889,10888|80|82|84|90,11.0,True,regular_season
1465_030,1465,4,2674.0,2788.0,6,4,104|10877|10879|44|8889,10888|14982|82|84|90,114.0,True,regular_season
1465_031,1465,4,2788.0,2880.0,6,4,104|10879|44|47|48,10862|14982|82|84|90,92.0,True,regular_season
1466_001,1466,1,0.0,192.0,8,3,1|10|10867|13907|14,103|10890|13906|79|89,192.0,True,regular_season
1466_002,1466,1,192.0,278.0,8,3,1|10|10867|13907|14,103|107|10890|79|89,86.0,True,regular_season
1466_003,1466,1,278.0,322.0,8,3,1|10|10867|13907|14,103|107|10890|89|99,44.0,True,regular_season
1466_004,1466,1,322.0,484.0,8,3,1|10867|13907|14|5,103|107|13906|86|99,162.0,True,regular_season
1466_005,1466,1,484.0,601.0,8,3,1|10|10867|13907|5,107|13906|79|86|99,117.0,True,regular_season
1466_006,1466,1,601.0,720.0,8,3,10|10863|13907|14845|5,10890|13906|79|86|99,119.0,True,regular_season
1466_007,1466,2,720.0,876.0,8,3,10|10863|10867|14845|5,103|10890|13906|79|89,156.0,True,regular_season
1466_008,1466,2,876.0,945.0,8,3,1|10|10867|13907|14,103|107|10890|79|89,69.0,True,regular_season
1466_009,1466,2,945.0,1110.0,8,3,1|10|10867|13907|14,103|107|10890|89|99,165.0,True,regular_season
1466_010,1466,2,1110.0,1155.0,8,3,1|10867|13907|14|5,103|107|13906|89|99,45.0,True,regular_season
1466_011,1466,2,1155.0,1214.0,8,3,1|10867|13907|14|5,107|10890|86|89|99,59.0,True,regular_season
1466_012,1466,2,1214.0,1413.0,8,3,1|10867|13907|14|5,107|10890|79|86|89,199.0,True,regular_season
1466_013,1466,2,1413.0,1414.0,8,3,10|10867|13907|14|5,103|107|10890|79|89,1.0,True,regular_season
1466_014,1466,2,1414.0,1439.0,8,3,1|10867|13907|14|5,103|107|10890|79|89,25.0,True,regular_season
1466_015,1466,2,1439.0,1440.0,8,3,10|10864|13907|14|5,103|107|10890|79|89,1.0,True,regular_season
1466_016,1466,3,1440.0,1522.0,8,3,1|10|10867|13907|14,103|10890|13906|79|89,82.0,True,regular_season
1466_017,1466,3,1522.0,1752.0,8,3,1|10|10867|13907|14,10890|13906|79|89|99,230.0,True,regular_season
1466_018,1466,3,1752.0,1865.0,8,3,1|10|10867|13907|14,107|13906|79|89|99,113.0,True,regular_season
1466_019,1466,3,1865.0,1905.0,8,3,1|10|10867|13907|5,103|107|13906|89|99,40.0,True,regular_season
1466_020,1466,3,1905.0,1970.0,8,3,1|10|10867|13907|5,103|107|13906|86|99,65.0,True,regular_season
1466_021,1466,3,1970.0,2028.0,8,3,1|10867|13907|14|3,103|107|10890|86|99,58.0,True,regular_season
1466_022,1466,3,2028.0,2160.0,8,3,10863|10867|14|14845|3,103|107|10890|86|99,132.0,True,regular_season
1466_023,1466,4,2160.0,2325.0,8,3,1|10|13907|14845|3,103|107|10890|86|99,165.0,True,regular_season
1466_024,1466,4,2325.0,2429.0,8,3,1|10|10867|13907|2,103|107|13906|79|86,104.0,True,regular_season
1466_025,1466,4,2429.0,2470.0,8,3,10|10863|10864|10867|2,103|107|13906|79|86,41.0,True,regular_season
1466_026,1466,4,2470.0,2531.0,8,3,10|10863|10864|10867|2,101|103|13906|79|89,61.0,True,regular_season
1466_027,1466,4,2531.0,2703.0,8,3,10|10863|10864|10867|2,101|103|107|83|91,172.0,True,regular_season
1466_028,1466,4,2703.0,2880.0,8,3,10|10863|10864|13|2,101|83|91|95|97,177.0,True,regular_season
1467_001,1467,1,0.0,214.0,3,2,103|10890|13906|79|89,110|118|121|14844|4181,214.0,True,regular_season
1467_002,1467,1,214.0,249.0,3,2,103|107|13906|79|89,110|118|121|14844|4181,35.0,True,regular_season
1467_003,1467,1,249.0,375.0,3,2,103|107|13906|89|99,118|119|121|13399|14844,126.0,True,regular_season
1467_004,1467,1,375.0,417.0,3,2,107|10890|79|86|99,118|119|121|13399|14844,42.0,True,regular_season
1467_005,1467,1,417.0,597.0,3,2,107|10890|79|86|99,109|110|13399|4181|45,180.0,True,regular_season
1467_006,1467,1,597.0,720.0,3,2,103|107|10890|79|86,109|110|13399|4181|45,123.0,True,regular_season
1467_007,1467,2,720.0,890.0,3,2,10890|13906|79|86|91,110|118|121|14844|4181,170.0,True,regular_season
1467_008,1467,2,890.0,988.0,3,2,10890|13906|79|89|91,110|118|121|14844|4181,98.0,True,regular_season
1467_009,1467,2,988.0,1017.0,3,2,107|13906|79|89|91,109|110|118|13399|14844,29.0,True,regular_season
1467_010,1467,2,1017.0,1141.0,3,2,103|107|13906|89|91,109|118|119|13399|14844,124.0,True,regular_season
1467_011,1467,2,1141.0,1144.0,3,2,103|107|13906|89|91,109|110|118|13399|4181,3.0,True,regular_season
1467_012,1467,2,1144.0,1173.0,3,2,103|107|10890|89|99,109|110|118|13399|4181,29.0,True,regular_season
1467_013,1467,2,1173.0,1276.0,3,2,103|107|10890|86|99,109|110|118|13399|4181,103.0,True,regular_season
1467_014,1467,2,1276.0,1337.0,3,2,103|107|10890|86|99,109|110|121|13399|4181,61.0,True,regular_season
1467_015,1467,2,1337.0,1399.0,3,2,103|107|10890|86|99,110|118|121|13399|4181,62.0,True,regular_season
1467_016,1467,2,1399.0,1416.0,3,2,103|107|13906|86|99,110|118|121|14844|4181,17.0,True,regular_season
1467_017,1467,2,1416.0,1440.0,3,2,103|107|13906|86|99,110|121|14844|4181|45,24.0,True,regular_season
1467_018,1467,3,1440.0,1622.0,3,2,103|10890|13906|79|89,110|118|121|14844|4181,182.0,True,regular_season
1467_019,1467,3,1622.0,1739.0,3,2,103|107|13906|89|99,110|118|121|14844|4181,117.0,True,regular_season
1467_020,1467,3,1739.0,1762.0,3,2,103|107|13906|86|99,110|118|121|14844|4181,23.0,True,regular_season
1467_021,1467,3,1762.0,1787.0,3,2,103|107|10890|86|99,110|118|121|14844|4181,25.0,True,regular_season
1467_022,1467,3,1787.0,1805.0,3,2,103|107|10890|86|99,109|110|118|14844|4181,18.0,True,regular_season
1467_023,1467,3,1805.0,2012.0,3,2,107|10890|79|86|91,109|110|119|14844|4181,207.0,True,regular_season
1467_024,1467,3,2012.0,2123.0,3,2,103|10890|13906|86|89,109|118|121|14844|4181,111.0,True,regular_season
1467_025,1467,3,2123.0,2160.0,3,2,103|10890|13906|86|89,119|121|14844|4181|45,37.0,True,regular_season
1467_026,1467,4,2160.0,2268.0,3,2,103|107|13906|86|89,110|118|121|14844|4181,108.0,True,regular_season
1467_027,1467,4,2268.0,2304.0,3,2,107|13906|79|86|89,110|118|121|14844|4181,36.0,True,regular_season
1467_028,1467,4,2304.0,2366.0,3,2,107|13906|79|86|89,109|110|118|14844|4181,62.0,True,regular_season
1467_029,1467,4,2366.0,2408.0,3,2,103|107|13906|79|86,109|110|118|14844|4181,42.0,True,regular_season
1467_030,1467,4,2408.0,2464.0,3,2,103|10890|13906|79|86,109|110|118|14844|4181,56.0,True,regular_season
1467_031,1467,4,2464.0,2479.0,3,2,103|10890|13906|79|86,109|110|118|119|14844,15.0,True,regular_season
1467_032,1467,4,2479.0,2561.0,3,2,103|10890|13906|79|86,109|110|118|121|14844,82.0,True,regular_season
1467_033,1467,4,2561.0,2652.0,3,2,103|10890|13906|79|86,109|110|118|14844|4181,91.0,True,regular_season
1467_034,1467,4,2652.0,2667.0,3,2,103|10890|13906|86|89,109|110|118|14844|4181,15.0,True,regular_season
1467_035,1467,4,2667.0,2705.0,3,2,103|10890|13906|86|89,109|118|121|14844|4181,38.0,True,regular_season
1467_036,1467,4,2705.0,2792.0,3,2,103|10890|13906|86|89,109|110|118|14844|4181,87.0,True,regular_season
1467_037,1467,4,2792.0,2880.0,3,2,103|10890|13906|86|89,110|118|121|14844|4181,88.0,True,regular_season
1468_001,1468,1,0.0,272.0,3,7,103|10890|13906|79|89,10872|13029|24|29|34,272.0,True,regular_season
1468_002,1468,1,272.0,339.0,3,7,103|107|13906|79|89,10872|13029|24|29|34,67.0,True,regular_season
1468_003,1468,1,339.0,378.0,3,7,107|13906|79|89|99,10872|10874|13029|14038|21,39.0,True,regular_season
1468_004,1468,1,378.0,480.0,3,7,107|10890|79|86|99,10872|10874|13029|14038|21,102.0,True,regular_season
1468_005,1468,1,480.0,567.0,3,7,103|107|10890|86|99,10874|14038|21|29|34,87.0,True,regular_season
1468_006,1468,1,567.0,649.0,3,7,103|107|10890|86|99,13029|14038|21|24|29,82.0,True,regular_season
1468_007,1468,1,649.0,666.0,3,7,10890|13906|79|86|99,13029|14038|21|24|29,17.0,True,regular_season
1468_008,1468,1,666.0,720.0,3,7,10890|13906|79|86|99,10874|13029|14038|21|29,54.0,True,regular_season
1468_009,1468,2,720.0,800.0,3,7,10890|13906|79|86|99,10872|13029|24|29|34,80.0,True,regular_season
1468_010,1468,2,800.0,904.0,3,7,10890|13906|79|89|99,10872|13029|24|29|34,104.0,True,regular_season
1468_011,1468,2,904.0,944.0,3,7,10890|13906|79|89|99,10874|14038|21|24|34,40.0,True,regular_season
1468_012,1468,2,944.0,963.0,3,7,10890|13906|79|89|99,10874|14038|21|29|34,19.0,True,regular_season
1468_013,1468,2,963.0,1081.0,3,7,103|107|13906|79|89,10874|14038|21|29|34,118.0,True,regular_season
1468_014,1468,2,1081.0,1210.0,3,7,103|107|10890|86|89,10874|14038|21|29|34,129.0,True,regular_season
1468_015,1468,2,1210.0,1231.0,3,7,107|13906|86|89|99,10872|13029|14038|21|24,21.0,True,regular_season
1468_016,1468,2,1231.0,1361.0,3,7,107|13906|79|86|99,10872|13029|14038|21|24,130.0,True,regular_season
1468_017,1468,2,1361.0,1438.0,3,7,107|13906|79|86|99,13029|14038|21|24|29,77.0,True,regular_season
1468_018,1468,2,1438.0,1440.0,3,7,107|13906|79|86|99,10874|13029|14038|21|29,2.0,True,regular_season
1468_019,1468,3,1440.0,1797.0,3,7,103|10890|13906|79|89,10872|13029|24|29|34,357.0,True,regular_season
1468_020,1468,3,1797.0,1876.0,3,7,103|107|13906|89|99,10874|13029|24|29|34,79.0,True,regular_season
1468_021,1468,3,1876.0,1888.0,3,7,107|13906|86|89|99,10874|13029|24|29|34,12.0,True,regular_season
1468_022,1468,3,1888.0,1936.0,3,7,107|13906|86|89|99,10874|13029|14038|21|29,48.0,True,regular_season
1468_023,1468,3,1936.0,1998.0,3,7,107|10890|86|89|99,10874|13029|14038|21|29,62.0,True,regular_season
1468_024,1468,3,1998.0,2033.0,3,7,107|10890|86|89|99,10874|14038|21|29|34,35.0,True,regular_season
1468_025,1468,3,2033.0,2088.0,3,7,103|107|10890|86|89,10874|14038|21|29|34,55.0,True,regular_season
1468_026,1468,3,2088.0,2145.0,3,7,103|107|10890|86|89,10872|10874|14038|21|34,57.0,True,regular_season
1468_027,1468,3,2145.0,2160.0,3,7,103|107|10890|86|89,10872|14038|21|22|34,15.0,True,regular_season
1468_028,1468,4,2160.0,2286.0,3,7,103|10890|13906|79|86,10872|10874|14038|29|34,126.0,True,regular_season
1468_029,1468,4,2286.0,2356.0,3,7,103|10890|13906|79|89,10872|10874|14038|29|34,70.0,True,regular_season
1468_030,1468,4,2356.0,2366.0,3,7,103|107|13906|89|99,10872|10874|14038|29|34,10.0,True,regular_season
1468_031,1468,4,2366.0,2404.0,3,7,103|107|13906|89|99,10874|13029|14038|24|29,38.0,True,regular_season
1468_032,1468,4,2404.0,2504.0,3,7,103|107|13906|89|99,10874|13029|24|29|34,100.0,True,regular_season
1468_033,1468,4,2504.0,2641.0,3,7,103|107|13906|89|99,10872|13029|28|29|34,137.0,True,regular_season
1468_034,1468,4,2641.0,2751.0,3,7,103|10890|13906|89|99,10872|13029|14038|21|29,110.0,True,regular_season
1468_035,1468,4,2751.0,2794.0,3,7,101|73|83|91|95,14038|19|22|23|28,43.0,True,regular_season
1468_036,1468,4,2794.0,2880.0,3,7,101|73|83|91|95,10873|19|22|23|28,86.0,True,regular_season
1469_001,1469,1,0.0,272.0,4,6,10885|10887|10888|75|76,10877|10881|43|44|8889,272.0,True,regular_season
1469_002,1469,1,272.0,369.0,4,6,10885|10887|14843|75|76,10877|10881|43|44|8889,97.0,True,regular_season
1469_003,1469,1,369.0,402.0,4,6,10885|10887|14843|75|76,10877|10879|10881|43|8889,33.0,True,regular_season
1469_004,1469,1,402.0,520.0,4,6,10885|10887|14843|75|76,104|10877|10879|43|8889,118.0,True,regular_season
1469_005,1469,1,520.0,571.0,4,6,10885|10887|14843|76|87,104|10877|10879|43|8889,51.0,True,regular_season
1469_006,1469,1,571.0,711.0,4,6,10885|10887|14843|14982|87,104|10879|10881|39|47,140.0,True,regular_season
1469_007,1469,1,711.0,720.0,4,6,10885|10888|14843|14982|87,104|10877|10879|43|8889,9.0,True,regular_season
1469_008,1469,2,720.0,848.0,4,6,10885|10888|14843|14982|87,104|10879|10881|39|47,128.0,True,regular_season
1469_009,1469,2,848.0,934.0,4,6,10888|14843|75|80|87,104|10879|10881|39|47,86.0,True,regular_season
1469_010,1469,2,934.0,1020.0,4,6,10888|14843|75|80|87,104|10877|43|47|8889,86.0,True,regular_season
1469_011,1469,2,1020.0,1055.0,4,6,10888|14843|75|80|87,10877|10881|43|44|8889,35.0,True,regular_season
1469_012,1469,2,1055.0,1212.0,4,6,10888|14843|75|76|87,10877|10881|43|44|8889,157.0,True,regular_season
1469_013,1469,2,1212.0,1354.0,4,6,10885|10887|14843|76|87,10877|10879|10881|43|8889,142.0,True,regular_season
1469_014,1469,2,1354.0,1424.0,4,6,10885|10887|14843|76|87,10877|10881|43|44|8889,70.0,True,regular_season
1469_015,1469,2,1424.0,1440.0,4,6,10885|10887|10888|76|87,10877|10881|39|44|8889,16.0,True,regular_season
1469_016,1469,3,1440.0,1647.0,4,6,10885|10887|10888|75|76,10877|10879|10881|43|8889,207.0,True,regular_season
1469_017,1469,3,1647.0,1791.0,4,6,10885|10887|10888|75|76,104|10877|10879|43|8889,144.0,True,regular_season
1469_018,1469,3,1791.0,1900.0,4,6,10885|10887|10888|75|76,104|10877|43|47|8889,109.0,True,regular_season
1469_019,1469,3,1900.0,2019.0,4,6,10887|10888|75|76|87,104|10877|43|47|8889,119.0,True,regular_season
1469_020,1469,3,2019.0,2068.0,4,6,10887|14843|75|76|87,104|10877|10881|43|47,49.0,True,regular_season
1469_021,1469,3,2068.0,2106.0,4,6,10887|14843|75|80|87,104|10877|10881|43|47,38.0,True,regular_season
1469_022,1469,3,2106.0,2160.0,4,6,10887|14843|75|80|87,10877|10879|10881|47|8889,54.0,True,regular_season
1469_023,1469,4,2160.0,2218.0,4,6,10887|14843|75|80|87,10877|10881|39|43|8889,58.0,True,regular_season
1469_024,1469,4,2218.0,2352.0,4,6,10887|14843|75|80|87,104|10879|43|47|8889,134.0,True,regular_season
1469_025,1469,4,2352.0,2440.0,4,6,10887|14843|75|80|87,104|10879|35|43|8889,88.0,True,regular_season
1469_026,1469,4,2440.0,2486.0,4,6,10885|10887|14843|75|88,104|10879|35|43|8889,46.0,True,regular_season
1469_027,1469,4,2486.0,2516.0,4,6,10885|10887|14843|75|88,104|10877|35|43|8889,30.0,True,regular_season
1469_028,1469,4,2516.0,2609.0,4,6,10885|10887|14843|75|76,104|10877|35|43|8889,93.0,True,regular_season
1469_029,1469,4,2609.0,2646.0,4,6,10885|10887|10888|75|76,104|10877|35|43|8889,37.0,True,regular_season
1469_030,1469,4,2646.0,2739.0,4,6,10887|10888|75|76|87,104|10877|35|43|8889,93.0,True,regular_season
1469_031,1469,4,2739.0,2754.0,4,6,10887|10888|75|76|87,104|10877|10879|35|8889,15.0,True,regular_season
1469_032,1469,4,2754.0,2763.0,4,6,10887|10888|75|76|87,10877|10879|10881|35|8889,9.0,True,regular_season
1469_033,1469,4,2763.0,2808.0,4,6,10887|10888|75|76|87,104|10877|10879|10881|35,45.0,True,regular_season
1469_034,1469,4,2808.0,2869.0,4,6,10885|10887|10888|75|76,104|10877|10881|35|43,61.0,True,regular_season
1469_035,1469,4,2869.0,2880.0,4,6,10885|10887|10888|75|87,104|10877|10881|43|47,11.0,True,regular_season
1470_001,1470,1,0.0,195.0,8,2,1|10|10867|13907|14,110|118|121|14844|4181,195.0,True,regular_season
1470_002,1470,1,195.0,336.0,8,2,1|10|10867|13907|5,110|118|121|14844|4181,141.0,True,regular_season
1470_003,1470,1,336.0,369.0,8,2,1|10|10867|13907|5,116|118|121|14844|4181,33.0,True,regular_season
1470_004,1470,1,369.0,464.0,8,2,1|10|10867|14845|5,116|118|121|14844|4181,95.0,True,regular_season
1470_005,1470,1,464.0,544.0,8,2,1|10|13907|14845|5,108|10891|116|121|4181,80.0,True,regular_season
1470_006,1470,1,544.0,614.0,8,2,1|10865|13907|14845|3,108|10891|116|121|4181,70.0,True,regular_season
1470_007,1470,1,614.0,641.0,8,2,1|10865|13907|14845|3,108|10891|116|121|14844,27.0,True,regular_season
1470_008,1470,1,641.0,663.0,8,2,10|10865|13907|14845|3,108|10891|116|121|14844,22.0,True,regular_season
1470_009,1470,1,663.0,667.0,8,2,10|13907|14|14845|3,108|10891|116|121|14844,4.0,True,regular_season
1470_010,1470,1,667.0,720.0,8,2,10|13907|14|14845|3,10891|116|121|14844|4181,53.0,True,regular_season
1470_013,1470,2,861.0,931.0,8,2,10|10867|13907|14|5,10891|110|118|14844|4181,70.0,True,regular_season
1470_014,1470,2,931.0,967.0,8,2,10|10867|13907|14|5,110|118|121|14844|4181,36.0,True,regular_season
1470_015,1470,2,967.0,1129.0,8,2,1|10867|14|14845|5,110|118|121|14844|4181,162.0,True,regular_season
1470_016,1470,2,1129.0,1156.0,8,2,1|10867|14845|2|3,110|118|121|14844|4181,27.0,True,regular_season
1470_017,1470,2,1156.0,1189.0,8,2,1|13907|14845|2|3,110|118|121|14844|4181,33.0,True,regular_season
1470_018,1470,2,1189.0,1247.0,8,2,1|10|13907|14845|3,110|118|121|14844|4181,58.0,True,regular_season
1470_019,1470,2,1247.0,1378.0,8,2,1|10|13907|14845|3,116|118|121|14844|4181,131.0,True,regular_season
1470_020,1470,2,1378.0,1440.0,8,2,1|10|13907|14|14845,116|118|121|14844|4181,62.0,True,regular_season
1470_021,1470,3,1440.0,1681.0,8,2,1|10|10867|13907|14,110|118|121|14844|4181,241.0,True,regular_season
1470_022,1470,3,1681.0,1764.0,8,2,1|10|10867|13907|14,116|118|121|14844|4181,83.0,True,regular_season
1470_023,1470,3,1764.0,1937.0,8,2,10|10867|13907|14|5,116|118|121|14844|4181,173.0,True,regular_season
1470_024,1470,3,1937.0,1972.0,8,2,1|10|10867|14845|5,116|118|121|14844|4181,35.0,True,regular_season
1470_025,1470,3,1972.0,2084.0,8,2,1|10|10867|14845|5,116|118|14844|4181|45,112.0,True,regular_season
1470_026,1470,3,2084.0,2160.0,8,2,1|13907|14845|3|5,116|118|14844|4181|45,76.0,True,regular_season
1470_027,1470,4,2160.0,2224.0,8,2,1|13907|14845|3|5,110|118|121|14844|4181,64.0,True,regular_season
1470_028,1470,4,2224.0,2234.0,8,2,1|10|13907|14845|3,110|118|121|14844|4181,10.0,True,regular_season
1470_029,1470,4,2234.0,2338.0,8,2,1|10|10867|13907|3,110|118|121|14844|4181,104.0,True,regular_season
1470_030,1470,4,2338.0,2453.0,8,2,1|10|10867|13907|14,110|118|121|14844|4181,115.0,True,regular_season
1470_031,1470,4,2453.0,2628.0,8,2,1|10|10867|13907|14,116|118|121|14844|4181,175.0,True,regular_season
1470_032,1470,4,2628.0,2635.0,8,2,1|10|10867|13907|14,10891|116|118|14844|4181,7.0,True,regular_season
1470_033,1470,4,2635.0,2668.0,8,2,1|10|10867|13907|14,10891|110|118|14844|4181,33.0,True,regular_season
1470_034,1470,4,2668.0,2880.0,8,2,1|10|10867|13907|14,110|118|14844|4181|45,212.0,True,regular_season
1471_001,1471,1,0.0,324.0,4,5,10885|10887|10888|75|76,10861|3129|54|57|68,324.0,True,regular_season
1471_002,1471,1,324.0,356.0,4,5,10862|10885|10888|75|76,16|3129|54|57|68,32.0,True,regular_season
1471_003,1471,1,356.0,407.0,4,5,10862|10885|10888|76|88,16|54|57|58|68,51.0,True,regular_season
1471_005,1471,1,473.0,570.0,4,5,10862|10887|76|87|88,16|54|57|58|68,97.0,True,regular_season
1471_006,1471,1,570.0,657.0,4,5,10862|10887|76|87|88,10861|12|16|54|58,87.0,True,regular_season
1471_007,1471,1,657.0,720.0,4,5,10862|10887|80|87|88,10861|12|16|58|62,63.0,True,regular_season
1471_008,1471,2,720.0,937.0,4,5,10862|10887|80|87|88,10861|12|16|58|62,217.0,True,regular_season
1471_009,1471,2,937.0,997.0,4,5,10862|10887|14982|87|88,10861|12|16|58|62,60.0,True,regular_season
1471_010,1471,2,997.0,1160.0,4,5,10887|10888|14982|75|87,12|16|58|62|68,163.0,True,regular_season
1471_011,1471,2,1160.0,1188.0,4,5,10887|10888|75|76|82,16|3129|54|58|68,28.0,True,regular_season
1471_012,1471,2,1188.0,1284.0,4,5,10887|10888|75|76|82,16|3129|54|57|68,96.0,True,regular_season
1471_013,1471,2,1284.0,1428.0,4,5,10862|10888|75|76|82,16|3129|54|57|68,144.0,True,regular_season
1471_014,1471,2,1428.0,1439.0,4,5,10862|10888|75|82|87,16|54|57|62|68,11.0,True,regular_season
1471_015,1471,2,1439.0,1440.0,4,5,10862|10885|10888|82|87,16|54|57|62|68,1.0,True,regular_season
1471_016,1471,3,1440.0,1729.0,4,5,10885|10887|10888|75|76,16|3129|54|57|68,289.0,True,regular_season
1471_017,1471,3,1729.0,1780.0,4,5,10885|10887|10888|75|76,10861|3129|54|57|68,51.0,True,regular_season
1471_018,1471,3,1780.0,1881.0,4,5,10885|10887|10888|75|76,10861|3129|54|58|68,101.0,True,regular_season
1471_019,1471,3,1881.0,1970.0,4,5,10862|10885|10888|75|76,10861|3129|54|58|68,89.0,True,regular_season
1471_020,1471,3,1970.0,1983.0,4,5,10862|10888|75|76|87,10861|12|58|62|68,13.0,True,regular_season
1471_021,1471,3,1983.0,2042.0,4,5,10862|10888|75|76|87,10861|12|16|58|62,59.0,True,regular_season
1471_022,1471,3,2042.0,2160.0,4,5,10862|10887|75|87|88,10861|12|16|58|62,118.0,True,regular_season
1471_023,1471,4,2160.0,2262.0,4,5,10862|10887|75|87|88,10861|12|16|58|62,102.0,True,regular_season
1471_024,1471,4,2262.0,2309.0,4,5,10862|10887|75|87|88,10861|12|54|58|68,47.0,True,regular_season
1471_025,1471,4,2309.0,2401.0,4,5,10862|10887|75|87|88,12|16|54|58|68,92.0,True,regular_season
1471_026,1471,4,2401.0,2634.0,4,5,10862|10887|75|87|88,12|16|54|57|68,233.0,True,regular_season
1471_027,1471,4,2634.0,2758.0,4,5,10862|10887|75|87|88,16|54|57|58|68,124.0,True,regular_season
1471_028,1471,4,2758.0,2770.0,4,5,10862|10885|75|87|88,16|54|57|58|68,12.0,True,regular_season
1471_029,1471,4,2770.0,2855.0,4,5,10862|10887|75|87|88,16|54|57|58|68,85.0,True,regular_season
1471_030,1471,4,2855.0,2860.0,4,5,10887|75|82|87|88,16|54|57|58|68,5.0,True,regular_season
1471_031,1471,4,2860.0,2880.0,4,5,10887|75|82|87|88,16|3129|54|57|68,20.0,True,regular_season
1472_001,1472,1,0.0,286.0,8,7,1|10|10867|13907|14,10872|13029|24|29|34,286.0,True,regular_season
1472_002,1472,1,286.0,451.0,8,7,1|10|10867|13907|14,10872|13029|24|28|34,165.0,True,regular_season
1472_003,1472,1,451.0,546.0,8,7,10|10867|13907|14|5,21|28|29|32|34,95.0,True,regular_season
1472_004,1472,1,546.0,563.0,8,7,1|10864|10867|13907|5,21|28|29|32|34,17.0,True,regular_season
1472_005,1472,1,563.0,641.0,8,7,1|10864|13907|14845|5,10872|28|29|32|34,78.0,True,regular_season
1472_006,1472,1,641.0,692.0,8,7,1|10864|13907|14845|5,10872|13029|23|29|32,51.0,True,regular_season
1472_007,1472,1,692.0,720.0,8,7,10864|13907|14|14845|5,10872|13029|28|29|32,28.0,True,regular_season
1472_008,1472,2,720.0,799.0,8,7,1|10864|10867|14|14845,10872|13029|23|29|32,79.0,True,regular_season
1472_009,1472,2,799.0,908.0,8,7,1|10|10867|14|14845,10872|10874|21|32|34,109.0,True,regular_season
1472_010,1472,2,908.0,987.0,8,7,1|10|13907|14|14845,10872|10874|21|32|34,79.0,True,regular_season
1472_011,1472,2,987.0,1030.0,8,7,10|10867|13907|14|5,10874|21|29|32|34,43.0,True,regular_season
1472_012,1472,2,1030.0,1070.0,8,7,1|10|10867|13907|5,10874|21|29|32|34,40.0,True,regular_season
1472_013,1472,2,1070.0,1140.0,8,7,1|10867|13907|14|5,13029|21|24|29|32,70.0,True,regular_season
1472_014,1472,2,1140.0,1300.0,8,7,1|10867|13907|14|5,13029|21|24|29|34,160.0,True,regular_season
1472_015,1472,2,1300.0,1365.0,8,7,1|10|13907|14|14845,13029|21|24|29|34,65.0,True,regular_season
1472_016,1472,2,1365.0,1440.0,8,7,1|10|13907|14|14845,10872|13029|28|29|34,75.0,True,regular_season
1472_017,1472,3,1440.0,1541.0,8,7,1|10|10867|13907|14,10872|13029|24|29|34,101.0,True,regular_season
1472_018,1472,3,1541.0,1624.0,8,7,1|10|10867|13907|14,10872|13029|24|29|32,83.0,True,regular_season
1472_019,1472,3,1624.0,1754.0,8,7,1|10867|13907|14|3,10872|13029|24|29|32,130.0,True,regular_season
1472_020,1472,3,1754.0,1779.0,8,7,1|10|10867|14845|5,10872|13029|24|29|32,25.0,True,regular_season
1472_021,1472,3,1779.0,1846.0,8,7,1|10|10867|14845|5,13029|21|24|29|32,67.0,True,regular_season
1472_022,1472,3,1846.0,1954.0,8,7,1|10|10867|14845|5,21|28|29|32|34,108.0,True,regular_season
1472_023,1472,3,1954.0,2076.0,8,7,10|13907|14|14845|5,10872|21|28|32|34,122.0,True,regular_season
1472_024,1472,3,2076.0,2125.0,8,7,10|13|13907|14|14845,10872|21|28|32|34,49.0,True,regular_season
1472_025,1472,3,2125.0,2160.0,8,7,10|13|13907|14|14845,10872|21|25|32|34,35.0,True,regular_season
1472_026,1472,4,2160.0,2236.0,8,7,10|13|13907|14|14845,10872|10874|21|32|34,76.0,True,regular_season
1472_027,1472,4,2236.0,2267.0,8,7,10|13|13907|14|14845,10872|10874|13029|29|34,31.0,True,regular_season
1472_028,1472,4,2267.0,2320.0,8,7,1|13|13907|14845|5,10872|10874|13029|29|34,53.0,True,regular_season
1472_029,1472,4,2320.0,2403.0,8,7,1|13|13907|14845|5,10872|13029|28|29|34,83.0,True,regular_season
1472_030,1472,4,2403.0,2505.0,8,7,1|13|13907|14845|5,10872|28|29|32|34,102.0,True,regular_season
1472_031,1472,4,2505.0,2548.0,8,7,1|10864|10867|13907|5,10872|28|29|32|34,43.0,True,regular_season
1472_032,1472,4,2548.0,2582.0,8,7,1|10864|10867|13907|5,10872|13029|24|29|34,34.0,True,regular_season
1472_033,1472,4,2582.0,2609.0,8,7,1|10864|13907|14845|5,13029|21|24|29|34,27.0,True,regular_season
1472_034,1472,4,2609.0,2747.0,8,7,1|10864|13907|14|14845,13029|21|24|29|34,138.0,True,regular_season
1472_035,1472,4,2747.0,2768.0,8,7,1|13|14|4|5,10872|13029|21|23|32,21.0,True,regular_season
1472_036,1472,4,2768.0,2798.0,8,7,1|13|14|4|5,10872|10873|13029|23|32,30.0,True,regular_season
1472_037,1472,4,2798.0,2843.0,8,7,10863|10865|13|2|4,10873|10874|19|23|32,45.0,True,regular_season
1472_038,1472,4,2843.0,2880.0,8,7,10863|10865|13|2|4,10873|10874|19|22|23,37.0,True,regular_season
1473_001,1473,1,0.0,307.0,6,8,10877|10881|43|44|8889,1|13907|14|14845|5,307.0,True,regular_season
1473_002,1473,1,307.0,326.0,6,8,10877|10881|43|44|8889,1|10867|13907|14|5,19.0,True,regular_season
1473_003,1473,1,326.0,366.0,6,8,10877|10881|43|44|8889,10863|10867|13907|14|5,40.0,True,regular_season
1473_004,1473,1,366.0,384.0,6,8,10877|10879|10881|40|8889,10863|10867|13907|3|5,18.0,True,regular_season
1473_005,1473,1,384.0,520.0,6,8,10877|10879|10881|40|8889,10863|10864|10867|13907|3,136.0,True,regular_season
1473_006,1473,1,520.0,594.0,6,8,104|10877|10879|10881|40,10863|10864|10867|13907|3,74.0,True,regular_season
1473_007,1473,1,594.0,616.0,6,8,104|10879|10881|40|44,1|10864|10867|13907|3,22.0,True,regular_season
1473_008,1473,1,616.0,720.0,6,8,104|10879|40|44|8889,1|10867|13907|3|5,104.0,True,regular_season
1473_009,1473,2,720.0,794.0,6,8,104|10879|40|44|8889,1|10867|14|14845|5,74.0,True,regular_season
1473_010,1473,2,794.0,974.0,6,8,10879|10881|40|44|8889,1|10867|14|14845|5,180.0,True,regular_season
1473_011,1473,2,974.0,1087.0,6,8,10877|10881|43|44|8889,1|10867|14|14845|5,113.0,True,regular_season
1473_012,1473,2,1087.0,1141.0,6,8,10877|10881|40|43|8889,10863|10867|14|14845|5,54.0,True,regular_season
1473_013,1473,2,1141.0,1285.0,6,8,10877|10881|40|43|8889,1|10867|13907|14|5,144.0,True,regular_season
1473_014,1473,2,1285.0,1440.0,6,8,104|10877|43|47|8889,1|10867|13907|14|5,155.0,True,regular_season
1473_015,1473,3,1440.0,1639.0,6,8,10877|10881|43|44|8889,1|13907|14|14845|5,199.0,True,regular_season
1473_016,1473,3,1639.0,1735.0,6,8,10877|10879|10881|43|8889,1|13907|14|14845|5,96.0,True,regular_season
1473_017,1473,3,1735.0,1867.0,6,8,104|10877|10879|47|8889,1|13907|14|14845|5,132.0,True,regular_season
1473_018,1473,3,1867.0,2027.0,6,8,104|10877|10879|10881|47,1|10867|13|13907|14,160.0,True,regular_season
1473_019,1473,3,2027.0,2160.0,6,8,104|10877|10879|10881|47,1|10864|10867|13907|5,133.0,True,regular_season
1473_020,1473,4,2160.0,2414.0,6,8,104|10877|43|47|8889,1|10867|14|14845|5,254.0,True,regular_season
1473_021,1473,4,2414.0,2484.0,6,8,104|10877|43|47|8889,1|10867|14845|3|5,70.0,True,regular_season
1473_022,1473,4,2484.0,2530.0,6,8,104|10877|43|47|8889,1|10867|13907|3|5,46.0,True,regular_season
1473_023,1473,4,2530.0,2615.0,6,8,104|10877|10879|47|8889,1|10867|13907|3|5,85.0,True,regular_season
1473_024,1473,4,2615.0,2678.0,6,8,10877|10879|10881|43|8889,1|10867|13907|3|5,63.0,True,regular_season
1473_025,1473,4,2678.0,2724.0,6,8,104|10877|10879|43|8889,1|10867|13907|3|5,46.0,True,regular_season
1473_026,1473,4,2724.0,2766.0,6,8,10877|10879|10881|43|8889,1|10867|13907|3|5,42.0,True,regular_season
1473_027,1473,4,2766.0,2792.0,6,8,104|10877|10879|43|8889,1|10867|13907|3|5,26.0,True,regular_season
1473_028,1473,4,2792.0,2875.0,6,8,104|10877|10879|43|8889,1|10867|13907|14|5,83.0,True,regular_season
1474_001,1474,1,0.0,208.0,6,3,10877|10880|10881|43|44,103|107|10890|79|89,208.0,True,regular_season
1474_002,1474,1,208.0,294.0,6,3,10877|10880|10881|43|44,103|106|107|79|89,86.0,True,regular_season
1474_003,1474,1,294.0,386.0,6,3,10877|10880|10881|40|43,103|106|107|89|99,92.0,True,regular_season
1474_004,1474,1,386.0,440.0,6,3,10877|10880|10881|40|43,103|106|10890|86|99,54.0,True,regular_season
1474_005,1474,1,440.0,501.0,6,3,104|10879|10880|40|47,103|106|10890|86|99,61.0,True,regular_season
1474_006,1474,1,501.0,594.0,6,3,104|10879|10880|40|47,107|10890|79|86|99,93.0,True,regular_season
1474_007,1474,1,594.0,652.0,6,3,104|10879|10881|40|47,107|10890|79|86|99,58.0,True,regular_season
1474_008,1474,1,652.0,695.0,6,3,104|10879|10881|40|47,103|106|107|79|86,43.0,True,regular_season
1474_009,1474,1,695.0,720.0,6,3,104|10881|39|40|47,103|106|107|79|86,25.0,True,regular_season
1474_010,1474,2,720.0,933.0,6,3,104|10877|10881|40|47,103|106|107|79|89,213.0,True,regular_season
1474_011,1474,2,933.0,1004.0,6,3,10877|10880|10881|40|43,103|106|10890|89|99,71.0,True,regular_season
1474_012,1474,2,1004.0,1072.0,6,3,10877|10880|10881|40|43,103|107|10890|89|99,68.0,True,regular_season
1474_013,1474,2,1072.0,1126.0,6,3,10877|10880|10881|40|43,107|10890|79|89|99,54.0,True,regular_season
1474_014,1474,2,1126.0,1133.0,6,3,104|10877|10879|10880|43,107|10890|79|89|99,7.0,True,regular_season
1474_015,1474,2,1133.0,1242.0,6,3,104|10877|10879|10880|43,107|10890|79|86|99,109.0,True,regular_season
1474_016,1474,2,1242.0,1333.0,6,3,104|10879|10881|43|47,103|106|10890|79|86,91.0,True,regular_season
1474_017,1474,2,1333.0,1359.0,6,3,104|10879|10881|43|47,103|106|107|86|89,26.0,True,regular_season
1474_018,1474,2,1359.0,1374.0,6,3,104|10877|10879|10881|47,103|106|107|86|89,15.0,True,regular_season
1474_019,1474,2,1374.0,1408.0,6,3,104|10877|10879|10881|47,103|106|107|79|89,34.0,True,regular_season
1474_020,1474,2,1408.0,1432.0,6,3,104|10877|10879|10881|47,103|106|107|86|89,24.0,True,regular_season
1474_021,1474,2,1432.0,1440.0,6,3,104|10877|10880|40|43,103|106|107|79|99,8.0,True,regular_season
1474_022,1474,3,1440.0,1714.0,6,3,10877|10880|10881|40|43,103|107|10890|79|89,274.0,True,regular_season
1474_023,1474,3,1714.0,1790.0,6,3,10877|10880|10881|40|43,103|106|107|79|89,76.0,True,regular_season
1474_024,1474,3,1790.0,1834.0,6,3,10877|10879|10880|10881|43,103|106|107|89|99,44.0,True,regular_season
1474_025,1474,3,1834.0,1961.0,6,3,104|10877|10879|10881|47,103|106|107|86|99,127.0,True,regular_season
1474_026,1474,3,1961.0,2078.0,6,3,104|10879|10880|40|47,103|106|10890|86|99,117.0,True,regular_season
1474_027,1474,3,2078.0,2124.0,6,3,104|10879|10880|40|47,106|10890|79|86|89,46.0,True,regular_season
1474_028,1474,3,2124.0,2160.0,6,3,10880|10881|39|44|47,107|10890|79|86|89,36.0,True,regular_season
1474_029,1474,4,2160.0,2363.0,6,3,10877|10880|10881|40|43,107|10890|79|86|89,203.0,True,regular_season
1474_030,1474,4,2363.0,2436.0,6,3,10877|10880|10881|40|43,103|106|107|79|89,73.0,True,regular_season
1474_031,1474,4,2436.0,2550.0,6,3,104|10877|10881|43|47,103|106|107|79|89,114.0,True,regular_season
1474_032,1474,4,2550.0,2571.0,6,3,104|10877|10881|43|47,103|107|10890|79|89,21.0,True,regular_season
1474_033,1474,4,2571.0,2780.0,6,3,104|10877|10880|40|43,103|107|10890|86|89,209.0,True,regular_season
1474_034,1474,4,2780.0,2835.0,6,3,10877|10880|10881|40|43,103|107|10890|86|89,55.0,True,regular_season
1474_035,1474,4,2835.0,2867.0,6,3,104|10877|10880|40|43,103|107|10890|79|89,32.0,True,regular_season
1474_036,1474,4,2867.0,2872.0,6,3,10877|10880|10881|43|44,103|107|10890|86|89,5.0,True,regular_season
1474_037,1474,4,2872.0,2875.0,6,3,104|10877|10880|40|43,103|107|10890|79|89,3.0,True,regular_season
1474_038,1474,4,2875.0,2880.0,6,3,10877|10880|10881|43|44,103|107|10890|79|89,5.0,True,regular_season
1475_001,1475,1,0.0,302.0,5,2,16|54|57|62|68,110|118|121|14844|4181,302.0,True,regular_season
1475_002,1475,1,302.0,311.0,5,2,16|3129|54|57|68,110|118|121|14844|4181,9.0,True,regular_season
1475_003,1475,1,311.0,352.0,5,2,16|3129|54|57|68,108|116|118|4181|51,41.0,True,regular_season
1475_004,1475,1,352.0,447.0,5,2,10861|3129|54|57|68,108|116|118|4181|51,95.0,True,regular_season
1475_005,1475,1,447.0,512.0,5,2,10861|54|57|58|68,108|116|118|4181|51,65.0,True,regular_season
1475_006,1475,1,512.0,596.0,5,2,10861|12|16|54|58,108|110|116|118|51,84.0,True,regular_season
1475_007,1475,1,596.0,601.0,5,2,10861|12|16|55|58,108|110|116|118|51,5.0,True,regular_season
1475_008,1475,1,601.0,720.0,5,2,10861|12|16|55|58,108|110|116|121|51,119.0,True,regular_season
1475_009,1475,2,720.0,881.0,5,2,10861|12|16|55|58,110|118|121|14844|4181,161.0,True,regular_season
1475_010,1475,2,881.0,909.0,5,2,12|16|55|58|68,116|118|121|14844|4181,28.0,True,regular_season
1475_011,1475,2,909.0,932.0,5,2,12|16|55|58|68,116|118|121|14844|51,23.0,True,regular_season
1475_012,1475,2,932.0,970.0,5,2,12|16|58|62|68,116|118|121|14844|51,38.0,True,regular_season
1475_013,1475,2,970.0,1056.0,5,2,16|54|58|62|68,116|118|121|45|51,86.0,True,regular_season
1475_014,1475,2,1056.0,1164.0,5,2,10861|54|58|62|68,108|116|118|45|51,108.0,True,regular_season
1475_015,1475,2,1164.0,1254.0,5,2,10861|54|57|62|68,10891|116|118|45|51,90.0,True,regular_season
1475_016,1475,2,1254.0,1306.0,5,2,10861|54|57|62|68,10891|110|118|45|51,52.0,True,regular_season
1475_017,1475,2,1306.0,1440.0,5,2,10861|3129|54|62|68,110|118|4181|45|51,134.0,True,regular_season
1475_018,1475,3,1440.0,1810.0,5,2,16|54|57|62|68,110|118|121|4181|45,370.0,True,regular_season
1475_019,1475,3,1810.0,1839.0,5,2,16|54|58|62|68,116|118|121|4181|45,29.0,True,regular_season
1475_020,1475,3,1839.0,1929.0,5,2,10861|54|58|62|68,116|118|121|45|51,90.0,True,regular_season
1475_021,1475,3,1929.0,2160.0,5,2,10861|16|3129|54|58,10891|110|118|45|51,231.0,True,regular_season
1475_022,1475,4,2160.0,2171.0,5,2,10861|16|3129|54|58,10891|110|118|45|51,11.0,True,regular_season
1475_023,1475,4,2171.0,2287.0,5,2,10861|12|16|3129|58,10891|110|118|45|51,116.0,True,regular_season
1475_025,1475,4,2289.0,2371.0,5,2,10861|12|16|3129|58,110|118|121|45|51,82.0,True,regular_season
1475_026,1475,4,2371.0,2396.0,5,2,10861|12|16|3129|58,110|118|121|4181|45,25.0,True,regular_season
1475_027,1475,4,2396.0,2484.0,5,2,12|16|3129|57|68,110|118|121|4181|45,88.0,True,regular_season
1475_028,1475,4,2484.0,2546.0,5,2,12|16|3129|57|68,108|118|121|4181|51,62.0,True,regular_season
1475_029,1475,4,2546.0,2581.0,5,2,10861|12|3129|57|68,108|10891|116|4181|51,35.0,True,regular_season
1475_030,1475,4,2581.0,2589.0,5,2,10861|10884|12|3129|68,108|10891|116|4181|51,8.0,True,regular_season
1475_031,1475,4,2589.0,2630.0,5,2,10861|10884|12|55|68,108|10891|116|4181|51,41.0,True,regular_season
1475_032,1475,4,2630.0,2713.0,5,2,10861|10884|12|55|56,10891|116|13275|4181|51,83.0,True,regular_season
1475_033,1475,4,2713.0,2880.0,5,2,10884|55|56|60|64,10891|116|13275|4181|51,167.0,True,regular_season
1476_001,1476,1,0.0,147.0,6,7,10877|10880|10881|40|43,13029|24|28|29|34,147.0,True,regular_season
1476_002,1476,1,147.0,254.0,6,7,10877|10880|10881|40|43,10874|21|29|32|34,107.0,True,regular_season
1476_003,1476,1,254.0,280.0,6,7,10877|10880|10881|40|43,10872|10874|21|32|34,26.0,True,regular_season
1476_004,1476,1,280.0,416.0,6,7,10877|10879|10880|10881|40,10872|10874|21|32|34,136.0,True,regular_season
1476_005,1476,1,416.0,449.0,6,7,104|10879|10881|40|47,10872|10874|21|32|34,33.0,True,regular_season
1476_006,1476,1,449.0,486.0,6,7,104|10879|10881|40|47,10874|21|29|32|34,37.0,True,regular_season
1476_007,1476,1,486.0,515.0,6,7,104|10879|10881|113|39,10874|13029|24|29|32,29.0,True,regular_season
1476_008,1476,1,515.0,629.0,6,7,104|10879|10881|113|39,10874|13029|21|29|32,114.0,True,regular_season
1476_009,1476,1,629.0,720.0,6,7,104|10879|113|39|47,13029|21|28|29|34,91.0,True,regular_season
1476_010,1476,2,720.0,860.0,6,7,104|10877|10881|39|47,10872|13029|24|29|34,140.0,True,regular_season
1476_011,1476,2,860.0,916.0,6,7,10877|10880|10881|40|43,10872|13029|24|29|34,56.0,True,regular_season
1476_012,1476,2,916.0,1052.0,6,7,10877|10880|10881|40|43,10874|13029|24|29|34,136.0,True,regular_season
1476_013,1476,2,1052.0,1104.0,6,7,104|10877|10881|40|43,10872|10874|13029|24|34,52.0,True,regular_season
1476_014,1476,2,1104.0,1171.0,6,7,104|10877|10881|40|43,10872|10874|13029|21|32,67.0,True,regular_season
1476_015,1476,2,1171.0,1190.0,6,7,104|10877|10881|40|43,10872|13029|21|29|32,19.0,True,regular_season
1476_016,1476,2,1190.0,1235.0,6,7,104|10877|10879|10881|40,10872|13029|21|29|32,45.0,True,regular_season
1476_017,1476,2,1235.0,1249.0,6,7,104|10877|10879|10881|40,10872|21|29|32|34,14.0,True,regular_season
1476_018,1476,2,1249.0,1295.0,6,7,104|10877|10879|10881|40,10872|10874|29|32|34,46.0,True,regular_season
1476_019,1476,2,1295.0,1375.0,6,7,104|10877|10879|10881|40,10874|13029|21|29|34,80.0,True,regular_season
1476_020,1476,2,1375.0,1440.0,6,7,104|10877|10881|40|43,10874|13029|21|29|34,65.0,True,regular_season
1476_021,1476,3,1440.0,1626.0,6,7,10877|10880|10881|40|43,10874|13029|21|24|34,186.0,True,regular_season
1476_023,1476,3,1681.0,1728.0,6,7,10877|10880|10881|40|43,10872|28|29|32|34,47.0,True,regular_season
1476_024,1476,3,1728.0,1823.0,6,7,104|10877|10881|40|43,10872|28|29|32|34,95.0,True,regular_season
1476_025,1476,3,1823.0,1967.0,6,7,104|10877|10879|10881|40,10872|13029|28|29|32,144.0,True,regular_season
1476_026,1476,3,1967.0,2031.0,6,7,104|10877|10879|10881|44,13029|21|22|29|32,64.0,True,regular_season
1476_027,1476,3,2031.0,2103.0,6,7,104|10877|10879|10881|44,10873|10874|13029|22|34,72.0,True,regular_season
1476_028,1476,3,2103.0,2160.0,6,7,104|10879|10881|39|40,10873|10874|13029|22|34,57.0,True,regular_season
1476_029,1476,4,2160.0,2283.0,6,7,104|10877|10881|39|40,10873|10874|13029|22|34,123.0,True,regular_season
1476_030,1476,4,2283.0,2312.0,6,7,104|10877|10881|39|40,10873|13029|22|23|32,29.0,True,regular_season
1476_031,1476,4,2312.0,2323.0,6,7,104|10877|10880|39|40,10873|13029|22|23|32,11.0,True,regular_season
1476_032,1476,4,2323.0,2402.0,6,7,104|10880|39|40|44,10873|13029|22|24|34,79.0,True,regular_season
1476_033,1476,4,2402.0,2474.0,6,7,104|10877|10879|10880|40,10873|13029|22|24|34,72.0,True,regular_season
1476_034,1476,4,2474.0,2539.0,6,7,104|10877|10879|10880|40,10873|13029|19|22|34,65.0,True,regular_season
1476_035,1476,4,2539.0,2552.0,6,7,104|10879|10880|113|40,13029|19|22|24|34,13.0,True,regular_season
1476_036,1476,4,2552.0,2587.0,6,7,104|10879|10880|113|40,10873|13029|19|24|34,35.0,True,regular_season
1476_037,1476,4,2587.0,2591.0,6,7,104|10879|10880|113|48,13029|19|22|24|34,4.0,True,regular_season
1476_038,1476,4,2591.0,2599.0,6,7,104|10880|113|38|48,13029|19|22|23|24,8.0,True,regular_season
1476_039,1476,4,2599.0,2771.0,6,7,10878|113|38|44|48,10873|13029|19|22|23,172.0,True,regular_season
1476_040,1476,4,2771.0,2880.0,6,7,10878|113|38|44|48,10873|19|22|23|24,109.0,True,regular_season
1477_001,1477,1,0.0,299.0,5,8,16|54|57|62|68,1|10864|10867|13907|14,299.0,True,regular_season
1477_002,1477,1,299.0,387.0,5,8,16|54|57|58|68,1|10867|13907|14|5,88.0,True,regular_season
1477_003,1477,1,387.0,426.0,5,8,10884|16|54|58|68,1|10|10867|13907|5,39.0,True,regular_season
1477_004,1477,1,426.0,504.0,5,8,10860|10884|54|58|68,1|10|10867|14845|5,78.0,True,regular_season
1477_005,1477,1,504.0,714.0,5,8,10860|12|55|58|68,1|10|13907|14845|5,210.0,True,regular_season
1477_006,1477,1,714.0,720.0,5,8,10860|12|55|58|68,10|10867|13907|14|5,6.0,True,regular_season
1477_007,1477,2,720.0,898.0,5,8,10860|12|16|55|58,1|10|13907|14845|5,178.0,True,regular_season
1477_008,1477,2,898.0,906.0,5,8,10860|12|16|57|58,1|10|13907|14|14845,8.0,True,regular_season
1477_009,1477,2,906.0,945.0,5,8,10860|12|16|57|58,1|13907|14|14845|3,39.0,True,regular_season
1477_010,1477,2,945.0,1037.0,5,8,10860|12|16|57|58,1|10867|13907|14|3,92.0,True,regular_season
1477_011,1477,2,1037.0,1167.0,5,8,10860|12|57|58|68,1|13907|14|14845|3,130.0,True,regular_season
1477_012,1477,2,1167.0,1220.0,5,8,10860|12|16|54|57,10|13907|14|14845|3,53.0,True,regular_season
1477_013,1477,2,1220.0,1334.0,5,8,16|3129|54|57|68,10|13907|14|14845|5,114.0,True,regular_season
1477_014,1477,2,1334.0,1362.0,5,8,16|3129|54|57|68,1|10|10864|13907|5,28.0,True,regular_season
1477_015,1477,2,1362.0,1440.0,5,8,16|3129|54|57|68,1|10|13|13907|5,78.0,True,regular_season
1477_016,1477,3,1440.0,1722.0,5,8,16|3129|54|57|68,1|13907|14|14845|5,282.0,True,regular_season
1477_017,1477,3,1722.0,1872.0,5,8,16|54|57|62|68,1|13907|14|14845|5,150.0,True,regular_season
1477_018,1477,3,1872.0,1957.0,5,8,10860|16|54|57|62,1|10|13907|14845|5,85.0,True,regular_season
1477_019,1477,3,1957.0,2020.0,5,8,10860|12|16|57|62,1|10|13907|14845|5,63.0,True,regular_season
1477_020,1477,3,2020.0,2064.0,5,8,10860|12|16|57|58,1|10|13907|14845|5,44.0,True,regular_season
1477_021,1477,3,2064.0,2156.0,5,8,10860|12|16|57|58,1|10|13|13907|5,92.0,True,regular_season
1477_022,1477,3,2156.0,2160.0,5,8,10860|12|57|58|68,10|13|13907|14|5,4.0,True,regular_season
1477_023,1477,4,2160.0,2232.0,5,8,10860|12|55|58|68,10|13|13907|14|3,72.0,True,regular_season
1477_024,1477,4,2232.0,2275.0,5,8,10860|12|55|58|68,1|13|13907|14|3,43.0,True,regular_season
1477_025,1477,4,2275.0,2381.0,5,8,10860|12|57|58|68,1|13907|14|14845|3,106.0,True,regular_season
1477_026,1477,4,2381.0,2602.0,5,8,10860|54|57|58|68,1|13907|14|14845|3,221.0,True,regular_season
1477_027,1477,4,2602.0,2751.0,5,8,10860|3129|54|57|68,1|13907|14|14845|5,149.0,True,regular_season
1477_028,1477,4,2751.0,2880.0,5,8,10860|16|3129|54|57,1|13907|14|14845|5,129.0,True,regular_season
1478_001,1478,1,0.0,213.0,4,6,10885|10887|14843|75|76,10877|10880|10881|40|43,213.0,True,regular_season
1478_002,1478,1,213.0,349.0,4,6,10862|10885|10887|75|76,10877|10880|10881|40|43,136.0,True,regular_season
1478_003,1478,1,349.0,466.0,4,6,10862|10885|10887|75|76,10877|10880|10881|113|40,117.0,True,regular_season
1478_004,1478,1,466.0,526.0,4,6,10862|10885|10887|75|76,104|10877|10881|113|40,60.0,True,regular_season
1478_005,1478,1,526.0,558.0,4,6,10862|10885|10887|75|76,104|10877|10879|10881|113,32.0,True,regular_season
1478_006,1478,1,558.0,686.0,4,6,10862|14843|14982|75|87,104|10879|10880|43|47,128.0,True,regular_season
1478_007,1478,1,686.0,720.0,4,6,10862|14843|14982|87|88,104|10879|10880|43|47,34.0,True,regular_season
1478_008,1478,2,720.0,925.0,4,6,10862|14843|14982|87|88,104|10879|10880|43|47,205.0,True,regular_season
1478_009,1478,2,925.0,1070.0,4,6,10862|14843|14982|87|88,10877|10879|10880|10881|43,145.0,True,regular_season
1478_010,1478,2,1070.0,1142.0,4,6,10887|14843|14982|87|88,10877|10880|10881|40|44,72.0,True,regular_season
1478_011,1478,2,1142.0,1183.0,4,6,10887|14843|76|87|88,10877|10880|10881|40|44,41.0,True,regular_season
1478_012,1478,2,1183.0,1286.0,4,6,10862|10885|10887|75|76,10877|10880|10881|40|44,103.0,True,regular_season
1478_013,1478,2,1286.0,1412.0,4,6,10862|10885|10887|75|76,104|10877|10881|40|44,126.0,True,regular_season
1478_014,1478,2,1412.0,1440.0,4,6,10862|10885|10887|75|76,104|10877|10880|40|43,28.0,True,regular_season
1478_016,1478,3,1641.0,1670.0,4,6,10885|10887|14843|75|76,104|10877|10880|39|40,29.0,True,regular_season
1478_017,1478,3,1670.0,1826.0,4,6,10862|10885|10887|75|76,104|10877|10880|39|40,156.0,True,regular_season
1478_018,1478,3,1826.0,1900.0,4,6,10862|10885|10887|75|76,104|10877|10881|40|43,74.0,True,regular_season
1478_019,1478,3,1900.0,1914.0,4,6,10862|10885|10887|75|88,104|10877|10881|40|43,14.0,True,regular_season
1478_020,1478,3,1914.0,1952.0,4,6,10862|10885|10887|75|88,104|10877|10880|40|43,38.0,True,regular_season
1478_021,1478,3,1952.0,2029.0,4,6,10862|10885|10887|75|88,104|10877|10879|10880|43,77.0,True,regular_season
1478_022,1478,3,2029.0,2160.0,4,6,10862|10887|75|87|88,104|10877|10879|10880|43,131.0,True,regular_season
1478_023,1478,4,2160.0,2384.0,4,6,10862|14843|75|87|88,104|10877|10880|39|40,224.0,True,regular_season
1478_024,1478,4,2384.0,2531.0,4,6,10862|10887|75|87|88,104|10877|10880|39|40,147.0,True,regular_season
1478_025,1478,4,2531.0,2538.0,4,6,10862|10887|75|76|87,104|10877|10880|39|40,7.0,True,regular_season
1478_026,1478,4,2538.0,2594.0,4,6,10862|10887|75|76|87,10877|10880|10881|40|43,56.0,True,regular_season
1478_027,1478,4,2594.0,2709.0,4,6,10862|10887|75|76|87,10877|10880|10881|43|47,115.0,True,regular_season
1478_028,1478,4,2709.0,2764.0,4,6,10862|10887|75|76|87,10877|10880|10881|40|43,55.0,True,regular_season
1478_029,1478,4,2764.0,2880.0,4,6,10862|10887|75|76|87,10877|10879|10880|10881|40,116.0,True,regular_season
1479_001,1479,1,0.0,188.0,2,7,110|118|119|14844|51,14038|21|25|29|34,188.0,True,regular_season
1479_002,1479,1,188.0,227.0,2,7,110|118|119|14844|4181,14038|21|25|29|34,39.0,True,regular_season
1479_003,1479,1,227.0,249.0,2,7,116|118|14844|4181|45,14038|21|25|29|34,22.0,True,regular_season
1479_004,1479,1,249.0,286.0,2,7,10891|116|14844|4181|45,10874|13029|21|24|34,37.0,True,regular_season
1479_005,1479,1,286.0,364.0,2,7,10891|116|14844|4181|45,10872|10874|13029|24|34,78.0,True,regular_season
1479_006,1479,1,364.0,456.0,2,7,10891|116|4181|45|51,10872|10874|13029|24|34,92.0,True,regular_season
1479_007,1479,1,456.0,682.0,2,7,116|119|4181|45|51,10872|13029|14038|24|29,226.0,True,regular_season
1479_008,1479,1,682.0,720.0,2,7,116|118|119|14844|51,10872|13029|14038|24|29,38.0,True,regular_season
1479_009,1479,2,720.0,891.0,2,7,110|118|119|14844|51,13029|21|24|29|34,171.0,True,regular_season
1479_010,1479,2,891.0,974.0,2,7,110|118|119|14844|51,10872|13029|28|29|34,83.0,True,regular_season
1479_011,1479,2,974.0,1007.0,2,7,110|118|14844|4181|45,10872|13029|28|29|34,33.0,True,regular_season
1479_012,1479,2,1007.0,1082.0,2,7,116|118|14844|4181|45,10872|10874|14038|29|34,75.0,True,regular_season
1479_013,1479,2,1082.0,1129.0,2,7,10891|116|14844|4181|45,10873|10874|14038|29|34,47.0,True,regular_season
1479_014,1479,2,1129.0,1174.0,2,7,10891|116|14844|4181|45,10873|10874|13029|14038|24,45.0,True,regular_season
1479_015,1479,2,1174.0,1212.0,2,7,10891|116|4181|45|51,10873|10874|13029|14038|24,38.0,True,regular_season
1479_016,1479,2,1212.0,1334.0,2,7,10891|116|4181|45|51,10873|10874|13029|14038|23,122.0,True,regular_season
1479_017,1479,2,1334.0,1372.0,2,7,10891|116|4181|45|51,10872|10874|14038|29|34,38.0,True,regular_season
1479_018,1479,2,1372.0,1406.0,2,7,10891|116|118|14844|51,10872|10874|14038|29|34,34.0,True,regular_season
1479_019,1479,2,1406.0,1440.0,2,7,10891|116|118|14844|51,10872|13029|24|29|34,34.0,True,regular_season
1479_020,1479,3,1440.0,1540.0,2,7,10891|110|118|14844|51,13029|21|24|29|34,100.0,True,regular_season
1479_021,1479,3,1540.0,1667.0,2,7,110|118|119|14844|51,10874|13029|24|29|34,127.0,True,regular_season
1479_022,1479,3,1667.0,1712.0,2,7,110|118|119|14844|4181,13029|21|24|29|34,45.0,True,regular_season
1479_023,1479,3,1712.0,1717.0,2,7,110|118|119|14844|4181,10872|10874|14038|29|34,5.0,True,regular_season
1479_024,1479,3,1717.0,1848.0,2,7,110|118|119|14844|4181,10872|10873|10874|14038|34,131.0,True,regular_season
1479_025,1479,3,1848.0,1867.0,2,7,116|118|14844|4181|45,10872|10873|10874|14038|34,19.0,True,regular_season
1479_026,1479,3,1867.0,1972.0,2,7,10891|116|4181|45|51,10872|10873|10874|14038|34,105.0,True,regular_season
1479_027,1479,3,1972.0,2160.0,2,7,10891|116|4181|45|51,10872|10874|13029|14038|24,188.0,True,regular_season
1479_028,1479,4,2160.0,2246.0,2,7,10891|116|4181|45|51,10872|10874|13029|14038|24,86.0,True,regular_season
1479_029,1479,4,2246.0,2321.0,2,7,10891|116|4181|45|51,10872|13029|24|29|34,75.0,True,regular_season
1479_030,1479,4,2321.0,2442.0,2,7,110|118|119|14844|51,13029|24|28|29|34,121.0,True,regular_season
1479_031,1479,4,2442.0,2653.0,2,7,10891|110|118|14844|4181,13029|24|28|29|34,211.0,True,regular_season
1479_032,1479,4,2653.0,2760.0,2,7,10891|110|118|14844|4181,13029|21|24|29|34,107.0,True,regular_season
1479_033,1479,4,2760.0,2812.0,2,7,10891|110|118|14844|4181,10872|13029|24|29|34,52.0,True,regular_season
1479_034,1479,4,2812.0,2879.0,2,7,10891|110|118|14844|4181,10872|13029|28|29|34,67.0,True,regular_season
1479_035,1479,4,2879.0,2880.0,2,7,10891|110|118|14844|4181,10874|14038|24|25|34,1.0,True,regular_season
1480_001,1480,1,0.0,272.0,4,5,10885|10887|14843|75|76,16|54|57|62|68,272.0,True,regular_season
1480_002,1480,1,272.0,371.0,4,5,10862|10885|10887|75|76,10884|16|54|57|68,99.0,True,regular_season
1480_003,1480,1,371.0,404.0,4,5,10862|10887|75|76|87,10884|16|54|57|68,33.0,True,regular_season
1480_004,1480,1,404.0,406.0,4,5,10862|10887|75|76|87,10860|10884|54|57|68,2.0,True,regular_season
1480_005,1480,1,406.0,478.0,4,5,10862|10887|75|76|87,10860|10884|54|58|68,72.0,True,regular_season
1480_006,1480,1,478.0,496.0,4,5,10862|10887|76|87|88,10860|10884|12|58|68,18.0,True,regular_season
1480_007,1480,1,496.0,572.0,4,5,10862|10887|76|87|88,10860|12|3129|58|68,76.0,True,regular_season
1480_008,1480,1,572.0,693.0,4,5,10862|10887|14982|87|88,10860|12|3129|58|68,121.0,True,regular_season
1480_009,1480,1,693.0,720.0,4,5,10862|14843|14982|87|88,10860|12|16|3129|58,27.0,True,regular_season
1480_010,1480,2,720.0,840.0,4,5,10862|14843|14982|87|88,10860|12|16|3129|58,120.0,True,regular_season
1480_011,1480,2,840.0,900.0,4,5,10862|14843|14982|87|88,10860|12|16|3129|54,60.0,True,regular_season
1480_012,1480,2,900.0,1043.0,4,5,10862|14843|75|87|88,12|16|3129|54|68,143.0,True,regular_season
1480_013,1480,2,1043.0,1146.0,4,5,10887|14843|75|87|88,16|3129|54|57|68,103.0,True,regular_season
1480_014,1480,2,1146.0,1237.0,4,5,10862|10887|75|88|90,16|3129|54|57|68,91.0,True,regular_season
1480_015,1480,2,1237.0,1306.0,4,5,10862|10887|75|88|90,10860|3129|54|57|68,69.0,True,regular_season
1480_016,1480,2,1306.0,1343.0,4,5,10862|10887|75|76|90,10860|3129|54|57|68,37.0,True,regular_season
1480_017,1480,2,1343.0,1374.0,4,5,10862|10887|75|76|90,10860|54|57|62|68,31.0,True,regular_season
1480_018,1480,2,1374.0,1440.0,4,5,10862|10887|75|76|87,10860|54|57|62|68,66.0,True,regular_season
1480_019,1480,3,1440.0,1526.0,4,5,10885|10887|14843|75|76,16|3129|54|57|68,86.0,True,regular_season
1480_020,1480,3,1526.0,1811.0,4,5,10862|10885|14843|75|76,16|3129|54|57|68,285.0,True,regular_season
1480_021,1480,3,1811.0,1831.0,4,5,10862|10885|14843|75|76,16|54|57|62|68,20.0,True,regular_season
1480_022,1480,3,1831.0,1904.0,4,5,10862|10885|14843|75|76,10860|54|57|62|68,73.0,True,regular_season
1480_023,1480,3,1904.0,2030.0,4,5,10862|10887|75|76|87,10860|54|57|62|68,126.0,True,regular_season
1480_024,1480,3,2030.0,2152.0,4,5,10862|10887|75|87|88,10860|12|16|57|62,122.0,True,regular_season
1480_025,1480,3,2152.0,2160.0,4,5,10862|10887|75|87|88,10860|12|16|57|58,8.0,True,regular_season
1480_026,1480,4,2160.0,2238.0,4,5,10862|10887|75|87|88,10860|12|16|57|58,78.0,True,regular_season
1480_027,1480,4,2238.0,2404.0,4,5,10862|10887|75|87|88,10860|12|16|3129|58,166.0,True,regular_season
1480_028,1480,4,2404.0,2442.0,4,5,10862|10885|10887|75|76,10860|12|16|3129|54,38.0,True,regular_season
1480_029,1480,4,2442.0,2535.0,4,5,10862|10885|10887|75|76,12|16|3129|54|68,93.0,True,regular_season
1480_030,1480,4,2535.0,2670.0,4,5,10862|14843|75|87|88,12|16|54|57|68,135.0,True,regular_season
1480_031,1480,4,2670.0,2769.0,4,5,10862|14843|75|87|88,16|3129|54|57|68,99.0,True,regular_season
1480_032,1480,4,2769.0,2813.0,4,5,10887|14843|75|87|88,16|3129|54|57|68,44.0,True,regular_season
1480_033,1480,4,2813.0,2861.0,4,5,10862|10887|75|87|88,16|3129|54|57|68,48.0,True,regular_season
1480_034,1480,4,2861.0,2880.0,4,5,10862|10885|10887|75|87,16|3129|54|57|68,19.0,True,regular_season
1481_001,1481,1,0.0,325.0,2,8,10891|116|118|45|51,1|13|14|14845|5,325.0,True,regular_season
1481_002,1481,1,325.0,482.0,2,8,10891|110|118|13275|51,1|14|14845|3|4,157.0,True,regular_season
1481_003,1481,1,482.0,545.0,2,8,10891|110|116|13275|45,1|14845|2|3|4,63.0,True,regular_season
1481_004,1481,1,545.0,606.0,2,8,10891|110|116|13275|45,10865|14845|2|3|4,61.0,True,regular_season
1481_005,1481,1,606.0,719.0,2,8,10891|110|116|13275|45,10864|10865|2|3|4,113.0,True,regular_season
1481_006,1481,1,719.0,720.0,2,8,10891|110|116|13275|45,10865|14845|2|3|4,1.0,True,regular_season
1481_007,1481,2,720.0,929.0,2,8,110|118|13275|45|51,10865|14845|2|3|4,209.0,True,regular_season
1481_008,1481,2,929.0,962.0,2,8,10891|116|118|13275|51,1|10865|14845|2|4,33.0,True,regular_season
1481_009,1481,2,962.0,963.0,2,8,10891|110|118|13275|51,1|10865|14845|2|4,1.0,True,regular_season
1481_010,1481,2,963.0,999.0,2,8,10891|110|118|13275|51,1|10865|11|14845|2,36.0,True,regular_season
1481_011,1481,2,999.0,1153.0,2,8,10891|110|118|13275|51,1|11|14|14845|5,154.0,True,regular_season
1481_012,1481,2,1153.0,1214.0,2,8,10891|110|118|13275|45,1|11|14|14845|5,61.0,True,regular_season
1481_013,1481,2,1214.0,1289.0,2,8,10891|110|118|13275|45,1|11|13|14|5,75.0,True,regular_season
1481_014,1481,2,1289.0,1440.0,2,8,10891|110|118|13275|45,1|13|14|3|5,151.0,True,regular_season
1481_015,1481,3,1440.0,1690.0,2,8,10891|110|13275|45|51,1|14|14845|4|5,250.0,True,regular_season
1481_016,1481,3,1690.0,1805.0,2,8,10891|110|13275|45|51,1|10864|14|14845|5,115.0,True,regular_season
1481_017,1481,3,1805.0,1824.0,2,8,10891|118|13275|45|51,1|10864|14|14845|5,19.0,True,regular_season
1481_018,1481,3,1824.0,1973.0,2,8,10891|118|13275|45|51,1|10864|10865|14845|5,149.0,True,regular_season
1481_019,1481,3,1973.0,2131.0,2,8,10891|110|118|13275|45,1|10864|10865|14845|3,158.0,True,regular_season
1481_020,1481,3,2131.0,2160.0,2,8,10891|110|118|13275|45,10864|10865|14|14845|3,29.0,True,regular_season
1481_021,1481,4,2160.0,2258.0,2,8,10891|118|13275|45|51,10864|10865|14|14845|3,98.0,True,regular_season
1481_022,1481,4,2258.0,2405.0,2,8,10891|118|13275|45|51,1|10865|14|14845|3,147.0,True,regular_season
1481_023,1481,4,2405.0,2544.0,2,8,10891|118|13275|45|51,1|10865|14|14845|5,139.0,True,regular_season
1481_024,1481,4,2544.0,2708.0,2,8,10891|110|118|13275|45,1|10865|14|14845|5,164.0,True,regular_season
1481_025,1481,4,2708.0,2880.0,2,8,10891|110|118|13275|45,1|14|14845|2|5,172.0,True,regular_season
1482_001,1482,1,0.0,219.0,4,3,10885|14843|75|76|82,103|10890|13906|79|89,219.0,True,regular_season
1482_002,1482,1,219.0,333.0,4,3,10885|14843|75|76|82,103|107|13906|89|99,114.0,True,regular_season
1482_003,1482,1,333.0,414.0,4,3,10885|14843|75|76|82,107|10890|86|89|99,81.0,True,regular_season
1482_004,1482,1,414.0,582.0,4,3,10862|10885|75|76|87,107|10890|86|89|91,168.0,True,regular_season
1482_005,1482,1,582.0,594.0,4,3,10862|10885|75|87|88,107|10890|86|89|91,12.0,True,regular_season
1482_006,1482,1,594.0,720.0,4,3,10862|75|87|88|90,107|10890|86|89|91,126.0,True,regular_season
1482_007,1482,2,720.0,822.0,4,3,10862|75|87|88|90,103|107|13906|83|86,102.0,True,regular_season
1482_008,1482,2,822.0,871.0,4,3,10862|75|87|88|90,103|10890|13906|83|86,49.0,True,regular_season
1482_009,1482,2,871.0,888.0,4,3,10862|75|87|88|90,103|10890|13906|79|89,17.0,True,regular_season
1482_010,1482,2,888.0,913.0,4,3,14843|75|87|88|90,103|10890|13906|79|89,25.0,True,regular_season
1482_011,1482,2,913.0,975.0,4,3,14843|76|87|88|90,103|10890|13906|79|89,62.0,True,regular_season
1482_012,1482,2,975.0,1101.0,4,3,14843|76|87|88|90,103|107|10890|79|89,126.0,True,regular_season
1482_013,1482,2,1101.0,1328.0,4,3,10885|14843|76|82|88,107|13906|79|86|89,227.0,True,regular_season
1482_014,1482,2,1328.0,1374.0,4,3,10862|10885|75|76|82,107|13906|79|86|89,46.0,True,regular_season
1482_015,1482,2,1374.0,1440.0,4,3,10862|10885|14843|75|76,10890|13906|79|86|89,66.0,True,regular_season
1482_016,1482,3,1440.0,1763.0,4,3,10885|14843|75|76|82,103|10890|13906|79|89,323.0,True,regular_season
1482_017,1482,3,1763.0,1855.0,4,3,10862|10885|14843|76|88,107|13906|79|89|99,92.0,True,regular_season
1482_018,1482,3,1855.0,1961.0,4,3,10862|10885|76|87|88,107|10890|79|89|99,106.0,True,regular_season
1482_019,1482,3,1961.0,2035.0,4,3,10862|75|76|87|88,107|10890|79|86|99,74.0,True,regular_season
1482_020,1482,3,2035.0,2079.0,4,3,10862|75|76|87|88,107|13906|79|86|99,44.0,True,regular_season
1482_021,1482,3,2079.0,2160.0,4,3,10862|75|87|88|90,103|107|13906|86|99,81.0,True,regular_season
1482_023,1482,4,2326.0,2342.0,4,3,10862|75|76|87|90,103|10890|13906|79|89,16.0,True,regular_season
1482_024,1482,4,2342.0,2542.0,4,3,10862|14843|75|76|90,103|10890|13906|79|89,200.0,True,regular_season
1483_001,1483,1,0.0,227.0,3,8,103|106|13906|79|89,10865|14|14845|4|5,227.0,True,regular_season
1483_002,1483,1,227.0,251.0,3,8,103|107|13906|79|89,10865|14|14845|4|5,24.0,True,regular_season
1483_003,1483,1,251.0,319.0,3,8,103|107|13906|89|99,10865|14|14845|4|5,68.0,True,regular_season
1483_004,1483,1,319.0,415.0,3,8,103|107|13906|89|99,10864|10865|14|14845|5,96.0,True,regular_season
1483_006,1483,1,568.0,589.0,3,8,106|107|79|86|99,10864|10865|13|2|3,21.0,True,regular_season
1483_007,1483,1,589.0,603.0,3,8,107|13906|79|86|99,10864|10865|13|2|3,14.0,True,regular_season
1483_008,1483,1,603.0,720.0,3,8,107|13906|79|86|99,10863|10864|13|2|3,117.0,True,regular_season
1483_009,1483,2,720.0,860.0,3,8,103|107|13906|79|86,10863|13|2|3|4,140.0,True,regular_season
1483_010,1483,2,860.0,917.0,3,8,103|106|13906|79|89,10865|14845|2|3|4,57.0,True,regular_season
1483_011,1483,2,917.0,957.0,3,8,103|106|13906|79|89,10865|14845|2|4|5,40.0,True,regular_season
1483_012,1483,2,957.0,1049.0,3,8,103|106|13906|79|89,10865|14|14845|4|5,92.0,True,regular_season
1483_013,1483,2,1049.0,1081.0,3,8,106|107|79|89|99,10865|14|14845|4|5,32.0,True,regular_season
1483_014,1483,2,1081.0,1152.0,3,8,106|107|79|89|99,10864|10865|14|14845|5,71.0,True,regular_season
1483_015,1483,2,1152.0,1287.0,3,8,106|107|89|91|99,10864|10865|14|14845|5,135.0,True,regular_season
1483_016,1483,2,1287.0,1440.0,3,8,106|13906|86|91|99,10865|13|14|14845|3,153.0,True,regular_season
1483_017,1483,3,1440.0,1703.0,3,8,103|106|13906|79|89,10865|13|14|14845|5,263.0,True,regular_season
1483_018,1483,3,1703.0,1784.0,3,8,103|106|107|89|99,10865|13|14|14845|5,81.0,True,regular_season
1483_019,1483,3,1784.0,1794.0,3,8,106|107|86|91|99,10865|13|14|14845|5,10.0,True,regular_season
1483_020,1483,3,1794.0,1819.0,3,8,106|107|86|91|99,10863|13|14|14845|5,25.0,True,regular_season
1483_021,1483,3,1819.0,1942.0,3,8,106|107|86|91|99,10863|10864|14|14845|5,123.0,True,regular_season
1483_022,1483,3,1942.0,2009.0,3,8,106|107|86|91|99,10863|10864|14|14845|2,67.0,True,regular_season
1483_023,1483,3,2009.0,2134.0,3,8,106|107|77|86|91,10863|10864|14845|2|3,125.0,True,regular_season
1483_024,1483,3,2134.0,2135.0,3,8,106|107|77|86|91,10863|10864|13|2|3,1.0,True,regular_season
1483_025,1483,3,2135.0,2160.0,3,8,101|77|86|91|95,10863|10864|13|2|3,25.0,True,regular_season
1483_028,1483,4,2537.0,2623.0,3,8,101|73|77|83|95,10865|11|2|4|9,86.0,True,regular_season
1483_029,1483,4,2623.0,2703.0,3,8,101|73|77|83|95,10863|11|2|4|9,80.0,True,regular_season
1483_030,1483,4,2703.0,2880.0,3,8,101|73|77|83|95,10863|10864|11|2|9,177.0,True,regular_season
1484_001,1484,1,0.0,349.0,6,5,10877|10880|10881|40|44,10861|54|57|62|68,349.0,True,regular_season
1484_002,1484,1,349.0,391.0,6,5,10877|10880|10881|40|44,10861|16|3129|54|57,42.0,True,regular_season
1484_003,1484,1,391.0,443.0,6,5,10877|10879|10880|10881|40,10861|10884|16|3129|54,52.0,True,regular_season
1484_004,1484,1,443.0,489.0,6,5,104|10877|10879|10881|47,10861|10884|16|3129|54,46.0,True,regular_season
1484_005,1484,1,489.0,567.0,6,5,104|10877|10879|10881|47,16|3129|54|64|68,78.0,True,regular_season
1484_006,1484,1,567.0,632.0,6,5,104|10879|10881|39|47,12|16|3129|64|68,65.0,True,regular_season
1484_007,1484,1,632.0,642.0,6,5,104|10879|10880|113|39,12|16|3129|64|68,10.0,True,regular_season
1484_008,1484,1,642.0,688.0,6,5,104|10879|10880|113|39,12|16|3129|62|68,46.0,True,regular_season
1484_009,1484,1,688.0,720.0,6,5,104|10879|10880|113|39,12|16|57|62|68,32.0,True,regular_season
1484_010,1484,2,720.0,823.0,6,5,104|10880|113|39|40,12|16|57|62|68,103.0,True,regular_season
1484_011,1484,2,823.0,904.0,6,5,104|10877|10880|113|40,10861|3129|54|57|68,81.0,True,regular_season
1484_012,1484,2,904.0,1004.0,6,5,104|10877|10880|40|44,10861|3129|54|57|68,100.0,True,regular_season
1484_013,1484,2,1004.0,1116.0,6,5,10877|10880|10881|40|44,10861|3129|54|57|68,112.0,True,regular_season
1484_014,1484,2,1116.0,1210.0,6,5,10877|10880|10881|113|40,10861|3129|54|57|68,94.0,True,regular_season
1484_015,1484,2,1210.0,1228.0,6,5,10877|10879|10880|10881|40,10861|54|57|62|68,18.0,True,regular_season
1484_016,1484,2,1228.0,1303.0,6,5,104|10877|10879|10881|47,10861|54|57|62|68,75.0,True,regular_season
1484_017,1484,2,1303.0,1385.0,6,5,104|10877|10879|10881|47,16|54|57|62|68,82.0,True,regular_season
1484_018,1484,2,1385.0,1440.0,6,5,104|10877|10879|10881|40,12|16|57|62|68,55.0,True,regular_season
1484_019,1484,3,1440.0,1702.0,6,5,10877|10879|10880|10881|113,16|54|57|62|68,262.0,True,regular_season
1484_020,1484,3,1702.0,1788.0,6,5,10877|10879|10880|10881|113,16|3129|54|57|68,86.0,True,regular_season
1484_021,1484,3,1788.0,1849.0,6,5,104|10877|10880|39|40,10861|3129|54|57|68,61.0,True,regular_season
1484_022,1484,3,1849.0,1934.0,6,5,104|10877|10880|39|40,10861|10884|3129|54|68,85.0,True,regular_season
1484_023,1484,3,1934.0,1968.0,6,5,104|10877|10880|39|40,10861|10884|16|3129|54,34.0,True,regular_season
1484_024,1484,3,1968.0,2012.0,6,5,104|10881|39|40|47,10861|10884|16|3129|54,44.0,True,regular_season
1484_025,1484,3,2012.0,2092.0,6,5,104|10881|39|40|47,10861|12|16|3129|57,80.0,True,regular_season
1484_026,1484,3,2092.0,2137.0,6,5,104|10877|10880|39|47,10861|12|16|57|62,45.0,True,regular_season
1484_027,1484,3,2137.0,2160.0,6,5,104|10877|10880|39|47,10861|12|16|54|62,23.0,True,regular_season
1484_028,1484,4,2160.0,2296.0,6,5,104|10877|10880|39|47,10861|12|16|54|62,136.0,True,regular_season
1484_029,1484,4,2296.0,2388.0,6,5,104|10877|10880|39|47,12|16|3129|54|68,92.0,True,regular_season
1484_030,1484,4,2388.0,2423.0,6,5,104|10877|10880|113|39,12|16|3129|54|68,35.0,True,regular_season
1484_031,1484,4,2423.0,2452.0,6,5,104|10877|10880|113|39,16|3129|54|62|68,29.0,True,regular_season
1484_032,1484,4,2452.0,2459.0,6,5,10877|10880|10881|113|39,16|3129|54|62|68,7.0,True,regular_season
1484_033,1484,4,2459.0,2624.0,6,5,10877|10879|10880|10881|39,16|3129|54|62|68,165.0,True,regular_season
1484_034,1484,4,2624.0,2739.0,6,5,10877|10879|10880|10881|39,10861|54|57|62|68,115.0,True,regular_season
1484_035,1484,4,2739.0,2799.0,6,5,104|10877|10879|10881|39,10861|54|57|62|68,60.0,True,regular_season
1484_036,1484,4,2799.0,2880.0,6,5,104|10877|10879|10881|39,10861|3129|54|57|68,81.0,True,regular_season
1485_001,1485,1,0.0,238.0,3,4,103|106|13906|79|89,10885|10887|14843|75|76,238.0,True,regular_season
1485_002,1485,1,238.0,350.0,3,4,103|107|13906|79|89,10885|10887|14843|75|76,112.0,True,regular_season
1485_003,1485,1,350.0,408.0,3,4,103|107|13906|89|99,10885|10887|14843|75|76,58.0,True,regular_season
1485_004,1485,1,408.0,535.0,3,4,103|107|13906|86|99,10862|10885|10887|75|76,127.0,True,regular_season
1485_005,1485,1,535.0,583.0,3,4,106|107|79|86|99,10862|10885|10887|76|88,48.0,True,regular_season
1485_006,1485,1,583.0,720.0,3,4,106|107|79|86|99,10862|14843|76|87|88,137.0,True,regular_season
1485_007,1485,2,720.0,962.0,3,4,106|13906|79|86|89,10862|14843|14982|87|88,242.0,True,regular_season
1485_008,1485,2,962.0,1036.0,3,4,103|106|13906|79|89,10887|14843|75|87|88,74.0,True,regular_season
1485_009,1485,2,1036.0,1125.0,3,4,103|107|13906|79|89,10887|14843|75|87|88,89.0,True,regular_season
1485_010,1485,2,1125.0,1138.0,3,4,103|107|13906|79|89,10862|10887|75|87|88,13.0,True,regular_season
1485_011,1485,2,1138.0,1208.0,3,4,103|107|13906|79|89,10862|10887|75|76|87,70.0,True,regular_season
1485_012,1485,2,1208.0,1242.0,3,4,103|107|13906|79|89,10862|10885|10887|75|76,34.0,True,regular_season
1485_013,1485,2,1242.0,1419.0,3,4,103|107|13906|79|89,10862|10885|14843|75|76,177.0,True,regular_season
1485_014,1485,2,1419.0,1438.0,3,4,103|106|13906|79|89,10885|10887|14843|75|76,19.0,True,regular_season
1485_015,1485,2,1438.0,1440.0,3,4,103|106|13906|79|89,10862|10885|14843|75|76,2.0,True,regular_season
1485_016,1485,3,1440.0,1582.0,3,4,103|107|13906|79|89,10885|10887|14843|75|76,142.0,True,regular_season
1485_017,1485,3,1582.0,1653.0,3,4,103|107|13906|79|89,10862|10885|10887|75|76,71.0,True,regular_season
1485_018,1485,3,1653.0,1699.0,3,4,103|107|13906|89|99,10862|10885|10887|75|76,46.0,True,regular_season
1485_019,1485,3,1699.0,1754.0,3,4,103|107|13906|86|99,10862|10885|10887|75|76,55.0,True,regular_season
1485_020,1485,3,1754.0,1785.0,3,4,103|106|13906|86|99,10862|10887|75|76|87,31.0,True,regular_season
1485_021,1485,3,1785.0,1855.0,3,4,103|106|13906|77|86,10862|10887|76|87|88,70.0,True,regular_season
1485_022,1485,3,1855.0,1960.0,3,4,103|106|107|77|86,10862|10887|76|87|88,105.0,True,regular_season
1485_023,1485,3,1960.0,2033.0,3,4,106|107|77|86|89,10862|10887|76|87|88,73.0,True,regular_season
1485_024,1485,3,2033.0,2160.0,3,4,106|107|77|86|89,10862|10887|75|87|88,127.0,True,regular_season
1485_025,1485,4,2160.0,2261.0,3,4,103|106|13906|79|89,10887|14843|75|87|88,101.0,True,regular_season
1485_026,1485,4,2261.0,2370.0,3,4,103|106|13906|79|86,10862|14843|75|87|88,109.0,True,regular_season
1485_027,1485,4,2370.0,2387.0,3,4,106|13906|77|79|86,10862|14843|75|87|88,17.0,True,regular_season
1485_028,1485,4,2387.0,2403.0,3,4,106|13906|77|79|86,10862|10887|75|87|88,16.0,True,regular_season
1485_029,1485,4,2403.0,2530.0,3,4,107|13906|77|79|86,10862|10887|75|87|88,127.0,True,regular_season
1485_030,1485,4,2530.0,2594.0,3,4,103|106|107|86|89,10862|10887|75|87|88,64.0,True,regular_season
1485_031,1485,4,2594.0,2724.0,3,4,103|106|107|79|89,10862|10887|75|76|88,130.0,True,regular_season
1485_032,1485,4,2724.0,2742.0,3,4,103|106|13906|86|89,10862|10887|75|76|88,18.0,True,regular_season
1485_033,1485,4,2742.0,2822.0,3,4,103|106|13906|79|89,10862|10887|75|76|88,80.0,True,regular_season
1485_034,1485,4,2822.0,2848.0,3,4,103|107|13906|86|89,10862|10887|75|76|87,26.0,True,regular_season
1485_035,1485,4,2848.0,2866.0,3,4,103|107|13906|86|89,10862|10885|10887|75|87,18.0,True,regular_season
1485_036,1485,4,2866.0,2880.0,3,4,103|106|13906|79|89,10862|10887|75|76|88,14.0,True,regular_season
1486_001,1486,1,0.0,303.0,6,2,10877|10880|10881|40|44,10891|110|118|14844|51,303.0,True,regular_season
1486_002,1486,1,303.0,439.0,6,2,10877|10880|10881|40|44,118|13275|14844|45|51,136.0,True,regular_season
1486_003,1486,1,439.0,510.0,6,2,104|10877|10879|10881|113,110|118|13275|14844|45,71.0,True,regular_season
1486_004,1486,1,510.0,559.0,6,2,104|10877|10879|10881|113,10891|110|118|13275|45,49.0,True,regular_season
1486_005,1486,1,559.0,593.0,6,2,104|10879|10881|113|39,10891|110|118|13275|45,34.0,True,regular_season
1486_006,1486,1,593.0,697.0,6,2,104|10879|10880|113|39,10891|110|14844|45|51,104.0,True,regular_season
1486_007,1486,1,697.0,720.0,6,2,104|10881|113|39|47,10891|110|14844|45|51,23.0,True,regular_season
1486_008,1486,2,720.0,813.0,6,2,104|10879|10881|39|47,10891|110|13275|14844|51,93.0,True,regular_season
1486_009,1486,2,813.0,877.0,6,2,104|10879|10881|39|47,10891|110|118|14844|51,64.0,True,regular_season
1486_010,1486,2,877.0,906.0,6,2,104|10879|10881|39|47,110|118|14844|45|51,29.0,True,regular_season
1486_011,1486,2,906.0,967.0,6,2,104|10881|39|40|47,110|118|14844|45|51,61.0,True,regular_season
1486_012,1486,2,967.0,1046.0,6,2,104|10877|10881|40|47,110|118|14844|45|51,79.0,True,regular_season
1486_013,1486,2,1046.0,1206.0,6,2,104|10877|10880|40|44,110|118|14844|45|51,160.0,True,regular_season
1486_014,1486,2,1206.0,1341.0,6,2,104|10877|10880|40|44,10891|118|14844|45|51,135.0,True,regular_season
1486_015,1486,2,1341.0,1406.0,6,2,10877|10881|40|44|47,10891|118|14844|45|51,65.0,True,regular_season
1486_016,1486,2,1406.0,1440.0,6,2,104|10877|10881|40|44,10891|118|14844|45|51,34.0,True,regular_season
1486_017,1486,3,1440.0,1709.0,6,2,104|10877|10881|40|47,110|118|14844|45|51,269.0,True,regular_season
1486_018,1486,3,1709.0,1775.0,6,2,104|10877|10879|10881|47,10891|118|14844|45|51,66.0,True,regular_season
1486_019,1486,3,1775.0,1863.0,6,2,10877|10879|10880|10881|39,10891|118|14844|45|51,88.0,True,regular_season
1486_020,1486,3,1863.0,1942.0,6,2,10877|10879|10880|10881|39,110|118|14844|45|51,79.0,True,regular_season
1486_021,1486,3,1942.0,2069.0,6,2,10877|10879|10880|10881|39,10891|110|118|14844|45,127.0,True,regular_season
1486_022,1486,3,2069.0,2089.0,6,2,104|10877|10879|10880|39,10891|110|118|14844|45,20.0,True,regular_season
1486_023,1486,3,2089.0,2150.0,6,2,104|10879|10880|113|39,10891|118|14844|45|51,61.0,True,regular_season
1486_024,1486,3,2150.0,2160.0,6,2,104|10877|10879|10880|40,10891|118|14844|45|51,10.0,True,regular_season
1486_025,1486,4,2160.0,2307.0,6,2,104|10877|10881|39|40,10891|118|13275|45|51,147.0,True,regular_season
1486_026,1486,4,2307.0,2449.0,6,2,10877|10880|10881|39|40,10891|118|14844|45|51,142.0,True,regular_season
1486_027,1486,4,2449.0,2527.0,6,2,10877|10880|10881|39|40,10891|110|118|14844|51,78.0,True,regular_season
1486_028,1486,4,2527.0,2660.0,6,2,10877|10880|10881|39|40,10891|110|118|13275|14844,133.0,True,regular_season
1486_029,1486,4,2660.0,2706.0,6,2,104|10881|39|40|44,10891|110|118|14844|51,46.0,True,regular_season
1486_030,1486,4,2706.0,2762.0,6,2,104|10883|40|44|47,10891|110|118|14844|51,56.0,True,regular_season
1486_031,1486,4,2762.0,2880.0,6,2,10878|10883|44|47|48,10891|110|118|14844|51,118.0,True,regular_season
1487_001,1487,1,0.0,303.0,7,3,14038|22|28|29|34,103|106|13906|79|89,303.0,True,regular_season
1487_002,1487,1,303.0,336.0,7,3,14038|22|28|29|34,103|10890|13906|89|99,33.0,True,regular_season
1487_003,1487,1,336.0,374.0,7,3,10872|14038|28|29|34,103|10890|13906|89|99,38.0,True,regular_season
1487_004,1487,1,374.0,401.0,7,3,10872|10874|14038|29|32,103|10890|13906|86|99,27.0,True,regular_season
1487_005,1487,1,401.0,418.0,7,3,10872|10874|14038|21|32,103|10890|13906|86|99,17.0,True,regular_season
1487_006,1487,1,418.0,441.0,7,3,10872|10874|14038|21|32,103|106|10890|86|99,23.0,True,regular_season
1487_007,1487,1,441.0,512.0,7,3,10872|10874|21|32|34,103|106|10890|86|99,71.0,True,regular_season
1487_008,1487,1,512.0,666.0,7,3,10872|10874|21|32|34,106|10890|79|86|99,154.0,True,regular_season
1487_009,1487,1,666.0,720.0,7,3,21|28|29|32|34,10890|13906|79|86|99,54.0,True,regular_season
1487_010,1487,2,720.0,776.0,7,3,21|28|29|32|34,10890|13906|79|86|89,56.0,True,regular_season
1487_011,1487,2,776.0,841.0,7,3,14038|21|28|29|34,106|13906|79|86|89,65.0,True,regular_season
1487_012,1487,2,841.0,854.0,7,3,10872|14038|21|29|34,106|13906|79|86|89,13.0,True,regular_season
1487_013,1487,2,854.0,936.0,7,3,10872|14038|21|29|34,103|106|13906|79|89,82.0,True,regular_season
1487_014,1487,2,936.0,959.0,7,3,10872|14038|22|29|34,103|106|13906|77|89,23.0,True,regular_season
1487_015,1487,2,959.0,1153.0,7,3,10874|22|29|32|34,103|106|13906|77|89,194.0,True,regular_season
1487_016,1487,2,1153.0,1200.0,7,3,10874|14038|22|29|34,103|10890|13906|77|89,47.0,True,regular_season
1487_017,1487,2,1200.0,1220.0,7,3,10874|14038|22|29|34,103|106|10890|86|89,20.0,True,regular_season
1487_018,1487,2,1220.0,1334.0,7,3,14038|21|22|29|34,103|106|10890|86|89,114.0,True,regular_season
1487_019,1487,2,1334.0,1437.0,7,3,21|22|29|32|34,103|106|10890|86|89,103.0,True,regular_season
1487_020,1487,2,1437.0,1440.0,7,3,10872|10874|22|32|34,103|106|10890|86|89,3.0,True,regular_season
1487_021,1487,3,1440.0,1516.0,7,3,14038|22|28|29|34,103|106|13906|79|89,76.0,True,regular_season
1487_022,1487,3,1516.0,1563.0,7,3,22|28|29|32|34,103|106|13906|79|89,47.0,True,regular_season
1487_023,1487,3,1563.0,1650.0,7,3,14038|22|28|29|32,103|106|13906|79|89,87.0,True,regular_season
1487_024,1487,3,1650.0,1700.0,7,3,21|22|29|32|34,10890|13906|79|89|99,50.0,True,regular_season
1487_025,1487,3,1700.0,1741.0,7,3,10874|21|29|32|34,10890|13906|79|89|99,41.0,True,regular_season
1487_026,1487,3,1741.0,1825.0,7,3,10874|21|29|32|34,10890|13906|86|89|99,84.0,True,regular_season
1487_027,1487,3,1825.0,1898.0,7,3,10872|10874|14038|21|32,106|10890|86|89|99,73.0,True,regular_season
1487_028,1487,3,1898.0,2023.0,7,3,10872|10874|14038|21|32,10890|13906|86|89|99,125.0,True,regular_season
1487_029,1487,3,2023.0,2046.0,7,3,10872|10874|14038|29|32,10890|13906|79|86|99,23.0,True,regular_season
1487_030,1487,3,2046.0,2160.0,7,3,10872|10874|29|32|34,103|10890|13906|79|86,114.0,True,regular_season
1487_031,1487,4,2160.0,2189.0,7,3,10872|10874|14038|29|34,103|106|13906|79|86,29.0,True,regular_season
1487_032,1487,4,2189.0,2349.0,7,3,10872|10874|29|32|34,103|106|13906|79|86,160.0,True,regular_season
1487_033,1487,4,2349.0,2367.0,7,3,10872|22|29|32|34,103|106|13906|86|89,18.0,True,regular_season
1487_034,1487,4,2367.0,2474.0,7,3,21|22|29|32|34,103|106|10890|86|89,107.0,True,regular_season
1487_035,1487,4,2474.0,2521.0,7,3,21|22|29|32|34,103|106|10890|79|89,47.0,True,regular_season
1487_036,1487,4,2521.0,2556.0,7,3,10872|21|22|32|34,103|10890|13906|79|89,35.0,True,regular_season
1487_037,1487,4,2556.0,2660.0,7,3,10872|14038|21|22|32,103|10890|13906|79|89,104.0,True,regular_season
1487_038,1487,4,2660.0,2694.0,7,3,21|22|29|32|34,103|10890|13906|79|89,34.0,True,regular_season
1487_039,1487,4,2694.0,2744.0,7,3,10872|14038|22|29|34,103|106|13906|79|89,50.0,True,regular_season
1487_040,1487,4,2744.0,2767.0,7,3,10872|21|29|32|34,103|106|13906|79|89,23.0,True,regular_season
1487_041,1487,4,2767.0,2787.0,7,3,10872|21|29|32|34,103|106|13906|86|89,20.0,True,regular_season
1487_042,1487,4,2787.0,2799.0,7,3,10872|21|29|32|34,103|106|13906|79|89,12.0,True,regular_season
1487_043,1487,4,2799.0,2807.0,7,3,14038|21|22|29|34,103|106|13906|86|89,8.0,True,regular_season
1487_044,1487,4,2807.0,2835.0,7,3,10872|21|29|32|34,103|106|13906|79|89,28.0,True,regular_season
1487_045,1487,4,2835.0,2843.0,7,3,10872|21|29|32|34,103|106|13906|86|89,8.0,True,regular_season
1487_046,1487,4,2843.0,2847.0,7,3,10872|21|29|32|34,103|10890|13906|86|89,4.0,True,regular_season
1487_047,1487,4,2847.0,2848.0,7,3,10872|14038|21|29|32,103|10890|13906|86|89,1.0,True,regular_season
1487_048,1487,4,2848.0,2852.0,7,3,21|22|29|32|34,103|10890|13906|86|89,4.0,True,regular_season
1487_049,1487,4,2852.0,2863.0,7,3,14038|21|22|29|34,10890|13906|79|86|89,11.0,True,regular_season
1487_050,1487,4,2863.0,2880.0,7,3,10872|14038|21|29|32,10890|13906|79|86|89,17.0,True,regular_season
1488_001,1488,1,0.0,236.0,8,4,1|14|14437|14845|4,10885|10887|14843|75|76,236.0,True,regular_season
1488_002,1488,1,236.0,376.0,8,4,1|14|14437|14845|4,10862|10885|14843|75|76,140.0,True,regular_season
1488_003,1488,1,376.0,484.0,8,4,1|10864|14|14845|5,10862|10885|14843|75|76,108.0,True,regular_season
1488_004,1488,1,484.0,521.0,8,4,1|10864|10865|14845|5,10862|10885|14843|75|76,37.0,True,regular_season
1488_005,1488,1,521.0,586.0,8,4,1|10864|10865|14845|5,10862|10885|14843|75|88,65.0,True,regular_season
1488_006,1488,1,586.0,643.0,8,4,10864|10865|14437|14845|5,10862|10885|14843|75|88,57.0,True,regular_season
1488_007,1488,1,643.0,720.0,8,4,10865|13|14437|14845|5,10862|14843|75|87|88,77.0,True,regular_season
1488_008,1488,2,720.0,840.0,8,4,10865|13|14437|14845|5,10862|14843|14982|87|88,120.0,True,regular_season
1488_009,1488,2,840.0,942.0,8,4,13|14|14437|14845|5,10862|14843|14982|87|88,102.0,True,regular_season
1488_010,1488,2,942.0,1080.0,8,4,1|13|14|14437|4,10862|10887|14982|87|88,138.0,True,regular_season
1488_011,1488,2,1080.0,1118.0,8,4,1|14|14437|14845|3,10862|10887|14982|87|88,38.0,True,regular_season
1488_012,1488,2,1118.0,1176.0,8,4,1|14|14845|3|5,10862|10887|14982|87|88,58.0,True,regular_season
1488_013,1488,2,1176.0,1206.0,8,4,1|14|14845|3|5,10862|10887|75|76|87,30.0,True,regular_season
1488_014,1488,2,1206.0,1266.0,8,4,1|10864|14|14845|5,10862|10887|75|76|87,60.0,True,regular_season
1488_015,1488,2,1266.0,1317.0,8,4,1|10864|14|14845|5,10862|10885|10887|75|76,51.0,True,regular_season
1488_016,1488,2,1317.0,1440.0,8,4,1|10864|14|14437|14845,10885|10887|14843|75|76,123.0,True,regular_season
1488_017,1488,3,1440.0,1745.0,8,4,1|10864|14|14845|5,10885|10887|14843|75|76,305.0,True,regular_season
1488_018,1488,3,1745.0,1792.0,8,4,1|10864|14|14845|5,10885|10887|14843|75|88,47.0,True,regular_season
1488_019,1488,3,1792.0,1830.0,8,4,1|13|14|14845|5,10862|10885|14843|75|88,38.0,True,regular_season
1488_020,1488,3,1830.0,1875.0,8,4,1|13|14|14845|5,10862|14843|76|87|88,45.0,True,regular_season
1488_021,1488,3,1875.0,1907.0,8,4,13|14|14437|14845|5,10862|14843|76|87|88,32.0,True,regular_season
1488_022,1488,3,1907.0,2002.0,8,4,1|13|14|14845|5,10862|14843|76|87|88,95.0,True,regular_season
1488_023,1488,3,2002.0,2153.0,8,4,1|10864|14437|14845|5,10862|14843|76|87|88,151.0,True,regular_season
1488_024,1488,3,2153.0,2160.0,8,4,1|10864|14437|14845|3,10862|10885|14843|87|88,7.0,True,regular_season
1488_025,1488,4,2160.0,2275.0,8,4,1|10864|14437|14845|3,10862|14843|76|87|88,115.0,True,regular_season
1488_026,1488,4,2275.0,2348.0,8,4,14|14437|14845|4|5,10862|14843|76|87|88,73.0,True,regular_season
1488_027,1488,4,2348.0,2357.0,8,4,1|14|14845|4|5,10862|14843|76|87|88,9.0,True,regular_season
1488_028,1488,4,2357.0,2503.0,8,4,1|14|14845|4|5,10887|14843|76|87|88,146.0,True,regular_season
1488_029,1488,4,2503.0,2617.0,8,4,1|14|14845|4|5,10862|10887|76|87|88,114.0,True,regular_season
1488_030,1488,4,2617.0,2646.0,8,4,1|14|14845|3|4,10862|10887|76|87|88,29.0,True,regular_season
1488_031,1488,4,2646.0,2700.0,8,4,1|10864|14|14845|3,10862|10887|76|87|88,54.0,True,regular_season
1488_032,1488,4,2700.0,2788.0,8,4,1|10864|13|14|3,10862|10887|76|87|88,88.0,True,regular_season
1488_033,1488,4,2788.0,2880.0,8,4,1|10864|10865|13|3,10862|80|84|87|88,92.0,True,regular_season
1489_001,1489,1,0.0,219.0,5,3,16|54|57|62|68,103|10890|13906|79|89,219.0,True,regular_season
1489_002,1489,1,219.0,241.0,5,3,16|54|57|62|68,103|107|13906|79|89,22.0,True,regular_season
1489_003,1489,1,241.0,343.0,5,3,16|54|57|62|68,103|107|13906|89|91,102.0,True,regular_season
1489_004,1489,1,343.0,361.0,5,3,10861|54|57|58|68,103|107|13906|89|91,18.0,True,regular_season
1489_005,1489,1,361.0,455.0,5,3,10861|54|57|58|68,107|13906|77|89|91,94.0,True,regular_season
1489_006,1489,1,455.0,505.0,5,3,10861|3129|54|58|68,107|13906|77|79|86,50.0,True,regular_season
1489_007,1489,1,505.0,560.0,5,3,10861|12|3129|58|68,107|10890|77|79|86,55.0,True,regular_season
1489_008,1489,1,560.0,646.0,5,3,10861|12|16|3129|58,107|10890|77|79|86,86.0,True,regular_season
1489_009,1489,1,646.0,720.0,5,3,10861|12|16|3129|58,103|107|10890|79|86,74.0,True,regular_season
1489_010,1489,2,720.0,767.0,5,3,10861|12|16|3129|58,103|10890|13906|79|86,47.0,True,regular_season
1489_011,1489,2,767.0,920.0,5,3,10861|12|16|57|58,103|10890|13906|79|86,153.0,True,regular_season
1489_012,1489,2,920.0,935.0,5,3,10861|12|16|57|58,103|107|10890|86|91,15.0,True,regular_season
1489_013,1489,2,935.0,984.0,5,3,10861|12|57|62|68,103|107|10890|86|91,49.0,True,regular_season
1489_014,1489,2,984.0,1102.0,5,3,10861|54|57|62|68,103|107|10890|89|91,118.0,True,regular_season
1489_015,1489,2,1102.0,1187.0,5,3,10861|54|57|62|68,107|10890|77|89|91,85.0,True,regular_season
1489_016,1489,2,1187.0,1206.0,5,3,16|54|57|58|68,103|107|10890|77|89,19.0,True,regular_season
1489_017,1489,2,1206.0,1237.0,5,3,12|16|54|58|68,103|107|10890|77|89,31.0,True,regular_season
1489_018,1489,2,1237.0,1281.0,5,3,12|16|54|58|68,103|107|13906|77|89,44.0,True,regular_season
1489_019,1489,2,1281.0,1340.0,5,3,12|16|54|58|68,103|107|13906|79|89,59.0,True,regular_season
1489_020,1489,2,1340.0,1367.0,5,3,10861|12|54|58|68,103|107|13906|79|89,27.0,True,regular_season
1489_021,1489,2,1367.0,1440.0,5,3,10861|54|58|62|68,103|107|13906|79|89,73.0,True,regular_season
1489_022,1489,3,1440.0,1615.0,5,3,16|54|57|62|68,103|10890|13906|79|89,175.0,True,regular_season
1489_023,1489,3,1615.0,1677.0,5,3,16|54|57|62|68,107|13906|79|86|91,62.0,True,regular_season
1489_024,1489,3,1677.0,1715.0,5,3,16|54|57|58|68,107|13906|79|86|91,38.0,True,regular_season
1489_025,1489,3,1715.0,1717.0,5,3,10861|54|57|58|68,107|13906|79|86|91,2.0,True,regular_season
1489_026,1489,3,1717.0,1832.0,5,3,10861|54|57|58|68,103|107|10890|79|86,115.0,True,regular_season
1489_027,1489,3,1832.0,1882.0,5,3,10861|54|57|58|68,103|107|10890|86|89,50.0,True,regular_season
1489_028,1489,3,1882.0,1948.0,5,3,10861|54|58|62|68,103|107|10890|86|89,66.0,True,regular_season
1489_029,1489,3,1948.0,2019.0,5,3,10861|12|58|62|68,103|107|10890|86|89,71.0,True,regular_season
1489_030,1489,3,2019.0,2080.0,5,3,10861|12|57|62|68,103|10890|13906|86|89,61.0,True,regular_season
1489_031,1489,3,2080.0,2160.0,5,3,10861|12|54|62|68,10890|13906|77|86|89,80.0,True,regular_season
1489_032,1489,4,2160.0,2219.0,5,3,10861|12|16|54|62,103|10890|13906|86|89,59.0,True,regular_season
1489_033,1489,4,2219.0,2285.0,5,3,10861|12|16|54|58,103|10890|13906|86|89,66.0,True,regular_season
1489_034,1489,4,2285.0,2358.0,5,3,10861|12|16|54|58,103|107|13906|79|89,73.0,True,regular_season
1489_035,1489,4,2358.0,2484.0,5,3,10861|12|57|58|68,103|107|13906|79|89,126.0,True,regular_season
1489_036,1489,4,2484.0,2644.0,5,3,10861|54|57|58|68,103|107|13906|79|89,160.0,True,regular_season
1489_037,1489,4,2644.0,2774.0,5,3,10861|54|57|58|68,103|107|10890|79|89,130.0,True,regular_season
1489_038,1489,4,2774.0,2843.0,5,3,16|54|57|58|68,103|107|10890|79|89,69.0,True,regular_season
1489_039,1489,4,2843.0,2851.0,5,3,16|54|58|62|68,103|107|10890|79|89,8.0,True,regular_season
1489_040,1489,4,2851.0,2880.0,5,3,12|16|54|58|68,103|107|10890|86|89,29.0,True,regular_season
1490_001,1490,1,0.0,280.0,8,6,1|10864|14|14845|5,10877|10880|10881|40|44,280.0,True,regular_season
1490_002,1490,1,280.0,314.0,8,6,1|14|14845|4|5,10877|10880|10881|40|44,34.0,True,regular_season
1490_003,1490,1,314.0,425.0,8,6,1|14|14845|4|5,10877|10881|40|44|8889,111.0,True,regular_season
1490_004,1490,1,425.0,482.0,8,6,1|14|14845|4|5,10877|10879|10881|43|8889,57.0,True,regular_season
1490_005,1490,1,482.0,519.0,8,6,1|14|14845|4|5,10877|10879|10880|43|8889,37.0,True,regular_season
1490_006,1490,1,519.0,565.0,8,6,1|14|14845|3|4,10877|10879|10880|43|8889,46.0,True,regular_season
1490_007,1490,1,565.0,582.0,8,6,1|14845|3|4|5,10877|10879|10880|43|8889,17.0,True,regular_season
1490_008,1490,1,582.0,638.0,8,6,1|14845|3|4|5,10879|10880|40|43|8889,56.0,True,regular_season
1490_009,1490,1,638.0,720.0,8,6,1|14845|3|4|5,10879|10880|10881|40|43,82.0,True,regular_season
1490_010,1490,2,720.0,802.0,8,6,10865|14|14845|3|4,10880|10881|39|40|43,82.0,True,regular_season
1490_011,1490,2,802.0,839.0,8,6,10865|14|14845|3|4,10877|10880|10881|39|44,37.0,True,regular_season
1490_012,1490,2,839.0,955.0,8,6,1|10864|10865|14|14845,10877|10880|10881|39|44,116.0,True,regular_season
1490_013,1490,2,955.0,1108.0,8,6,1|10864|10865|14845|5,10877|10881|43|44|8889,153.0,True,regular_season
1490_014,1490,2,1108.0,1257.0,8,6,1|10864|14845|3|5,10877|10881|40|43|8889,149.0,True,regular_season
1490_015,1490,2,1257.0,1440.0,8,6,1|10864|14845|3|5,10877|10880|40|43|8889,183.0,True,regular_season
1490_016,1490,3,1440.0,1634.0,8,6,1|14|14845|4|5,10877|10879|10880|10881|43,194.0,True,regular_season
1490_017,1490,3,1634.0,1638.0,8,6,1|10864|14|14845|5,10877|10879|10880|10881|43,4.0,True,regular_season
1490_018,1490,3,1638.0,1703.0,8,6,1|10864|14|14845|5,10877|10879|10880|43|8889,65.0,True,regular_season
1490_019,1490,3,1703.0,1832.0,8,6,1|10864|14|14845|5,10877|10880|113|43|8889,129.0,True,regular_season
1490_020,1490,3,1832.0,1868.0,8,6,1|10864|10865|14|14845,10877|10880|113|43|8889,36.0,True,regular_season
1490_021,1490,3,1868.0,1935.0,8,6,1|10865|14|14845|4,10877|10879|10880|113|8889,67.0,True,regular_season
1490_022,1490,3,1935.0,2077.0,8,6,1|10865|14|14845|4,10877|10879|10881|113|8889,142.0,True,regular_season
1490_023,1490,3,2077.0,2160.0,8,6,1|10865|14845|4|5,10877|10881|113|43|8889,83.0,True,regular_season
1490_024,1490,4,2160.0,2205.0,8,6,10864|10865|14|14845|5,10877|10881|113|43|8889,45.0,True,regular_season
1490_025,1490,4,2205.0,2260.0,8,6,10864|10865|14|14845|5,10877|10879|10881|43|8889,55.0,True,regular_season
1490_026,1490,4,2260.0,2349.0,8,6,1|14|14845|4|5,10877|10879|10881|43|8889,89.0,True,regular_season
1490_027,1490,4,2349.0,2475.0,8,6,1|10864|10865|14|14845,10877|10879|10881|43|8889,126.0,True,regular_season
1490_028,1490,4,2475.0,2492.0,8,6,1|10864|14845|3|5,10877|10879|10881|43|8889,17.0,True,regular_season
1490_029,1490,4,2492.0,2517.0,8,6,1|14845|3|4|5,10877|10879|10881|43|8889,25.0,True,regular_season
1490_030,1490,4,2517.0,2606.0,8,6,1|14845|3|4|5,10877|10879|10880|10881|43,89.0,True,regular_season
1490_031,1490,4,2606.0,2719.0,8,6,1|10865|14|14845|5,10877|10879|10880|10881|40,113.0,True,regular_season
1490_032,1490,4,2719.0,2766.0,8,6,1|10865|14|14845|5,10877|10880|40|43|8889,47.0,True,regular_season
1490_033,1490,4,2766.0,2848.0,8,6,1|10865|14|14845|5,10877|10880|10881|40|43,82.0,True,regular_season
1490_034,1490,4,2848.0,2880.0,8,6,1|10865|14|14845|5,10880|10881|39|40|48,32.0,True,regular_season
1491_001,1491,1,0.0,326.0,4,7,10885|10887|14843|75|76,14038|21|22|29|34,326.0,True,regular_season
1491_002,1491,1,326.0,415.0,4,7,10885|10887|14843|75|76,21|22|29|32|34,89.0,True,regular_season
1491_003,1491,1,415.0,478.0,4,7,10887|14843|76|87|88,10872|14038|22|29|32,63.0,True,regular_season
1491_004,1491,1,478.0,553.0,4,7,10862|10887|76|87|88,10872|14038|28|29|32,75.0,True,regular_season
1491_005,1491,1,553.0,596.0,4,7,10862|10887|76|87|88,10872|14038|28|29|34,43.0,True,regular_season
1491_006,1491,1,596.0,682.0,4,7,10862|10887|14982|87|88,10872|14038|21|28|34,86.0,True,regular_season
1491_007,1491,1,682.0,720.0,4,7,10862|14843|14982|87|88,10872|14038|21|28|34,38.0,True,regular_season
1491_008,1491,2,720.0,860.0,4,7,10862|14843|14982|87|88,10872|14038|21|28|34,140.0,True,regular_season
1491_009,1491,2,860.0,1087.0,4,7,10862|14843|14982|87|88,10874|21|29|32|34,227.0,True,regular_season
1491_010,1491,2,1087.0,1126.0,4,7,10862|10885|10887|14982|75,10872|10874|29|32|34,39.0,True,regular_season
1491_011,1491,2,1126.0,1191.0,4,7,10862|10885|10887|75|76,10872|10874|29|32|34,65.0,True,regular_season
1491_012,1491,2,1191.0,1218.0,4,7,10862|10885|10887|75|76,10872|14038|22|29|34,27.0,True,regular_season
1491_013,1491,2,1218.0,1440.0,4,7,10885|10887|14843|75|76,10872|14038|22|29|34,222.0,True,regular_season
1491_014,1491,3,1440.0,1746.0,4,7,10885|10887|14843|75|76,14038|21|22|29|34,306.0,True,regular_season
1491_015,1491,3,1746.0,1792.0,4,7,10885|10887|14843|75|76,10874|21|29|32|34,46.0,True,regular_season
1491_016,1491,3,1792.0,1848.0,4,7,10885|10887|14843|75|76,10872|10874|14038|29|32,56.0,True,regular_season
1491_017,1491,3,1848.0,1927.0,4,7,10862|10885|10887|75|88,10872|10874|14038|29|32,79.0,True,regular_season
1491_018,1491,3,1927.0,1994.0,4,7,10862|10885|10887|75|88,10872|10874|14038|21|32,67.0,True,regular_season
1491_019,1491,3,1994.0,2066.0,4,7,10862|10887|76|87|88,10872|10874|14038|21|32,72.0,True,regular_season
1491_020,1491,3,2066.0,2160.0,4,7,10862|14843|76|87|88,10872|10874|14038|21|32,94.0,True,regular_season
1491_021,1491,4,2160.0,2339.0,4,7,10862|14843|76|87|88,10872|10874|14038|21|32,179.0,True,regular_season
1491_022,1491,4,2339.0,2529.0,4,7,10862|14843|76|87|88,10874|21|29|32|34,190.0,True,regular_season
1491_023,1491,4,2529.0,2549.0,4,7,10862|10885|14843|75|76,10874|21|29|32|34,20.0,True,regular_season
1491_024,1491,4,2549.0,2644.0,4,7,10885|10887|14843|75|76,10874|21|29|32|34,95.0,True,regular_season
1491_025,1491,4,2644.0,2702.0,4,7,10885|10887|14843|75|76,10872|14038|21|29|34,58.0,True,regular_season
1491_026,1491,4,2702.0,2791.0,4,7,10885|10887|14843|75|76,10872|14038|28|29|34,89.0,True,regular_season
1491_027,1491,4,2791.0,2808.0,4,7,10885|10887|14843|75|76,10872|10873|14038|28|32,17.0,True,regular_season
1491_028,1491,4,2808.0,2880.0,4,7,10885|10887|78|80|84,10872|10873|14038|28|32,72.0,True,regular_season
1492_001,1492,1,0.0,224.0,4,8,10885|10887|14843|75|80,10864|14|14437|14845|5,224.0,True,regular_season
1492_002,1492,1,224.0,297.0,4,8,10885|10887|14843|75|80,10864|10865|14437|14845|5,73.0,True,regular_season
1492_003,1492,1,297.0,367.0,4,8,10885|10887|14843|14982|75,10864|10865|14437|14845|5,70.0,True,regular_season
1492_004,1492,1,367.0,380.0,4,8,10862|10885|14843|14982|75,10865|14437|14845|4|5,13.0,True,regular_season
1492_005,1492,1,380.0,420.0,4,8,10862|10885|14843|14982|88,10865|14437|14845|4|5,40.0,True,regular_season
1492_006,1492,1,420.0,535.0,4,8,10862|14843|14982|87|88,10865|14845|3|4|5,115.0,True,regular_season
1492_007,1492,1,535.0,605.0,4,8,10862|14982|82|87|88,10865|14845|3|4|5,70.0,True,regular_season
1492_008,1492,1,605.0,720.0,4,8,10862|14982|82|87|88,14|14437|14845|3|4,115.0,True,regular_season
1492_009,1492,2,720.0,860.0,4,8,10862|14982|82|87|88,13|14|14437|4|5,140.0,True,regular_season
1492_010,1492,2,860.0,997.0,4,8,10862|14982|82|87|88,10863|10864|13|14|5,137.0,True,regular_season
1492_011,1492,2,997.0,1020.0,4,8,10862|14982|78|87|88,10863|10864|13|14|5,23.0,True,regular_season
1492_012,1492,2,1020.0,1031.0,4,8,10862|78|80|87|88,10863|10864|13|14|5,11.0,True,regular_season
1492_013,1492,2,1031.0,1101.0,4,8,14843|78|80|87|88,10863|10864|13|14|5,70.0,True,regular_season
1492_014,1492,2,1101.0,1164.0,4,8,10885|10887|14843|78|80,10863|10864|10865|14845|5,63.0,True,regular_season
1492_015,1492,2,1164.0,1191.0,4,8,10885|10887|14843|78|80,10863|10865|14845|4|5,27.0,True,regular_season
1492_016,1492,2,1191.0,1222.0,4,8,10885|10887|14843|78|80,10863|10865|14845|3|4,31.0,True,regular_season
1492_017,1492,2,1222.0,1254.0,4,8,10885|10887|14843|78|80,10865|14|14845|3|4,32.0,True,regular_season
1492_018,1492,2,1254.0,1440.0,4,8,10885|10887|14843|75|78,10865|14|14845|3|4,186.0,True,regular_season
1492_019,1492,3,1440.0,1667.0,4,8,10885|10887|14843|75|90,10864|14|14437|14845|5,227.0,True,regular_season
1492_020,1492,3,1667.0,1822.0,4,8,10885|10887|14843|75|90,14|14437|14845|4|5,155.0,True,regular_season
1492_021,1492,3,1822.0,1925.0,4,8,10885|10887|14843|75|90,10865|14|14845|3|4,103.0,True,regular_season
1492_024,1492,3,2130.0,2160.0,4,8,10862|14982|78|84|87,10863|10865|13|14845|3,30.0,True,regular_season
1492_025,1492,4,2160.0,2335.0,4,8,10862|14982|78|84|87,10863|10865|13|14845|3,175.0,True,regular_season
1492_026,1492,4,2335.0,2364.0,4,8,10862|14982|78|84|87,10863|13|14|14845|3,29.0,True,regular_season
1492_027,1492,4,2364.0,2509.0,4,8,10862|14982|78|84|87,10863|13|14|14845|5,145.0,True,regular_season
1492_028,1492,4,2509.0,2571.0,4,8,10862|78|80|84|87,10863|13|14|14845|5,62.0,True,regular_season
1492_029,1492,4,2571.0,2584.0,4,8,10862|10886|78|80|84,10863|13|14|14845|5,13.0,True,regular_season
1492_030,1492,4,2584.0,2669.0,4,8,10862|10886|78|80|84,10863|11|13|14|5,85.0,True,regular_season
1492_031,1492,4,2669.0,2753.0,4,8,10886|78|80|82|84,10863|11|13|2|5,84.0,True,regular_season
1492_032,1492,4,2753.0,2880.0,4,8,10886|78|80|82|84,10863|10865|11|2|9,127.0,True,regular_season
1493_001,1493,1,0.0,277.0,7,5,13029|21|24|29|34,10860|16|54|57|58,277.0,True,regular_season
1493_002,1493,1,277.0,331.0,7,5,13029|21|22|24|34,10860|16|54|57|58,54.0,True,regular_season
1493_003,1493,1,331.0,406.0,7,5,10874|13029|21|22|34,10861|10884|16|54|58,75.0,True,regular_season
1493_004,1493,1,406.0,430.0,7,5,10874|14038|22|29|34,10861|10884|12|16|58,24.0,True,regular_season
1493_005,1493,1,430.0,471.0,7,5,10874|14038|22|29|34,10860|10861|10884|12|58,41.0,True,regular_season
1493_006,1493,1,471.0,620.0,7,5,10874|14038|22|29|34,10860|10861|10884|12|62,149.0,True,regular_season
1493_007,1493,1,620.0,621.0,7,5,10874|14038|22|29|34,10861|12|16|57|62,1.0,True,regular_season
1493_008,1493,1,621.0,720.0,7,5,10874|13029|14038|24|29,10861|12|16|57|62,99.0,True,regular_season
1493_009,1493,2,720.0,852.0,7,5,10874|13029|14038|24|29,10861|12|16|57|62,132.0,True,regular_season
1493_010,1493,2,852.0,854.0,7,5,13029|21|24|28|34,10861|12|16|57|62,2.0,True,regular_season
1493_011,1493,2,854.0,941.0,7,5,13029|21|24|28|34,10861|10884|12|16|62,87.0,True,regular_season
1493_012,1493,2,941.0,957.0,7,5,10873|13029|21|28|34,10860|10861|10884|54|62,16.0,True,regular_season
1493_013,1493,2,957.0,1068.0,7,5,13029|14038|21|23|28,10860|10861|10884|54|58,111.0,True,regular_season
1493_014,1493,2,1068.0,1139.0,7,5,10873|13029|14038|21|24,10860|10884|16|54|58,71.0,True,regular_season
1493_015,1493,2,1139.0,1273.0,7,5,13029|21|28|29|34,10860|16|54|58|62,134.0,True,regular_season
1493_016,1493,2,1273.0,1288.0,7,5,13029|21|24|29|34,10860|16|54|58|62,15.0,True,regular_season
1493_017,1493,2,1288.0,1345.0,7,5,14038|21|22|29|34,10860|16|54|58|62,57.0,True,regular_season
1493_018,1493,2,1345.0,1370.0,7,5,14038|21|22|29|34,10860|12|16|58|62,25.0,True,regular_season
1493_019,1493,2,1370.0,1440.0,7,5,14038|21|22|29|34,10861|12|16|58|62,70.0,True,regular_season
1493_020,1493,3,1440.0,1557.0,7,5,13029|21|24|29|34,10860|16|54|57|58,117.0,True,regular_season
1493_021,1493,3,1557.0,1722.0,7,5,13029|22|24|29|34,10860|16|54|57|58,165.0,True,regular_season
1493_022,1493,3,1722.0,1742.0,7,5,13029|22|24|29|34,10861|16|54|57|62,20.0,True,regular_season
1493_023,1493,3,1742.0,1857.0,7,5,13029|22|24|29|34,10861|12|16|57|62,115.0,True,regular_season
1493_024,1493,3,1857.0,1952.0,7,5,13029|14038|22|24|29,10861|12|16|57|62,95.0,True,regular_season
1493_025,1493,3,1952.0,1974.0,7,5,13029|14038|22|24|29,10860|10861|54|58|62,22.0,True,regular_season
1493_026,1493,3,1974.0,2058.0,7,5,13029|14038|22|24|29,10860|10861|10884|54|58,84.0,True,regular_season
1493_027,1493,3,2058.0,2126.0,7,5,13029|14038|21|22|24,10860|10861|10884|54|58,68.0,True,regular_season
1493_028,1493,3,2126.0,2160.0,7,5,10874|14038|21|22|34,10860|10884|12|16|58,34.0,True,regular_season
1493_029,1493,4,2160.0,2264.0,7,5,10874|14038|21|29|34,10861|12|16|54|58,104.0,True,regular_season
1493_030,1493,4,2264.0,2377.0,7,5,10874|13029|14038|24|29,10860|12|16|54|58,113.0,True,regular_season
1493_031,1493,4,2377.0,2467.0,7,5,13029|22|24|29|34,10860|12|16|57|58,90.0,True,regular_season
1493_032,1493,4,2467.0,2601.0,7,5,13029|22|24|29|34,10860|16|54|57|62,134.0,True,regular_season
1493_033,1493,4,2601.0,2724.0,7,5,13029|24|28|29|34,10860|16|54|57|62,123.0,True,regular_season
1493_034,1493,4,2724.0,2783.0,7,5,13029|21|24|29|34,10860|16|54|57|62,59.0,True,regular_season
1493_035,1493,4,2783.0,2811.0,7,5,14038|21|22|29|34,10860|16|54|57|58,28.0,True,regular_season
1493_036,1493,4,2811.0,2880.0,7,5,13029|21|24|29|34,10860|16|54|57|58,69.0,True,regular_season
1494_001,1494,1,0.0,282.0,4,2,10885|10887|14843|76|90,10891|110|118|4181|45,282.0,True,regular_season
1494_002,1494,1,282.0,347.0,4,2,10885|10887|14843|76|90,10891|118|4181|45|51,65.0,True,regular_season
1494_003,1494,1,347.0,438.0,4,2,10885|10887|14843|76|87,10891|118|4181|45|51,91.0,True,regular_season
1494_004,1494,1,438.0,553.0,4,2,10862|10887|76|87|88,119|121|4181|45|51,115.0,True,regular_season
1494_005,1494,1,553.0,720.0,4,2,10862|14982|82|87|88,116|119|121|122|51,167.0,True,regular_season
1494_006,1494,2,720.0,942.0,4,2,10862|14982|82|87|88,10891|118|122|4181|51,222.0,True,regular_season
1494_007,1494,2,942.0,1044.0,4,2,10862|14982|82|87|88,10891|110|118|4181|45,102.0,True,regular_season
1494_008,1494,2,1044.0,1107.0,4,2,14843|14982|82|87|88,10891|110|118|4181|45,63.0,True,regular_season
1494_009,1494,2,1107.0,1202.0,4,2,10887|14843|76|87|88,10891|110|118|4181|45,95.0,True,regular_season
1494_010,1494,2,1202.0,1332.0,4,2,10885|10887|14843|76|78,10891|110|118|45|51,130.0,True,regular_season
1494_011,1494,2,1332.0,1440.0,4,2,10885|10887|14843|76|78,110|116|118|4181|51,108.0,True,regular_season
1494_012,1494,3,1440.0,1741.0,4,2,10885|10887|14843|76|90,10891|116|118|4181|45,301.0,True,regular_season
1494_013,1494,3,1741.0,1791.0,4,2,10885|10887|14843|76|90,10891|116|118|45|51,50.0,True,regular_season
1494_014,1494,3,1791.0,1817.0,4,2,10885|10887|14843|76|90,10891|110|118|45|51,26.0,True,regular_season
1494_015,1494,3,1817.0,1896.0,4,2,10887|14843|76|88|90,10891|110|118|45|51,79.0,True,regular_season
1494_016,1494,3,1896.0,1947.0,4,2,10862|10887|76|88|90,10891|110|118|45|51,51.0,True,regular_season
1494_017,1494,3,1947.0,2005.0,4,2,10862|10887|76|87|88,10891|110|118|45|51,58.0,True,regular_season
1494_018,1494,3,2005.0,2135.0,4,2,10862|10887|14982|87|88,10891|118|4181|45|51,130.0,True,regular_season
1494_019,1494,3,2135.0,2160.0,4,2,10862|14982|82|87|88,118|119|4181|45|51,25.0,True,regular_season
1494_020,1494,4,2160.0,2395.0,4,2,10862|14982|82|87|88,116|118|119|4181|45,235.0,True,regular_season
1494_021,1494,4,2395.0,2447.0,4,2,10862|10885|82|87|88,116|118|119|4181|45,52.0,True,regular_season
1494_022,1494,4,2447.0,2486.0,4,2,10862|10885|10887|87|88,116|118|119|45|51,39.0,True,regular_season
1494_023,1494,4,2486.0,2488.0,4,2,10885|10887|14843|87|88,116|118|119|45|51,2.0,True,regular_season
1494_024,1494,4,2488.0,2619.0,4,2,10885|10887|14843|87|88,10891|116|118|119|51,131.0,True,regular_season
1494_025,1494,4,2619.0,2867.0,4,2,10885|10887|14843|76|88,10891|116|118|119|51,248.0,True,regular_season
1495_001,1495,1,0.0,193.0,7,6,21|22|29|32|34,10877|10880|10881|40|43,193.0,True,regular_season
1495_002,1495,1,193.0,277.0,7,6,21|28|29|32|34,10877|10880|10881|40|43,84.0,True,regular_season
1495_003,1495,1,277.0,325.0,7,6,14038|21|28|29|32,10877|10880|10881|40|43,48.0,True,regular_season
1495_004,1495,1,325.0,361.0,7,6,10872|14038|21|28|32,10877|10880|10881|40|43,36.0,True,regular_season
1495_005,1495,1,361.0,454.0,7,6,10872|14038|21|28|34,10877|10880|39|40|8889,93.0,True,regular_season
1495_006,1495,1,454.0,560.0,7,6,10872|14038|28|29|34,10877|10879|10880|39|47,106.0,True,regular_season
1495_007,1495,1,560.0,598.0,7,6,10872|14038|28|29|34,10879|10881|113|40|8889,38.0,True,regular_season
1495_008,1495,1,598.0,613.0,7,6,10872|10874|14038|29|34,10879|10881|113|40|8889,15.0,True,regular_season
1495_009,1495,1,613.0,720.0,7,6,10874|14038|21|29|34,10879|10881|113|40|8889,107.0,True,regular_season
1495_010,1495,2,720.0,792.0,7,6,10872|10874|14038|29|34,10879|10881|113|40|8889,72.0,True,regular_season
1495_011,1495,2,792.0,869.0,7,6,10872|10874|29|32|34,10879|10880|10881|113|40,77.0,True,regular_season
1495_012,1495,2,869.0,911.0,7,6,10872|10874|21|32|34,10880|10881|113|40|43,42.0,True,regular_season
1495_013,1495,2,911.0,963.0,7,6,10872|10874|21|32|34,10877|10880|10881|40|43,52.0,True,regular_season
1495_014,1495,2,963.0,1088.0,7,6,10872|14038|21|29|34,10877|10880|40|43|8889,125.0,True,regular_season
1495_015,1495,2,1088.0,1223.0,7,6,10872|10874|14038|21|34,10877|10879|10880|43|8889,135.0,True,regular_season
1495_016,1495,2,1223.0,1272.0,7,6,10872|10874|14038|21|32,10877|10879|10881|43|8889,49.0,True,regular_season
1495_017,1495,2,1272.0,1307.0,7,6,10874|14038|21|29|32,10879|10881|39|43|8889,35.0,True,regular_season
1495_018,1495,2,1307.0,1388.0,7,6,10874|14038|21|29|32,10879|10881|39|40|8889,81.0,True,regular_season
1495_019,1495,2,1388.0,1404.0,7,6,10872|21|29|32|34,10879|10880|10881|40|43,16.0,True,regular_season
1495_020,1495,2,1404.0,1440.0,7,6,10872|21|29|32|34,10880|113|39|40|47,36.0,True,regular_season
1495_021,1495,3,1440.0,1684.0,7,6,14038|21|22|29|34,10877|10881|40|43|8889,244.0,True,regular_season
1495_022,1495,3,1684.0,1733.0,7,6,10872|14038|21|22|34,10877|10881|40|43|8889,49.0,True,regular_season
1495_023,1495,3,1733.0,1831.0,7,6,10872|10874|14038|21|34,10877|10881|40|43|8889,98.0,True,regular_season
1495_024,1495,3,1831.0,1872.0,7,6,10872|10874|14038|21|32,10877|10880|10881|40|43,41.0,True,regular_season
1495_025,1495,3,1872.0,1899.0,7,6,10872|10874|21|32|34,10877|10880|10881|40|43,27.0,True,regular_season
1495_026,1495,3,1899.0,1933.0,7,6,10872|28|29|32|34,10877|10880|10881|40|43,34.0,True,regular_season
1495_027,1495,3,1933.0,1965.0,7,6,10872|28|29|32|34,10877|10879|10880|10881|40,32.0,True,regular_season
1495_028,1495,3,1965.0,1995.0,7,6,10872|28|29|32|34,10877|10879|10880|10881|44,30.0,True,regular_season
1495_029,1495,3,1995.0,2020.0,7,6,10872|14038|24|29|32,10877|10879|10880|44|8889,25.0,True,regular_season
1495_030,1495,3,2020.0,2099.0,7,6,10874|14038|24|29|32,10877|10879|10880|10881|44,79.0,True,regular_season
1495_031,1495,3,2099.0,2139.0,7,6,10874|14038|24|29|32,10879|10880|10881|40|43,40.0,True,regular_season
1495_032,1495,3,2139.0,2159.0,7,6,10874|14038|24|29|32,10880|10881|113|39|44,20.0,True,regular_season
1495_033,1495,3,2159.0,2160.0,7,6,10872|10874|29|32|34,10880|113|39|44|47,1.0,True,regular_season
1495_038,1495,4,2430.0,2446.0,7,6,10874|14038|21|22|34,10877|10879|10880|10881|40,16.0,True,regular_season
1495_039,1495,4,2446.0,2620.0,7,6,10874|14038|21|22|34,10877|10879|10881|40|47,174.0,True,regular_season
1495_040,1495,4,2620.0,2633.0,7,6,10874|21|22|32|34,10879|10880|39|47|48,13.0,True,regular_season
1495_041,1495,4,2633.0,2646.0,7,6,10874|21|22|32|34,10880|10883|39|47|48,13.0,True,regular_season
1495_042,1495,4,2646.0,2782.0,7,6,10874|21|22|32|34,10883|39|44|47|48,136.0,True,regular_season
1495_043,1495,4,2782.0,2880.0,7,6,10873|10874|14038|19|32,10878|10883|39|44|48,98.0,True,regular_season
1503_001,1503,1,0.0,263.0,5,2,10861|16|3129|54|57,10891|110|118|14844|4181,263.0,True,regular_season
1503_002,1503,1,263.0,284.0,5,2,10861|16|3129|54|57,116|118|121|14844|4181,21.0,True,regular_season
1503_003,1503,1,284.0,345.0,5,2,10861|16|54|57|62,116|118|121|14844|4181,61.0,True,regular_season
1503_004,1503,1,345.0,531.0,5,2,10860|16|54|57|62,116|118|121|14844|4181,186.0,True,regular_season
1503_005,1503,1,531.0,558.0,5,2,10860|16|54|58|62,10891|110|116|121|45,27.0,True,regular_season
1503_006,1503,1,558.0,612.0,5,2,10860|10861|12|58|62,10891|110|116|121|45,54.0,True,regular_season
1503_007,1503,1,612.0,720.0,5,2,10860|10861|12|3129|58,10891|110|116|121|45,108.0,True,regular_season
1503_008,1503,2,720.0,834.0,5,2,10860|10861|12|3129|58,110|121|14844|4181|45,114.0,True,regular_season
1503_009,1503,2,834.0,849.0,5,2,10861|12|16|3129|57,110|121|14844|4181|45,15.0,True,regular_season
1503_010,1503,2,849.0,917.0,5,2,10861|12|16|3129|57,110|118|14844|4181|45,68.0,True,regular_season
1503_011,1503,2,917.0,957.0,5,2,10861|16|54|57|62,10891|110|118|14844|4181,40.0,True,regular_season
1503_012,1503,2,957.0,1035.0,5,2,10861|16|54|57|62,110|118|121|14844|4181,78.0,True,regular_season
1503_013,1503,2,1035.0,1079.0,5,2,10860|16|54|57|62,110|118|121|14844|4181,44.0,True,regular_season
1503_014,1503,2,1079.0,1127.0,5,2,10860|16|54|57|62,116|118|121|14844|4181,48.0,True,regular_season
1503_015,1503,2,1127.0,1277.0,5,2,10860|16|3129|54|57,116|118|121|14844|4181,150.0,True,regular_season
1503_016,1503,2,1277.0,1331.0,5,2,10860|16|3129|54|57,116|118|14844|4181|45,54.0,True,regular_season
1503_017,1503,2,1331.0,1440.0,5,2,10860|16|54|57|62,110|118|14844|4181|45,109.0,True,regular_season
1503_018,1503,3,1440.0,1592.0,5,2,10861|16|3129|54|57,110|118|121|14844|4181,152.0,True,regular_season
1503_019,1503,3,1592.0,1940.0,5,2,10861|16|3129|54|57,116|118|121|14844|4181,348.0,True,regular_season
1503_020,1503,3,1940.0,1976.0,5,2,10860|12|16|57|58,10891|116|121|14844|4181,36.0,True,regular_season
1503_021,1503,3,1976.0,2047.0,5,2,10860|12|16|57|58,10891|121|14844|4181|45,71.0,True,regular_season
1503_022,1503,3,2047.0,2160.0,5,2,10860|10861|12|3129|58,10891|118|121|4181|45,113.0,True,regular_season
1503_023,1503,4,2160.0,2250.0,5,2,10860|10861|12|3129|58,10891|116|118|14844|45,90.0,True,regular_season
1503_025,1503,4,2262.0,2346.0,5,2,10860|12|16|3129|58,10891|116|118|14844|45,84.0,True,regular_season
1503_026,1503,4,2346.0,2382.0,5,2,10860|12|16|3129|58,10891|116|14844|4181|45,36.0,True,regular_season
1503_027,1503,4,2382.0,2463.0,5,2,10860|12|16|58|62,10891|116|14844|4181|45,81.0,True,regular_season
1503_029,1503,4,2579.0,2683.0,5,2,10861|54|57|58|62,116|118|121|14844|4181,104.0,True,regular_season
1503_030,1503,4,2683.0,2789.0,5,2,10861|54|57|58|62,10891|116|14844|4181|45,106.0,True,regular_season
1503_031,1503,4,2789.0,2880.0,5,2,10884|57|58|60|64,10891|116|14844|4181|45,91.0,True,regular_season
